{"type":"FeatureCollection","features":[{"id":"0","type":"Feature","properties":{},"geometry":{"type":"Polygon","coordinates":[[[126.89337611875725,37.452805760839645],[126.89325450642902,37.45276285190678],[126.89322646023523,37.45274312134631],[126.89315087060288,37.45269159542894],[126.89314249249188,37.452685885553336],[126.89306277732264,37.45260246087524],[126.89305449485333,37.45259317218156],[126.89304494784427,37.452562259661015],[126.89302865560836,37.452509517596496],[126.89299430622765,37.45245007310692],[126.89295154687059,37.45237628351906],[126.89288343892333,37.452258751361796],[126.89283595863023,37.45217681441573],[126.89280106106162,37.452116688326825],[126.89278363683164,37.45208666731779],[126.89277609766795,37.4520718742081],[126.89275951911272,37.45203934094146],[126.89271947944079,37.452007210808766],[126.89271242256063,37.45200324821913],[126.89270616674878,37.451999631361225],[126.8926783526429,37.4519835505704],[126.89265048339196,37.45196743974477],[126.89262541610425,37.451960100032046],[126.89258817025102,37.451949083264374],[126.89247674262556,37.45195348602107],[126.89239103144293,37.45199930411312],[126.89235741625188,37.452040944501306],[126.89228559066144,37.452129571924985],[126.89222437196341,37.45220496689509],[126.89220265338797,37.452218461238395],[126.89210366294274,37.452280034208655],[126.89196376715037,37.452304403002515],[126.89190426334855,37.45230547412092],[126.89188707600871,37.452300835614224],[126.89187579564677,37.45229779226283],[126.89184011471586,37.45229861907861],[126.89183471502236,37.452298744522864],[126.89183274850153,37.452298652379156],[126.89183083165378,37.45229829008291],[126.8918290209272,37.452297667839495],[126.891827374958,37.452296804879275],[126.89182588274699,37.45229566328852],[126.89182476522042,37.45229446593883],[126.89182388000783,37.45229306247171],[126.89182331558472,37.452291556998965],[126.89182308626158,37.45228999736636],[126.89182284938855,37.4522835054496],[126.8917524507142,37.452264508416036],[126.89169156679161,37.45224390000979],[126.89164982306666,37.45223892234646],[126.89156778929852,37.45222914391547],[126.89153668546443,37.452226438336425],[126.89153585539778,37.452227160559396],[126.89153446098095,37.4522280439244],[126.89153290864391,37.45222874259872],[126.89153123811703,37.45222923695701],[126.89152949244946,37.45222951640461],[126.89152771126207,37.452229574835926],[126.89139121580837,37.452225394538914],[126.8913892648346,37.45222519791009],[126.89138738499432,37.45222473394347],[126.89138563494542,37.45222401916563],[126.89138406654789,37.45222307187084],[126.89138272818228,37.45222192115182],[126.89138165911164,37.45222060506789],[126.89138089409136,37.452219159852504],[126.89138045309913,37.45221763157794],[126.8913803527282,37.452216065397685],[126.89138049749512,37.452212850088586],[126.89136491734267,37.45221149442595],[126.89134407719877,37.45221353503889],[126.89122680983829,37.45222501106321],[126.89104860381404,37.45224245456895],[126.89078072343322,37.45230642529863],[126.89074924499396,37.45231394081275],[126.89072444896935,37.45231986201104],[126.89050865617904,37.452441287464524],[126.8903219947904,37.45249633338888],[126.89020976796671,37.45250408474489],[126.89017646548298,37.45249435938511],[126.89014782816473,37.452485997511666],[126.88990121263826,37.45231352562463],[126.88984951170447,37.45227736833757],[126.88978012694974,37.452273076555706],[126.88964213832175,37.45231546613574],[126.88963736992827,37.45232249645739],[126.88956055970148,37.45243222976174],[126.8895492456688,37.452485646334075],[126.88952055189498,37.45262112312094],[126.88950366189647,37.4527010712716],[126.88951334912124,37.45277506622005],[126.88951360459123,37.45277701988645],[126.88951918051994,37.452819622647326],[126.88953577460431,37.45294663613758],[126.88959425794442,37.45314131839441],[126.88964770625502,37.453319243562206],[126.88965562963214,37.45340468206708],[126.88966505834365,37.45350634471827],[126.88966648246353,37.453521708549054],[126.88965277203486,37.45359855983103],[126.88963215748245,37.453634004816884],[126.88959204975195,37.453702966249814],[126.88951742646154,37.453770469442816],[126.88948398594766,37.45378350973319],[126.88927181539884,37.45386624807996],[126.88908517631855,37.45397166014655],[126.88907892741776,37.45399082591481],[126.88902693918712,37.45415029170281],[126.88902149265039,37.45416700000081],[126.88903166855667,37.4542086810289],[126.88906858796469,37.45425281410291],[126.8890881836733,37.454276238998986],[126.88913161563467,37.45432815921919],[126.88926489529115,37.454482295628466],[126.88928559698118,37.45457495607525],[126.8892032532779,37.45472383180827],[126.88919867070693,37.454726757373734],[126.88918079734052,37.4547381645465],[126.88917278985971,37.454741806115884],[126.88916348191383,37.454746030452405],[126.88887972681991,37.45472774045613],[126.88876417350605,37.45476564354692],[126.88842119936784,37.45502826958365],[126.88839007512877,37.45505210091058],[126.88834110297061,37.45508960091751],[126.88828499141862,37.4551686554042],[126.88827307603682,37.45519814932162],[126.88823802681905,37.455284904062076],[126.88823554092973,37.45529082033954],[126.88819917800163,37.455400313183915],[126.88812604981501,37.45550751639709],[126.88811510546263,37.45552355982262],[126.88807091020897,37.45555533286839],[126.88803156896843,37.45557224417266],[126.8880166609666,37.45557865405953],[126.88797162516141,37.45557551124156],[126.8878600283461,37.45556752045419],[126.88778477982876,37.45555609259965],[126.8876603541591,37.45553719721149],[126.88753240228671,37.455485825446246],[126.88752058700481,37.45548428507977],[126.8874758909094,37.45547845507703],[126.88740535083606,37.45546810868072],[126.88737349414684,37.455463435839796],[126.88724151262664,37.455503565154956],[126.8871191268455,37.455578615899164],[126.88709710554271,37.45559211943719],[126.8870051218466,37.45566343475886],[126.88683595416212,37.455794592848775],[126.88668175751505,37.45592790962967],[126.88660193688644,37.45604862909203],[126.8865983951499,37.45605256407261],[126.88655422349173,37.456104448708544],[126.88653205542128,37.456130490193395],[126.88646263195345,37.45615363995453],[126.88643719492417,37.45616212218552],[126.88640324449722,37.45617344185511],[126.88638183472612,37.4561970301417],[126.88636518494938,37.45621537469296],[126.88634682031918,37.45623560950212],[126.88634275855757,37.4562425757515],[126.88632680727017,37.45626994473274],[126.88631758993006,37.45628766807703],[126.88631690614602,37.45628901836856],[126.88629544991905,37.456331290684],[126.88626468237881,37.4563625171478],[126.88622091988871,37.456451168440836],[126.8862142439669,37.45646463884031],[126.88618549053955,37.45652264612723],[126.88615522950059,37.45666909420049],[126.88612766784065,37.456802470344385],[126.8861088960121,37.4569480181312],[126.88606844892651,37.457070461426675],[126.8859999694727,37.45727508383968],[126.88593757697821,37.45739718862023],[126.88588075389688,37.45750839061861],[126.88586914819066,37.45758834399409],[126.88589508232978,37.45771949317741],[126.8859072964603,37.457781256510735],[126.88591453545439,37.45781786498754],[126.8859472747515,37.45789447400237],[126.88600135004928,37.45798716685647],[126.88614712445877,37.45816018478147],[126.88623875395818,37.45829261433129],[126.88630199127188,37.45841306782601],[126.88632186833479,37.45845093079914],[126.8863434940944,37.458524972600614],[126.88636192896166,37.45858809228057],[126.88637012457764,37.45867205590548],[126.88637426985636,37.458714525148565],[126.8863645833987,37.458817573238825],[126.88634928134523,37.45889549291288],[126.886337163525,37.45895720194677],[126.88631558275411,37.459023198276874],[126.8862857101274,37.4591145482406],[126.88626410954645,37.459150583272375],[126.88622870004079,37.459209655629614],[126.8862241189373,37.459214428870276],[126.88619845024643,37.45924116236444],[126.88610352372876,37.45929738279594],[126.88594098031855,37.459340021661404],[126.88585319457337,37.45935317148763],[126.88576876343727,37.459360125615454],[126.88551107601289,37.45937282911937],[126.88544858577067,37.459402247211166],[126.8854335491948,37.459409325805666],[126.88541794069944,37.45941665290311],[126.88537652598828,37.459469267076486],[126.88536360567858,37.45951134833567],[126.88535647637848,37.45953456902694],[126.88534006303703,37.459637043012336],[126.88534764131997,37.45981619151624],[126.8853496044586,37.45986258296664],[126.88535294648588,37.45987216377041],[126.88537605652432,37.45994037895155],[126.8853993642819,37.460009171124376],[126.88536797170316,37.460047041601506],[126.88536703549632,37.46004841851571],[126.88536641046483,37.460049906112864],[126.88536611961332,37.46005145674055],[126.88536617010956,37.46005302356538],[126.88536656006848,37.46005456060827],[126.88536727971226,37.460056019144936],[126.88536830337466,37.460057357579366],[126.8853696042587,37.460058534309645],[126.88537114083161,37.460059512164015],[126.88543071826554,37.46009096127413],[126.88543200493518,37.460094289474085],[126.88543087445075,37.460095641041725],[126.88543000721397,37.46009688040717],[126.88542939702029,37.46009821304802],[126.88542905319542,37.46009960476116],[126.88542898958056,37.46010102226827],[126.8854292064634,37.46010243041782],[126.88542969508619,37.46010379401128],[126.88543044894516,37.46010507876318],[126.88543144567745,37.460106253911],[126.88543266064418,37.46010729048309],[126.88543406466886,37.46010816128694],[126.885438197803,37.46011033342461],[126.88544367983798,37.4601245331027],[126.88546462357945,37.46016110470074],[126.8855185398328,37.46025525351366],[126.88565037742606,37.46043079904647],[126.88566889340447,37.46044404433245],[126.88576504364445,37.46051228128035],[126.885915607949,37.460682493161904],[126.88597510417132,37.4607498201729],[126.88599116460624,37.46076800832115],[126.88601393689332,37.46079383069869],[126.88601512149673,37.460795125797034],[126.88607198392444,37.460859468194656],[126.88612808622209,37.4608997890025],[126.88618599750464,37.46091054018127],[126.88620134864685,37.46091646613332],[126.88625379056215,37.46092666247635],[126.88626014187327,37.460926947843596],[126.88627003087078,37.46092700641412],[126.88658537294849,37.460928879000534],[126.88662312322982,37.460929102894774],[126.8866333441629,37.4609346217884],[126.88663488986624,37.460935316646975],[126.88663655140424,37.460935812005054],[126.88663828932039,37.46093609323609],[126.88664006183781,37.46093615291235],[126.88664182485945,37.46093599080499],[126.8866435342366,37.46093561299434],[126.88664514808204,37.460935025572496],[126.8866466266962,37.46093424365652],[126.8866479325969,37.46093328778316],[126.88664903620932,37.4609321794315],[126.88665149444904,37.46092927178724],[126.88665608617151,37.46092929922522],[126.88667245538817,37.460938087708584],[126.88667417696504,37.4609388465746],[126.88667603740264,37.460939355583456],[126.8866779814147,37.4609396000265],[126.88667994687191,37.46093957237037],[126.88668187837013,37.460939272327515],[126.8866837147782,37.46093870859425],[126.88668540052277,37.460937901613406],[126.88668688453843,37.46093687365394],[126.88668812248522,37.4609356542306],[126.88668843759008,37.46093528450607],[126.8866933287716,37.46092952046201],[126.88672491680363,37.46092970783475],[126.88682634856526,37.4609303099083],[126.88696070996943,37.46095831729424],[126.88707687841156,37.460982649067056],[126.88724748362621,37.46101829203952],[126.88737618268847,37.46104517714543],[126.88738699566123,37.46104743612337],[126.88747359993752,37.4610655282621],[126.88749656096661,37.46106301801147],[126.88752553025664,37.461055441711395],[126.88768203650287,37.461037293585214],[126.88780173974743,37.461010342108565],[126.88785888728538,37.46099747560695],[126.88795325222932,37.46095449003869],[126.88831740990685,37.46078922482414],[126.88833587191363,37.46078084670893],[126.8886306189602,37.46078817492721],[126.88876919445475,37.46083251035253],[126.888849648816,37.46091908288615],[126.88887290355231,37.46094410590262],[126.8888755197897,37.460946921758264],[126.88871746268703,37.461124380477365],[126.88853249348068,37.461332052992596],[126.88810791276204,37.46180664715293],[126.88798921275428,37.46193830508669],[126.88785901137057,37.46208008777293],[126.88771874965094,37.46223691774933],[126.88769553715255,37.46226287288661],[126.8871218077024,37.462904363036586],[126.887043399711,37.46290231227212],[126.88692384995191,37.46289178255366],[126.88664378247842,37.462866731620835],[126.88639181944895,37.46282340940172],[126.88624491554488,37.46279820164213],[126.88604453158783,37.46274648631252],[126.88600886085413,37.46274503727234],[126.8860069796772,37.462744570509045],[126.88583567076564,37.4627020690554],[126.88580824108084,37.462689287638234],[126.88566553255063,37.462622786284356],[126.88556741219851,37.46257707209434],[126.8854565728575,37.46252572308352],[126.8853194097992,37.46248814230579],[126.88514123503558,37.462467973153615],[126.88512125506541,37.46247327734476],[126.88485800680047,37.46254315247209],[126.88479775294404,37.462563278010094],[126.88443844247895,37.46268328857927],[126.8843536989769,37.46271159323831],[126.8843171134075,37.46272394593395],[126.88418240624125,37.46280856211414],[126.8838387605872,37.4631287730256],[126.8837821496143,37.46318152007815],[126.88349728924494,37.463567770775725],[126.88341860513098,37.46367445605587],[126.8831485197507,37.46392617949583],[126.8830896194992,37.46399413819944],[126.88297051844121,37.464131547683095],[126.88285846107885,37.46426078876307],[126.88285278953212,37.464267330045416],[126.88274562134312,37.464390928806814],[126.88276321167245,37.464666888626525],[126.88277354822215,37.46482906994054],[126.88287347868823,37.464961500250816],[126.88292816497226,37.465004073964],[126.88314750729691,37.46512846009485],[126.88333270095407,37.46517397543046],[126.88342278417878,37.465196033038936],[126.88344587519512,37.465201686059956],[126.88362454112642,37.465245540828775],[126.88362809939545,37.46524641387695],[126.88378909155485,37.46528593080958],[126.88385192124368,37.465310491453636],[126.88399052484093,37.465341316749196],[126.88414853909187,37.46537666781519],[126.88418526375898,37.465385155310784],[126.88434481440245,37.46545739409741],[126.88456846577549,37.465654710014405],[126.88457429504084,37.465648236173],[126.88459419090118,37.46580987851517],[126.88461753372238,37.46601233878091],[126.88449237327723,37.46620340038386],[126.88432808081676,37.466452137775484],[126.88431709985353,37.46646959034429],[126.88432133299352,37.46647380912391],[126.88424971561795,37.46652977263742],[126.88405238775917,37.46663710187446],[126.88399445012956,37.46666861599148],[126.88383531270101,37.466710270895106],[126.88366332614474,37.466755287330244],[126.88327601043677,37.46685654229018],[126.88301409808422,37.467064358586896],[126.88292139215396,37.46727430732707],[126.88290509006362,37.46731061722403],[126.88288519347121,37.46735443829033],[126.88284695492689,37.467438665173965],[126.88277251358896,37.46759880639455],[126.88272182854514,37.467711660242315],[126.88265279067261,37.46780817030561],[126.88261104325815,37.46785120474598],[126.8825298287054,37.46793389729264],[126.88242358062823,37.46799827495471],[126.88227014995272,37.468070481134006],[126.88210135878403,37.468148301568405],[126.88194740641083,37.46821374801861],[126.88187147100783,37.46827264212664],[126.88179620925716,37.46833101331633],[126.88163121311257,37.468459238822895],[126.88158087276805,37.46856730775093],[126.88151121024066,37.46872096714313],[126.88145956761794,37.468879716142965],[126.88144683268777,37.468995994919815],[126.88146848252256,37.46915650303481],[126.8815318551001,37.46929116046542],[126.88159294550665,37.46941679414299],[126.88146660784648,37.469559142267826],[126.88133601219451,37.46970653899602],[126.881195165536,37.469865485966935],[126.88106704846679,37.47000894922358],[126.880910618073,37.47018533119364],[126.8808007340275,37.47030826121285],[126.8806681967059,37.47045848447265],[126.88058521081662,37.470551031699884],[126.88054805237422,37.47059238587208],[126.88046576498796,37.47068549191022],[126.88044310428242,37.47071672410452],[126.88040597671878,37.47074061729831],[126.88032517947568,37.47079263095859],[126.8802044780116,37.47093497299003],[126.88009997082308,37.471115345191365],[126.88005090987353,37.47119864721461],[126.88003976022509,37.47121468334983],[126.87993019505744,37.47135478325234],[126.87987746173847,37.4714212466021],[126.87983808638037,37.471471303228334],[126.8797845234425,37.471539059233386],[126.87964646031122,37.47171616231262],[126.87963693891191,37.47172837799126],[126.87955796732246,37.47182967969371],[126.87946025746322,37.47195656620274],[126.8794060983048,37.47202577098322],[126.8791506699479,37.472353496573405],[126.87914107751203,37.47236580377535],[126.87896535654774,37.47259126154093],[126.87873771681392,37.4728841379652],[126.87868707154958,37.47295002405275],[126.8786748572263,37.47296591384226],[126.87856600957825,37.47310751605043],[126.87845148578663,37.47325521571891],[126.87827750031151,37.47348282136262],[126.87827535085418,37.473485634904776],[126.87821508952588,37.47356354115178],[126.8781225881267,37.47368312768167],[126.87801141763107,37.473827740279056],[126.87797953007251,37.47388092011535],[126.87786830444172,37.47406213096844],[126.87781252025177,37.474149919612216],[126.87780471518585,37.47416265974984],[126.87777721390574,37.47420756112996],[126.87777426289065,37.4742123822695],[126.87758404879527,37.4745179642681],[126.87748486200815,37.47467891436251],[126.87743102501358,37.47476417485256],[126.8773308904099,37.47492750840934],[126.87732510530654,37.47493694757406],[126.87723601914257,37.47508044633011],[126.87711416141757,37.475278250241026],[126.8769931931026,37.47547155913559],[126.87684139308172,37.47571974211477],[126.87679056662745,37.475799930914924],[126.87669544749951,37.475953847739355],[126.8765744768208,37.47614799442412],[126.87655887074106,37.47617342947712],[126.87643030491756,37.47638294912079],[126.87642130834433,37.47639720075617],[126.87640288661912,37.476426375977255],[126.87636972879552,37.47647889606129],[126.87625069935062,37.476673052637175],[126.87615362187633,37.476828543240345],[126.87614354406351,37.47684468920306],[126.87598571406643,37.477103837513745],[126.87592812043015,37.47721527624849],[126.87588336727926,37.4773006759015],[126.87584668851537,37.477370667143575],[126.87582090672541,37.477419860362915],[126.87567186085951,37.47770717513144],[126.87563446528651,37.477780351511335],[126.87562064518423,37.47780718575981],[126.87554620813745,37.47795172681411],[126.87549854106035,37.47803952293557],[126.87536084706885,37.47829841352422],[126.87535233604238,37.478314065642024],[126.87532045358134,37.478372694331355],[126.87527082928072,37.478468103673016],[126.87513153136439,37.47873768728735],[126.87507056500685,37.47885615813208],[126.87495854324827,37.47907199913109],[126.87485238393518,37.4792805213776],[126.87478538592528,37.479407427482776],[126.87475155799073,37.47947491865551],[126.8747509599271,37.479476110688275],[126.87475011799692,37.479477793570766],[126.87455676252786,37.47985346475562],[126.87445460068751,37.480051085142534],[126.8744264661397,37.48010550785624],[126.87440575548214,37.48014556981434],[126.87428470083272,37.480380258302915],[126.87426574496375,37.48041684488668],[126.8742351340919,37.48044159082368],[126.87419885497243,37.480479563867405],[126.87418673798024,37.48052393291054],[126.87417894471845,37.48055246099665],[126.87418070693938,37.48055570800004],[126.87420782168739,37.48060570559516],[126.87418177673732,37.48065580919987],[126.87413691397045,37.48075711466856],[126.8740645553362,37.48091809020579],[126.87403515834424,37.48098222454267],[126.87399257307062,37.48107512876398],[126.87393919668965,37.481193886151],[126.87387979059912,37.48132334129201],[126.87381738362123,37.48146187697365],[126.87381215633623,37.48147348035916],[126.87380993914424,37.48147839902199],[126.87375531688954,37.481600544216924],[126.87369537608576,37.48173056607628],[126.87365937750526,37.481810971732685],[126.87362923143115,37.48187831171156],[126.87357267209313,37.48200101259312],[126.87351681107707,37.48212539727355],[126.87344180574217,37.482292011648354],[126.8733790167871,37.482433562781495],[126.8732043692116,37.482295689862696],[126.87318901338618,37.4822835644872],[126.87297139151599,37.482270380243975],[126.8727443001702,37.482424997497674],[126.8727686143031,37.482665472942344],[126.87277988063543,37.48279498718467],[126.8727800157869,37.48279654454251],[126.87278056786961,37.482802889408255],[126.87277981724489,37.4828679209011],[126.8727787079563,37.482964220301255],[126.87277295417627,37.48312779832722],[126.87276852196095,37.48323395082144],[126.87276509053122,37.48338261112346],[126.87278663794076,37.48348878345861],[126.87280071055737,37.48352426970204],[126.87285754701591,37.48365666138968],[126.87287324656047,37.483673024098096],[126.87287707547434,37.483677196063404],[126.8729469498072,37.48375333754543],[126.87301099284667,37.48380465627017],[126.87314771379341,37.48391461877298],[126.87323412894824,37.484000866405204],[126.87329509581853,37.48409159031759],[126.87330476568899,37.48412257881809],[126.87329741988391,37.484181135136346],[126.8731904393609,37.4842390249848],[126.87314430115528,37.48425727419438],[126.87298713998972,37.484309544450724],[126.87297637258511,37.484313125174644],[126.87278353231311,37.48437035433532],[126.87274731295558,37.48437312660241],[126.87244324131643,37.484396164800444],[126.87220838613196,37.48443335445341],[126.87201365511503,37.48466177023748],[126.87189514585263,37.484847471927246],[126.87179719900787,37.484997434145384],[126.87179175017914,37.48504029073115],[126.8717626286398,37.485269390953356],[126.87203148155551,37.48560023478995],[126.8721280762074,37.48567810694558],[126.87223223697475,37.48576207632894],[126.87237756104166,37.486012821122905],[126.87244470208907,37.48611004095802],[126.87261417496265,37.48619074878779],[126.87267382589019,37.48622009727359],[126.87268672031271,37.486224336308645],[126.87273456577192,37.486240154939324],[126.87289532716309,37.486251871497885],[126.87304222645712,37.48619797137138],[126.87313718009236,37.48615189862926],[126.8732141542967,37.48607483919771],[126.8733003353566,37.48598820208508],[126.87343609287036,37.48584363097392],[126.87355803366792,37.48571255994186],[126.87362494668024,37.48564026282351],[126.87366728993682,37.485567102611896],[126.87375127881656,37.48542641190901],[126.87381311146838,37.48532173812503],[126.8739395526643,37.48524866748073],[126.87405197061614,37.48521268616427],[126.87409033049356,37.48520041103866],[126.87410315035801,37.48519635705988],[126.87412585277085,37.48518917725613],[126.87421949567279,37.485187594771936],[126.87428082963825,37.48521381104487],[126.87442091354674,37.48527368446117],[126.87455644422947,37.48536675123745],[126.87459137959684,37.48538874535861],[126.87465649536054,37.48545225518261],[126.8747331843844,37.485416739383105],[126.87473480476815,37.485416120615874],[126.87473652744423,37.485415714208365],[126.87473830934971,37.485415529847586],[126.87474010519703,37.48541557270198],[126.87474186975135,37.48541584163082],[126.87474355782273,37.48541633008544],[126.8747451287982,37.485417025231925],[126.87474654097119,37.48541790972384],[126.8747477594666,37.485418960842736],[126.87474875395613,37.48542015319019],[126.87490842779579,37.48564910759407],[126.87494361268332,37.48569955870251],[126.87494432632995,37.485700791024755],[126.87494479958242,37.48570209508491],[126.87494502137787,37.48570344107972],[126.87494498518524,37.48570479832858],[126.87494469578408,37.4857061362107],[126.87494438673532,37.485707117052385],[126.87492251395203,37.48577640114239],[126.87492199797174,37.485777645887445],[126.87492125976453,37.48577881824974],[126.87492031764529,37.48577989218682],[126.87491918762915,37.48578084615093],[126.87491789704194,37.48578165865412],[126.87491647203339,37.485782313610365],[126.87491019451485,37.48578473568708],[126.87492544747552,37.485816520641976],[126.87499022828763,37.485953984667375],[126.87499446468868,37.48595624964963],[126.87500132598184,37.48597173697075],[126.87500587541018,37.48598082596283],[126.87502099013199,37.48601102018354],[126.87502262121264,37.48601427819589],[126.87502256799908,37.48601469163623],[126.87501797305332,37.486050033785745],[126.87499319710375,37.486228014922055],[126.87499099168724,37.4862438670981],[126.87500775969866,37.48624397473267],[126.87500969383211,37.48624412106905],[126.87501156923435,37.48624452848753],[126.87501332830321,37.48624518676859],[126.87501492145165,37.486246074017316],[126.8750162991152,37.486247165634964],[126.8750174242312,37.486248429878124],[126.875018258666,37.48624982778673],[126.87501878125961,37.48625131958925],[126.8750189754138,37.486252861031595],[126.87502186660556,37.48641497325436],[126.87502172580388,37.486416531853166],[126.87502124716325,37.48641804630112],[126.87502044801774,37.48641947252353],[126.87501935134925,37.48642076737695],[126.87501799028938,37.48642189137704],[126.87501640584975,37.4864228095879],[126.87501464461472,37.48642349701804],[126.87501424255093,37.48643645727305],[126.87501403306877,37.486437977651605],[126.87501350502839,37.48643944767182],[126.87501267347922,37.48644082595096],[126.87501156025711,37.48644207114223],[126.87501019844863,37.48644314916915],[126.87500862791177,37.486444027793844],[126.87500689183769,37.486444682006834],[126.87500504355222,37.48644509226042],[126.87500313404398,37.48644524800807],[126.87499644151208,37.48644534239827],[126.8749983239362,37.48649093386369],[126.87501343274405,37.48654275876165],[126.87502198002663,37.48656917761534],[126.87505051872817,37.48665739634233],[126.87508716176363,37.48670708535802],[126.87512138668656,37.486753491457556],[126.87512349655776,37.48675630583002],[126.87513916328547,37.486792361757345],[126.8753629896914,37.48690127888661],[126.87554827593569,37.48690429543968],[126.87578947335147,37.48690822184841],[126.87597425974539,37.486911229684345],[126.87623469254096,37.48720854226743],[126.87624660908308,37.487222146234416],[126.87626185575871,37.48723955256999],[126.87667249796786,37.487829367018456],[126.87668873636177,37.48785268961362],[126.87669854290613,37.4879039382913],[126.87676002753122,37.48811743301101],[126.87676797946348,37.488216831268865],[126.87676938363214,37.488223589821594],[126.87677749554182,37.4882586682639],[126.87678829144966,37.48830534867745],[126.87680004614234,37.48835616775907],[126.87680025466578,37.48835707381893],[126.87679605612271,37.48844771711618],[126.8767942105649,37.48848755175522],[126.87679035643133,37.488570776015756],[126.87666836756162,37.48873170022647],[126.87666536555679,37.488733866566356],[126.87663836355811,37.488753337567104],[126.8765229629968,37.48883656267828],[126.87638215158856,37.4889411643654],[126.87609579515717,37.489029825743174],[126.87604346853466,37.489047235766996],[126.87599781162238,37.489043387401146],[126.8759755240548,37.489041508432294],[126.87596523088152,37.48904064013955],[126.87581682422193,37.489028128617214],[126.87563135973724,37.488895316498706],[126.8753721400275,37.4886084097987],[126.87518945073155,37.48850713201999],[126.87499742059822,37.48849453747543],[126.87471601702303,37.48857729801661],[126.87456681416278,37.488733408788306],[126.87449487716785,37.48886115544996],[126.87434416485868,37.48886015008118],[126.87407203159185,37.488795660653814],[126.87373058515388,37.488644938373795],[126.87360694819203,37.48856163682434],[126.87359066965018,37.48855066936344],[126.87353521324978,37.488543247397494],[126.8735342136643,37.48854306903694],[126.87353289304527,37.488542729434336],[126.87352170615472,37.48853931166661],[126.87352136203239,37.48853920618604],[126.87347561150781,37.488525220620964],[126.87347411852805,37.488524661074536],[126.87347274345261,37.48852393450144],[126.87347248820421,37.48852375197559],[126.87347151556983,37.488523055478716],[126.87342595543075,37.488485331034084],[126.87342519096617,37.48848463023275],[126.87342452088043,37.48848387044259],[126.87338742579146,37.48843673567139],[126.8733866650094,37.488435594127075],[126.87338611750778,37.488434378000214],[126.87338579440195,37.488433110785],[126.87337920158559,37.4883928096148],[126.87326952976413,37.48829810754141],[126.87307774852229,37.48825285873708],[126.872955403234,37.48830059053561],[126.87292252344834,37.4883135072884],[126.87274847545041,37.48843073105388],[126.87266911341493,37.4885539646572],[126.87268339428631,37.48877782511853],[126.87263992966145,37.48898134904454],[126.87245774897602,37.48920442747311],[126.87244531693469,37.48924045345866],[126.872413716365,37.489330797774684],[126.87244040047959,37.4895355252797],[126.87244516050336,37.48954200966857],[126.87267148722131,37.48984493277087],[126.87267624732965,37.48985141174256],[126.87277059241076,37.48995878443135],[126.87283922377726,37.49001433689922],[126.87314930992756,37.490209501551824],[126.87327638065328,37.490289334442885],[126.87336843856153,37.49038657411511],[126.87357693290484,37.49048168564612],[126.8737527390316,37.490475680897575],[126.8739332171499,37.49042885668897],[126.87402067977165,37.490316034374686],[126.87409064151608,37.49021447272878],[126.87409188293543,37.49020939566887],[126.87414915915834,37.4899805586697],[126.87412334424481,37.489844883486164],[126.87411047148366,37.489777229951294],[126.87432244104508,37.48969552010844],[126.87457919447839,37.48976928720529],[126.87465124019505,37.48989887410333],[126.87462011398244,37.49002527388251],[126.87454589455378,37.49013697156846],[126.87449735431109,37.49020928259501],[126.87449240093275,37.490216598799094],[126.8744279630329,37.490289167234764],[126.87445370175467,37.49042687269157],[126.87458090022449,37.49053907969466],[126.87464035763625,37.490590380438206],[126.87466770851064,37.49061237944603],[126.87479485588118,37.49071084300201],[126.87483956047193,37.49074546172699],[126.87466784787921,37.49084437429128],[126.87466029311821,37.49085707133558],[126.87457098474026,37.49100719679285],[126.87453459426729,37.49106836741185],[126.87450404197864,37.49109723736298],[126.8743726814656,37.49122136398491],[126.87413007338748,37.491337668676806],[126.87403321696753,37.491321496288755],[126.87395185001165,37.49130791076853],[126.87376842833793,37.491222400633134],[126.8735596862442,37.49106674418597],[126.87355668373743,37.491064208079166],[126.87338905819256,37.490922614145475],[126.87329769618597,37.49084544052358],[126.87308343857279,37.490807483420134],[126.87305974378936,37.49081083059481],[126.87301359773254,37.490817349455966],[126.87286395315182,37.49083848600515],[126.87271698808493,37.49081947316207],[126.87255163351774,37.490747154644374],[126.87253886046045,37.49074156781398],[126.87247720623456,37.49071138839588],[126.87247368793393,37.490709666148476],[126.87244776539445,37.49069697709668],[126.87225463765364,37.49060244458303],[126.87217898565304,37.49061897180044],[126.87212205128158,37.49064537994357],[126.87201646712703,37.49071537131778],[126.87194998596082,37.49073725070282],[126.87183402898758,37.49077570968606],[126.87177093441129,37.49078098781373],[126.87168915049757,37.49077300494136],[126.87156796641419,37.49076133500771],[126.87150566316176,37.49072185236337],[126.87148029390083,37.49067987294298],[126.8714729035885,37.4905658303823],[126.8715031033487,37.490468713327964],[126.87155753177078,37.4903609449585],[126.87157723459687,37.4902092022697],[126.87154776595024,37.490085282398695],[126.87150568331087,37.48999879534505],[126.87134237003096,37.48983362580057],[126.87125961417932,37.48977074139611],[126.87111898006822,37.48970213441545],[126.8710802723284,37.48968325140251],[126.8709458969212,37.48963721949739],[126.87065821462099,37.48956087494683],[126.87042098697282,37.489535833251466],[126.87037556913454,37.48954056307452],[126.87033475295453,37.48954474775057],[126.87022812452577,37.489596158672285],[126.87017041682009,37.48966564287285],[126.87013622049831,37.48971909652942],[126.8701253769408,37.48975709748664],[126.87013412080151,37.48980749554115],[126.87016591149872,37.48991256460538],[126.87021613996872,37.489984421513995],[126.87023440299407,37.49005285051303],[126.87023340619254,37.49011283390915],[126.87021040402148,37.490134206776894],[126.8701654518664,37.490176386649765],[126.87011327712156,37.4902092638807],[126.87006499063853,37.490237375631935],[126.86996864445464,37.4902673943207],[126.86987690254578,37.4902960151522],[126.86978674403058,37.49032519779002],[126.86975970373148,37.49033332977103],[126.86972786859774,37.49035637340173],[126.86970274540245,37.49037409158087],[126.86968037919209,37.490430946827274],[126.8696843429086,37.490486403040016],[126.86972642772625,37.490570931196956],[126.86973611703144,37.49058417870966],[126.86978990035969,37.49063913093708],[126.86986310313077,37.49071129261561],[126.86987054831752,37.4907186008445],[126.86991019652346,37.49075752185605],[126.86995020645877,37.49080684730776],[126.8699930394416,37.49086996499341],[126.86999318669548,37.49098765013572],[126.86999312126744,37.49102426097485],[126.86995018457631,37.491121345752376],[126.86989200454799,37.49125334517072],[126.86979944605126,37.49134615779256],[126.86968800608545,37.49141895509178],[126.8696499708328,37.49144369080607],[126.86958156064486,37.491468949450294],[126.86952586616854,37.49149085437777],[126.86941336503426,37.491562529875225],[126.86934591842386,37.49163649366353],[126.86930453704288,37.4917575282501],[126.86929819661458,37.491851833676996],[126.86930627066894,37.49187691638564],[126.86936626866975,37.492018606783425],[126.86943736474782,37.49208513662569],[126.86946292869709,37.49211275714616],[126.86951218788529,37.49213139504403],[126.86961582975587,37.49217120928882],[126.8696651035231,37.49218112209805],[126.8696815355674,37.49218084742836],[126.86988826896118,37.49217657279958],[126.86996362361933,37.49220107689442],[126.86997691527206,37.49220539856326],[126.87002239843997,37.49226204241682],[126.87002463625294,37.49226780138074],[126.87002474588375,37.49226808228634],[126.87002691060734,37.492273654280254],[126.87002840983995,37.49227751556166],[126.87005740811689,37.49235218058812],[126.87005442318976,37.49243524062799],[126.87001353136621,37.49248137197391],[126.86995923879995,37.492510030305645],[126.86965110727648,37.49256376214086],[126.86956140137923,37.49257940416333],[126.86953772826577,37.49258304909145],[126.86945519295787,37.49259534652066],[126.86940512800815,37.49263160934641],[126.86938157072572,37.49266479762402],[126.86936892673724,37.49271744308432],[126.86937341987773,37.49277207466948],[126.86938851598771,37.49282953000856],[126.86941846321142,37.49288559360911],[126.86943343021322,37.49291320263635],[126.86947018290854,37.49296160138426],[126.86957378747826,37.49309804055608],[126.86958044348678,37.49310680388091],[126.86962449575724,37.493141120930225],[126.87006689631329,37.493485766131215],[126.8700236630548,37.49363307993091],[126.8700165917738,37.493657178662794],[126.86985404207246,37.49376061272147],[126.86980022069027,37.49381573902077],[126.86977970363412,37.49387898839975],[126.86970945877044,37.49409551079576],[126.86950267825841,37.49432840408409],[126.86941175339037,37.49440010364651],[126.86929228208784,37.49449431075397],[126.86928827693418,37.49449746844352],[126.86924310413589,37.494533090301445],[126.8688073518275,37.4947601121867],[126.86870919935613,37.49481124606577],[126.86848322772823,37.49499737732342],[126.86836534730931,37.49509438166828],[126.86834892871838,37.49510789169302],[126.8682970278347,37.49512521038599],[126.86829441272124,37.495126108571284],[126.86822945436798,37.49512830841918],[126.86799051135334,37.49506159028706],[126.86758862632271,37.494815891225535],[126.86760350410543,37.494728608122124],[126.86761040813711,37.49468809140131],[126.8675889310248,37.494646675527406],[126.86757786338954,37.4946401752086],[126.86755098680483,37.49462438743853],[126.86742470585972,37.49459496174591],[126.86737422380797,37.49456506213728],[126.86732709348358,37.494538538899256],[126.86727378341067,37.49450863672098],[126.86722383051256,37.49447985575742],[126.86712217378,37.49442174357478],[126.8670757502886,37.4943991521202],[126.86704237460656,37.49438420192409],[126.86698358475623,37.49435794777523],[126.86695162796111,37.49434524411777],[126.86689140475062,37.494324902329524],[126.86678678551603,37.4942425672416],[126.86677520910858,37.49419665696067],[126.8668438754642,37.49413141190465],[126.86690705535665,37.49407968113813],[126.8669766510199,37.49398740399259],[126.86703572691628,37.49395453090815],[126.86713623036441,37.49396731334427],[126.86721658200291,37.49399443464346],[126.86729154632324,37.494068000805754],[126.86730000220182,37.49407646653534],[126.86734956693346,37.494124950772495],[126.8674201310498,37.49418697399415],[126.86747343062017,37.49422279613881],[126.8676134846611,37.49425843192118],[126.86762727050623,37.49425112724045],[126.86772559182012,37.49413903844484],[126.86773352111115,37.494129998848486],[126.86775137971718,37.49410963911829],[126.86778077110172,37.49407588570491],[126.86777151961846,37.49400773715461],[126.86775807742126,37.49390785837037],[126.86775601745079,37.49389255859187],[126.86774901787945,37.49375374157245],[126.8677492621505,37.49375106676192],[126.86776217242421,37.493609822590514],[126.86776468972634,37.49358227628437],[126.86774355649672,37.493543974645135],[126.86767088455713,37.493472369759566],[126.86759367836795,37.493415571423526],[126.86753749025915,37.49337423561062],[126.86747870650984,37.49321815801641],[126.86747330591066,37.49320381921477],[126.86747058575386,37.493200412857746],[126.86737000275657,37.493074462665696],[126.8671594883685,37.492921621154174],[126.86704205395544,37.49288460077124],[126.8670327398609,37.49288267695335],[126.86695569534803,37.49286676174983],[126.86683499422294,37.49287958111615],[126.86679647249997,37.492888713569435],[126.86675580620646,37.49289835369408],[126.86660209956561,37.49289198455284],[126.86662753482489,37.492822764487705],[126.86667826742492,37.492684698561746],[126.86668153829231,37.49267579630362],[126.86668607465204,37.49266345135017],[126.86658598974738,37.49261378199068],[126.86649943601445,37.49260382662967],[126.8663640294357,37.4926388679434],[126.86634788899453,37.49263688312098],[126.86630397659029,37.49263147921736],[126.86620480906721,37.49255534351072],[126.86619406932867,37.49253860454501],[126.8661899806311,37.49253223527836],[126.8660811341509,37.492362604232376],[126.86581366938188,37.492145224268285],[126.86555237449363,37.49174397909395],[126.86547809271676,37.49159635487008],[126.86545080592889,37.49156384971754],[126.86540404049288,37.49150813823681],[126.86519209114546,37.491579432287466],[126.86515211145463,37.49159287926513],[126.86505362597683,37.49154123783045],[126.86502468190263,37.491520390792026],[126.86485158784612,37.49139571798951],[126.86479536163309,37.491323573303625],[126.86479682017828,37.49129934555302],[126.86479936203884,37.49125712900557],[126.86476984604762,37.491165589278374],[126.86455544740083,37.49102118143462],[126.86449670921417,37.49106841548046],[126.86448937276089,37.49111655606469],[126.86451819265963,37.49120302741159],[126.86427987886901,37.491092094685875],[126.8641548594244,37.491050552696606],[126.86403000277737,37.491019444618495],[126.86402034336949,37.491018126217],[126.86369086163663,37.490973152864655],[126.86344834323901,37.49093935708567],[126.86329184208554,37.49091862625697],[126.86319062997126,37.490905267987365],[126.8631130981993,37.49089138741949],[126.86310267498482,37.49088996928184],[126.86307621637069,37.490885041351206],[126.86302813979147,37.49087608678616],[126.86292250769057,37.49085280128473],[126.86281109141392,37.490828237919736],[126.86273375556686,37.490804495550194],[126.86258684530229,37.49075872004049],[126.86238768725333,37.4906790752343],[126.86217497927034,37.49057746306156],[126.86208955855167,37.4905311950619],[126.86195048562716,37.490447971986406],[126.86183032365284,37.49036786683227],[126.86176821028825,37.49032612130397],[126.86162303599139,37.490203747940555],[126.86148176800563,37.49006730374982],[126.86138442632046,37.48996807758017],[126.86136281944461,37.489943657583524],[126.86127904297364,37.48984896906065],[126.8611348081502,37.489685952732394],[126.86111908573648,37.48966818134873],[126.86110074681494,37.48964657136958],[126.86102581440909,37.48955826881193],[126.86101648203494,37.48954727049523],[126.8606861052809,37.48916817829647],[126.86045865265405,37.488907717005596],[126.86019540054455,37.48860625982209],[126.8601859571163,37.48859544561503],[126.85981793557114,37.48817425666583],[126.85951817971994,37.48783119285253],[126.85951007058317,37.48782191271771],[126.85925601798236,37.487531150080095],[126.8591512544975,37.48741217099377],[126.85901379073705,37.48725605348451],[126.85856869233704,37.48674807015258],[126.85854504045174,37.486721077784935],[126.85840985403983,37.48657089562733],[126.85840180895633,37.48656196098194],[126.85839255153746,37.486551676734685],[126.85824252960033,37.486381430797266],[126.85822543138856,37.4863602904016],[126.85816764387633,37.48629531604596],[126.85811613491275,37.48623739642],[126.85797103441514,37.48608461807176],[126.8578629955423,37.48600439447596],[126.85783430270465,37.48598308914988],[126.85774112553473,37.48593078363873],[126.85772170933203,37.48591988346991],[126.85767689013865,37.48589475702632],[126.85767588850705,37.485894165700536],[126.85763012211594,37.48586711420544],[126.85748360333343,37.485806968708644],[126.85744917457002,37.485794537471854],[126.85729042400806,37.485760556413794],[126.8572149985802,37.485754265635784],[126.85708640446946,37.48574369248967],[126.85676809689556,37.485721057493464],[126.85664183450676,37.485712683243605],[126.8565518828771,37.48570671854747],[126.85653943323551,37.48570626045569],[126.85650393964957,37.48570498190662],[126.85642309800184,37.48570205381888],[126.8560990301387,37.48560534392134],[126.85609417991108,37.48560389605154],[126.85602423573253,37.4855830234401],[126.85597356314793,37.48556943692959],[126.85589020893481,37.485546809210625],[126.85580132100074,37.485519877940376],[126.85572971453927,37.48549818126698],[126.85570980359044,37.485490673470636],[126.85563670700175,37.48546310981385],[126.85560856562596,37.48545249791557],[126.85559713882859,37.48544818931127],[126.85556279270385,37.485432382405946],[126.85550694774979,37.485406681226564],[126.85544850949663,37.48537396776047],[126.85542329056287,37.485359848369214],[126.85541247568266,37.48535277953435],[126.85533436450314,37.48530172698873],[126.8552359106549,37.48522564544341],[126.85516503119514,37.48517087270473],[126.8550777575867,37.48507728465952],[126.8550502489927,37.485047694468754],[126.85500818604316,37.484994081247144],[126.85497993751326,37.484958073866466],[126.85494664385122,37.484909883272955],[126.85490489852396,37.484843684339175],[126.85488693833857,37.48481520443554],[126.85486614495693,37.48478617545672],[126.85477464443177,37.48460522109346],[126.85477040923897,37.48459684601699],[126.85467132075654,37.484404702181834],[126.85463085530294,37.484341780251135],[126.85457780849558,37.48425929959567],[126.854573935629,37.48425141141971],[126.85454025686333,37.484182707390374],[126.85451040643652,37.484121813769434],[126.85444249325431,37.483982632366626],[126.85436841168061,37.48383303181159],[126.85434328994432,37.483781940073996],[126.85431175416717,37.483717801328204],[126.85428749555037,37.483667626465596],[126.85428652205039,37.48366561292794],[126.85422130990166,37.48353073028918],[126.85414068529732,37.48336057178677],[126.85408021375765,37.48323294474255],[126.85400947273024,37.48308897314262],[126.85397376163105,37.48301629187142],[126.85394824954162,37.482966985295974],[126.85389980676263,37.48289540704287],[126.85386405513309,37.48283848749756],[126.85378913895357,37.48275335226214],[126.85372043844659,37.482693002168425],[126.85365016533137,37.48263126976726],[126.85363711395178,37.482621683669876],[126.85349858737084,37.48262183609862],[126.8534654343261,37.48262187280756],[126.85340004327425,37.4826219457973],[126.85315536618829,37.482622205464246],[126.85306734585144,37.48255367308128],[126.8529586737782,37.48247750663321],[126.85296929273599,37.48246485569282],[126.85298311118885,37.48245066383153],[126.85304241324361,37.48238976318456],[126.85305142757977,37.48238218348266],[126.85309144088285,37.48234168840613],[126.85311640746224,37.4823185278017],[126.8531284238484,37.48230737984455],[126.85306931135297,37.482275211332414],[126.85303636943348,37.48222730063274],[126.85275017315413,37.48187909114742],[126.85270046916119,37.48181861738407],[126.85261962534261,37.48178668742205],[126.85258624277152,37.48177876186614],[126.85246793529089,37.48175638006064],[126.85243895753176,37.48175246439362],[126.85232699721749,37.48173733528134],[126.85224698320933,37.48173272966476],[126.85222631471181,37.48173242255526],[126.85221593548286,37.48172804635801],[126.8522057489637,37.481723751437],[126.85206621886562,37.48166492558086],[126.85205057215504,37.48166188062535],[126.85196573531033,37.4816453721238],[126.85189319979385,37.481631617979104],[126.85189164826886,37.481631323738775],[126.85188765088454,37.4816305663056],[126.8518536099252,37.48162411154711],[126.85183446270783,37.48162027129346],[126.85175188625604,37.48160371014168],[126.85166783187334,37.48158868303952],[126.8516137758172,37.481583541616736],[126.85149962095852,37.48157373118904],[126.85129125845458,37.48155582303725],[126.85116085016385,37.48154369399012],[126.85099047105464,37.48152784708222],[126.85084315186937,37.481522591356324],[126.85070181988345,37.48152550938273],[126.85057300396855,37.48153941955118],[126.85052282096063,37.4815483654541],[126.8505143393408,37.48155004852796],[126.85041837372934,37.48156681973615],[126.85037436928019,37.48157802589077],[126.85009866454688,37.48164822498306],[126.85003139497178,37.481665352921354],[126.85001836477012,37.48166867123075],[126.84982961327174,37.48171672944327],[126.84968916576393,37.48175248836048],[126.84956793417811,37.481783354890766],[126.8493513611782,37.481838497042695],[126.84935035798287,37.48183875200938],[126.84933242848817,37.48184331687531],[126.84922355011882,37.48187077996709],[126.84910368435503,37.48190531033602],[126.84904372874192,37.481922583461554],[126.84901338354962,37.48193132524973],[126.84893826617879,37.48195262675777],[126.84875838591822,37.48200335057022],[126.84875144345993,37.482005307900515],[126.84873251297036,37.48201064682866],[126.84865663485378,37.48203252894207],[126.84856393760064,37.48205925949443],[126.84846913913718,37.482086599419404],[126.84835046064507,37.48209035522515],[126.84832356342771,37.48209120827299],[126.8481995369654,37.48209525981744],[126.84813417242448,37.482097152578376],[126.84807305812366,37.48209426093277],[126.84780296331618,37.482083206895524],[126.84757815200979,37.482045188627005],[126.84751404465155,37.48203440232959],[126.84745542094194,37.48202475675281],[126.84701576825617,37.48191013792869],[126.84698648221179,37.48189462600491],[126.84698612759344,37.481894434760555],[126.84692772324473,37.48186272588776],[126.84687301769735,37.48183281310099],[126.84684955084019,37.4818192676179],[126.84679255805658,37.481786531727316],[126.84672410169436,37.48174617637254],[126.84670733383632,37.48173630126034],[126.84663552155634,37.48169622564599],[126.84662369751086,37.48168973270145],[126.84660176918658,37.481671227413614],[126.84655685823209,37.481633330371615],[126.84655534055139,37.48163200960613],[126.8465171762315,37.481598933349034],[126.8464674608708,37.48155127237074],[126.84646234949194,37.48154648584869],[126.8464203829737,37.48150701144768],[126.84640821853753,37.48149545369239],[126.84638795905389,37.48146755016358],[126.84634692110637,37.48141146891643],[126.84628595460337,37.4813317078819],[126.84626305123699,37.4813032371725],[126.8462191895582,37.48124011059476],[126.84620054302468,37.48120403616945],[126.84615918647141,37.48112627101799],[126.84614740541653,37.48110486535872],[126.84608987004731,37.48098990730085],[126.84604936992746,37.480925378728834],[126.846033762317,37.48087299216344],[126.84600724762056,37.48079834126192],[126.84599479594756,37.48073580037718],[126.84598678055517,37.480695541187835],[126.84597967100612,37.480657113155736],[126.84597683026094,37.480641752775995],[126.84596327596796,37.48053248769056],[126.84594849289337,37.48042068659931],[126.84594564578421,37.48039957013464],[126.84593421817989,37.480314798498625],[126.84592927065455,37.480230891980064],[126.84591685923688,37.48008304442812],[126.84590414017059,37.479913534721916],[126.84589416281999,37.47978540784739],[126.84589227570886,37.479758095376035],[126.84589039078682,37.47972936418488],[126.84588086619274,37.47963869919918],[126.84586904403112,37.47937513991174],[126.84586567561753,37.47929939667409],[126.84585466084152,37.479158602713895],[126.84585088655336,37.47910256444012],[126.84584282579466,37.478983723994965],[126.84584023648866,37.47895613722513],[126.84583477263654,37.47886518193742],[126.84583382557486,37.4788492704909],[126.84582743077952,37.478741854017464],[126.84581502430483,37.47850954592043],[126.84581348694809,37.478481948748],[126.84581263798708,37.478466461480146],[126.84579495176189,37.47821810255934],[126.84578183807726,37.47807082612151],[126.84576400389446,37.47781091820526],[126.84575466208973,37.47771489564042],[126.84569133064686,37.47707932691759],[126.8456880448442,37.47704187275378],[126.84568072217002,37.47696269595637],[126.84567405888755,37.47689065162429],[126.84565591037682,37.47669578727187],[126.84565262332642,37.4766650950618],[126.84565054132338,37.4766467914365],[126.84564192657348,37.476543165436816],[126.8456358126338,37.47647103490605],[126.84563416874386,37.476451645770986],[126.84563380247386,37.47644786526292],[126.84562862211206,37.476394483575575],[126.84562361655514,37.4763449209949],[126.84560695056071,37.47619848471263],[126.84558782005952,37.476039878200915],[126.84558672638327,37.476030802710255],[126.8455461797422,37.475694677394024],[126.84552666277914,37.47540235180374],[126.84552320979321,37.475350625545396],[126.84550826431985,37.47512677235827],[126.84549773837863,37.47496909319055],[126.84549770229594,37.474968562092535],[126.84549649289659,37.47495045347923],[126.84548729089965,37.47487413614808],[126.84547965200362,37.47481246007276],[126.8454760117219,37.47478091951954],[126.8454343760424,37.47446358492672],[126.84543097200233,37.47443763858787],[126.84541950112924,37.47434865094549],[126.84540963360432,37.474250367493894],[126.84539856244646,37.474137729599676],[126.84538483691952,37.47403015883725],[126.84538416860292,37.47402431615554],[126.84537078069054,37.47390708653474],[126.84536748897158,37.47387526938615],[126.84536592785327,37.47385949963928],[126.8453628145405,37.47383225334981],[126.84536055448207,37.4738124668968],[126.8453205067396,37.473787080070274],[126.84525965946395,37.47374412593513],[126.84523778845387,37.473728686206705],[126.84510992745724,37.47363250785166],[126.845051224153,37.473576393987635],[126.84503324104902,37.47355891797804],[126.8449778960442,37.473503659150744],[126.84495516822567,37.47347237510379],[126.84491501855115,37.47349822331232],[126.84487214052274,37.473648513710174],[126.84483682979362,37.4737247816892],[126.84482000553783,37.47374530780167],[126.844813786099,37.47374613501017],[126.84474261050866,37.473755624575794],[126.84471081287387,37.47375980448171],[126.84470002511873,37.47376120394695],[126.84460694602504,37.47384498152739],[126.84456803498642,37.473940306634276],[126.84455261384048,37.47397808611943],[126.84449096351601,37.4739799776685],[126.84448939087603,37.474055153682606],[126.84444734758812,37.474100676818985],[126.84419346987532,37.474014999387684],[126.84395991486282,37.47448291406548],[126.84382076234617,37.47449856224743],[126.84366486977783,37.47454340861324],[126.84356515069106,37.474541107821004],[126.84353557905388,37.47454042434597],[126.8435180454294,37.474558979570205],[126.84335758401542,37.47467589953218],[126.8433502646616,37.4747153084599],[126.84326392491106,37.474779389047164],[126.84313906549272,37.47485373458655],[126.8431120010519,37.47486984907438],[126.84307734281397,37.47488499654569],[126.84295255227782,37.474924821274634],[126.8428659555686,37.474946108311286],[126.84284863818745,37.47495143274589],[126.84278163917506,37.47497161549306],[126.8426963440447,37.474960237330734],[126.84264690392942,37.474953974580984],[126.84250380529937,37.47496138520429],[126.84247206495158,37.47493571825714],[126.84239792142344,37.47491591207522],[126.8423788505644,37.4749110945509],[126.84234248411009,37.47490175600511],[126.84229996349701,37.47487636160772],[126.84219313498592,37.47486101443138],[126.842038272626,37.474834336455274],[126.84196405189529,37.4748491578253],[126.84196196348725,37.47483169235759],[126.84186728649613,37.47483241341418],[126.84181729526266,37.474832913719325],[126.84174260633931,37.474820133755784],[126.84163739639037,37.47478790009816],[126.84152583205076,37.474753954414275],[126.84140221995405,37.47473661924163],[126.84128919662523,37.47472125745013],[126.84121472604134,37.474688780160385],[126.84115804904258,37.47467687812295],[126.84103233783809,37.47464798270002],[126.84093976789768,37.474653483834274],[126.84082529273574,37.47465755662799],[126.84078695711847,37.47466398393463],[126.8407678666852,37.474667336823636],[126.84062508514877,37.47469276322377],[126.84045242197892,37.47473307618174],[126.84042009471881,37.47473387549782],[126.84027471065941,37.47473987086006],[126.84010861722433,37.474763294355],[126.84003080456621,37.47480457895794],[126.83998511190092,37.47483647865976],[126.83994907133908,37.47486162162658],[126.83994887156184,37.4748618332303],[126.83994536109383,37.474865562354395],[126.8398251480628,37.4749887125565],[126.83969481081861,37.47514368697211],[126.83966663020813,37.47515429796745],[126.83966351543089,37.47515546944675],[126.83956769896449,37.47519193993525],[126.8394723370435,37.47517829575949],[126.83944619394946,37.47517713287902],[126.8392342563953,37.475165575043455],[126.83912274000375,37.47519020550607],[126.83908066027148,37.47520873183181],[126.83890436444102,37.475291831136744],[126.83884550556714,37.475309476611834],[126.83877765563537,37.47531530365456],[126.83875257661154,37.47531723551784],[126.8386677441549,37.475335133939765],[126.83858579673391,37.47533108784497],[126.83856017818877,37.47533161323794],[126.8385119383439,37.4753366179046],[126.838445298945,37.475360740019894],[126.83843621458246,37.47536272261175],[126.83842153931451,37.47536592587969],[126.83842088253361,37.47536678930541],[126.83841967383825,37.4753679101323],[126.83841825175729,37.47536886121102],[126.83835870472726,37.47540245476447],[126.83834057010226,37.47541268453998],[126.83833898353292,37.475413435497245],[126.83833726316236,37.47541396938007],[126.83833545662358,37.47541427113219],[126.83833361257717,37.47541433742065],[126.8383317797235,37.475414160406004],[126.838330007719,37.47541375208396],[126.83832834176796,37.475413116313064],[126.83832228765843,37.47541030443445],[126.83830991138265,37.47540455478816],[126.83826490044608,37.47538364005426],[126.83826323695988,37.475382724876305],[126.83826190143284,37.47538168354271],[126.838260801441,37.47538048038307],[126.83825996270897,37.47537914799021],[126.83825941429845,37.475377725285156],[126.83825916608558,37.4753762465747],[126.8382592301049,37.475374757895345],[126.83825861531867,37.47537444979426],[126.83815019239248,37.47532908303573],[126.8381300182722,37.4753149891151],[126.83798704616488,37.47521510582309],[126.83797362958107,37.47521395893935],[126.83789803239965,37.47520878700379],[126.83775535186268,37.47510975504299],[126.83769847973525,37.47510461311816],[126.83763992944112,37.475062290792536],[126.83751952024777,37.47502975104229],[126.83745517796545,37.474975319799896],[126.83739195529664,37.47496650515134],[126.83725694410958,37.47491084642249],[126.83720472749128,37.47488120721655],[126.83712359152638,37.47490699769888],[126.83694661370093,37.47490084172032],[126.83682846663828,37.474884338244976],[126.83673807016082,37.47486394875823],[126.83662020847706,37.47488490337153],[126.83647972273565,37.474829796196104],[126.83645336414132,37.47484778252633],[126.83617965248233,37.47480882533339],[126.83613605509015,37.47471387775558],[126.83610875832535,37.47467554660497],[126.83603258968378,37.47461462418448],[126.83594677241645,37.47451990347276],[126.83588313070938,37.47446124615698],[126.83583087742606,37.474447093215254],[126.83576781315891,37.47444869374314],[126.83572503100898,37.47438387476934],[126.83483379836663,37.47442344997479],[126.83464016132125,37.47436263956618],[126.83463709656928,37.474421182417814],[126.83461359171635,37.47487025995154],[126.8347639867027,37.47531336902821],[126.83484166684013,37.47562812759927],[126.83487200673558,37.475751061972566],[126.83449570168158,37.476010694546204],[126.83407951227922,37.47641528045375],[126.83399609032931,37.476592832232186],[126.83396128484341,37.47669716699226],[126.8339322515043,37.4767842021387],[126.8334800862634,37.477155779154884],[126.83332747363846,37.47723215157243],[126.83305204707148,37.47724640060368],[126.83305167544948,37.477246092946885],[126.83207896794286,37.477567840187874],[126.83176972135682,37.47764556036969],[126.83174809250634,37.477650995790476],[126.83080142336713,37.477423823553735],[126.83045751371913,37.47733913630343],[126.83037906801513,37.47729748724596],[126.83012648424443,37.4771633806696],[126.82996120534841,37.47707562777888],[126.8297355135497,37.47695579888818],[126.82972186849979,37.47694855481492],[126.82962156479071,37.476895298903926],[126.82955328883492,37.47662461885518],[126.8295473249029,37.476614144629195],[126.82953676101566,37.47659559971528],[126.82930684480253,37.476318731953725],[126.82923774873709,37.47623552690249],[126.82920434207871,37.47619529729433],[126.82916473590878,37.4761890549904],[126.82895588233609,37.476156137735586],[126.82844867843811,37.47607619565155],[126.82818194963558,37.47603415445935],[126.82812242064433,37.476031814957985],[126.82787204198628,37.47598920715089],[126.82747122644918,37.47604220824066],[126.8262671958681,37.47620141062716],[126.82542103550726,37.47622615424939],[126.8241500609415,37.47616033541702],[126.82415192943994,37.47619272093333],[126.8241557597328,37.476236332315764],[126.82410830128744,37.47635219036959],[126.82395062586995,37.47647245187314],[126.82394178669858,37.476466870589704],[126.8238165744827,37.47638778135885],[126.8237743794509,37.47632108846219],[126.82365413961186,37.47613104021295],[126.8235237882266,37.47612632981583],[126.8234738885818,37.476137768920275],[126.8234158381248,37.476100147510465],[126.82325038178465,37.47612112446944],[126.82323628964306,37.476122911357855],[126.82322615023686,37.476124196297725],[126.82317602796485,37.476124952056786],[126.82314842555128,37.476121567090544],[126.82317980397771,37.475975000125366],[126.82318227042197,37.475963484135406],[126.8231803518066,37.475945731797054],[126.823163409758,37.47594600340034],[126.82316159801344,37.475962047936726],[126.8230643011051,37.47595401650865],[126.82301188324708,37.475960270825226],[126.82294784688723,37.475967913326976],[126.82284240246312,37.47594547375771],[126.82277729229139,37.475931617230536],[126.82270107605413,37.47589207241575],[126.82269051170708,37.47588305059678],[126.82263304357161,37.47583398044061],[126.82249338222263,37.47580476631191],[126.82236620854425,37.475805421494826],[126.82233107828193,37.47579806326146],[126.82224967510149,37.475781015041484],[126.82217773177264,37.47576454382024],[126.82210737531892,37.4757484367932],[126.82203397305523,37.4756379513166],[126.82198397008756,37.475572833612354],[126.8219817306861,37.47557034113727],[126.82194926384433,37.47553420702957],[126.82192011279922,37.47546179532326],[126.82192007143847,37.47546149132964],[126.8219194391852,37.47541718525697],[126.8219164710798,37.475352648411025],[126.82191340425825,37.475286019856725],[126.82190148853032,37.47527425189829],[126.82177895233444,37.47524590947227],[126.82174507680834,37.47523402535884],[126.8217175486143,37.475220469608075],[126.8217041768117,37.47529385679191],[126.82170144228222,37.475308859451964],[126.82168951580145,37.47537061033956],[126.82166816872736,37.47548112717023],[126.8216820270123,37.475568019725465],[126.8216820889876,37.47556842028235],[126.82170503145052,37.475725858065275],[126.82170744147189,37.475758524344],[126.82171907861787,37.475911990750525],[126.8217332506545,37.47610708900995],[126.82173327478235,37.47610742264933],[126.82173715718484,37.476112701631585],[126.82177886689881,37.47616943430831],[126.82178647556492,37.476180501539616],[126.82177941770391,37.47620309582187],[126.8217058851001,37.47622353463995],[126.82159411591648,37.47625506225739],[126.82157083094437,37.47626163012366],[126.82152561032991,37.47626099459621],[126.82150637411587,37.47623980327295],[126.82149566529472,37.47622800795428],[126.8214803162819,37.47621644377463],[126.82141655991678,37.476214092842255],[126.82136303501373,37.476212038599826],[126.82126537639128,37.47620822375055],[126.8212363835094,37.47621127863475],[126.82122635975826,37.47626616937551],[126.82120230762115,37.47628302712247],[126.8211501481967,37.476300678812045],[126.82106942331662,37.47630338413863],[126.8210084825253,37.47629933659259],[126.82079566834112,37.47628240643075],[126.82061909457413,37.47625341144209],[126.82047581069895,37.476263048583625],[126.82033871051553,37.47627185762548],[126.8201610108286,37.47626904520827],[126.82006118469424,37.47620412674615],[126.81998026162618,37.47621385894412],[126.81991631900337,37.47621347198263],[126.8198659428662,37.476223261847444],[126.81983369918497,37.47626516224095],[126.81978103284897,37.47627719136811],[126.81957593573937,37.47635542508899],[126.81954574422278,37.47634834144031],[126.81951502341249,37.476341258340945],[126.81950491826788,37.47633975256753],[126.81947949785848,37.476335963787626],[126.81946837395682,37.47633430612411],[126.81942336895982,37.4763276013185],[126.81934482834336,37.47630157748653],[126.81930759407496,37.47628940832888],[126.81929646987334,37.47628516646669],[126.81914315871265,37.47620553364869],[126.81907921354684,37.476132508835065],[126.8190645842678,37.476077562735014],[126.81906451427764,37.476077299136406],[126.81905583700318,37.47593650455843],[126.8190687839878,37.475837941338305],[126.81907114454648,37.475819965725805],[126.81907085822694,37.4758051530321],[126.81907083331514,37.475803909921794],[126.81906798795423,37.47576612590314],[126.8190579977651,37.47563354590015],[126.81905781120308,37.47562942744123],[126.81905195589583,37.47550008098542],[126.81906921710154,37.475449416222446],[126.81913787586305,37.47540222942434],[126.81929994902961,37.47528985407767],[126.81942248885525,37.47519859665672],[126.8194126452253,37.47517949435075],[126.81938703723749,37.47517635524876],[126.81931070886502,37.475184121469155],[126.81931026652717,37.47518401165975],[126.81929004908824,37.47517895576619],[126.81928344578424,37.475176923928515],[126.81915810397898,37.475219239576724],[126.8189517811026,37.47529072304769],[126.81882152151155,37.47532656080391],[126.81880730753362,37.47524022561333],[126.81880723433044,37.47523981777939],[126.81859574997338,37.47525779896035],[126.81846515387655,37.47528123806494],[126.8183997582434,37.475297472782124],[126.81832133407791,37.47529875455244],[126.81832549222348,37.47528248477119],[126.81840837556587,37.47495819165026],[126.81841601635237,37.47492829455726],[126.81863257036053,37.47408073323648],[126.8179183643232,37.473689124025455],[126.81767864732919,37.473256618757276],[126.81766854980113,37.473238401768796],[126.81764049708022,37.47318778918021],[126.8171912413636,37.47326757309903],[126.81707625200431,37.47328799390942],[126.81695898862912,37.47366006108993],[126.81695305403929,37.47367889121856],[126.81695111381094,37.47368045737161],[126.81656242741339,37.47399419739093],[126.81649752252609,37.473997604931164],[126.81648142840095,37.47399845013862],[126.81623839623191,37.47401121054912],[126.81598970094575,37.47402426757076],[126.81588985653697,37.47402932478657],[126.81582492758614,37.4740326362742],[126.81547348700306,37.474050485513935],[126.81512090026365,37.47431983630095],[126.81488070198795,37.47450333033154],[126.81485955288962,37.47451948614426],[126.81481620118414,37.474552603768394],[126.81462855735491,37.47464943762594],[126.81465592696247,37.47475970664387],[126.81465604693204,37.47476019226797],[126.81466541923842,37.47479795025242],[126.81472979510824,37.47505730776154],[126.81496486970434,37.47586012021566],[126.81522179282273,37.476251064531496],[126.8152955332735,37.47636212039786],[126.81567244466741,37.476539543351414],[126.8157615494147,37.47658148740742],[126.8161086336583,37.476744868011515],[126.81610025537304,37.47686078223393],[126.81607185465595,37.47708014244871],[126.81641141663333,37.47753675014183],[126.81687415246707,37.47788255725241],[126.81688784613577,37.47789279016992],[126.81699963329308,37.47797633118844],[126.81706064319839,37.47802485577743],[126.81721035366502,37.47813518318196],[126.81732391820303,37.47813929700267],[126.81736598238786,37.47814040443955],[126.81825621681786,37.478163830291216],[126.81837348416077,37.478318876245176],[126.81877934091264,37.47886264545554],[126.81899729992598,37.47916199747068],[126.81936728542352,37.47986309635076],[126.81952578558612,37.48028033168844],[126.81954281056987,37.4803231574808],[126.8195428862315,37.48032354459699],[126.81958453337857,37.48054365689587],[126.81959502650756,37.48059910456475],[126.81959776360371,37.48061357442378],[126.81959783379081,37.48061394167863],[126.81957798717734,37.48079258820936],[126.81968768636902,37.48100854773132],[126.81972008814542,37.48107108178363],[126.8197462383723,37.48112155037667],[126.81975992872259,37.4811542149104],[126.81977556942999,37.48119057540211],[126.81978715604865,37.481218749899185],[126.8198013871004,37.48125340772789],[126.81981438785063,37.481285790667954],[126.81984318789607,37.481354266398306],[126.81986777956654,37.48141061633142],[126.81988797652177,37.48145992302767],[126.81989958563027,37.48147963574157],[126.8199140025429,37.48151176813345],[126.81993586283278,37.48155301818881],[126.81994670732578,37.48157348543579],[126.81996658468876,37.48161039307104],[126.81998294009053,37.48164054912858],[126.81998640350898,37.48164415284171],[126.81998465452129,37.481660543791456],[126.81998477421267,37.48167454339127],[126.81998488365507,37.48168730267061],[126.81998492918626,37.48169263713876],[126.81998337516639,37.481715719952554],[126.81998126876071,37.481746962238105],[126.81998084355541,37.48177316211736],[126.81997798193184,37.48178752042146],[126.81997350175959,37.481817354650914],[126.81996383088341,37.481875050464545],[126.81996271686336,37.48189139098688],[126.81993876202839,37.48193696430972],[126.81992262525371,37.481966789126204],[126.81989709159046,37.48200023917035],[126.81984567992907,37.482077043125884],[126.8197995830906,37.482147350059826],[126.81975440534306,37.482206470169395],[126.81973896986675,37.48222666984542],[126.81968206843983,37.48230514026512],[126.81964847774606,37.48235159093862],[126.81961311969025,37.48240047769533],[126.81958369784327,37.48243871489465],[126.81956787654607,37.48248261519703],[126.81956200020197,37.4825006264346],[126.81955542423051,37.48251696073181],[126.8195539560075,37.4825346818832],[126.81955336860014,37.48256228693285],[126.81955027664195,37.482596917122116],[126.81954845976482,37.482619159252856],[126.81954300336413,37.48268277954989],[126.8195400170315,37.48274866384851],[126.81953689271154,37.48280157688701],[126.81953396626275,37.482837909781466],[126.81952966037024,37.48286521219071],[126.81952555046657,37.48289110781566],[126.81951605026347,37.48294290070362],[126.81950708401632,37.48299892220685],[126.81950206418885,37.48302761940142],[126.81949474132334,37.48306282010977],[126.81948758341441,37.48309517169064],[126.81946911999916,37.48313767047544],[126.81944975697388,37.48317846592671],[126.8194321804679,37.48321757712267],[126.81941565250109,37.48325443827042],[126.8194039400921,37.48328200807227],[126.81939068880988,37.48330914537199],[126.81939810083038,37.48332073259436],[126.8194072476275,37.48333933512174],[126.81941902939649,37.483362724587685],[126.81943062307047,37.48338864576959],[126.81944680590031,37.48341963915687],[126.81946228305098,37.4834483768983],[126.81947545735719,37.483474867821535],[126.81948260435665,37.483489738941856],[126.81949057838727,37.48350633280331],[126.8194907571134,37.48350670519001],[126.81950182977457,37.483528969280286],[126.81952030584578,37.48356053290158],[126.81954088557491,37.48359660458232],[126.81955830101958,37.48362788627486],[126.81957323370206,37.483651940141705],[126.81956664847853,37.48367801349665],[126.81956078299261,37.48369631322551],[126.8195490815654,37.483714314344645],[126.81953772853063,37.48373343514625],[126.81953089513111,37.4837440939416],[126.81952726617888,37.48374975426503],[126.81952460231818,37.483756506276684],[126.81951271418099,37.4837903520935],[126.81951214755917,37.48379196765895],[126.81950273272811,37.483813632420976],[126.81949651797554,37.483826291273225],[126.8194863607102,37.483844138135055],[126.8194718553136,37.483869617840966],[126.81945269649056,37.48390421496083],[126.81943090566479,37.48394229776879],[126.81942484425319,37.483952887994946],[126.81940042641433,37.48399577519548],[126.81938544399438,37.48402208859693],[126.81934287707769,37.48409522787815],[126.819324956474,37.48412785273924],[126.81931669782476,37.48415459515479],[126.8193146876767,37.484161100351486],[126.81931374144496,37.48416416310347],[126.81930880780153,37.48417885556617],[126.81930750119744,37.48418274188062],[126.81930757780441,37.48418314973329],[126.81930837104287,37.484187599773726],[126.81930888341742,37.48419046812514],[126.81931081974298,37.484201325255],[126.81931089410429,37.48420173129202],[126.81931346730158,37.48422903726609],[126.8193174127176,37.48425145860506],[126.81931748934103,37.484251864655114],[126.81932072827222,37.48426862683844],[126.81932080610851,37.48426902388194],[126.8193265996338,37.484285097728275],[126.81934471311666,37.48431300339911],[126.81934922001685,37.484320788205764],[126.81936706160631,37.48435161088573],[126.81938624225279,37.48438232770664],[126.81940278066502,37.484411924245144],[126.81942054291824,37.484443766790605],[126.8194372681572,37.48447110020309],[126.8194511566821,37.48449730500395],[126.81946770032911,37.48451984577669],[126.8194762796044,37.48455364723587],[126.8194881030163,37.484594166231446],[126.81948275733426,37.484618870351866],[126.81947390924003,37.484657474783475],[126.81947366078052,37.48465855497514],[126.81946668241271,37.48469204328362],[126.81946676252859,37.484692438537444],[126.81947243524537,37.48472021664152],[126.81947252090205,37.484720624546185],[126.81948466379713,37.48477767438065],[126.81948475173236,37.484778080495715],[126.8194914730684,37.48480809458435],[126.81949155647953,37.48480850067334],[126.81948209295302,37.48485522094121],[126.81946852060258,37.48491348549606],[126.81946669908274,37.48491627820946],[126.81946348738063,37.48492119731734],[126.81944759171174,37.48494554682286],[126.81941319852983,37.48500150835718],[126.81940090627536,37.48503473710442],[126.81938686701525,37.485075260344836],[126.81936514238906,37.485142783481415],[126.819362296497,37.48515039252628],[126.8193617370041,37.48516194283653],[126.8193528060086,37.485203312126224],[126.81934205057196,37.485269735707625],[126.81933435598715,37.48530971862783],[126.81932521813,37.4853617911818],[126.81931981549796,37.48539338309698],[126.81930912861702,37.48542332213218],[126.8193066774619,37.485430183524514],[126.81929005803806,37.485474942661455],[126.81929922489664,37.48548213418784],[126.81931666875019,37.48550159393537],[126.81931754798127,37.48550217766921],[126.81932355340827,37.485503508413885],[126.8193269963891,37.48550426916197],[126.81937002281188,37.48551921269464],[126.8194173632748,37.48553565567577],[126.81947587907726,37.48555559535966],[126.81947791668902,37.48555629032163],[126.8195082815146,37.48556761855633],[126.8195139167242,37.485569861130095],[126.81961453352761,37.48560353287094],[126.8197112633472,37.48564001239037],[126.81976421279339,37.48565923845717],[126.8197851358157,37.4856652573736],[126.81974500308276,37.48572473367382],[126.81974426929345,37.48572607246352],[126.81974381531892,37.485727488577986],[126.81974365507503,37.485728944240485],[126.81974379456037,37.48573040162881],[126.81974422393868,37.48573182282951],[126.81974493791431,37.48573316815262],[126.81974591529149,37.48573440502738],[126.81974713035014,37.48573550085705],[126.81974855056765,37.48573642480833],[126.81975014109379,37.48573715324543],[126.8199280945701,37.48580403053588],[126.81992985324369,37.485804552627506],[126.81993169551022,37.48580483724326],[126.81993357281603,37.485804875090196],[126.81993543201784,37.48580466405969],[126.81993722328393,37.48580421107568],[126.81993889447129,37.48580352845701],[126.81994040015802,37.485802635771925],[126.8199417005448,37.4858015562265],[126.81994275804531,37.485800318447694],[126.81996408671819,37.485770327041024],[126.81998082166429,37.48577767564704],[126.81998680182122,37.4857803005544],[126.81998842758942,37.4857808849748],[126.81999014803216,37.48578125722099],[126.81999192023471,37.48578140983513],[126.81999370124966,37.485781338964614],[126.81999544581846,37.48578104615165],[126.81999711317413,37.485780536569706],[126.8199986556653,37.48577982616885],[126.82000004147545,37.485778930990314],[126.82000123193626,37.48577787424668],[126.82000219967371,37.48577668101827],[126.82000690249018,37.48576973162014],[126.82000811780001,37.485770301058864],[126.82005845109052,37.48578953356872],[126.82005899665842,37.4857897422169],[126.8200607247288,37.485790271341266],[126.82006253747373,37.48579056840401],[126.8200643874706,37.485790624118756],[126.82006622496115,37.485790437297744],[126.82006799899071,37.48579001395717],[126.82006965969487,37.48578936462635],[126.82007005043589,37.48578918390063],[126.82011536271123,37.485767731096054],[126.82012329325472,37.48577044293414],[126.82017492011272,37.485787229357825],[126.82013411274366,37.48580634656646],[126.82018271787057,37.48586825531692],[126.82020152055291,37.485892204276],[126.82024157933166,37.485874815136285],[126.82032837860005,37.48583713504462],[126.8203529554385,37.48584512720983],[126.8204597512472,37.485881034880585],[126.82052170754773,37.48590169869416],[126.82054042487353,37.48590848355964],[126.82062181576535,37.485937047675655],[126.82063627298464,37.48594212159819],[126.82064192080321,37.48594410279864],[126.82074412420647,37.48598029927819],[126.82085673449446,37.48602018794351],[126.82096993089985,37.48606069278994],[126.82097447120181,37.48606231788432],[126.82099106777731,37.486067976418155],[126.8210127758218,37.48607551570383],[126.82109203297847,37.48610304419873],[126.82118594422073,37.48613640566437],[126.82120659435166,37.48614460944205],[126.82129202745577,37.48617740113004],[126.82129437638412,37.48617957156009],[126.82132834502343,37.48621095618961],[126.82137751152659,37.4862605858489],[126.82143831153081,37.48632036122677],[126.82151022184414,37.48639085616584],[126.82156838476752,37.48644782574513],[126.82162020020141,37.48650113541221],[126.82163678707472,37.48651551348087],[126.82172240143787,37.486539584415034],[126.82187723368173,37.48658345511852],[126.82199306531326,37.48661488667952],[126.82213783289829,37.48665452421802],[126.82224376567191,37.486683391174836],[126.82234439927328,37.48671087200746],[126.82239066070765,37.48672333084428],[126.82240612437587,37.4867571409243],[126.82242000446705,37.48678757086267],[126.8224361852725,37.48682025655858],[126.82245446504147,37.486860253439694],[126.82247292304979,37.48690055599703],[126.8224829474298,37.4869216889016],[126.82250041096513,37.48693296040879],[126.82251857391084,37.4869459448879],[126.82254395918085,37.48696456096534],[126.82256900295083,37.48698404398265],[126.82279190553132,37.487155010468264],[126.82291112664845,37.48724529181479],[126.82295750209342,37.487280257846535],[126.82299700830237,37.4873093202994],[126.82310510256613,37.48739537704585],[126.82319956426791,37.48746993456361],[126.82322519210922,37.4874901626003],[126.82332255305492,37.48755871289173],[126.82341338699402,37.48762305426564],[126.82341921922816,37.48762705992514],[126.82358686100198,37.48774224011464],[126.82356081248965,37.48777491551053],[126.82355623691974,37.487771538986316],[126.82350632579502,37.4877348475861],[126.82338263980739,37.48783843652632],[126.82324982171619,37.48779771072329],[126.82324935806781,37.4877975719632],[126.8232476526321,37.487797159289485],[126.82324588405245,37.48779697519745],[126.82324412139832,37.487797011970606],[126.82324238166841,37.4877972661009],[126.82324071578603,37.48779773517596],[126.82323916006786,37.48779840588361],[126.82323775541181,37.487799258628364],[126.82323653589687,37.48780027738108],[126.82323552892112,37.4878014343568],[126.82323475034416,37.4878027269424],[126.82319911092404,37.48787549533936],[126.82319856471605,37.48787698484926],[126.8231983415435,37.48787852668548],[126.82319845650083,37.4878800776696],[126.82319890665833,37.48788158640774],[126.8231996708669,37.48788301492196],[126.82320073146016,37.48788431533942],[126.82320205822398,37.48788545143291],[126.823203611855,37.48788639142994],[126.8232053383456,37.4878871034738],[126.82326788974554,37.487907645773795],[126.82324608677766,37.48795279849773],[126.82312081807413,37.488057712993054],[126.8230106554755,37.48814997330647],[126.82301087226355,37.48815026748815],[126.82303760327642,37.48818690198532],[126.82303764420054,37.48818725554981],[126.82303863956645,37.488251561902366],[126.82307831958168,37.488264431631535],[126.82307900874356,37.488264650102074],[126.82308060693957,37.48826529020583],[126.82308205974635,37.48826612236584],[126.82308332776273,37.48826712562526],[126.82308438180796,37.48826827457902],[126.8230851938163,37.488269545631205],[126.82308574490065,37.48827090081677],[126.82308602176447,37.48827230941362],[126.82308601455324,37.48827373531113],[126.82308572473963,37.488275140661024],[126.82308516167325,37.48827649216687],[126.82308490741556,37.48827696572253],[126.82304027987925,37.48836134696005],[126.82304056925628,37.4883806718019],[126.82304398133276,37.488583921884114],[126.82304695398967,37.488744238950936],[126.82304742362189,37.48878833758051],[126.82304781302116,37.488824781469575],[126.82304764442362,37.48886790568541],[126.82304726083372,37.48896606341281],[126.82304691687743,37.489053687266356],[126.82304703030681,37.489232140261755],[126.82304706767628,37.48929104652287],[126.82300556300515,37.489355458148076],[126.82291103616525,37.489511568665165],[126.82290805275889,37.489516387318695],[126.82289327918483,37.489540251562765],[126.82287866977485,37.489563848142915],[126.82283405284426,37.48963591507316],[126.82281797741831,37.48971501659611],[126.82280470293263,37.489779061767365],[126.82277953289227,37.48990050082108],[126.822762394414,37.489979310510144],[126.82273992619416,37.48998490979712],[126.82271919891699,37.48999062722278],[126.8225703951309,37.49003167698332],[126.82254848085987,37.49003781030634],[126.82252035995705,37.49004568099145],[126.82232129300458,37.49009801734324],[126.82209005847348,37.49015961043417],[126.82195055272966,37.490200238653486],[126.82163268661984,37.4902870374381],[126.82151297394314,37.490329652701284],[126.821467877694,37.49034746940171],[126.82146540400704,37.49034844668067],[126.82136723107553,37.490391942643726],[126.8213337531851,37.49042175632221],[126.8212757047885,37.49047345065279],[126.82121170257062,37.49050230474782],[126.82119994457526,37.49050760563873],[126.8211486067031,37.49053074849289],[126.82102365950136,37.49058709501194],[126.82094572874398,37.49057884409145],[126.8209322861873,37.490577419302355],[126.8209359417904,37.490581585630835],[126.82099365299467,37.490647524019884],[126.82098839664668,37.490650742279335],[126.82096297386278,37.490666290488406],[126.82087934636881,37.490597444970376],[126.82079368673949,37.490526925617424],[126.82078537306542,37.490533112468086],[126.82077794260266,37.49053845171755],[126.82077807501605,37.4905388193289],[126.8208102123111,37.49059549990821],[126.8208246742941,37.49061276551563],[126.82083902101806,37.49062989345321],[126.82089971264841,37.490702351371475],[126.82091210128529,37.490717109207274],[126.82097580392913,37.49079297978523],[126.82086649580587,37.49078200664708],[126.82084784926221,37.49078013550771],[126.82070713280793,37.49076589092237],[126.82042671944762,37.49073750626285],[126.82033948755169,37.49072867775278],[126.82020958718864,37.490748190925174],[126.82015249800631,37.490762084831516],[126.82015191869203,37.49076222571396],[126.82004518179201,37.490788203996246],[126.8199381512495,37.490841820433694],[126.81982034151069,37.49090104240971],[126.8197991117009,37.490911977955676],[126.81961815118002,37.491005192017205],[126.81952739307904,37.49105235618029],[126.81941115266625,37.49112256163729],[126.81939866709456,37.4911338458331],[126.81939266211587,37.491139272525515],[126.81937413960739,37.49115601387264],[126.81932578991695,37.49120240367268],[126.81931981035443,37.491191690910135],[126.81924830998541,37.49131406190126],[126.819078215409,37.491375730950494],[126.81907189086608,37.49138582568554],[126.8190708856819,37.4913871466809],[126.81906964003768,37.49138828962541],[126.81906817206445,37.49138925101815],[126.8190665204664,37.49139000404167],[126.81906473522632,37.49139052554887],[126.81906286626167,37.49139079960324],[126.81906096563758,37.491390822899426],[126.81905908769781,37.49139059034254],[126.81905725958971,37.49139010208907],[126.81905563121666,37.49138954287877],[126.81905512228994,37.49138977970476],[126.81905359939216,37.49139031173746],[126.819051994443,37.49139066122429],[126.81905034375342,37.49139081575551],[126.81904868122487,37.49139077913198],[126.81904704310293,37.49139054615456],[126.81904546551857,37.49139012424227],[126.8190418453479,37.49138891539402],[126.81899606780703,37.49140551039129],[126.81889799921971,37.49144106758485],[126.81857403214774,37.49155882128218],[126.81789243494559,37.49153534287524],[126.8178892685713,37.49153523445772],[126.81743229695579,37.4917834248711],[126.81740587516859,37.491797623521784],[126.81704414577483,37.4919920220277],[126.81690845935796,37.492063610619944],[126.81666713660437,37.49219471539783],[126.81650448125242,37.492282828825104],[126.81649008792986,37.492290626061326],[126.81643961523099,37.492317966744615],[126.81628216361212,37.49240190967585],[126.81617070234796,37.49246227247716],[126.81605818605651,37.492523192408264],[126.81597166441135,37.49257176461533],[126.81587258841643,37.49262566945775],[126.81584604180327,37.49266464877605],[126.81574367434888,37.49281495556408],[126.81552120573512,37.493151077581274],[126.81551897133151,37.493154450108904],[126.81548829177657,37.49320113628167],[126.81547978141975,37.4932009048966],[126.81547837678399,37.493200867012966],[126.815444646362,37.49319995047912],[126.81543352045124,37.49319936502637],[126.81543022890857,37.493199329728164],[126.81542025691937,37.493186838707764],[126.815419176842,37.4931856967467],[126.81541788610882,37.49318470589319],[126.81541637107182,37.49318387418028],[126.81541479852638,37.49318327017588],[126.81541308052958,37.493182861823065],[126.81541130395073,37.493182674863036],[126.81540957739814,37.49318270812251],[126.8154078806095,37.493182950667844],[126.8154062475856,37.49318339548528],[126.8154047191471,37.493184031995135],[126.81537519347697,37.493198732276944],[126.81516037701705,37.493196402831465],[126.81510953643637,37.49319602426623],[126.81487457438236,37.493194273347214],[126.81483351716473,37.4931400956883],[126.8148324420334,37.49313890868303],[126.81483114151538,37.49313787540291],[126.81482964702806,37.493137023971954],[126.81482799909566,37.49313637625769],[126.8148262428166,37.49313594874593],[126.814824421068,37.49313575340297],[126.81482279638698,37.49313578003391],[126.81482119378069,37.49313599066844],[126.8148196438235,37.49313638187847],[126.81481818165554,37.4931369457557],[126.81469631225494,37.49319294553502],[126.81467997282456,37.4931928237076],[126.81466407397458,37.49319251965699],[126.81457485498132,37.49319293673651],[126.81455630763493,37.493234007334756],[126.8144364121875,37.493499491320996],[126.81439137963591,37.493552764804804],[126.8143904328068,37.49355412485616],[126.8143897926673,37.493555594849525],[126.81438948225275,37.49355712985104],[126.81438950422928,37.493558685710035],[126.81438986356648,37.493560213782345],[126.81439054707758,37.49356167162802],[126.81439153255936,37.49356301314924],[126.81440158992483,37.493574318573074],[126.8143923974556,37.493593880419084],[126.81433488932531,37.49372043520241],[126.81431165064149,37.493731916928134],[126.81431017664828,37.493732782682784],[126.81430889898698,37.49373382714311],[126.81430784958589,37.49373502255255],[126.8143070547586,37.493736336615214],[126.81430653631061,37.493737735206345],[126.81430630814555,37.493739182352634],[126.81430637739666,37.49374064023874],[126.81430673989348,37.493742070082384],[126.81430738692461,37.4937434348776],[126.81430830186022,37.4937446975725],[126.81431851101283,37.493756477093285],[126.81431760247798,37.49375847371988],[126.81432702391672,37.49394797790467],[126.81433250572988,37.49401753450736],[126.8143490662003,37.4942840347342],[126.81435254035421,37.49433995215918],[126.81435269091882,37.49442470072476],[126.81423860894998,37.49454081211462],[126.81422053975292,37.49455823578709],[126.81406909110407,37.49471257088355],[126.81400975387479,37.49477303594735],[126.81395377141365,37.494830084514604],[126.81386737827715,37.49489780147831],[126.81385478797952,37.49491777528864],[126.81371759513269,37.495158015709244],[126.81356568943207,37.49542581217998],[126.81336869835356,37.49576985121115],[126.81332059669491,37.49585340531163],[126.81319973671127,37.49606860496305],[126.81301231876795,37.496400260371985],[126.81301248854905,37.49640049751311],[126.81314595338225,37.49658743127192],[126.81324736096417,37.49673344649918],[126.81364538380215,37.49704435681606],[126.81393671692959,37.49726810488056],[126.81403652031501,37.49735131754698],[126.81403657121714,37.49735168919882],[126.8140712286959,37.49760394039917],[126.81410286602818,37.497832423468346],[126.81410529726843,37.49784997695669],[126.81411322762749,37.49790724521392],[126.81413955604249,37.49812607732842],[126.81413961811788,37.498126464368035],[126.81419689292309,37.49818652575649],[126.81428291824363,37.49826804029479],[126.81445792357883,37.49814270839087],[126.81461871443346,37.498027555622635],[126.81464245748673,37.49800224916421],[126.81514196077532,37.498009514948976],[126.81527554744753,37.49793286156549],[126.81532580928922,37.497902810741806],[126.81574376096904,37.497661046752086],[126.81577225470963,37.497644197909445],[126.81593981649225,37.49764402452397],[126.81609666258693,37.49764386097163],[126.81622203210864,37.49767924994902],[126.81630774850848,37.497708093541],[126.81651457747913,37.49777769117815],[126.81658270540741,37.49780708177683],[126.81670050908119,37.49789849136225],[126.81689034343715,37.49801789149162],[126.81699575908746,37.49804705941505],[126.81709586648901,37.49807762429653],[126.8172127133217,37.49811370927276],[126.81725072105321,37.49812544730595],[126.81758266067689,37.49822732688836],[126.8177259308654,37.498383251590646],[126.81792558612095,37.498604575576074],[126.81802883754904,37.49872356945828],[126.81810082492613,37.49877657160021],[126.81820856908682,37.49885589760012],[126.81876686825915,37.49877100617722],[126.8189124448423,37.49874886839074],[126.81933815860543,37.49901982535303],[126.81945000839599,37.4990912221695],[126.81955286503727,37.499159810748786],[126.81963015797905,37.49920478264881],[126.81963993862041,37.49921047241954],[126.8196298455876,37.49922400033935],[126.81960944313799,37.49925719763131],[126.81959481018305,37.4993123607048],[126.8195176255958,37.499593524926404],[126.81951417102879,37.49960643579477],[126.81946680664254,37.499783493654384],[126.81944249350563,37.49996957521142],[126.81940267920372,37.500283736714856],[126.81938859389454,37.500412386366314],[126.81938122095374,37.50046361537624],[126.81940405330461,37.50066356359615],[126.81941526118418,37.500788609353016],[126.81941531873916,37.500788999067815],[126.81942961066132,37.500798878182174],[126.81971369695366,37.50110986146576],[126.81978828182915,37.50119206053643],[126.81990737935375,37.50132331853077],[126.82000040963966,37.501434392045304],[126.82006447873887,37.50146574564951],[126.82037931013889,37.50163544554029],[126.82061241037341,37.501767574090515],[126.82075311875651,37.50182382170231],[126.82087174637752,37.501872981978174],[126.82117669058086,37.50196525013127],[126.82134124142273,37.50202068763836],[126.82154432776125,37.50214938893943],[126.82156435706851,37.50215642363958],[126.82155557896951,37.5023615826332],[126.82155173507473,37.50241704224087],[126.82154364086823,37.502623132641226],[126.82154678446095,37.502708453535455],[126.8215544285668,37.50284079394784],[126.8215634861962,37.50290169699076],[126.8215635431463,37.50290202991591],[126.82159069659397,37.50300174895515],[126.82165196676864,37.50324313795591],[126.82181272443653,37.503557037568704],[126.82187466403893,37.50366637805602],[126.8219761685756,37.50389554209],[126.82197284062175,37.50410564740146],[126.82191395879543,37.504272241140676],[126.82187838199914,37.50436594580762],[126.82182711711992,37.50452156873142],[126.82182690887211,37.50453733574362],[126.82182698857359,37.50453765527894],[126.82189525622493,37.50473437914391],[126.82195723631615,37.50490228408146],[126.82196845877786,37.504939178539054],[126.82202006354395,37.5050808847505],[126.8221557204564,37.505181326404056],[126.82237886784183,37.505347791626996],[126.82238921990385,37.50537511593015],[126.82246509725688,37.50556922412],[126.82251494487139,37.505637722348226],[126.82255039572604,37.50568489228205],[126.82253673376252,37.50573448728895],[126.82251719387324,37.50595562402802],[126.82251347468518,37.505997713735624],[126.82249302053866,37.506057094484646],[126.82249233460098,37.50607340226822],[126.82249113612858,37.506101853694865],[126.82238313506008,37.50611351957015],[126.82236184312123,37.50622526478166],[126.82234748790067,37.506323990133865],[126.82231890518474,37.50652056544911],[126.8222967226887,37.50670776738584],[126.82224704244484,37.50708385870127],[126.82222393208238,37.50728879923942],[126.82221865084406,37.507430419547404],[126.82221510891466,37.507653969840526],[126.82221519380516,37.50765434168343],[126.82222280347177,37.50768692404851],[126.82222289034804,37.507687326548655],[126.82255311626054,37.50771232433281],[126.82257537599818,37.50771936894945],[126.82260418393032,37.50772848455856],[126.82263893982577,37.50773948383807],[126.8227224634994,37.50777049507851],[126.82282990951451,37.507810386493915],[126.8228658211034,37.507823719615544],[126.82311491252497,37.507933341641774],[126.82359191569269,37.508137911458284],[126.82418922296485,37.50821990825073],[126.82445738647846,37.50825804421885],[126.82453785035287,37.50828095518288],[126.82455081069222,37.50828464731128],[126.82464662768031,37.508308648295994],[126.8246943533258,37.50832060174508],[126.82408037606562,37.50887566489175],[126.82390405049097,37.50909527892204],[126.82418343703696,37.50967851639985],[126.82428402475152,37.510020450696196],[126.82434456840805,37.51022625768368],[126.82428628922725,37.51027783297077],[126.82412716861566,37.51041863622306],[126.82406405827513,37.51048219152034],[126.82406008557773,37.510480816762865],[126.8240542976963,37.510492019853274],[126.8240397070148,37.51052026754567],[126.82396396665168,37.5106668927107],[126.82385662605486,37.51087468812901],[126.8238567016778,37.5108750851553],[126.82414699550016,37.51244004723712],[126.82414707340526,37.51244044247349],[126.82440802379072,37.51317626206087],[126.82440812530223,37.51317654927027],[126.82432562461537,37.513548426120174],[126.82432269431477,37.5135610615823],[126.82429916210957,37.51366770878454],[126.82426112856807,37.514368273170945],[126.82425573877947,37.514467565488125],[126.82379594184626,37.51466367942968],[126.82347620838783,37.51489839464452],[126.82340131238013,37.514953376895654],[126.82320057759463,37.515810331658905],[126.82319316990791,37.51584195536322],[126.823149891194,37.51602671260126],[126.82314499976975,37.51604759583911],[126.82314322733149,37.5160551570033],[126.82313298310751,37.51609889298287],[126.82312941345441,37.516114126935854],[126.82310461381928,37.51621999773125],[126.82371946608542,37.51690954829449],[126.82381115382786,37.51701237261337],[126.82382066285346,37.51702224453256],[126.82386420227787,37.51706758280721],[126.82416076230744,37.51737639634451],[126.82449611590694,37.51771533051562],[126.8245918467929,37.51804575138993],[126.82513557724675,37.51906665211737],[126.8251387469745,37.5190722982427],[126.82541539751304,37.519653284650595],[126.82549877042686,37.51982910352977],[126.82552098715875,37.51987605179672],[126.82554390127183,37.51992447864595],[126.82556495200822,37.51996896497539],[126.82559367418361,37.520029659869536],[126.82559688799851,37.52003645094483],[126.82561396537311,37.52007254286238],[126.82561730940756,37.52007970243035],[126.82561890247247,37.520302025233356],[126.82561160487842,37.52039943002069],[126.82561169306834,37.52039969011227],[126.82563178945985,37.52045894766461],[126.82562902011092,37.5206610247207],[126.82564779642556,37.52093460788561],[126.82564896107102,37.520951561665356],[126.82565431952014,37.521029630899925],[126.82554179378253,37.521450957622186],[126.82554186491406,37.52145135281841],[126.82557272015212,37.521647265554996],[126.82558917334111,37.52175173369758],[126.82558924220996,37.52175212888085],[126.82552942088276,37.521752346101245],[126.825480432109,37.5217525260111],[126.82555950035794,37.52196404600152],[126.82559115664931,37.52204874067614],[126.82565498786765,37.52221949940053],[126.82566065377499,37.52223475009426],[126.825658333114,37.52223759952189],[126.825598571003,37.522311028121486],[126.82558126311717,37.52233229661877],[126.82542119584183,37.52252887118043],[126.82540890033881,37.52254344243005],[126.82538963636355,37.52256626987135],[126.82521733662325,37.52277971959315],[126.8252078175397,37.52279209838415],[126.8251957082991,37.52280784242577],[126.82519375345949,37.522811786366475],[126.82519268525712,37.52281403723564],[126.82513726836656,37.52300512700021],[126.82513739294812,37.523005367470354],[126.82516277550272,37.523054720639244],[126.82517748909194,37.52307010056794],[126.82518737290869,37.5230804305939],[126.82524960198846,37.52314547039716],[126.82545036455531,37.52335529886076],[126.82549648465789,37.52335987070877],[126.82553326852702,37.52339899733332],[126.825569662394,37.5234377034942],[126.82569239086814,37.52356823788125],[126.82572393001308,37.52360178400714],[126.82582071954748,37.52370780495732],[126.82587019388491,37.523792904101654],[126.82591420468127,37.523868428580926],[126.8259418423346,37.523915771827724],[126.82603285159027,37.52409164462848],[126.82603459022016,37.524095002152066],[126.82608823913296,37.52419867654267],[126.8261263748775,37.52429530940336],[126.82612672103147,37.524295828751505],[126.826135977903,37.524309586546735],[126.82631203678031,37.52457123610621],[126.82647896983192,37.52476237778937],[126.82647903655815,37.52476276034089],[126.8264996444294,37.524888060492316],[126.82650686082427,37.524931921513534],[126.82650693535886,37.524932316728425],[126.82667632439633,37.52506880906539],[126.82671109104557,37.525096821029265],[126.82674987671508,37.52512807370153],[126.82719087027274,37.52524464865154],[126.82730898031936,37.52527586989941],[126.82795903407491,37.52568819447228],[126.82810147329663,37.525796551804305],[126.82814882050357,37.52583256857104],[126.82814642844208,37.526116951432],[126.82814646623967,37.526117279737164],[126.8282586414627,37.52629990330616],[126.8283593235893,37.526336208920746],[126.82871177330753,37.52646329808072],[126.8288371710855,37.52650851387473],[126.82883732718965,37.52651546955152],[126.82881765539639,37.52652444693168],[126.828793271062,37.52653557337557],[126.82842768701028,37.52670238572639],[126.82834452647818,37.52688752707182],[126.82832672438877,37.52694494614819],[126.82831736922424,37.526974002824694],[126.82830108606828,37.52702458571059],[126.82809483863423,37.52761555916083],[126.82807395220152,37.52766603469755],[126.82795476986482,37.52795407216755],[126.8279391019699,37.52800275665405],[126.8278749771473,37.528364475106805],[126.82787507175605,37.52836477849757],[126.82817423277292,37.528951371466],[126.82821380078816,37.52902893926072],[126.82813655542088,37.529069318184966],[126.82807324170771,37.52910254212197],[126.82791259712091,37.52918683584454],[126.82758595099288,37.52935823316738],[126.82757410301652,37.52936384598905],[126.82710629684509,37.52968329451637],[126.82706967879079,37.529708299214526],[126.82706471487676,37.52970829256128],[126.82704064004251,37.52970825632503],[126.82689520409929,37.52970804219264],[126.82654446562364,37.529796496237815],[126.82637593425035,37.529813167167795],[126.82624724066318,37.52982589551945],[126.82569307863305,37.52984250995344],[126.82555831076611,37.529846549949866],[126.82531251415836,37.52995852803849],[126.82505960377645,37.530236900253],[126.82473543163353,37.53059990281133],[126.82472762483624,37.530630626507936],[126.82471702989773,37.53067233067803],[126.82471578136567,37.530677244886064],[126.82457876535281,37.53121656925491],[126.82431806662633,37.53150273695575],[126.82425653106573,37.531570283215586],[126.82425309024106,37.5315740617967],[126.824247781585,37.53157988656005],[126.8242181014365,37.53161246620821],[126.82413387254925,37.53164556831504],[126.82397478275925,37.531797639472245],[126.82396094811881,37.5318108659364],[126.82394680746981,37.53188658092787],[126.82386648609582,37.532060747744275],[126.8237690996926,37.532203356221515],[126.8237156400288,37.53223789970191],[126.8236723593639,37.532296688156514],[126.82343065216223,37.53261617535529],[126.82343073123094,37.53261656879485],[126.82347357610557,37.53283285230176],[126.82348419828742,37.53288647830172],[126.82349615421656,37.53294682155507],[126.82349623215414,37.532947214988084],[126.82347563147475,37.53342587894361],[126.82347471476541,37.53344717067631],[126.82350202899285,37.53355771850329],[126.82355271799001,37.53376287381179],[126.82355280613099,37.533763265500475],[126.8235184277083,37.533768775886166],[126.82328135139032,37.53380677028496],[126.82270286910438,37.53375465684744],[126.82262295497331,37.53420109438288],[126.82192192884557,37.53482762503605],[126.821868063465,37.53490292053532],[126.82188087127253,37.5349319488875],[126.82188226207879,37.53493510076508],[126.82189495230973,37.53496386524771],[126.82193281235183,37.53504967886316],[126.82243394504027,37.53654275495798],[126.82243403473433,37.5365430997863],[126.82234194202479,37.536979939812674],[126.82234120964821,37.53699232729552],[126.8223381115341,37.5372578744752],[126.8223358737742,37.53744986244481],[126.82235698931146,37.53766010865974],[126.82235559856986,37.537680206069446],[126.82233403546338,37.53799168432415],[126.82217854007556,37.53835071852951],[126.82205440768205,37.53863733018133],[126.8219554512016,37.53888685351774],[126.82189058837268,37.53905041034547],[126.82183697009751,37.539152441054746],[126.82183685876674,37.539152860441796],[126.8218043326998,37.53921488532086],[126.82176200929848,37.53929558475241],[126.82175294336041,37.53931287093794],[126.82174761506519,37.539323030029955],[126.82159101020225,37.53971081707606],[126.8215905968318,37.53971184043086],[126.82168126440506,37.53989749197483],[126.82205433214408,37.54066090244426],[126.82211888564127,37.54067728452085],[126.82206677257994,37.540672360546694],[126.82184685467541,37.54069956130125],[126.82183298188224,37.540701278007305],[126.8215553619582,37.540721973507985],[126.82141776643854,37.54072858290795],[126.82093614570306,37.54075171703882],[126.82072769661775,37.54075364938745],[126.82018739644866,37.54075648894203],[126.81980217813741,37.54075123485439],[126.81979120415765,37.54075108691368],[126.81931971362286,37.54074360187203],[126.81895238476372,37.540719673140366],[126.81885169256141,37.540710614310754],[126.81866885914177,37.5406941681666],[126.81837792029705,37.54067006727905],[126.81816826660781,37.54065961450779],[126.81797349709703,37.540660943171545],[126.81790058417509,37.54066144138739],[126.81734932881974,37.540661150921366],[126.81709092837833,37.54062921300827],[126.81695201282355,37.540611255161146],[126.81682071263234,37.54058937169228],[126.81669387978972,37.54057448852702],[126.81656763710082,37.54055968976224],[126.8163123333916,37.54055140851506],[126.81611801223757,37.540564899447695],[126.81575202933647,37.540568549680025],[126.81556319323889,37.54057141219162],[126.81534820568098,37.540574670793355],[126.8151993435396,37.540598255635466],[126.81499978059915,37.54062987460029],[126.81472649549974,37.54068236777278],[126.81464569488283,37.54068512384035],[126.81463969144984,37.54068532875362],[126.81434919906168,37.54069049978275],[126.81393371357379,37.54069462487225],[126.813647832731,37.540693612513664],[126.81349796146642,37.54070322572621],[126.81350401215887,37.54065959621279],[126.81351313314674,37.54063270447255],[126.81331779398518,37.54064110309972],[126.81305060364119,37.540658140130255],[126.81265004946057,37.540705080264246],[126.81254975997781,37.54071956150148],[126.81233420883356,37.5407366766996],[126.81183630983264,37.540958027651676],[126.81163648473223,37.54104893156897],[126.81155046194017,37.54108652624921],[126.81111790586046,37.54127109179771],[126.81059470878967,37.541496341413236],[126.81056001331879,37.541515142766556],[126.81042733820966,37.54159636505331],[126.81037935118776,37.541625739005],[126.81034486067887,37.54164685433819],[126.81020370486307,37.54174376068678],[126.80997750228013,37.54191288848611],[126.80981346379072,37.54203707769854],[126.80959045983583,37.542197208202126],[126.80943440780372,37.542313235941755],[126.8091597292807,37.54251737162661],[126.80916255918311,37.542517128596295],[126.80916334519326,37.54251708271966],[126.809164361647,37.54251708866648],[126.8091653729078,37.542517166690324],[126.80916594721866,37.54251724576318],[126.80918906038879,37.542520859268166],[126.80918963235271,37.542520947340584],[126.80919144426638,37.542521355433166],[126.80919314761009,37.54252199814111],[126.80919469275452,37.54252285624589],[126.80919603688677,37.542523907864755],[126.8091971418047,37.54252512212863],[126.8091979783781,37.54252646641868],[126.80919852431799,37.54252790274815],[126.80919876187983,37.5425293913541],[126.80919868467124,37.542530888934685],[126.80919858879612,37.542531465233424],[126.80919420165694,37.54255988595662],[126.80919383311425,37.54256130611999],[126.80919318444026,37.542562661550484],[126.8091922695505,37.5425639162758],[126.80919111364634,37.542565037995004],[126.80918975095119,37.542565998065335],[126.80918820886372,37.54256677140943],[126.80918653059608,37.54256733664789],[126.8091847615411,37.5425676814275],[126.80918294481111,37.54256779518431],[126.80914209714005,37.54256772926072],[126.8091402599509,37.54256760674526],[126.80913847474478,37.542567248382035],[126.8091367821707,37.54256666522496],[126.80913523419665,37.54256586839421],[126.80913386905804,37.542564885153816],[126.80913272052922,37.54256373553093],[126.80913182223468,37.542562455776014],[126.80913119654652,37.54256107486293],[126.8091308612093,37.542559632554614],[126.80913082266513,37.54255816674518],[126.80913239490569,37.54253768841483],[126.80908473359834,37.54257310634113],[126.80900984129575,37.542626335878154],[126.80865272756652,37.5428801458736],[126.8084370631949,37.542990243917686],[126.80820960168305,37.54310636192172],[126.80807927800613,37.54317043373214],[126.80806319648303,37.54317833981745],[126.80788732977446,37.54326479888172],[126.80792198368829,37.54326485778188],[126.80792144126197,37.54326524758821],[126.80783153014382,37.543330154468386],[126.80770469158837,37.54342171922165],[126.80766179784567,37.54343770091613],[126.8075022263458,37.54354273607615],[126.80739375604199,37.54357859886291],[126.80729062353723,37.543591276073734],[126.80723905667483,37.54359229671876],[126.8071933160779,37.543593201902844],[126.80712718705114,37.54359449939755],[126.80680593806225,37.54359565505155],[126.8065415657251,37.543547068867696],[126.80630004514268,37.543479664711015],[126.80610653514672,37.54344640385229],[126.80563857807716,37.54336313242332],[126.80545178670629,37.54333100062633],[126.80526233252345,37.54329746479941],[126.80506101473061,37.5432782641092],[126.80500486185565,37.54327385684414],[126.80493267934476,37.54326819426687],[126.80491747461113,37.54326648415013],[126.80480947672416,37.54325504126615],[126.80446738353702,37.54324939970775],[126.80441151527442,37.54324677398918],[126.80441150757288,37.54324638456371],[126.80441121179557,37.54322875435911],[126.80441033200242,37.54321720658064],[126.8044102790074,37.543216818691036],[126.80417664385259,37.543180666545936],[126.80395979338667,37.5431465183189],[126.80349265293644,37.54309055029187],[126.80309715977756,37.5429843207961],[126.8030253434018,37.5429650318139],[126.80261559040167,37.54287806295883],[126.80204923412013,37.54275785399847],[126.80184991461392,37.542715556434885],[126.80168082936963,37.542610251413706],[126.8016688104578,37.54260657316052],[126.80163664534496,37.54260088834552],[126.80157095728917,37.54250476821524],[126.80141893368634,37.54242933148057],[126.80100514695059,37.54212482294985],[126.80095610154983,37.54208842121223],[126.80067356111331,37.54195757679132],[126.80046933997951,37.541769994678745],[126.80029809649048,37.54167707376357],[126.80011393590176,37.541587506550414],[126.79998397305599,37.54152730523104],[126.79974853238923,37.54143737214621],[126.7996539268585,37.54138839815045],[126.7998622110601,37.541406982352065],[126.80021499659249,37.54144729051897],[126.80050807155507,37.54146777312657],[126.80054607550741,37.54146925291726],[126.80055974621024,37.54144731048296],[126.80061852124612,37.54135308611384],[126.80066155986965,37.54128017901495],[126.80058082452122,37.54123729805849],[126.80030037910932,37.54118670810391],[126.8003003577792,37.5411863258081],[126.80031209193186,37.54107145969733],[126.80033300307454,37.540856382571135],[126.80035066520892,37.54086542313618],[126.80055822285472,37.54099726816071],[126.80071919265123,37.54103020298038],[126.80078210465443,37.54104297800613],[126.80079645324122,37.54094673464644],[126.80079728522617,37.540941158457315],[126.80081001203145,37.54085578830607],[126.80081450255476,37.540812262002945],[126.8008145423941,37.54081187466136],[126.80052486182159,37.540801019442945],[126.80038939079412,37.54079594091613],[126.80038037976787,37.54079311499666],[126.80018562029609,37.54076546504051],[126.79986733988433,37.54071931337559],[126.79970634119636,37.54069369432776],[126.79932937411057,37.54064181033644],[126.79927376216362,37.54063161964543],[126.79930280766901,37.54055881567467],[126.79935510653553,37.54044064987956],[126.79936063042418,37.540427703316844],[126.79937514525896,37.54037810741491],[126.79939719643282,37.54030275257831],[126.79941679760623,37.540247043294045],[126.799422314319,37.54021127107538],[126.79936214405599,37.540193736279896],[126.79921750794848,37.540196867347305],[126.79915206914188,37.540207450119276],[126.79901019160555,37.54024043536298],[126.79894892991626,37.54027467603153],[126.79893192821083,37.54028169209635],[126.7988615424549,37.54029254638467],[126.7988615394617,37.54029214076256],[126.79886151604595,37.540288597444395],[126.7988614220923,37.54027058715289],[126.79885917528792,37.53999268256101],[126.79884333686849,37.539832450509145],[126.79884326131781,37.53983205707496],[126.79880168847724,37.53960596790199],[126.79880161936366,37.53960561236242],[126.79876289157514,37.53947968648941],[126.79873636655938,37.539398662270365],[126.79889526232915,37.53939273936379],[126.79900903422096,37.53935886633031],[126.79913944367746,37.53931911422859],[126.79924277589288,37.539287755044455],[126.79929568668324,37.539202810978814],[126.79937040361798,37.53909622703224],[126.79941191700718,37.539041390452724],[126.79942665184443,37.53901917864265],[126.79945859065685,37.538911673839166],[126.79945848023755,37.53891137754353],[126.79944231256937,37.53888760153864],[126.79929950016688,37.53887441119854],[126.79917326787272,37.538887849224515],[126.79914638075037,37.53889071275257],[126.79916836157079,37.53885961347213],[126.799189202197,37.53883012262754],[126.79928214794677,37.53858533038688],[126.79934105921782,37.538376797259595],[126.79935513671006,37.53833458255064],[126.79936426478397,37.53829292795186],[126.7994110173336,37.538133927163415],[126.7994287279491,37.53805737479128],[126.79947900959279,37.537767449545505],[126.79947891757104,37.537767122713305],[126.79946224157088,37.537725356483726],[126.79937294287214,37.53773055743133],[126.79928774518768,37.5377261851424],[126.79918186624636,37.53765449130117],[126.79912877397877,37.53760559108469],[126.79912367011536,37.537600890931806],[126.79908806133011,37.53756478988686],[126.79865770777342,37.537646555363445],[126.79864003157137,37.537648545100566],[126.7985123391862,37.53766291115575],[126.79842764500482,37.53766811710925],[126.79825418336185,37.537704690453715],[126.7982528783781,37.53767074171468],[126.79825268701475,37.537660604070474],[126.79825264427544,37.5376602126335],[126.79823942237891,37.53765963291227],[126.79823851713361,37.53759148597718],[126.79825029879215,37.53754815090307],[126.79826656888265,37.537481452640435],[126.79827195192708,37.53745852921691],[126.79828427909885,37.537406016296515],[126.79829750112314,37.5373536727363],[126.79830734946766,37.537305261517695],[126.7983495120073,37.5372521498163],[126.79825549747122,37.537227007919626],[126.79824423568171,37.53726922661779],[126.79817179180499,37.53732316150743],[126.79816789326601,37.53732512670045],[126.79801903737284,37.537259550682485],[126.79792658671475,37.537192932591026],[126.79789085669128,37.53713459432378],[126.79783439633982,37.537092539032884],[126.79781011346519,37.53704829461166],[126.7977680193392,37.53705835656527],[126.79769215363628,37.537067517311684],[126.79756308704184,37.53706870824939],[126.79744165314796,37.53706925402813],[126.79724591343788,37.53707013355461],[126.7972132247112,37.53707120269692],[126.79715205262794,37.537068834931695],[126.79700640387063,37.53706014157962],[126.79690256708996,37.537020821491254],[126.79689497148875,37.53701799742462],[126.79683051908691,37.53699057605127],[126.79680137445668,37.53698150624143],[126.7967337711416,37.53694056663246],[126.79672304807248,37.53691858931098],[126.79672298574505,37.536918235613186],[126.79672123486863,37.53690580647689],[126.79673236084426,37.536828479791794],[126.7966973253813,37.53682140109311],[126.7966577369742,37.53681654682188],[126.79661737067772,37.536774247903],[126.79656239424791,37.53677386454044],[126.79654506841837,37.53677496101803],[126.79630760169438,37.536787505270574],[126.79618122442967,37.536777428610975],[126.79611143926115,37.53676491843297],[126.79604199972479,37.53674959808301],[126.79601058950283,37.53672870336911],[126.79599346799593,37.53671769864674],[126.7959601158811,37.53669652193929],[126.79589480295434,37.53666149389729],[126.7957523221399,37.53659142108558],[126.7955535781827,37.53647394432848],[126.79549425830805,37.53644511790645],[126.79542611463279,37.53641121111401],[126.79524453521432,37.53629038770936],[126.79511240836624,37.536186829721494],[126.79479445733516,37.535964116671344],[126.79463091659392,37.53590442820565],[126.79453553226104,37.53587722191111],[126.79453557636833,37.53587686524263],[126.79453673299557,37.53586678792241],[126.79443094539069,37.53583085027247],[126.79442517096656,37.53582888959954],[126.79442374333395,37.53583265048755],[126.7943968610335,37.535903450825295],[126.79438408322275,37.5359271302804],[126.79437455517963,37.53594478474411],[126.7943727120014,37.53594820063785],[126.79436878140424,37.5359554870455],[126.7943648701503,37.536023902676426],[126.79437291362396,37.53624944341272],[126.79429560919397,37.53645935679051],[126.79425338404867,37.53657866402208],[126.7942158811374,37.536650397719086],[126.79418510879742,37.53671847792771],[126.79418119441313,37.536726919946915],[126.79413395308161,37.53686705062365],[126.79398265796995,37.53730291904066],[126.79396340206229,37.537360322223336],[126.79398327866593,37.537589551672404],[126.79399426881207,37.53770725888007],[126.79400774970004,37.53781962699794],[126.79401554833714,37.53787510622236],[126.7940397157237,37.53799357902457],[126.79403979579172,37.537993970686166],[126.79406396905765,37.53807340815192],[126.79414889054523,37.53817745127059],[126.7941828990552,37.53822002848936],[126.7942232660975,37.5382917246337],[126.79421558739115,37.538386098025256],[126.79417404289858,37.53857691820003],[126.7941375031081,37.53861937116483],[126.79410369567101,37.53870096955204],[126.7940721934883,37.53877552419409],[126.79405779279136,37.53880703377902],[126.79404197091179,37.53883656813531],[126.7939908109873,37.53892489312131],[126.79393646073036,37.53901686927566],[126.79391233344032,37.539173085465706],[126.79391241584902,37.53917346902919],[126.79393014518453,37.539252801276476],[126.79393023204436,37.53925319297865],[126.79394829659498,37.539338993460326],[126.79394837891056,37.53933938693798],[126.79393594690585,37.539423544894966],[126.7938850328636,37.53954959429415],[126.79382542856723,37.53956849955433],[126.79379938205221,37.539576760524945],[126.79379513967001,37.53957675318012],[126.79365748770384,37.53961620907312],[126.79347543996539,37.53966206371031],[126.79326288367837,37.53970271138944],[126.79331091467377,37.53973233575226],[126.7934443949938,37.53979817179867],[126.79357080167638,37.53986033657101],[126.79361051452359,37.539885743239914],[126.79365516683811,37.539912861347794],[126.79379497571331,37.53998969157662],[126.79380273400133,37.5399944880516],[126.79409094830028,37.54017434733869],[126.7942306576334,37.540161927302165],[126.79426796798319,37.540158609821766],[126.79428147336891,37.54019664788244],[126.79434295074712,37.54021252198403],[126.79437631533416,37.54023369200425],[126.79437630540016,37.540234025441706],[126.7943725974811,37.54036659260236],[126.7943724276683,37.54037428184367],[126.79440506581425,37.54044660051611],[126.79454473192008,37.540641126333526],[126.79470415010317,37.54083768621606],[126.79472286784065,37.54086076602776],[126.79481294425943,37.54095609640274],[126.79488870774416,37.5410505534681],[126.79490364423204,37.54108379944867],[126.79490371092875,37.54108416939741],[126.79492558585838,37.54120856992663],[126.79492566138971,37.541208963363026],[126.79492279995736,37.54128371264696],[126.79494201538532,37.54134074716785],[126.79494439823888,37.54137162877428],[126.79486458285372,37.54137899926545],[126.79460928452447,37.54140257684427],[126.79434041411155,37.54144799341485],[126.79366787056509,37.541515511915],[126.79342222358426,37.54153872913538],[126.79301738318844,37.54159404865559],[126.79269471591407,37.54166105280016],[126.79250942406416,37.54170175783826],[126.79241626081502,37.54172222432237],[126.7923667291491,37.5417319936934],[126.7922353239819,37.54174788998838],[126.79213044595498,37.541760576847246],[126.79211893888404,37.541767477945264],[126.79205040418735,37.54180857568892],[126.7918100446886,37.54190247296949],[126.79180339350874,37.541935837727934],[126.79176790244738,37.54211385088898],[126.79176218011987,37.54213721180845],[126.79175413204553,37.54217069707616],[126.79172139718358,37.54224328592272],[126.79167406442414,37.542352726001674],[126.79158873264596,37.54245449480986],[126.7915832696149,37.54254148122163],[126.79157614439706,37.542654951713175],[126.79156653760482,37.54269691465145],[126.79153587511712,37.54283085220911],[126.79153596431735,37.5428312349134],[126.79157360695221,37.542992251191684],[126.79157721853824,37.54302999132565],[126.79157729406214,37.54303038386259],[126.79158331854721,37.543064346525846],[126.79158339406266,37.54306473996409],[126.79161381443727,37.54312363769773],[126.79161930359365,37.543129478877134],[126.79164377964699,37.54315551406016],[126.79170158582096,37.54322149746036],[126.79176291536615,37.54329340575611],[126.7917769783613,37.543309995481906],[126.79178372910886,37.54349359429639],[126.79178373967359,37.54349391343487],[126.791817340135,37.54352851738465],[126.79181919628105,37.543745861925814],[126.79177214852481,37.543752813918566],[126.79176453946218,37.543753036879814],[126.79176313088115,37.54375307800499],[126.79172511695404,37.54375470405258],[126.79166642477853,37.54375432133868],[126.79143245743859,37.54377361059365],[126.79123384409493,37.54373073873128],[126.79112700608499,37.54374998279958],[126.79099114959617,37.54377507620115],[126.7908043592658,37.543827051623374],[126.79075988393818,37.54383942671441],[126.79056480976656,37.543922420355756],[126.79020008768016,37.54410337216221],[126.79004479304298,37.54418418304867],[126.78982357029298,37.54426121809526],[126.78964141484957,37.54434084386699],[126.78938540621537,37.54446258537864],[126.7892147048253,37.54455660444278],[126.78894890206512,37.544703943635604],[126.78871111691159,37.54481895041926],[126.78846968109889,37.54497186678542],[126.78839725631347,37.545017737667415],[126.78819244150496,37.54516546249406],[126.78811210738081,37.545249506010066],[126.78807289410355,37.54529954822749],[126.78794546270632,37.54546769486142],[126.78783703211778,37.545606873264646],[126.78773127709393,37.545741542968365],[126.78755670539591,37.54588510462431],[126.78742330492992,37.54598059176458],[126.78726071654593,37.54607602875706],[126.7871622880777,37.5460581089912],[126.78706207612993,37.54604132127595],[126.78704112260344,37.54603084194983],[126.78694625393878,37.54598338490566],[126.78691213337206,37.54598472735452],[126.78680637041634,37.5459952399809],[126.7866235279129,37.54600363739569],[126.78662086771406,37.54600363213979],[126.78625913686359,37.545999874190144],[126.7861358850403,37.54600387556627],[126.78593270678013,37.5460125149083],[126.78586850192234,37.54601999352048],[126.78561993331202,37.54600997042761],[126.78557944615778,37.54600989672252],[126.78548186215983,37.54600436509808],[126.7854249049804,37.546014398463804],[126.78541394398879,37.54601352993579],[126.78516048018525,37.54603864028262],[126.78515997708907,37.546038690416],[126.78504864810681,37.54606255088613],[126.78484735420754,37.54610569049769],[126.78464877108625,37.54611461504569],[126.78451349413228,37.54612056628616],[126.7844749543842,37.546120215573154],[126.78422563722597,37.54606344505153],[126.7839471485255,37.546008305193524],[126.78377081868874,37.54602599986685],[126.78359950297256,37.54602034210201],[126.78355439481473,37.546029267500174],[126.78339480103793,37.546008134227314],[126.78331220284778,37.54601727005223],[126.78315810752478,37.54604683603051],[126.78264577265591,37.546144663941355],[126.78258564050819,37.54615614583217],[126.78256019456636,37.54615074722032],[126.78248070656736,37.54618353993521],[126.78239678553447,37.54622364978292],[126.78219728901658,37.546300143612086],[126.78203826795325,37.5463271562259],[126.78196972683338,37.546303946325935],[126.78191435030638,37.54619515658577],[126.78190643994235,37.546180501342704],[126.78188790094133,37.54617399628254],[126.78187231756004,37.54614213103213],[126.78183622369868,37.54606831339201],[126.78167175408755,37.546140087230725],[126.7816653529206,37.54614157696316],[126.78147730471535,37.546185332205056],[126.78147200743666,37.546186450081066],[126.78143926534169,37.54619512002881],[126.78143643668591,37.54619568147586],[126.78125650709049,37.546233070024336],[126.78120467266997,37.54624310909833],[126.78107588611314,37.54626652063522],[126.78081141090288,37.54631698592911],[126.78068242459182,37.54634631582723],[126.78048585817093,37.5463924025392],[126.78023895548236,37.546419816370374],[126.78004315360305,37.546444507363425],[126.77999980698387,37.546450056703634],[126.77994656801083,37.54645756110121],[126.77979657224431,37.54647755200323],[126.77955178462473,37.54650580652921],[126.77946678579613,37.54651491509619],[126.77939685394382,37.5465224084149],[126.77921500606412,37.54654909583609],[126.77921075475751,37.54655162067931],[126.77919269763153,37.546562568100526],[126.77906118625191,37.54660737125347],[126.77889464596484,37.54666196341986],[126.77874703897257,37.54671264561457],[126.77866924174603,37.546713066305735],[126.77848888087513,37.54671553544667],[126.77846837331839,37.54671691176583],[126.77833309852366,37.54671778318357],[126.77829102987278,37.546716855459],[126.7782645127304,37.546714553593034],[126.77808918508818,37.54669140973913],[126.7779062549089,37.54666825879105],[126.77783379132745,37.54665911226884],[126.77767634372937,37.546688942605535],[126.77756293397421,37.546711532209535],[126.77751567825386,37.54678802649791],[126.77745100205227,37.546891796900496],[126.77742887906416,37.546959896628344],[126.77741282827148,37.547006888054966],[126.77738144347174,37.54709580073811],[126.77734771029884,37.547197658516936],[126.7773283535569,37.54722662270964],[126.77731698800903,37.54724349474888],[126.77730015562511,37.54726636870438],[126.7772882281582,37.54728258022392],[126.77723799463608,37.54734780743148],[126.7771053766302,37.54752662738206],[126.77701981413938,37.54764106050671],[126.77696974310246,37.54771191836329],[126.7769316219297,37.54780503497716],[126.77684716296287,37.54802195896453],[126.77681243039683,37.54810691932503],[126.77675811598186,37.54818339348639],[126.7767435291115,37.54820393402075],[126.77664981533367,37.54825010166711],[126.77653458502519,37.54830687056758],[126.77633466786003,37.548402498113454],[126.77618448123592,37.54848527421877],[126.77605107688264,37.54857427132897],[126.77586540511456,37.548696955323756],[126.77577182949754,37.54875703800644],[126.77575609342193,37.548767142856704],[126.77570585503886,37.548792151543545],[126.77561017858909,37.54883978090762],[126.77554625859742,37.548867533993636],[126.77539918142976,37.54892782169295],[126.77529327764084,37.548971231051],[126.77519959387355,37.54897085249618],[126.77489633010909,37.54896962324229],[126.77483496736141,37.548971757523724],[126.77447968013712,37.54893531498796],[126.77422371244798,37.54891511837961],[126.77406900352686,37.54891312535912],[126.77392688246971,37.548901868051935],[126.77357580822772,37.54887163009817],[126.77339375883186,37.54885157457386],[126.77296370733441,37.54880344027291],[126.77258034379055,37.54875285557974],[126.77254630188956,37.548728012219975],[126.77251382446966,37.548709929528805],[126.77236656594846,37.54858463175694],[126.77226176824803,37.54850925756394],[126.77221902849352,37.548490866375566],[126.77218847882284,37.54847898768547],[126.77212932780722,37.54845324852729],[126.77195698754821,37.54837717645756],[126.77181815532788,37.54833100995645],[126.77169074459484,37.54830683073584],[126.77155173732243,37.54831753381355],[126.7714943249948,37.54835628334787],[126.77135150250822,37.5486291120721],[126.77124226852082,37.54861764527432],[126.77123264367746,37.548641837330564],[126.77119106845795,37.548652450878535],[126.77116693638594,37.54865860769737],[126.77113027525061,37.54866795993634],[126.77105303988102,37.54868766324299],[126.77099274912403,37.54874526161247],[126.77099056956702,37.54876215008793],[126.77099066135385,37.548762489558584],[126.77102534610889,37.5488926084663],[126.77102543536868,37.548892974961525],[126.77102276162503,37.548912250740436],[126.77100662814911,37.549028645751],[126.77092674070066,37.54913322893032],[126.7708800419811,37.54925674504974],[126.77085972207026,37.549307105434735],[126.77084349632487,37.54935042909905],[126.77070229300215,37.549500790173624],[126.77063612103746,37.54957189375647],[126.77053139170944,37.54962312430133],[126.77048418553818,37.54964621701277],[126.77040128203465,37.54975276773837],[126.7703274917438,37.54982863902578],[126.77026772201977,37.54999915109446],[126.77008615033957,37.550109158584846],[126.7699222097546,37.550175006399996],[126.76990019861968,37.55025915099189],[126.76986629751919,37.55035706663524],[126.76985044032502,37.55045304420403],[126.76980704471002,37.55053965599547],[126.76981992170306,37.55058159926455],[126.76984064488548,37.55064899081224],[126.76986636636775,37.55067889048426],[126.7699289302098,37.55074574035449],[126.76993652367597,37.55074998034025],[126.77004137829127,37.55086393607458],[126.77010130767121,37.55092374452244],[126.77026746087951,37.55108627181908],[126.77015952622753,37.5511689876336],[126.77002925817075,37.55115155801279],[126.76997243394722,37.55111624551416],[126.7698945977554,37.55106935964926],[126.76978904346993,37.551066330962435],[126.76971674317268,37.55111715921873],[126.76952306143224,37.551252205836654],[126.76938900900683,37.551316975917885],[126.76934730981208,37.55136307017896],[126.76934740347134,37.551363449321265],[126.76937824477596,37.55148167422014],[126.76937830503759,37.55148199547001],[126.76938276997909,37.551505892378614],[126.76938284766706,37.551506284040805],[126.7693205829714,37.55157204985861],[126.76918477386589,37.551571782576204],[126.76913457706019,37.55156661184034],[126.76905775698819,37.55156058764493],[126.76904618215418,37.551559681347],[126.76891755186422,37.55153239817857],[126.76885803680032,37.551506943563425],[126.76876950702865,37.551489030104875],[126.76855928167957,37.551597293007724],[126.76821760198865,37.55161435813146],[126.76815653549616,37.551636203065314],[126.76813005175705,37.55156435175605],[126.76807916158863,37.55157128126582],[126.76810741523863,37.551648987843976],[126.76810751593095,37.55164934179328],[126.7680717209482,37.551729225563456],[126.76804906477938,37.55179479097132],[126.76766336219923,37.55186610540308],[126.76755049207523,37.55188728077691],[126.76753045660836,37.551902720817],[126.7674933123696,37.55192999295483],[126.76746507843721,37.55195072345837],[126.76752011406079,37.552102331314735],[126.76760406288074,37.55234013333034],[126.76767999795136,37.5525544489444],[126.7676397071914,37.55256449233267],[126.76762426630219,37.55263794585825],[126.76762436028936,37.55263829075294],[126.7676562531773,37.5527293472045],[126.76771373826047,37.55283273406522],[126.76764211097547,37.55286745465502],[126.7675783822591,37.55289351906223],[126.76754049044911,37.55290921247099],[126.76748334728651,37.55297216804259],[126.76745590192733,37.553041372057635],[126.76739684252507,37.55309813431037],[126.76739027564902,37.55310628493604],[126.76737003917907,37.553131580744754],[126.76737020612916,37.55313187381469],[126.76747079509626,37.55331282530735],[126.76758509206823,37.5534042758239],[126.76762372320833,37.55343476080304],[126.76762376947337,37.553435123428436],[126.76762555657737,37.553498226467234],[126.7676252763973,37.553530326832124],[126.76756396455016,37.55357243563705],[126.76740673090266,37.553581980565305],[126.76735013204227,37.55358580436878],[126.76728829383286,37.55362707512283],[126.76728758849565,37.55368362077496],[126.7672875830724,37.55368394342079],[126.76729482101369,37.55368958926071],[126.76751796763904,37.553859812733016],[126.76754884810758,37.55388268921638],[126.76764141195606,37.55395462785482],[126.76763908966795,37.55408896708449],[126.76762567521402,37.5541020091778],[126.7676055695586,37.55412155348607],[126.76755235072457,37.554174669160965],[126.7674819036498,37.55419901894132],[126.7674579936468,37.5542091080068],[126.76740685474878,37.55422251990695],[126.76723247196452,37.55417544061078],[126.76721865466504,37.55417388567203],[126.76721461962462,37.55417343159115],[126.76702429567077,37.554077890789664],[126.76694567625371,37.55405605716975],[126.76688834040124,37.55406804411029],[126.76684291862264,37.55406344825642],[126.76678879101105,37.55406413424964],[126.76672726281248,37.55406491306227],[126.76666660659554,37.554010443360944],[126.76663298909952,37.55395773334522],[126.76653036308993,37.55381055070425],[126.76642814502408,37.553758539315325],[126.76636535349917,37.553763486897346],[126.76634990902124,37.553953789832],[126.76633502385486,37.554019361702814],[126.76632451838421,37.5540421453712],[126.76624045898335,37.55417402611716],[126.76620435722899,37.554242375633564],[126.76627928622122,37.5543115125275],[126.7663739488537,37.554575800153934],[126.76640026229606,37.55464370469749],[126.76640233943564,37.55465609839793],[126.76639660551623,37.55479152322417],[126.76634035628007,37.554865828020525],[126.76633659180817,37.5548707998495],[126.76632543519234,37.55487753563219],[126.76623720911937,37.554926912527975],[126.76616918219753,37.55496619552204],[126.76604868126512,37.55499355385638],[126.76595442918423,37.55499449117101],[126.76588601627971,37.55499369806672],[126.76563207333253,37.55499074698905],[126.76550698996972,37.55498872866789],[126.76539319241812,37.554986892200795],[126.76505906370684,37.55501550518354],[126.76478408435183,37.555074644367714],[126.76459278102601,37.555178154277066],[126.76449486342379,37.555275092639235],[126.76448395994285,37.55536939490028],[126.76455922197316,37.55544387808279],[126.76470846750888,37.55549936208796],[126.76505133302186,37.555617737162144],[126.76505229146046,37.555618249680776],[126.76537861761012,37.55579296810015],[126.76589355367686,37.55607695968617],[126.7659767076602,37.556118229828165],[126.76598395198633,37.55612162243926],[126.76600901449429,37.556133782282394],[126.76604682806483,37.55614427279047],[126.76623180683602,37.55619532249055],[126.76637267116233,37.556217568615004],[126.76662701299256,37.556258340775166],[126.76672461513495,37.55631568448099],[126.76674739988533,37.55638330382456],[126.76674862300293,37.55638696364599],[126.7667517978348,37.556504099732],[126.76666330276373,37.556584452468876],[126.76651997740446,37.55666835649678],[126.76641757407918,37.55673093296342],[126.76640162946154,37.55674075943515],[126.7662753779273,37.55685087742846],[126.76628435928909,37.556917064470625],[126.7664351176092,37.55694270155549],[126.76659489328249,37.55696920927373],[126.7665964891455,37.55696949319408],[126.76661910816605,37.55697432246328],[126.76670485711206,37.556921000085815],[126.76682977326303,37.55684381727373],[126.76690684814848,37.556795821874466],[126.76700392195846,37.556743649398726],[126.76714135742368,37.55667268209425],[126.76718634745282,37.55664996639338],[126.76719717823659,37.55664623177089],[126.76723909841962,37.556631773089315],[126.76729200427589,37.5566214620299],[126.76735037549561,37.556619325754895],[126.76750180267095,37.55665537609248],[126.76750024598215,37.556642994656855],[126.76750008246093,37.556640731281725],[126.76754902291545,37.55665406466402],[126.76773613913561,37.55670258349699],[126.76783866681899,37.556712923166856],[126.76798700398872,37.55672335299228],[126.76801865393146,37.55672510943852],[126.76813148608218,37.556718854194166],[126.76818702911154,37.556716144749295],[126.76827258885923,37.55672335938183],[126.7683351489851,37.556735024645576],[126.76845902907914,37.55676060434239],[126.76873561050868,37.55681661620592],[126.76881720837756,37.55690406472841],[126.76887116781027,37.55695231767327],[126.7688763345654,37.55695805063755],[126.76889309040394,37.55697664266203],[126.76898068375411,37.556952468530376],[126.76903645065985,37.55708053894086],[126.76899193077539,37.557092825259744],[126.76899486177795,37.55709644155222],[126.7690506901376,37.557114850036605],[126.76906023406211,37.55711686322648],[126.76907691305874,37.55712038075726],[126.76909786292896,37.55712479902428],[126.76910653857506,37.557126453510286],[126.7691485923969,37.55713446896279],[126.76924742037058,37.557140571651416],[126.76944049843623,37.55715108818732],[126.76944335163647,37.55715131134762],[126.76953331260907,37.55715831615152],[126.76965698212767,37.557184937041775],[126.76970490665363,37.55719525097304],[126.76986730599123,37.557230482839195],[126.76994722445116,37.55723599209389],[126.7699610055249,37.55723714629668],[126.76998440071421,37.557221982616014],[126.77006365862185,37.55721059661591],[126.77034938311257,37.557224112627296],[126.77042172250322,37.55722058747039],[126.7706626026175,37.557210364647496],[126.7706990263725,37.55720930974701],[126.77097956634461,37.557184512341145],[126.77105302126172,37.557359693151064],[126.77143137748793,37.55726616036106],[126.77136425477833,37.55711451226145],[126.77137626117349,37.55711095486361],[126.77150174533458,37.55707544671033],[126.77157460122474,37.55705850399605],[126.77160862350317,37.55705058922936],[126.77195440846914,37.556972706549146],[126.77199404086302,37.556965468019],[126.77211482228101,37.55696513471471],[126.77224476418472,37.556974117209315],[126.77238107333089,37.55698451785064],[126.77243103144792,37.557012770843855],[126.77247303863996,37.557040169024546],[126.77254464810184,37.557098304983754],[126.77264572633322,37.55717903154239],[126.77267837333127,37.55720217715256],[126.77267953962529,37.55720309468985],[126.77271136426616,37.55722814606368],[126.77277876378913,37.55727867748797],[126.77292352740463,37.5573560999745],[126.77294452676995,37.5573668741078],[126.7730926740135,37.55744286787086],[126.77317578772208,37.55749934190327],[126.77317026543652,37.5575139708906],[126.77318419007995,37.55752751360525],[126.7730570082194,37.55765537870997],[126.77300823520618,37.55770201832775],[126.77293573208688,37.55776185701676],[126.77288962444833,37.55780287061599],[126.77283754783309,37.55783036700759],[126.77277247495793,37.55788823776587],[126.77273438224529,37.557913500199504],[126.7726813826004,37.5579539412735],[126.7724823512873,37.55809828123072],[126.77232186922173,37.55821903245642],[126.77227072232738,37.55825751803997],[126.77217961565006,37.55832378710508],[126.77212909284769,37.55836479301143],[126.77208300920124,37.55840046329911],[126.77204808722756,37.558429108852756],[126.77195733726401,37.5584970744591],[126.77182191084908,37.55859986799249],[126.7717714153626,37.55863186232525],[126.77181627150024,37.55864859383755],[126.77181769744186,37.558649125408955],[126.77191302955296,37.55864424583491],[126.77195212214436,37.55864009739059],[126.77209311277294,37.55862347716372],[126.77213202575861,37.55862242635525],[126.77220326957024,37.55862678998806],[126.7722794090951,37.55865396779752],[126.77237762755874,37.55868654004375],[126.77244613590017,37.55872270393233],[126.77246353720668,37.5587539920811],[126.7725333319294,37.55887410913582],[126.7725442828901,37.55889295600615],[126.77254637150254,37.55890591570605],[126.77257089496479,37.55898001534693],[126.77253208175497,37.559007816846794],[126.77263548815256,37.55919778378086],[126.7726574612121,37.55924005493662],[126.77266535754379,37.55926006463141],[126.77274236311187,37.559408596517265],[126.77289436274346,37.559378202197685],[126.77297152922716,37.55935526063526],[126.77302178229682,37.55933959115064],[126.7731922678367,37.559286428887006],[126.77324423489259,37.5594104142759],[126.7732830329104,37.559502840225456],[126.77331386508108,37.55954206698722],[126.77333112880483,37.55956402890864],[126.7733599184604,37.55957224784959],[126.77339883382473,37.55962976202695],[126.77341960765175,37.55965823697954],[126.77349727424122,37.55976454111466],[126.77350294311259,37.55981691673829],[126.7735815394685,37.55996742638523],[126.77360122676741,37.56000660432607],[126.77359839392292,37.56000800380073],[126.77359098876191,37.56005725425423],[126.7736239007025,37.56005000267989],[126.7737862346468,37.559997382497414],[126.7738333901179,37.55995862295045],[126.77384976282882,37.559947123424614],[126.77388017578811,37.55992576307575],[126.77397624385613,37.55985499670506],[126.77401469872382,37.559826076672984],[126.77412423781537,37.55974293651326],[126.77418699112032,37.55969547745704],[126.77419934291704,37.55970279655055],[126.77428901849507,37.55975593191437],[126.77429093093623,37.55976747720083],[126.77427185306026,37.559818119723914],[126.77426063562812,37.5598451287884],[126.77425008751092,37.559882274816346],[126.77424252594159,37.55992365025688],[126.77424398285648,37.55996954997361],[126.77425025186817,37.5600590932495],[126.77424402544031,37.560070911183566],[126.77421067369428,37.560107165307194],[126.77416524447162,37.56015916546679],[126.7742514653413,37.560240978242035],[126.77436080015855,37.560344242471075],[126.77439358084867,37.56038006665449],[126.77440835653518,37.56040797097455],[126.77444840522543,37.560436194656226],[126.77447205021147,37.56042984311672],[126.77455036054715,37.56040880307348],[126.77468428272478,37.560447351441624],[126.77474563879888,37.56045084880618],[126.7748085814809,37.560456881435634],[126.77480713179067,37.56046813926452],[126.77478232949669,37.560540739366104],[126.77475300660308,37.56058911074814],[126.77472508609961,37.56061685188486],[126.77469304304307,37.56064868500286],[126.77466763283411,37.560690307741375],[126.77466316768019,37.56070381300702],[126.77468679840912,37.560726385294764],[126.77479608752832,37.56078543817683],[126.77488539533634,37.56084445296223],[126.77493314616513,37.56090198123674],[126.77494120198784,37.56098506022289],[126.77494238555913,37.560995887160495],[126.77494722505826,37.561040255531],[126.77487819720632,37.56111868248782],[126.77486240460405,37.561158284046016],[126.77484274078242,37.56120758546434],[126.77477095172826,37.561258966054],[126.77467934263525,37.561319326549814],[126.77472753680577,37.56134842219865],[126.77494401468232,37.56134208148971],[126.77504092685044,37.56134367170697],[126.7751090836257,37.561377589360795],[126.77515174627788,37.561361059365574],[126.77517529017753,37.56135266102801],[126.77524700283948,37.56138208112204],[126.77541526777682,37.561413090676496],[126.77545941464554,37.56143316763106],[126.77547455408305,37.56145712798741],[126.77549033796977,37.56150024393864],[126.77549177450273,37.56151372055527],[126.77549549962662,37.56154867929839],[126.77552321231242,37.56168528858399],[126.77553480272799,37.561828341744295],[126.77563557437692,37.56189751498851],[126.77572956515287,37.56193007473724],[126.77575852525753,37.56194139294247],[126.7757967050375,37.561887126817346],[126.77588637030162,37.56177045052321],[126.77610891211839,37.56186350483309],[126.77615542272784,37.56180643423034],[126.77622199432294,37.561724348263745],[126.77631517721187,37.5616107739775],[126.77633913093845,37.56158294415851],[126.77642307450036,37.56148597078807],[126.77652706150921,37.56136763317189],[126.77653102077515,37.56136332379808],[126.77666864878904,37.561213609292835],[126.77678803069423,37.561089950515765],[126.77686537020249,37.56101238635088],[126.7769156949843,37.560976442742906],[126.77695723334351,37.5609280951589],[126.77700477933763,37.56087553003139],[126.7770893450182,37.560804461750365],[126.77718160865437,37.56070327453159],[126.77722908669949,37.5606169249139],[126.7772376401521,37.56059554163884],[126.77730788734691,37.560403936926996],[126.77734811478568,37.56031588621115],[126.77739332447915,37.5602793639701],[126.7774140459262,37.56026842055262],[126.77746629320973,37.56024178037104],[126.77751567960337,37.56022835791859],[126.77754897766201,37.56020899541991],[126.77760548935899,37.56017784663531],[126.77768260737017,37.56011154549373],[126.77770888707393,37.56007724087755],[126.77778722272897,37.559961955739595],[126.77784212276427,37.55993305753828],[126.77784880472969,37.55994530524347],[126.77791195564792,37.560061021424936],[126.7779360772498,37.56015482437719],[126.77793374856117,37.560221546167966],[126.77793002536292,37.5602865829387],[126.77788629149074,37.56047992303867],[126.7778602376393,37.560620093121976],[126.77783305960294,37.560776309163366],[126.7778121093577,37.560806959026344],[126.77777408921624,37.560864602312044],[126.77772635176522,37.560921105431014],[126.77770222212506,37.56094752927428],[126.77764364888536,37.56119378259537],[126.7776146510851,37.56131113793337],[126.77757392878227,37.56150364724465],[126.7775399621519,37.56168575136112],[126.77752454786528,37.561931242065405],[126.77752197528119,37.56196220442881],[126.77752107758586,37.56198739315193],[126.77752062812795,37.56199993342938],[126.77751417138197,37.562206581669756],[126.77750953139585,37.56228231799126],[126.77748954229159,37.56228255980202],[126.77743630959765,37.56228329578707],[126.77724353926683,37.56228631063355],[126.77701150762235,37.562288969365284],[126.77698214571483,37.562289200560585],[126.77694872080765,37.56222972743793],[126.77691411574912,37.562269635875],[126.7768101617637,37.56231702064627],[126.77672250253822,37.56235768562763],[126.77671542697497,37.56235897626051],[126.77663225806704,37.562374129257584],[126.77661815890502,37.56247883338272],[126.77660854587705,37.56261537593099],[126.77669141535395,37.56263918507833],[126.7766954591371,37.562649328278894],[126.77672218227089,37.562741459167455],[126.77673010905086,37.562768775020835],[126.77672482775233,37.56288686667272],[126.77672271863831,37.562934031607064],[126.77671963370341,37.56307931747202],[126.77673074273366,37.56314944476134],[126.776732977104,37.56316943210859],[126.77674167471719,37.563217040006094],[126.77674147221603,37.563224634344],[126.77674302358338,37.56323984491983],[126.77674412958713,37.563242562921374],[126.77684203110805,37.563482455369545],[126.77684714337205,37.56349147483039],[126.77690510745863,37.56356197832994],[126.77694487531359,37.56363159520631],[126.77696996866533,37.563695835847945],[126.77700991177244,37.56370351470717],[126.77704386985101,37.56370273299419],[126.77710164288398,37.56371945777696],[126.77703491869302,37.563798733802855],[126.77700847393047,37.5638276868858],[126.77683739187329,37.5640286686078],[126.77680266314898,37.56406628323437],[126.7767369634089,37.56413744159864],[126.77668835897876,37.56418775125626],[126.77664577376953,37.56423384526042],[126.7766360097604,37.564244523977735],[126.77660709989468,37.56427544480698],[126.77648041818145,37.56441175482462],[126.77645257470684,37.56444151581848],[126.77639312120088,37.56450506531304],[126.77638567564074,37.564511808555544],[126.77634027120321,37.5645547998847],[126.77630193982488,37.564598649364385],[126.77617046323944,37.56473749124704],[126.77610695222535,37.564806070418754],[126.77608556379501,37.56486121472813],[126.77603442343032,37.56498556249288],[126.77599951484922,37.565125438882696],[126.77594285932767,37.565205849503684],[126.77590121430242,37.5652330812843],[126.77575142150232,37.56535020165543],[126.77557015193493,37.5653504216385],[126.77551744883971,37.56534722295386],[126.77549447443626,37.565346732243235],[126.77534290484783,37.5653435071581],[126.77542963738756,37.565437998591065],[126.77547656480898,37.56547683322077],[126.77553195087778,37.565522661845144],[126.77557376402984,37.565555970495105],[126.77557543059714,37.565592003594695],[126.77557221196759,37.56559627331145],[126.77543798894017,37.565774479646706],[126.77535732597568,37.565802409143245],[126.77533818216138,37.56580903904914],[126.7752879447291,37.565826432940504],[126.77527975096287,37.56582926872458],[126.77522288756927,37.56584895817998],[126.77513206504824,37.56587948048978],[126.77512406353571,37.565957240253894],[126.77510254894904,37.5661663248912],[126.77509357754653,37.56620967282581],[126.77509321109949,37.56621079724799],[126.77508818907455,37.56623640226125],[126.77506434763994,37.56639825511061],[126.77504646631401,37.566520422594316],[126.7750244652823,37.566662006629045],[126.77502383441106,37.566666579748016],[126.77502066961532,37.56668958769007],[126.77501399399527,37.56673321831159],[126.77500007152419,37.56683455133457],[126.77498921905142,37.566911673447215],[126.77494088966446,37.566985632436065],[126.77488063491208,37.567084066989],[126.77483976355109,37.567150716827],[126.77475244348867,37.56730962705288],[126.7747616734649,37.56753207980561],[126.77476272479544,37.567596726593045],[126.77476300972376,37.56761428820283],[126.774765111482,37.56768271263901],[126.77475890101016,37.56768862151155],[126.77477443249711,37.567699345498966],[126.77476219299858,37.56770833235657],[126.77489171772548,37.56780459046609],[126.77491097795578,37.56781918244442],[126.77494201872565,37.56784269790918],[126.77515581906734,37.568024153969525],[126.77523573343312,37.568091033537655],[126.77538216380148,37.56821294781632],[126.77540271256359,37.56819975037322],[126.77546401453928,37.56822351993951],[126.77549876004986,37.56824312996612],[126.77553058193809,37.56826109242243],[126.77553233194367,37.56803388497337],[126.7755340616049,37.567929426955125],[126.77554238233434,37.56786580572601],[126.7755595693206,37.567739988922305],[126.77554236623179,37.567694906604906],[126.77551202956417,37.5676134143698],[126.7755113210777,37.56761150639671],[126.77550537168052,37.56759093561084],[126.77548832189476,37.56755458277943],[126.77540166333824,37.56731847549274],[126.77549165458659,37.56727247191994],[126.77561740082548,37.567210770053634],[126.775816384991,37.56720467380407],[126.77590217689983,37.5672031431994],[126.77624484302952,37.56711426706559],[126.77633351542084,37.56709191127173],[126.77634098537867,37.56696071507034],[126.77634209361888,37.56694213808112],[126.77638210166675,37.566872109616575],[126.77638741606789,37.56692673622217],[126.77639478659714,37.56700502833633],[126.77640789434673,37.56694113713041],[126.77649551043764,37.56679967917043],[126.77659978687272,37.56623254383401],[126.77658210706312,37.56623250940623],[126.77654937252991,37.56623638466015],[126.77657116781295,37.566106630019135],[126.77663868929916,37.56605945672776],[126.77664947706396,37.56605839074709],[126.77672255235329,37.56605116628621],[126.7767305680652,37.566054797312226],[126.77674938635182,37.56606332569051],[126.77687805814202,37.56615057025141],[126.77691529878192,37.56617626475844],[126.77696400778527,37.566208739052925],[126.77694667898048,37.566208706829514],[126.7769923480991,37.5663715302085],[126.77703236004326,37.56641722250951],[126.77713118542853,37.566548900235325],[126.77719673174974,37.56662926646511],[126.77728446677429,37.56668461936766],[126.7773109346245,37.566706346808466],[126.7775850078772,37.56684342145334],[126.77780845712714,37.56699391315816],[126.77818351833993,37.56707120731691],[126.7784615530819,37.56712635811855],[126.77866834306552,37.56717405154572],[126.77876373086956,37.56715085885559],[126.7789400810072,37.56714668672499],[126.77900336510035,37.5671546895464],[126.77904025717677,37.56724064110134],[126.77907995812724,37.56733052701137],[126.77905788746453,37.56743663112165],[126.77902133446074,37.56759367511985],[126.77900920583168,37.56786563381239],[126.77901333751167,37.567907600096056],[126.7790178526052,37.56799178738242],[126.7790603767797,37.56820586062324],[126.77912472080389,37.568270583828394],[126.77917058960897,37.568316718568866],[126.77921072687,37.56831651477459],[126.77942857171199,37.56815811679659],[126.77970610808975,37.567962395892515],[126.77978713889082,37.567894695051066],[126.78000410165014,37.567669575381515],[126.78011955406447,37.56756363856904],[126.78023981805676,37.56744505095439],[126.78027126921582,37.56746867568828],[126.7803183447716,37.56750404095085],[126.780430675833,37.5676149106497],[126.78051705282333,37.567828767566915],[126.78054251738415,37.56789160540104],[126.7804620450938,37.56795452406414],[126.78046858974913,37.56812994987657],[126.78047211079725,37.568226533460795],[126.78047431636696,37.56828706452691],[126.78058356640592,37.56838382017248],[126.78065337061624,37.56844564106735],[126.78093361241038,37.568713639612156],[126.7810910691412,37.568794066838954],[126.78111674291934,37.56880717991393],[126.78123966784153,37.56886540671713],[126.78136064307397,37.56892504203215],[126.78148672875597,37.56887093967312],[126.78162583080565,37.568901606084225],[126.7817277143758,37.569025655220884],[126.78181528257859,37.569132279046684],[126.78189827657852,37.569236037570896],[126.78182984720657,37.569353038563136],[126.78180374321177,37.56938846997623],[126.7814288559335,37.56948547460464],[126.78117921160208,37.56957651313193],[126.781124126196,37.56960146743179],[126.78107777995889,37.56966417066934],[126.78099609218091,37.569897427865534],[126.78091158361501,37.56994654437673],[126.7807554576016,37.570048740522054],[126.78075072419882,37.57005274787239],[126.78061574561195,37.57016701178984],[126.78048472123363,37.57027488573225],[126.780458112416,37.57036127718602],[126.78048449150599,37.57041341269443],[126.78050703386965,37.570442735395766],[126.78052094909499,37.57046388085722],[126.78056261126655,37.57049268192875],[126.78093779660014,37.570354011273714],[126.78108499732413,37.570276576165334],[126.78118754349636,37.57022974519564],[126.78131574998483,37.570175077295836],[126.78148729823492,37.57018159627206],[126.78167114755412,37.57021347237],[126.78182138650922,37.570245008511975],[126.78195276854446,37.57025819931241],[126.78239373745234,37.570301257025115],[126.78258459767304,37.57047448422562],[126.78259255353541,37.57047900320922],[126.78263019405703,37.57054749385043],[126.7826173960099,37.570569426741685],[126.78256175164749,37.57060705652468],[126.78250472782939,37.57063313356538],[126.78228935633739,37.570793785704026],[126.78223183315313,37.570869982953944],[126.78220858514477,37.5708964022121],[126.78208788948854,37.570979240281744],[126.78192036062548,37.57111435574971],[126.7817574972861,37.57116332789689],[126.78169324805617,37.57117784869698],[126.78160119759687,37.57120470723658],[126.78148768433522,37.571251518671794],[126.78148626802367,37.57125207428856],[126.78137491291564,37.571349568332955],[126.78137937823074,37.57139350146228],[126.78142355270329,37.57146876163502],[126.78145052604665,37.5714964003873],[126.78148777133248,37.57152181406044],[126.7815871634221,37.571589873260905],[126.78172113177288,37.57168160637939],[126.78173560952777,37.57168951627538],[126.78174185487879,37.571671228283705],[126.78185847274938,37.57177027548659],[126.7818995759884,37.57180835465698],[126.7819102677585,37.57183269721691],[126.78193435523426,37.57188754500053],[126.78193470967558,37.571888370978854],[126.78198635328484,37.57200927502661],[126.78201874923901,37.57212111170604],[126.78207269429059,37.57230028133633],[126.78214310388898,37.572539733349295],[126.78218146786296,37.57266623136587],[126.78215460144565,37.5727179868218],[126.78212157830923,37.572761569360864],[126.78211353747889,37.57284798574055],[126.78210842778128,37.572903449997895],[126.78210079821073,37.57297297421145],[126.78211385910022,37.57304310376266],[126.7821398424029,37.57316901092628],[126.7821732493157,37.57323411575629],[126.78218999212363,37.573256671676596],[126.78230620390771,37.57343398446551],[126.78234576733531,37.57351486762612],[126.7823559594165,37.573536565283504],[126.78240829146486,37.57360620885748],[126.78244345051726,37.573618103908785],[126.78256996232227,37.5736605669054],[126.78267474371486,37.573698207162806],[126.78272122449891,37.57371322285642],[126.78275231753031,37.57372565914943],[126.78277723166347,37.57373387749146],[126.78288074327114,37.57377995718279],[126.78311124529054,37.573882328619426],[126.78329392003658,37.57396345855867],[126.78362983274178,37.574075008195514],[126.78364221374363,37.57407914835998],[126.78381272360721,37.57413616321247],[126.78388340473404,37.57416022327052],[126.78395267599664,37.57418203761564],[126.78399436553906,37.57419816123349],[126.7841429621485,37.57431584148555],[126.78425153288259,37.57438558912302],[126.78440145011123,37.574469485929775],[126.78453909245461,37.57452041836066],[126.7846656081509,37.574566547581576],[126.7847140101214,37.57458634040462],[126.78495653492035,37.57470278787315],[126.78500562244012,37.57472906894836],[126.78524915400227,37.57486184332605],[126.78567047307634,37.57498565409285],[126.78588288391225,37.57505277833491],[126.78622484740458,37.575157294329934],[126.78628580224857,37.575178525233405],[126.7864547597515,37.575229224743126],[126.78686898555787,37.575360062057584],[126.78708404857005,37.57542718033563],[126.7872865792379,37.57548583291194],[126.78752129630345,37.57555242730576],[126.78755871267944,37.575563401577284],[126.7875681221213,37.57556687353239],[126.78761423579414,37.57558356157474],[126.78776461790281,37.575761500630215],[126.787837911444,37.57585876806368],[126.78790258709475,37.57600811679754],[126.78790603570378,37.576036277342794],[126.78791518754657,37.57611485162267],[126.7880457507223,37.576168857697304],[126.78814267591444,37.576168755419815],[126.78833740501656,37.57605028247911],[126.78834929875839,37.57603595262013],[126.78844319382432,37.575923209762884],[126.78855056368153,37.575797276753256],[126.78859527892769,37.57574553909185],[126.7886333482621,37.57573266307228],[126.78899820947451,37.575622668219125],[126.78917312477297,37.57556920335401],[126.78920209596126,37.57558107716177],[126.78910790229152,37.57573802221281],[126.7890608167851,37.57581254782101],[126.78905160889632,37.57581788236075],[126.78892380671509,37.576035861677006],[126.78887955954534,37.57610983466019],[126.78883760504728,37.5761818366937],[126.7887257828143,37.5763717569842],[126.78871460819369,37.57639073219776],[126.78870909681667,37.576400094525155],[126.78867071035914,37.57646365263721],[126.7885333382022,37.57668977779775],[126.78848783337988,37.576768253332695],[126.78847023353941,37.57679834924538],[126.78868676184442,37.57704059238956],[126.78874379456235,37.57709911734502],[126.78887723837188,37.57723605203547],[126.78889893543746,37.5772569315176],[126.788923451419,37.57728315668024],[126.78909769524849,37.57746654121822],[126.78915553079584,37.577527408876044],[126.78934282671624,37.57772342186173],[126.78936869131175,37.577708828097],[126.78940160179982,37.57770382189918],[126.78950388948738,37.5776902127141],[126.78990962906926,37.57763884615105],[126.78995510195536,37.577631611550544],[126.78997398820282,37.57751681010772],[126.78998552155907,37.57744668336227],[126.78999777569359,37.57736505087766],[126.790016395722,37.577349594980404],[126.79021246779206,37.57751414143555],[126.79022250782137,37.5775225662121],[126.79030265690545,37.57757817568076],[126.79034449631531,37.57760725197515],[126.79044316318414,37.577680633468574],[126.7905681466431,37.577771512963544],[126.79059481723608,37.577783670044205],[126.79058625575415,37.577808711810405],[126.79060838610765,37.57792532096706],[126.79063491872611,37.57805516476298],[126.79072021459535,37.57847850162523],[126.79072161143247,37.57848525922832],[126.79072457257426,37.57850356514436],[126.79073261906883,37.578535681253115],[126.79073816416468,37.57857313627178],[126.79080166251215,37.57888972114497],[126.79081770901507,37.578972242993196],[126.79081854025645,37.57899111116207],[126.79068580683126,37.579014245927404],[126.79070032486219,37.57907283532616],[126.79076152688619,37.57926045756855],[126.79077854485706,37.5793117268986],[126.79078029780763,37.57931652352853],[126.79079456118683,37.57940101760143],[126.79082140307092,37.57954156385357],[126.79081945905104,37.579669383339464],[126.79081648882283,37.579718652383015],[126.79081347504662,37.57978086976601],[126.79080758698674,37.57986504626807],[126.79078744009273,37.58004380267561],[126.79077314524658,37.580165815441816],[126.79075880885394,37.58028814342176],[126.79074793573395,37.58037990805656],[126.79072343653898,37.58053725678134],[126.79072781980021,37.580612432949316],[126.79074909556924,37.580659493378604],[126.79081813814618,37.58076548174722],[126.79094034383392,37.58077415306758],[126.79100913171025,37.580781879699636],[126.79104803059157,37.58078757002668],[126.79118218105943,37.58082864197373],[126.79121901957363,37.58087318910547],[126.79126028677318,37.58092056417046],[126.79129787122636,37.581013551773765],[126.79132701018135,37.581219701921604],[126.79134243678693,37.5813340371238],[126.79134893876798,37.58141373446602],[126.79155098605902,37.58133638321125],[126.79160092170395,37.581317605220455],[126.79163004062164,37.5812168645441],[126.79167286951566,37.581083197387],[126.79167377547903,37.5810753161296],[126.79178352421465,37.5808601226006],[126.7918068270063,37.58081426721057],[126.79182904915207,37.58077488594159],[126.79184165820676,37.58075463645034],[126.79187739212773,37.580692480141536],[126.79190334529792,37.580646350400016],[126.79197825185445,37.58051336586667],[126.79200965751205,37.58045761008225],[126.79209925092776,37.58030065507974],[126.79213373741248,37.58023934387015],[126.79215381537101,37.58020868903613],[126.79217566508689,37.58017606909295],[126.79220200590525,37.580177240144806],[126.7922405955248,37.580105510619504],[126.79227064521291,37.580051783650745],[126.79227439633812,37.58003884492046],[126.79228813078875,37.57999635172921],[126.79230295056318,37.57994879412299],[126.79233459340142,37.57983059686551],[126.7923739723132,37.57972761186422],[126.79238540396695,37.57968765743969],[126.79240631512114,37.57961082125838],[126.7924187905223,37.57951370850932],[126.79242532120249,37.57945740870335],[126.79243620962373,37.57942195409382],[126.79246932968641,37.57927757640205],[126.7924886307577,37.57914442944902],[126.79249293339046,37.57906362515783],[126.79250201014867,37.578914421792106],[126.7925103428441,37.57878041410662],[126.79251825532657,37.578671183451625],[126.7925203320829,37.57862501320088],[126.79252307569412,37.57859095190063],[126.7925370390915,37.57840739901602],[126.79257223916682,37.57827963095233],[126.79262584069525,37.57808883449563],[126.79264352714215,37.57802382249214],[126.79266267868209,37.57788222905658],[126.79270074671716,37.57761285104259],[126.79270275349626,37.57759202054972],[126.79272425955072,37.57743016292006],[126.7927269239084,37.577363997309526],[126.79272664790366,37.5773452857011],[126.79272632440819,37.57732345337916],[126.79272819705373,37.577283757096254],[126.79273409801841,37.577073443811294],[126.79273545850978,37.57702754866665],[126.79273562358917,37.577007941066874],[126.79273705023779,37.57683891375156],[126.79275050027185,37.57683837061206],[126.79279966604993,37.57683789723627],[126.7929764991442,37.57685566189732],[126.79310381494219,37.576869401841996],[126.79312863037887,37.576874635789515],[126.79316976189048,37.5768833113926],[126.79321926324691,37.576893825348805],[126.79321561965102,37.57692873034745],[126.79320747650564,37.57699516241505],[126.79320346736701,37.57703710827234],[126.79319875301599,37.577079617748986],[126.79319177259428,37.57713254483102],[126.79318899328165,37.57715364922187],[126.79317771041653,37.57726540875435],[126.79317497141021,37.57729806221787],[126.7931720324113,37.577401948955774],[126.79316654497316,37.57752695318049],[126.79316340464318,37.57763703990739],[126.79316035019208,37.57772318583232],[126.79315405956419,37.57788450912133],[126.79315385183544,37.577957995685395],[126.79315725790565,37.57806922123536],[126.7931621583181,37.578150318628815],[126.79316918163946,37.57823423008814],[126.79317189490574,37.57827618374051],[126.79318845948119,37.57842516576175],[126.79325448753656,37.578533680075516],[126.7932344821802,37.578542373568794],[126.79310236272954,37.57859703809271],[126.79306686732002,37.578639215395],[126.79307676594901,37.578772126323244],[126.79307415263247,37.57881998247595],[126.79307247559163,37.578849545294666],[126.79306756830417,37.579025510936795],[126.79304867322105,37.57913978823299],[126.79304337881742,37.579198343416664],[126.79302393584386,37.57931881321293],[126.79296049445476,37.57955014527757],[126.79294799124236,37.579596860577766],[126.79293725894426,37.579637385287306],[126.7929138329704,37.579726316860416],[126.79289115469119,37.57980539949351],[126.79287237466521,37.57987800323098],[126.79285774015202,37.58005113985083],[126.79285028771173,37.58012517606482],[126.79284645554581,37.58016824601213],[126.79286031010602,37.58020881525051],[126.79286452454001,37.58022064259971],[126.79294040360824,37.58022219136345],[126.79310508132075,37.580225575225825],[126.79322603327788,37.58023789789907],[126.79331021445641,37.580247054743694],[126.79329162022177,37.580316568071396],[126.79332807510542,37.58043967275679],[126.79334090928066,37.58048398538973],[126.79335190327778,37.58052192717358],[126.79336434091877,37.580563621750784],[126.79337590533238,37.58061718440604],[126.79338075760302,37.58063966484666],[126.79339652904697,37.58070537295696],[126.79341713196364,37.580791213396864],[126.79343483108552,37.580849250046825],[126.79343592463755,37.580852657335534],[126.79352655342109,37.58113575167453],[126.79352847473372,37.58114504694002],[126.79354338198715,37.58119124853688],[126.79356816244977,37.58124732297268],[126.79366562578313,37.5815045527815],[126.79368653687956,37.58156717838444],[126.79369544496515,37.58159385806869],[126.79371562321364,37.58165385999686],[126.79372262713973,37.581679497156266],[126.79373297373397,37.58171743232082],[126.79374014363842,37.581743723941],[126.79382234045286,37.581827776821655],[126.79382316145694,37.58191111839879],[126.79382504993045,37.58199727492532],[126.7938607580635,37.58213558410148],[126.79389085202837,37.58225304421764],[126.79389418688181,37.58238932279129],[126.79389501974013,37.58240762490155],[126.79389561968333,37.58251377977357],[126.79389734230323,37.58259064522502],[126.79389209872689,37.58263174814354],[126.79389173790453,37.58264776633685],[126.79389027887878,37.58271254566316],[126.79389577054759,37.5827773178963],[126.79391224069909,37.58296148190931],[126.7938877536071,37.58298565708465],[126.7938840299255,37.58298958806987],[126.79382602738902,37.58300825566442],[126.79373176820896,37.58303859492077],[126.7937355867218,37.58312700640638],[126.79373740543538,37.583173183730565],[126.79374199800502,37.583300744877484],[126.7937461880049,37.58345137781938],[126.7937495309211,37.583458142519945],[126.79373104653185,37.58355074786668],[126.79370469215743,37.58367627248734],[126.79367385454448,37.583826286614354],[126.7936440721101,37.58391352087125],[126.7936173202755,37.58399118303953],[126.79361287025417,37.5839993387375],[126.79358291105416,37.58408572736606],[126.79355667752752,37.58416761537931],[126.79350494244842,37.58432462853438],[126.79345177821085,37.584486990648266],[126.79344107944783,37.584519603641894],[126.79347706847894,37.58451463458221],[126.79373279135743,37.584481299505576],[126.79378304748634,37.584469286151126],[126.79390500222844,37.58438445733285],[126.79395374793609,37.584349360666394],[126.79401612561998,37.58430610550031],[126.79409305589499,37.58425302804392],[126.79414331517881,37.58418272334549],[126.7942177266121,37.584078393390136],[126.7942242891489,37.58407164737166],[126.79427049708488,37.58399232395814],[126.79433699669408,37.58387110605336],[126.79440829931553,37.58374029866073],[126.79445141260463,37.5836637354907],[126.79444388868009,37.58365498811598],[126.79444290370877,37.58365362752004],[126.79444225760984,37.58365224281096],[126.79444190546502,37.583650793160096],[126.79444185712674,37.58364931467979],[126.7944421121697,37.5836478524343],[126.79444266459093,37.583646442441236],[126.79444350044287,37.5836451224733],[126.79444459558512,37.58364393024234],[126.79444592141529,37.583642896222784],[126.7944474425613,37.58364204814461],[126.7944478703055,37.583641847900765],[126.79447683933613,37.58362832795796],[126.79447831716723,37.58362774912],[126.7944798850828,37.58362734567973],[126.79448151238556,37.58362713007231],[126.7944831594371,37.583627102060824],[126.79448492678559,37.58362728838506],[126.79448663431678,37.583627692475076],[126.79448824248576,37.583628304179825],[126.79448970839265,37.583629108821526],[126.79449099824876,37.58363008636885],[126.79449208054747,37.58363121500138],[126.79449758883766,37.583638002538095],[126.79450372123885,37.58363770389426],[126.79450848966896,37.58362531919268],[126.79454090179848,37.583547945721044],[126.79454223898703,37.58351078260722],[126.79454451264209,37.58345419588624],[126.79454598462783,37.58337226330498],[126.79454823059343,37.58332581104191],[126.79455024751464,37.58330074972424],[126.79454192885,37.58322835966022],[126.79454005431353,37.58321204869177],[126.79452458195028,37.58308016463049],[126.79452208076023,37.58305884930232],[126.7945146256614,37.58300392958845],[126.79450798029501,37.58297914097793],[126.79448359432799,37.58290561382933],[126.79443849976636,37.58277094602813],[126.79440936954329,37.58268530178052],[126.79442655650816,37.58267688959343],[126.79442909456218,37.582655774736835],[126.79447235029505,37.582620091603154],[126.79450071363206,37.58259846321366],[126.79458960296203,37.582591590888036],[126.79462806644223,37.58260262416376],[126.79469788755664,37.58262218035966],[126.79470793647144,37.58263627150723],[126.79470934181947,37.58263965180374],[126.79474861431052,37.58276698569867],[126.79479067002052,37.58290628972905],[126.79480908238487,37.58296728139527],[126.79486954599594,37.583173487090924],[126.79488126274228,37.58322306117709],[126.79490676965193,37.583337981595164],[126.79492828519639,37.583426144530826],[126.7949384853628,37.583577923784134],[126.79494629683495,37.58375841344838],[126.79493973308742,37.583827381442376],[126.79492827513866,37.583942246884114],[126.79491667066578,37.58404442423937],[126.794911382649,37.58410157341718],[126.7949006395805,37.584212204137124],[126.79488916501984,37.58433325984443],[126.79488720506691,37.584337761126115],[126.79488277203868,37.58440560525338],[126.79488191295299,37.584458257979065],[126.79487987697738,37.58451536528741],[126.79487616928952,37.58461929873514],[126.79487099612936,37.584762600995845],[126.79487269851052,37.58478540685571],[126.79488560784158,37.58497717741756],[126.79488771298506,37.584985622893015],[126.79488747729133,37.58500532649303],[126.79488655197284,37.58502081312876],[126.79492313461898,37.58516306238481],[126.79493308943428,37.58520302038827],[126.7949623887721,37.585197765753364],[126.79505348621427,37.58518526392008],[126.79508615991145,37.58519066517204],[126.79524424435058,37.585215438684266],[126.79524734882439,37.58524331210801],[126.79523716556221,37.58528186544126],[126.7952235706458,37.585334495297346],[126.79521761568388,37.58534971575324],[126.79523123697147,37.585340419585606],[126.79544882664187,37.58520987836793],[126.79554008607457,37.585154581691356],[126.79554521293846,37.585027597818346],[126.79554543204583,37.58501408269067],[126.7955465043664,37.58501098579048],[126.79555072815462,37.584891611912745],[126.79555296964186,37.584846296198045],[126.79555523979795,37.584795053467964],[126.79557089630241,37.58469681023809],[126.79558510821023,37.584609555585104],[126.79559376532113,37.584549033856845],[126.79559727507304,37.58449977424965],[126.79560724553993,37.5843401368159],[126.79560834240955,37.58433311113695],[126.7956155935332,37.58421709746329],[126.79561573240403,37.58421486027428],[126.79562389149957,37.58408085323374],[126.79562834665579,37.58400878374004],[126.7956303161984,37.58399640752838],[126.7956430529639,37.58386915537178],[126.79565968357818,37.58361015108587],[126.79567964178995,37.58336410983099],[126.79572152172148,37.583120637477194],[126.79572177711373,37.58312081836695],[126.79581104351851,37.58318554863155],[126.79584792106685,37.5832168674394],[126.79608055471847,37.58346757363711],[126.79616485131017,37.58356401905974],[126.79626953205135,37.583706952494566],[126.79629952860569,37.58373825086649],[126.79632581996208,37.58375745103877],[126.7965402801124,37.58387043826726],[126.79664111602992,37.583934249889765],[126.79670862660906,37.58395435987409],[126.79687131103854,37.58403966892014],[126.79693113780213,37.584091857530936],[126.79696275788541,37.58411303077964],[126.79699667535425,37.58414294714438],[126.7970225726197,37.58416578891678],[126.79703473517415,37.58418101011029],[126.79702527417786,37.58418358115974],[126.79702235252607,37.58418437586341],[126.79702515102232,37.58418824664401],[126.79703681115012,37.58420438420797],[126.7970525070097,37.584219890533724],[126.79706526737193,37.58423513511359],[126.79709711617535,37.58427318901201],[126.79706655181825,37.58429763871338],[126.79702127413806,37.584333856956654],[126.7969313428412,37.58440579776688],[126.79689411615213,37.58443557249177],[126.79677231844299,37.58453475912608],[126.79668392326731,37.584578808034195],[126.79655678285751,37.58468951503216],[126.79641670280648,37.58480386817906],[126.79636635844396,37.58484404617879],[126.79629403141223,37.58490333121888],[126.79634440314706,37.584951938625366],[126.79636389389837,37.58497074672445],[126.7964287360147,37.58503078186774],[126.79650818430417,37.58498853207913],[126.79657747312184,37.584951683788695],[126.79662846553873,37.58493122088071],[126.79668500693684,37.58490855389826],[126.79684464084967,37.58506178931784],[126.79693179909043,37.58514545135199],[126.79699559626994,37.58520670577754],[126.79703608074455,37.585245577256615],[126.79709427129211,37.58531325270521],[126.79710227460137,37.585323706290446],[126.79715590624288,37.585393575451825],[126.79718645532247,37.58538356504647],[126.79719612936515,37.58539364640687],[126.79719700874722,37.5853934758824],[126.79722732574827,37.585385621883155],[126.79724912905071,37.58541714252885],[126.79727309770988,37.585454349972636],[126.79729123370686,37.58547971788874],[126.79732765055317,37.58554721852408],[126.79735600547227,37.58559977747932],[126.79739139211098,37.58566374503346],[126.79743042844598,37.58575165846287],[126.79747841517842,37.585861834069874],[126.79750356291245,37.585919314121675],[126.79752569680646,37.585976789750994],[126.79755607737137,37.586187455943765],[126.79757559800034,37.58629475267728],[126.79759829094598,37.586405450096464],[126.79760693883308,37.586414465344625],[126.79763264907717,37.5864564691689],[126.7976370519296,37.586465477180994],[126.79767033818617,37.58651509820122],[126.7977189630309,37.58659119888717],[126.79777198466323,37.5866740731116],[126.79780406772136,37.586716635784036],[126.7978816140738,37.58682404059845],[126.7979298638565,37.586904663670374],[126.79797535811517,37.58696188156828],[126.79802875715045,37.587034899107465],[126.7980860486502,37.58710905922889],[126.79815563948227,37.587215324130376],[126.79825889098055,37.58736726331394],[126.79828359479004,37.58740108409036],[126.79830935090631,37.58743634694537],[126.79838738208676,37.587543177447955],[126.79850002030138,37.587691186505964],[126.79852082044398,37.587719657136496],[126.79856467125296,37.58779435185153],[126.79860326375596,37.5878459366002],[126.79863815776208,37.58789611851264],[126.79869861610969,37.58798067963571],[126.79870866368833,37.58799168876123],[126.79876788417684,37.588072871497545],[126.79881114326987,37.588103353887654],[126.79885528736484,37.58813271124408],[126.7989625302951,37.58816949361959],[126.79902180705407,37.588169600511065],[126.79905466252687,37.58814830057761],[126.79906472159091,37.58815386567309],[126.79907068590383,37.58814978829733],[126.7990858116421,37.588159791912524],[126.79912688427397,37.58818695690628],[126.79913991490628,37.5881951165595],[126.79924119312453,37.588146886230845],[126.79932072447812,37.58811155011917],[126.79937395478251,37.58808812401711],[126.79937935265613,37.58808574768919],[126.79938944297264,37.58808097191729],[126.7994489311997,37.58806334336369],[126.79950893495632,37.58805246163384],[126.79952592787782,37.58805032356389],[126.79957512400118,37.588044133108006],[126.79959677398888,37.58804191901017],[126.7996113663422,37.58802907233359],[126.7996190822209,37.58802228058538],[126.79962028004293,37.58802137013322],[126.7996216316454,37.58802060841264],[126.79962310856138,37.58802001147873],[126.7996246789431,37.58801959356393],[126.79966390181815,37.5880116079184],[126.79966558942452,37.58801137186708],[126.79966730342029,37.58801134147689],[126.79966887186224,37.588011493194195],[126.7996704001577,37.58801181953241],[126.79967185554582,37.58801231128383],[126.79967320978778,37.58801296016885],[126.79967443807632,37.58801375432289],[126.79967856620641,37.588016819923595],[126.7996983642905,37.588031530017396],[126.7998071105445,37.58802031089516],[126.79997753424043,37.587998356634124],[126.80003894536878,37.587990298754114],[126.80008744248204,37.58798024622161],[126.80015115921357,37.58796909234637],[126.80022834658449,37.58795092478755],[126.80027224444751,37.58794142176616],[126.8002747600258,37.587940580410226],[126.80030995870123,37.587928818431614],[126.8003276718563,37.5879229385637],[126.80037710435874,37.587893172932105],[126.80039942829809,37.58788138959337],[126.8004419643631,37.58784880243604],[126.80048544429842,37.587801285721525],[126.80049787240796,37.58779407838487],[126.80051893427714,37.58780810090174],[126.80053905560014,37.58782447122908],[126.80056961315228,37.587841695670576],[126.80059277046067,37.587848213450194],[126.80061752021282,37.58785219709132],[126.80066133851048,37.587849733787664],[126.8007016899833,37.58784191852626],[126.80073788643551,37.587834997096515],[126.80073874827555,37.587839730610376],[126.8007984656115,37.58793921961075],[126.80082418303525,37.58797924975687],[126.80094007417676,37.5881661215391],[126.80093653442455,37.58816892716347],[126.80093315067774,37.58817624579893],[126.8009405427619,37.588189772662766],[126.80090474161186,37.58821532620529],[126.80082202213985,37.58827612256077],[126.80082142679198,37.58827656068867],[126.80082215278527,37.58827717068688],[126.80086432035434,37.58831268162464],[126.8009173145052,37.588402870411414],[126.80095660714106,37.588468815917935],[126.80099889085143,37.58852971361754],[126.80095500074678,37.588540055195494],[126.80093251336399,37.58854508125649],[126.80089995224648,37.58855262907232],[126.80088148170044,37.588575411795404],[126.80087325305993,37.58861365720698],[126.80087396988063,37.58861403730991],[126.8008753915105,37.58861511291212],[126.80087655774261,37.588616368170015],[126.80087743610227,37.5886177632325],[126.8008779975128,37.58861925826855],[126.80087822653914,37.58862080811998],[126.80087811680728,37.58862236768224],[126.80087044913384,37.58866469766433],[126.80084758808995,37.588790913297885],[126.80084718990206,37.58879231161496],[126.8008465170977,37.5887936434092],[126.80084558700321,37.58879487272974],[126.8008444236816,37.58879596997506],[126.80084305685875,37.588796905577205],[126.80084152072376,37.58879765720523],[126.80083985284651,37.588798204350965],[126.80083809864934,37.5887985346648],[126.8008371523577,37.58879858944887],[126.80083391841782,37.58883154205493],[126.80082570007765,37.58886081021849],[126.80079300674169,37.588977035774846],[126.8007869484725,37.58899842373422],[126.80078108030021,37.58900348692573],[126.80077337044818,37.58904147671716],[126.8007825163792,37.589042609797296],[126.80078377378223,37.589042353154845],[126.80086233693282,37.589023606569185],[126.80094004694492,37.58900488101682],[126.80109840376345,37.58896719928054],[126.80111751469407,37.58902347376943],[126.8011256516999,37.58902518221045],[126.8011424517912,37.589093351459496],[126.8011471142543,37.58913643587257],[126.80115959972183,37.58916320826276],[126.80116538755739,37.589183210722645],[126.80118482260596,37.58925728579395],[126.80119623582182,37.58929080373701],[126.80120997689221,37.58931364021162],[126.80122703524879,37.5893488698601],[126.80120735703066,37.58936573091629],[126.80116409787114,37.58939830774837],[126.8011073902961,37.58943791827368],[126.8010928314612,37.58945626257678],[126.80108998664392,37.589459845665914],[126.80102821589088,37.589538577487104],[126.80100459143867,37.58957007986965],[126.80097009151592,37.58964209236222],[126.80096385473622,37.589654469520255],[126.80096146504309,37.58968374787328],[126.80095910253488,37.589712178230336],[126.8009158929315,37.589725619005584],[126.80088012560857,37.58973851527558],[126.8008634589759,37.58975538059089],[126.80082071378206,37.58979472666413],[126.80079778039672,37.58983467230201],[126.80075361122556,37.5898810520493],[126.80070549483392,37.58994713772734],[126.80068683716567,37.58997159578846],[126.80066324518059,37.58999971918464],[126.8006472411784,37.590031218872994],[126.80062750017292,37.590067223824114],[126.80060257174517,37.59012461917319],[126.80059423478683,37.59013446192856],[126.80052000015591,37.590308901832366],[126.8003800110558,37.59032471348332],[126.80032264418196,37.590326583500236],[126.80022621704364,37.59033007776377],[126.8001704822997,37.590331955580616],[126.80014107663136,37.5903330259661],[126.8000870755433,37.590351526537376],[126.80004184687465,37.59039170394843],[126.80002444790863,37.590415613242264],[126.80000046313779,37.590450197649325],[126.79998413672412,37.59047072968469],[126.79995661158095,37.59050925445396],[126.79994117360273,37.59052780611053],[126.7998966263593,37.59058010415777],[126.79975302993026,37.59075357778623],[126.79966821333579,37.59084944082255],[126.79953932964405,37.59101252345405],[126.7994661651547,37.59111207435108],[126.79944965203713,37.59113485042713],[126.79938258347792,37.59114064630192],[126.79938255222872,37.59115219582715],[126.79933387547,37.59116112392556],[126.799267494202,37.59117648788374],[126.79924081884363,37.59117916060329],[126.7991459244902,37.59118866777509],[126.79909371325297,37.59119365127374],[126.79901838241916,37.59121903616879],[126.79901473376829,37.591220265552344],[126.79892280134212,37.59126346312016],[126.7989052654348,37.5912707580181],[126.79887338410427,37.59128647089442],[126.79880127391094,37.59132266556718],[126.79880352117964,37.591408262502874],[126.79883296938463,37.59150882726689],[126.79885313392391,37.59157643543314],[126.79888751292077,37.59168799151152],[126.79892223859068,37.59179701598423],[126.79893521773278,37.59184151898927],[126.79897746974918,37.591980685532704],[126.79898088513487,37.59202461436085],[126.79898616666497,37.59210205419603],[126.7989785505373,37.59217157851335],[126.79897775181576,37.59220311148575],[126.79899009378639,37.59221918889702],[126.79905214919569,37.592300663193285],[126.79899770884886,37.59241375125744],[126.79899681858103,37.59241628142546],[126.7989927163427,37.59242613118675],[126.79899660830955,37.59242698443225],[126.79901411690932,37.59243011600549],[126.79902794998512,37.592430693896624],[126.79907531373598,37.59243528266554],[126.79913842224293,37.59244495740663],[126.79934836442268,37.59247714131723],[126.7993633680256,37.59247827953752],[126.79943987582239,37.592476453304975],[126.79947665022473,37.59246975653475],[126.79954921917296,37.592456366158046],[126.79961153143755,37.59244295813634],[126.7996163193376,37.592439587613626],[126.79963617427107,37.592424422394885],[126.79965195500102,37.5924134647657],[126.79986075835406,37.5922662870295],[126.79991039351022,37.59223033245977],[126.79997447126182,37.5921535780642],[126.79999255973198,37.592130837400845],[126.80001316757935,37.5921049290618],[126.80004981052845,37.59202843193346],[126.80008563394567,37.59203157010996],[126.80015320003307,37.592039010193304],[126.80022408960876,37.59204644200145],[126.80028694360293,37.59204178519186],[126.80033829079957,37.59215757947188],[126.80034035683592,37.59217222399504],[126.80034756891098,37.59219363470144],[126.80039996756054,37.59237984027921],[126.8004067311249,37.59241334964892],[126.80042424772147,37.59241309204034],[126.80042732652028,37.59242312953094],[126.80045006889563,37.59241313602494],[126.80050124000645,37.59241322659231],[126.80043588010336,37.592440150568386],[126.80041463488126,37.59244545698952],[126.80038579181097,37.59245131775797],[126.80034397582205,37.59247264514215],[126.80034178948242,37.59247387422148],[126.80027752383052,37.5925099765823],[126.80020027041743,37.59255574082793],[126.80009306101233,37.59262482519133],[126.79998542966499,37.592711362208846],[126.79990298460903,37.59277598384322],[126.79978899429773,37.592864750716956],[126.7996751531848,37.59295690738327],[126.79959590893063,37.59301872390792],[126.79953419680979,37.59307379428372],[126.79946346906102,37.59312126243418],[126.79934771986261,37.59319877517962],[126.7991926581011,37.5932976179261],[126.79913290642827,37.59334397029878],[126.79897496552583,37.593454915908225],[126.79890049062547,37.593506175908075],[126.79883459378607,37.593551529898384],[126.79868269804311,37.59365094599404],[126.79865947539196,37.593667511539],[126.79859622274643,37.59372631189748],[126.79856847991447,37.59375210096129],[126.79845922275369,37.59385242723224],[126.79834907605515,37.593955290776506],[126.7983132511391,37.5939881712041],[126.79822117191752,37.59408374208036],[126.79819117935881,37.59411662830619],[126.79816793787683,37.59413939302087],[126.79807919556603,37.5942406106583],[126.797998051844,37.59434999354726],[126.7979222257144,37.594452070243555],[126.79781499049118,37.594590410901894],[126.79771660771027,37.594722569601245],[126.79765728313508,37.59480581717967],[126.79760789850498,37.594882306186854],[126.79755421629346,37.594972870073235],[126.79751509937223,37.59504207066612],[126.79749122767606,37.59510482731357],[126.79747532585907,37.59516110122626],[126.79745296458061,37.59525115295736],[126.7974450113474,37.59531477498902],[126.79744226657475,37.59534574653333],[126.79744180553263,37.59545189035646],[126.79744432152589,37.59556705803395],[126.79742575467542,37.59569062322738],[126.79741300209659,37.595761562558316],[126.79736847855924,37.59599741649634],[126.79736453422467,37.596019943501574],[126.7973598885391,37.59603429573415],[126.79733946644386,37.59612744964959],[126.79732328675647,37.59621865579706],[126.79731448136803,37.59626566294418],[126.79730390920092,37.59631913475755],[126.79729798399683,37.59634896609679],[126.79729227331758,37.59637092195137],[126.79727953204194,37.59643424865568],[126.79726876299938,37.59648744979298],[126.7972617546791,37.59652910018762],[126.7972493292566,37.59660424526124],[126.7972434681726,37.59664255042244],[126.79723528728458,37.59669601483255],[126.79723099722938,37.596712052868384],[126.79721923310048,37.596810583388425],[126.79720394783881,37.59689783346947],[126.7971893734555,37.596985375305984],[126.79718323180693,37.59703266689653],[126.79718035763983,37.59704786971214],[126.79717505808341,37.597110650338436],[126.79716871189638,37.597170050135404],[126.79716418126145,37.5972080468433],[126.79714755794157,37.59733612839812],[126.79714176795535,37.5973789054918],[126.79713981600248,37.59738482104133],[126.79713172866292,37.597426757929],[126.79711646469204,37.59750979257532],[126.79710227005481,37.59759029813383],[126.79709163181505,37.597662917465534],[126.79708222928637,37.59773892505967],[126.79711459070859,37.59774319813574],[126.79715169546895,37.59774551471304],[126.79722406650895,37.59774592675303],[126.79731202484632,37.5977221387955],[126.79735381385541,37.59771179601832],[126.79741136042063,37.59769528185914],[126.79746803734069,37.59767427024527],[126.7974768863975,37.59767202451756],[126.7974838481103,37.59766954762927],[126.79750787820971,37.59772642424707],[126.79753004356111,37.5977740429727],[126.79753619481906,37.59778559683401],[126.7975401566867,37.59782784161383],[126.79754374133441,37.59787514694228],[126.797554908012,37.5979323174339],[126.79755558185218,37.59794330149772],[126.79755693472309,37.59803255515471],[126.79755654429118,37.59804347880389],[126.79755597863922,37.59805930376673],[126.79755679184545,37.59815137628725],[126.79755468100734,37.59821106359197],[126.7975488310859,37.598279751897394],[126.797541472104,37.59838279458357],[126.79753983849643,37.59839714221167],[126.79754098282496,37.59862436453607],[126.79754866323664,37.59873136976322],[126.79754945991175,37.598762905874985],[126.7975512202864,37.598765439186735],[126.79755322208861,37.59880796072009],[126.79756459890561,37.59885472294618],[126.79757790638133,37.5989079583255],[126.79759719878382,37.59896683562056],[126.7976215837403,37.59913049806338],[126.79762292107732,37.599139471591876],[126.79763948168122,37.59926168197953],[126.7976423472259,37.59928282449935],[126.7976528812882,37.59931043195628],[126.7977370609975,37.5995228734644],[126.79779831483783,37.599704581820234],[126.79786520387442,37.59989615631759],[126.79792345198018,37.60001310570613],[126.7979521660061,37.60005988719865],[126.79805296645903,37.60020815591673],[126.7981219190062,37.60029499491677],[126.7981739306702,37.600336421277675],[126.79825839358021,37.60027102069939],[126.79836160365402,37.600186451082386],[126.79853490283355,37.60008662829161],[126.79863917994786,37.6002297182834],[126.7987039042728,37.60030557700612],[126.79877039522317,37.600387066907814],[126.79875800179923,37.60039238775235],[126.79876699907113,37.60040310669603],[126.79866601328072,37.6004485395452],[126.7986724632533,37.600458362755155],[126.79869216406395,37.60045226332676],[126.7987293146306,37.60050017546154],[126.79879992970118,37.600559418792116],[126.798829992361,37.600563976084615],[126.79903577267696,37.60076058063152],[126.7990840255344,37.60084399543626],[126.79912483943076,37.60086856212237],[126.7991320341225,37.600888009665596],[126.79917255020956,37.60102209834324],[126.79917252806648,37.601031100733884],[126.7991862190296,37.60107223778968],[126.79922115526122,37.601104956354085],[126.799231768482,37.60110863372273],[126.79921846713378,37.601119313060934],[126.79945531857388,37.60120925004535],[126.7996895170913,37.601303694607324],[126.79969757336747,37.601307990398965],[126.79972078409783,37.60132036283187],[126.79982344980439,37.60137037047565],[126.79983988185242,37.601378841354176],[126.79992888356969,37.60144403643553],[126.79995604189564,37.60148040050713],[126.79996625818247,37.60149646518953],[126.80000673505565,37.60157931612272],[126.80001581076304,37.60162353170238],[126.79997045998242,37.60171045413018],[126.79990195597776,37.60178355153751],[126.799785896166,37.601912022309925],[126.79979655218376,37.601963000973335],[126.79984619479019,37.60212301092652],[126.79988657357256,37.60224245996471],[126.79989253948956,37.60225972434945],[126.79989640652308,37.60227090940589],[126.79991730029556,37.602392019367755],[126.79991966386599,37.602502106054885],[126.79994096422328,37.60254465998495],[126.80037936189372,37.602961274681505],[126.80104952584513,37.60359253235581],[126.80148212169955,37.60400236659655],[126.80169781846388,37.60420179404636],[126.80209141704883,37.60457130397165],[126.80218516998471,37.60465957073045],[126.80231011206395,37.60477720518013],[126.80258140147404,37.60503274858665],[126.80287767094852,37.60481223025014],[126.80303291899034,37.604695734118515],[126.80321067297578,37.60456234988121],[126.80336772488228,37.60444449752891],[126.80388437920391,37.60405851080022],[126.80442158566548,37.60365537154288],[126.80484319593897,37.60334213838722],[126.80525379786828,37.60303620819492],[126.80562397837097,37.60276089678787],[126.80586385998052,37.602580252924625],[126.80613534710608,37.602421624697705],[126.80618240665316,37.60239431694642],[126.80644937058895,37.60223940733872],[126.80661801980906,37.602143654541514],[126.8072370427548,37.601792187677724],[126.8082396837628,37.601208196209406],[126.80844266440029,37.60106015550123],[126.80902144014536,37.600643262400595],[126.80933608069387,37.60041674207592],[126.80936481054286,37.60039606053707],[126.81007688135388,37.59988646833018],[126.81053935763973,37.59955187898691],[126.81093071203102,37.59927304464196],[126.81093972855233,37.599266621196],[126.8110144766059,37.599213365084935],[126.81136892126055,37.598960822931915],[126.81238160195095,37.59843988283239],[126.81324335852342,37.5979899994745],[126.8139532347628,37.597619400733734],[126.81451958565124,37.59719824740604],[126.81515045255311,37.59672706662908],[126.81588571634148,37.59618144601193],[126.81655626794799,37.59568160700181],[126.81752598820502,37.595330332808174],[126.81830960245497,37.59423758530646],[126.81836518110923,37.59416008226966],[126.81868286826327,37.593715789603294],[126.81884431542241,37.59349019592599],[126.81930253220641,37.592849756121105],[126.82005393732227,37.59240352022497],[126.82024352155516,37.592286962649496],[126.82046695911279,37.59214596075141],[126.8206886185547,37.59200496261094],[126.82099817103659,37.59180778828803],[126.82123968801969,37.59165161126141],[126.82152762891037,37.59146678212939],[126.82172041676587,37.591340936965935],[126.8218876751407,37.59123729795244],[126.82214052300338,37.59107841704876],[126.82223990885035,37.59101596635384],[126.82253917706534,37.59082693553616],[126.82266835723667,37.59074069074937],[126.82365189494207,37.59011683918974],[126.82475696006641,37.58941685007393],[126.8252188673697,37.58912388386468],[126.8253325724194,37.589068020038575],[126.82550956563318,37.588956788119376],[126.82570286288451,37.58883516292074],[126.82591706982568,37.5886992092885],[126.82612651927076,37.588567347209626],[126.82614685620472,37.588554545355095],[126.82634953444541,37.58842926814225],[126.82656214037199,37.588295002302075],[126.82665327558354,37.58823779971778],[126.82668831951092,37.58821586910169],[126.8267462255167,37.588179553750145],[126.82695846762421,37.5880464135836],[126.82719676377383,37.58789613029289],[126.82744922729891,37.58773855159812],[126.82765846662396,37.58760539754968],[126.82781176356922,37.58748483710644],[126.82837381221235,37.58725140581926],[126.8288081842754,37.58706959374304],[126.83005515401763,37.5865524980132],[126.83090737095094,37.58619768211058],[126.83130121676409,37.58603370286212],[126.83175964944495,37.5858431848312],[126.83192748663029,37.585725325077334],[126.83193010241848,37.58572348853493],[126.83271639132275,37.58524169969442],[126.83295561137085,37.58509511614851],[126.83418019640811,37.58435466240295],[126.83458691046657,37.584106631790256],[126.83581534637763,37.58336532806889],[126.83621761713384,37.58312234759512],[126.83665547870888,37.582861394766404],[126.8371491489005,37.58256334184627],[126.83809794039702,37.581792911904195],[126.83905959314174,37.58122050089277],[126.83913712142159,37.581174351984416],[126.83917104095146,37.58115429601265],[126.83925668957619,37.58110365514583],[126.83965755353347,37.5808666361738],[126.83970337689998,37.58083954228663],[126.83973847105473,37.58081879147854],[126.8416300403874,37.57970031895074],[126.8418303433834,37.57958187603641],[126.84197416706026,37.5794945034746],[126.84233370594427,37.579282977239615],[126.84241104869005,37.579261971578234],[126.84324022661728,37.5788790408368],[126.84407141615905,37.57828971948649],[126.84408161332422,37.57828248791829],[126.84457985975409,37.57792917497176],[126.84607486026566,37.5768690192194],[126.84639235182259,37.57664386801172],[126.84682793695258,37.576334967974674],[126.84729651823906,37.57600266158571],[126.84770614975376,37.57568337731937],[126.84838127876341,37.57515714510182],[126.84850380702723,37.575082015091695],[126.84932492950045,37.57457852615148],[126.84960152828641,37.57440892198615],[126.85012754915125,37.574086372069345],[126.85085627403613,37.573639516703324],[126.8512872585608,37.57337523153168],[126.85134558168195,37.57333929920613],[126.85184911164079,37.57302908075208],[126.8523471578313,37.572722234395904],[126.85254115334669,37.57259010023857],[126.85264010504957,37.57252270165708],[126.85292491758234,37.572319772404576],[126.8530602317363,37.572224496012666],[126.85352234365742,37.57189593267825],[126.85363179661117,37.57179054786606],[126.85362860580783,37.57373933711212],[126.85362854763055,37.57379873783858],[126.85369748168289,37.573812123414264],[126.85413348273431,37.573896785851524],[126.85483415428973,37.57403731282051],[126.85576628577392,37.574221475564855],[126.85734024198453,37.57453199580893],[126.85765419145042,37.57459361397055],[126.85774954673249,37.574612329968076],[126.85835071444302,37.57473031639987],[126.85928568974488,37.57491530149407],[126.85928569898115,37.57491567740323],[126.8592941270621,37.575240527539385],[126.8592941691462,37.575240902725476],[126.86036260118445,37.57566367597947],[126.86069326806846,37.57579372170515],[126.86111590820411,37.57595993577157],[126.86185506596064,37.5762527847225],[126.86202599366254,37.576319713791044],[126.86261139624794,37.576549031499496],[126.86269215189581,37.57658116225395],[126.86325370974488,37.576804592084315],[126.863387510108,37.57685768162728],[126.8634157375569,37.57686871393548],[126.86324906423162,37.57696830634341],[126.86324762174881,37.576969333301285],[126.86324641895646,37.57697054001751],[126.86324549237669,37.57697189333946],[126.86324486954884,37.57697335105272],[126.86324456666485,37.57697487358567],[126.86324459431583,37.57697641412573],[126.86324495174544,37.576977928503105],[126.86324562800536,37.57697937249307],[126.86324660307235,37.57698070362461],[126.86340753767234,37.577162635605454],[126.86340867221858,37.5771637251351],[126.86341000739499,37.577164660716136],[126.86341150943542,37.57716541783028],[126.86341314226273,37.577165977354795],[126.86341486519329,37.57716632915555],[126.86341663643405,37.5771664603884],[126.86341841070256,37.57716636900644],[126.86342014493513,37.57716605838283],[126.86342179831007,37.577165534606806],[126.86342332653922,37.57716481186099],[126.86372895955648,37.57699321750312],[126.86373033877489,37.576992304668586],[126.86373083069232,37.57699185664983],[126.86424884400338,37.577194303586],[126.86481834753019,37.57741655286861],[126.86494118637724,37.57747243982054],[126.86581939779128,37.577484413389286],[126.86733277846231,37.57750503128396],[126.86800955434471,37.577515445485645],[126.86821929262106,37.577518672839304],[126.86837937146538,37.577521135675276],[126.86879930291776,37.57761283451847],[126.86957045941891,37.57778243444282],[126.86979141755948,37.577831028419894],[126.87060053208823,37.57800846944],[126.87144307177486,37.578092450738716],[126.87157067907422,37.57810250680033],[126.87214724782413,37.57814793429055],[126.87308486639613,37.57822180347462],[126.87391525095916,37.57828070029552],[126.87519538309499,37.57827448116014],[126.8762604863453,37.57818523431879],[126.87625922082178,37.578962514215846],[126.87638792281793,37.57898347528075],[126.87644373976838,37.57897731203906],[126.87644408323916,37.57897727419443],[126.87675414938931,37.57894303924136],[126.87702730008418,37.57890873394225],[126.87707649745968,37.57890255439383],[126.87707780289654,37.57890463707066],[126.87712766718889,37.578984256046475],[126.87725916257862,37.57915924120083],[126.87729305730187,37.57920039315934],[126.87742720929656,37.579363266400094],[126.87744980635652,37.57939935087737],[126.87752213204688,37.57951484793397],[126.87758792662272,37.5796258560818],[126.8776315588623,37.57974814659984],[126.87762910051319,37.579752045456964],[126.87754344230292,37.57988793239155],[126.87747505072738,37.57996598386106],[126.87742611635748,37.580021831533735],[126.87736742032953,37.5801149666334],[126.87736753310419,37.58011529621762],[126.87736765799096,37.580115667327334],[126.87738924307374,37.580179185086116],[126.87742448933695,37.58022293458352],[126.87745508591705,37.58026091079753],[126.87746951034666,37.58030766009067],[126.8774695417174,37.58030797302131],[126.87747682334741,37.58038340405877],[126.87746194630627,37.580499958171295],[126.87741784545145,37.580639565864765],[126.87726100763611,37.580771179727726],[126.8771611671326,37.58085496435598],[126.876919232387,37.58103349956311],[126.87666271459166,37.58125960121084],[126.87662537665577,37.581375564280876],[126.87662544816253,37.58137595313623],[126.87666441765582,37.58159366408656],[126.87667130017802,37.5816321155583],[126.87667137170027,37.58163250261103],[126.87694949945987,37.5820246785989],[126.87695832381047,37.582037123112784],[126.8769740271489,37.58206617868172],[126.87704965515417,37.58220611613008],[126.87706891447495,37.582394790778686],[126.87708179817511,37.582521125726124],[126.87708430895977,37.582545745565305],[126.87708805047923,37.58265387025741],[126.87709106076004,37.58274087809504],[126.87709841514413,37.582892918920095],[126.87707527358137,37.582982155664666],[126.87706211029216,37.58302719016156],[126.87704487133394,37.58307637454937],[126.87699581468132,37.583216328115064],[126.87698930887107,37.58335470356995],[126.87698775209135,37.583387799773526],[126.87711434557211,37.58356434186752],[126.87714667922499,37.58360943257522],[126.87725077916909,37.58377425197185],[126.87726494781182,37.583822401498765],[126.87733116143427,37.58404748553002],[126.87733124569043,37.58404784020112],[126.87729370970875,37.58417365943679],[126.8771921274622,37.58422465310206],[126.87716498886763,37.58423827697248],[126.87704969096762,37.58423866541506],[126.8769737657846,37.58423892176503],[126.8767787939609,37.58414607659562],[126.8767037874495,37.584149588756134],[126.87669635467255,37.5841499361818],[126.87662344191324,37.58416450076242],[126.87656175309068,37.584244677234665],[126.8765379336295,37.58444005296418],[126.87674571207515,37.58463725839222],[126.87692489355989,37.584748666281094],[126.87700192642242,37.584785982757474],[126.87708681177715,37.5848271046194],[126.87714986253125,37.58489135315696],[126.87719330550773,37.58493562275721],[126.87724713168323,37.58511932671836],[126.87724720160719,37.585119634444176],[126.87725702165395,37.58535929483752],[126.87726572172927,37.585571610774046],[126.8773001259241,37.58565568808765],[126.87730172879465,37.58565960655568],[126.8775422725087,37.586247481647334],[126.8777441350021,37.586274053914856],[126.8782136014834,37.586335845989346],[126.87846515667206,37.58636895481621],[126.87884452565353,37.586548869107496],[126.87887154589744,37.586561684135106],[126.87901628163529,37.58667809658602],[126.87913302239872,37.58677199305905],[126.87917080224594,37.58689098114],[126.87920500926211,37.58699871972332],[126.8792637906368,37.5871877081032],[126.8792638444525,37.587188047289914],[126.87928174868013,37.58730815752457],[126.87932276242599,37.58758336380758],[126.87932282829675,37.587583751729994],[126.8794373513793,37.58787471773588],[126.87943898509563,37.58787835061157],[126.879539581872,37.58810204211727],[126.87959228994956,37.58821781051242],[126.87960675053836,37.58824457518289],[126.879627226655,37.58827585202769],[126.87965615090161,37.58832656198407],[126.87979480744693,37.58857390794103],[126.87979693704027,37.588577709263525],[126.87990081560855,37.58876322432917],[126.87994026643386,37.58884694338684],[126.87998833479506,37.588948953512016],[126.87998923973319,37.58895087361185],[126.88000289614484,37.58897985400625],[126.88003410075987,37.5890469784188],[126.88003445463347,37.58904774010665],[126.88004451267823,37.58906632808007],[126.88005839436155,37.589086179984044],[126.88010629354521,37.58915468097639],[126.8802224273422,37.58932076143513],[126.88034913934285,37.589506159835125],[126.88059719261923,37.58971447964652],[126.88066591895182,37.589771148759354],[126.88075499060811,37.58982811025081],[126.880851837453,37.58988845823273],[126.881004368073,37.58998293805735],[126.8811523152336,37.59006221329668],[126.88127834445123,37.59012569105522],[126.88172364074103,37.59034913653164],[126.8817312344659,37.590358433063976],[126.88198613431817,37.59053982495419],[126.88190765653744,37.59061923120944],[126.88190092128909,37.590625692791804],[126.88188674599382,37.590639194529565],[126.88188690658383,37.5906394991219],[126.88190095293403,37.590652271649326],[126.88205583174502,37.590792433269456],[126.88205606338042,37.590792639086175],[126.88204287896123,37.59080575845415],[126.8820308971807,37.590817679928044],[126.88207202165457,37.59088050316049],[126.88210861525674,37.59091634991238],[126.8821808463405,37.590987110899064],[126.88218358120723,37.59098978957326],[126.88224954494484,37.59105440933563],[126.88232302782939,37.59112655403266],[126.88237745034861,37.59116434174773],[126.88239568261632,37.59117706942066],[126.88268159069494,37.59137665784762],[126.88280885625728,37.59144858598485],[126.88292286281428,37.59151430203874],[126.88334879719135,37.59178784473987],[126.88352355007216,37.591837795879435],[126.88357514957605,37.59185254448988],[126.883718062671,37.592002819348465],[126.8837673168415,37.59205461148282],[126.88411238612953,37.59245420870111],[126.88433419215998,37.592719650239495],[126.88447527880373,37.59289154677999],[126.88463761758464,37.59316425515179],[126.88484416593495,37.59342847687136],[126.8848565635492,37.59344433564949],[126.8849222935918,37.59353114635844],[126.88491474659212,37.593535353236],[126.88491338902755,37.59353624389477],[126.88491222162774,37.59353728877216],[126.88491127063021,37.593538465471475],[126.88491056005901,37.59353974527502],[126.8849101419909,37.593540994154736],[126.88490992353256,37.59354248833756],[126.88491001171131,37.593543885872464],[126.88491037198236,37.59354525508117],[126.88491099328583,37.59354656345783],[126.88493471723838,37.59358678585796],[126.88493566705488,37.59358809234111],[126.88493687634326,37.59358925235681],[126.88493831249271,37.59359023689229],[126.88493948476733,37.59359080183138],[126.88493993382328,37.593591017788825],[126.8849416963452,37.59359157228371],[126.88494355147849,37.593591884801015],[126.88494544492039,37.59359194694567],[126.8849460593846,37.593591884349976],[126.88501771941144,37.593663852011346],[126.88501906371613,37.59366498568956],[126.88502063284643,37.59366591593525],[126.88502237941435,37.59366661996806],[126.8850242526487,37.59366707318728],[126.88502619489299,37.5936672617724],[126.88502743226107,37.59366721233663],[126.88508712247732,37.59373603771164],[126.88508698263936,37.593736374985184],[126.88508669689679,37.593737786795906],[126.88508669645393,37.593739217218456],[126.88508698047474,37.59374063019493],[126.88508754135667,37.59374198602681],[126.88508836458229,37.59374325940099],[126.88515307025975,37.5938261852794],[126.88515412678146,37.59382732737159],[126.88515539406927,37.593828322742155],[126.88515684173304,37.59382914779797],[126.88515843368945,37.59382978252159],[126.88516013041996,37.593830211384365],[126.885161890111,37.59383042245109],[126.88516367088219,37.59383041189821],[126.88516542856556,37.59383017859435],[126.88516711666098,37.59382972950795],[126.88516869542744,37.59382907614942],[126.88517177323733,37.59382754638627],[126.88517257189436,37.59382877726891],[126.88517367569328,37.59382995566078],[126.88521993185005,37.5938717798808],[126.88524182373095,37.59389156833548],[126.8852432308534,37.59389264014591],[126.88524484585548,37.59389350302714],[126.88524662362187,37.593894133309334],[126.88524850993845,37.59389451178203],[126.88525045052442,37.593894627346366],[126.88525238650146,37.59389447699171],[126.88525426345528,37.59389406584264],[126.88525602239633,37.593893404408014],[126.88525761331513,37.5938925131581],[126.88526186525189,37.59388967175061],[126.88531304017016,37.59385544764818],[126.88531433305481,37.59385443316459],[126.88531540289493,37.593853267897074],[126.88531622679189,37.593851981470614],[126.88531678183212,37.59385060531275],[126.88531705183159,37.593849178998084],[126.88531703425063,37.5938477358629],[126.88531672651986,37.59384631284879],[126.88531613626428,37.5938449469503],[126.88531528018531,37.593843673406624],[126.88531417952255,37.59384252657928],[126.88528105132241,37.59381316688521],[126.88529480199502,37.593803639242694],[126.8854099947265,37.593882705191994],[126.88572075960312,37.593939878831335],[126.88579628394996,37.59395375771338],[126.88597637524498,37.59396209475485],[126.88609350600863,37.59395911222519],[126.88619065608782,37.59395737677625],[126.88627291393588,37.59395590812144],[126.88636544920767,37.59395403045649],[126.8864653793952,37.593914173584466],[126.88668304115272,37.593827357601945],[126.88673278986391,37.59380741349533],[126.8867992543706,37.59380598859704],[126.88684567474318,37.59380499132268],[126.88686931736031,37.593811084614394],[126.88703649330543,37.59385416265525],[126.88715442543364,37.593884657161034],[126.88721439756024,37.59390016332013],[126.88727233167386,37.5939151433027],[126.88728755252406,37.593907399598805],[126.8873031937867,37.593923122633264],[126.88733768860935,37.59391977656033],[126.88732112355133,37.59389058633574],[126.88731722542867,37.59388371772675],[126.88725121380389,37.5937792036844],[126.88718166321883,37.593678334270784],[126.88717070921948,37.59366649418992],[126.88700729738302,37.59351063781587],[126.88698698158447,37.59348978617993],[126.88695503973888,37.59343822682392],[126.88691904526362,37.593377934064726],[126.88688265023431,37.5933432750989],[126.8867621732774,37.59322574191209],[126.88671518342565,37.59317333095456],[126.88671009610943,37.59314657530975],[126.88671911435074,37.59315024194747],[126.88672143416137,37.593135892064495],[126.88667751708894,37.593044335677],[126.88662044626086,37.59288577026081],[126.88659849687254,37.59281694981253],[126.88659838198785,37.592816594087836],[126.88656340395323,37.592706923929946],[126.88652796603326,37.5926672250319],[126.88652263346437,37.59266125027905],[126.88643888599609,37.592567429005655],[126.88640464293944,37.592517281648604],[126.88627159822686,37.592310774518474],[126.88627032427036,37.59230879936931],[126.88621509430048,37.592327883750194],[126.88617535119447,37.5921752434836],[126.88616173353634,37.59214242520608],[126.88614414834042,37.592100044715146],[126.88599508691689,37.591936594761414],[126.88589949200404,37.591854845295],[126.8857694444526,37.591748293676154],[126.88576676481081,37.59174425164595],[126.8857152686624,37.59166658474066],[126.88570448658703,37.59165166914547],[126.88574165169462,37.5916404290813],[126.88574223987665,37.59164025457854],[126.88574384877371,37.59163965004102],[126.88574531880505,37.591638851894174],[126.88574661356228,37.591637879778],[126.88574770112325,37.591636758763876],[126.88574855405942,37.59163551845323],[126.88574915063528,37.591634184871836],[126.88574947810254,37.591632793105546],[126.88574952599312,37.59163137644943],[126.88574929625383,37.59162997367125],[126.88574916542943,37.59162949077392],[126.88574402258793,37.591609958126085],[126.88574385308027,37.5916085313252],[126.88574342212542,37.59160721673241],[126.88574274597333,37.59160596666131],[126.88574247415733,37.59160554882796],[126.88569622483199,37.59153477652284],[126.88569593556713,37.59153441448159],[126.88569532942623,37.59153332881834],[126.88565906781048,37.59148013682573],[126.88565802478062,37.59147887222578],[126.8856567301423,37.59147776314923],[126.88565522213204,37.59147684314465],[126.88565354130357,37.591476139463275],[126.88565173625042,37.59147566587816],[126.8856498578018,37.59147543977929],[126.88564795688328,37.59147546683975],[126.8856460901355,37.59147574645306],[126.88564430746254,37.59147627076691],[126.88564265996033,37.59147702472447],[126.8855976559802,37.591501834176036],[126.88559539403234,37.59149837928533],[126.88556118512925,37.591427672307006],[126.88554020362953,37.59138485401813],[126.88553639914176,37.591325439557416],[126.88553363870034,37.591280667380424],[126.88550258242073,37.59122799096338],[126.88549305240034,37.59121193626447],[126.88547648183271,37.59114376371925],[126.88546703954499,37.59110491910984],[126.8854787420301,37.59103543359731],[126.88548453550293,37.59100103440046],[126.88548936167672,37.590970349994485],[126.88554034969944,37.59094675158715],[126.88556229582586,37.59093656532988],[126.88562993073387,37.590905168625746],[126.88563862922605,37.59088913130451],[126.88565193835026,37.59086379813196],[126.88571411845793,37.59080726978298],[126.88572692485754,37.59072636911512],[126.88573573012198,37.59067073740286],[126.88576946696625,37.59054278667463],[126.8857759580496,37.590518167919285],[126.88581051424177,37.59007230638536],[126.88581458010255,37.590019853358996],[126.88583251046005,37.58999740686292],[126.88588087672039,37.589936856864405],[126.88587188511661,37.58980676391035],[126.8858602039503,37.58981238337316],[126.88585955894982,37.5898107900541],[126.88583570532249,37.589751831898205],[126.88582653335394,37.589729297553006],[126.88580761880445,37.58968433675577],[126.88578642563922,37.58963396056701],[126.8857959320077,37.58964998267466],[126.88579691098708,37.58965131994889],[126.8857981619486,37.58965250270672],[126.88579965006191,37.58965349651593],[126.88580014654184,37.58965372803973],[126.88580132908882,37.58965427679979],[126.88580315168807,37.58965481537035],[126.8858050624714,37.58965509841935],[126.88580700713882,37.58965511755215],[126.88580892566777,37.58965487155507],[126.88581076249233,37.58965436825101],[126.88581246309762,37.58965362538311],[126.8858398614055,37.589639047272144],[126.8859031745189,37.58960535924017],[126.88590467287645,37.58960441702395],[126.88590591072752,37.58960333554738],[126.88590691077671,37.58960210861924],[126.88590764897945,37.58960076766131],[126.88590810463724,37.589599350422176],[126.88590826612747,37.589597892894936],[126.88590812746854,37.58959643380609],[126.88590769514526,37.5895950110456],[126.88590721326575,37.58959410539624],[126.88590697790033,37.5895936634166],[126.88590599696508,37.58959242618177],[126.88590477699097,37.589591331917575],[126.88582444547963,37.589530023042514],[126.88613382337579,37.58939341476023],[126.88625705595291,37.58932624062178],[126.88651095023108,37.58918754915643],[126.88655753215605,37.58916210308398],[126.88673986204765,37.588974486691285],[126.88689171227094,37.58881499122179],[126.88705472420345,37.588648467180704],[126.8871592811692,37.58853284543057],[126.88730560092556,37.58852369842754],[126.88732293516622,37.588523993010796],[126.88752231785521,37.588636528931815],[126.88760860532528,37.588667020110556],[126.887612994949,37.58866778649068],[126.88784849220634,37.58870887705147],[126.88834365487803,37.58879527229017],[126.88873202612184,37.58878851870885],[126.88891136873836,37.58878540034196],[126.88907561621387,37.588805697896525],[126.88920518342867,37.58882171106196],[126.88925345347508,37.58882767623703],[126.88925839045078,37.58883229410941],[126.88957886566975,37.58913206647787],[126.88960208309604,37.58912460718203],[126.89022454793522,37.58892460401178],[126.8903224351629,37.58887542782127],[126.89071176843055,37.58867983206831],[126.8909366162994,37.5885665728323],[126.89108330325136,37.58853733397395],[126.8911125702823,37.58853150095992],[126.89143970687539,37.58846629063565],[126.89144413828068,37.5884654067353],[126.89144921856204,37.588466209883386],[126.89155875963304,37.58848353321829],[126.89166330643927,37.588485037431994],[126.89176673696144,37.588530739317086],[126.8920520643481,37.5885487452785],[126.89223572782711,37.58852217502122],[126.89234153564713,37.5885736608262],[126.89322590726027,37.58900398006008],[126.89332788601986,37.58906743041488],[126.89366793498095,37.58905563240672],[126.89384057788388,37.58907127769221],[126.89397424880582,37.58900100519755],[126.8942674724388,37.58882023777821],[126.89428257218124,37.58882093088336],[126.89523121960515,37.5888644646365],[126.89568738837151,37.58879814778369],[126.8959544339706,37.588733903475394],[126.89610205882161,37.58873530242995],[126.89641421581452,37.588738260155736],[126.89685903491998,37.58856662221779],[126.89694070912114,37.58861118448112],[126.89695840696322,37.58862103191064],[126.89699176054305,37.588639592357694],[126.89757266970943,37.58896283822529],[126.89796240995412,37.58909045288169],[126.89807010670397,37.58949390751239],[126.8980820903266,37.589538797677356],[126.89842799767487,37.589600766188674],[126.89946874429575,37.5897872083207],[126.89948428155445,37.58980974606398],[126.89949809667708,37.58979173907363],[126.89955421608079,37.58980143546904],[126.89964371169695,37.589816871890235],[126.89964928983876,37.58982312131255],[126.89975035514244,37.5899380874961],[126.8996875993946,37.5902018014954],[126.89966647282904,37.59029057969393],[126.89959238167837,37.59060193127811],[126.89957545048259,37.59067307714956],[126.89965614350129,37.590862272371965],[126.89971035670999,37.59098938376792],[126.89970979673078,37.59100438462497],[126.89969641147972,37.5913621539105],[126.89968758794134,37.59138439646507],[126.89956829370124,37.59168514092971],[126.8995664554517,37.59168977437984],[126.89928240687249,37.592149311167596],[126.89911216596869,37.59243009342792],[126.89906098899019,37.592514499316856],[126.8989999819111,37.592615118900866],[126.89896628124612,37.59267070055942],[126.89896163085984,37.59267836981233],[126.89906493964092,37.592736403124476],[126.89929947142056,37.592868148842925],[126.89941391254935,37.59314192097169],[126.89971901152323,37.59334686217075],[126.89977821218415,37.59338662750102],[126.8998265858076,37.59346775790601],[126.899878093135,37.59357704674996],[126.89989572606787,37.593608571524484],[126.90000348959498,37.59380121017984],[126.90002070054123,37.593831976565795],[126.90035509944997,37.5942112353948],[126.9011733941389,37.59471958488318],[126.90121345088981,37.59474532486164],[126.90179266307113,37.59511751462526],[126.90182975856885,37.59514135017781],[126.90179181210429,37.59547327708629],[126.90178426109408,37.59555689212066],[126.90175499950196,37.595640047388926],[126.90162815308544,37.59600049441094],[126.90142699206665,37.596145580567935],[126.90136024203213,37.59619372595866],[126.90121055009013,37.59630169064481],[126.90122470199292,37.59643938161836],[126.90120111053187,37.59674654197543],[126.90107629563543,37.596937336863476],[126.90102475613357,37.597257196705336],[126.90101188136748,37.59733709275822],[126.90109460867829,37.59752495505401],[126.90125350799103,37.597908855597765],[126.90117137107976,37.59820751576034],[126.90117210158081,37.59820979805164],[126.90117925385417,37.5982321731252],[126.90119917897324,37.598294511672634],[126.90126122247334,37.598488590873664],[126.9012972607023,37.59919279324176],[126.9013226883523,37.599366534499914],[126.90101679574936,37.59987307786951],[126.90101249087445,37.600175469560625],[126.90052902465266,37.60088063590188],[126.90029321967873,37.60123266524409],[126.90018041311784,37.601525651580765],[126.90001189348877,37.60196333303501],[126.8999823041047,37.602040183934584],[126.90020454187064,37.60256772760942],[126.90015265671903,37.60311644556064],[126.90077091248298,37.6033698086559],[126.90104454386551,37.60338470425475],[126.90130683998616,37.60339898559098],[126.90144203890652,37.60345679638217],[126.90195111641518,37.60367447527482],[126.90210829984136,37.60374168499782],[126.90209702943692,37.60381858054353],[126.90202991638729,37.60426904655774],[126.90201303491787,37.60430187698449],[126.90184860272205,37.60462168297082],[126.90182346454623,37.604763007934444],[126.9015054098255,37.60535653890696],[126.90169911818916,37.60564119467053],[126.90174952943615,37.60571527340522],[126.90172192644874,37.6057310033287],[126.9017155272019,37.60573459516656],[126.9017085634945,37.605738502314715],[126.90171763248438,37.60574573285485],[126.90172588418356,37.605752312090466],[126.90174338607139,37.6057652827354],[126.90172550263733,37.605789057698864],[126.90165884475236,37.60587767458649],[126.90165542540105,37.60588221982189],[126.90163756022461,37.60590597142916],[126.90157942333995,37.60597855881778],[126.90141386441762,37.60619071251183],[126.90124674620557,37.60677874289943],[126.90087474460606,37.60812117098811],[126.90077575215984,37.60843925148712],[126.9006756258012,37.608942020953734],[126.90060115042385,37.60931952203749],[126.90070526328034,37.610318854053325],[126.90030432393982,37.61119134488044],[126.90079052746195,37.6120448731899],[126.90086461931939,37.61217695001719],[126.90088992058676,37.612222056079766],[126.90091475114689,37.61226623948221],[126.90096195028777,37.61235022589492],[126.90095019249654,37.61244108585164],[126.90091349375635,37.61272466018574],[126.90093720890215,37.612764408749044],[126.90094949580589,37.612785001770995],[126.90100072302384,37.61287085454792],[126.90117342906866,37.613153013922066],[126.90170772731162,37.61402590956456],[126.9017342405693,37.61406922341449],[126.90179918175103,37.61447021655406],[126.90172886869834,37.614776202730035],[126.90189308961124,37.615055084872616],[126.90191709623866,37.615092548916074],[126.90191013664791,37.615141243493795],[126.90182260304304,37.615753566114705],[126.90189903018391,37.61589975907895],[126.90214901164143,37.61636960713767],[126.90223222082115,37.616445556150104],[126.90247319222588,37.61666550836313],[126.9024783630887,37.61689921135858],[126.90279862347789,37.61708643214897],[126.9030174225755,37.61723226141398],[126.90312557246492,37.61730434575189],[126.9030077737954,37.61778599349272],[126.90300946252414,37.61779784919733],[126.90302663727405,37.617918437504024],[126.90305160990181,37.61809376913943],[126.903340162397,37.61830601857326],[126.90336123061405,37.618839308575566],[126.9037290558727,37.6187982209696],[126.9038218301358,37.61880385619234],[126.90427428754629,37.61883133364125],[126.90448901491689,37.618894249148205],[126.90450941122197,37.61890022518561],[126.90455297047973,37.618909963108464],[126.90470032780784,37.618942900523315],[126.9049175839353,37.61899713732766],[126.90509769341432,37.619041772908936],[126.90523109233673,37.619074545550056],[126.90522386890422,37.619211768182225],[126.90522347385638,37.61921925448984],[126.90521131559923,37.61943057810784],[126.9052029322204,37.619576275552596],[126.90519581412549,37.61969997776302],[126.90518925911924,37.619813873570926],[126.9052139237557,37.61986785001001],[126.90555758144143,37.62062308134177],[126.90561269590714,37.62070393478884],[126.9062040261146,37.62127980096356],[126.90627822022398,37.621352052218654],[126.90682767396387,37.62173794093332],[126.90711746955172,37.62194146240621],[126.90714042487343,37.622546824563614],[126.90711588245402,37.62283673297983],[126.90711311129705,37.62286946998078],[126.90710019415327,37.623007138144374],[126.90714280772755,37.62331265619432],[126.90710898876019,37.623448741137096],[126.9069995407553,37.623936749136256],[126.90674888054821,37.62424175744683],[126.90670854036375,37.624325885343346],[126.90662714986335,37.62449562472238],[126.90663654815475,37.6245025446653],[126.90702183224653,37.62478623170422],[126.90743985944843,37.625094024086394],[126.90778997405549,37.62550227495725],[126.90839575511812,37.6259923808859],[126.90861082753727,37.62626565591212],[126.9087499874581,37.62683349941084],[126.90890219660683,37.62745458412311],[126.90890317034976,37.62745855667719],[126.90889563572347,37.62757970339739],[126.90884410100496,37.62840837032751],[126.9088212815094,37.62877533354572],[126.90880414413225,37.62905086859018],[126.90880326092415,37.629065080013845],[126.90880183454082,37.62908791719171],[126.9087700422918,37.629327703062835],[126.90848262397976,37.629821432223345],[126.90838209484366,37.62999412140661],[126.90811827206575,37.630060638082234],[126.90729415739403,37.63086720530922],[126.90692939749866,37.63180449137053],[126.90676290610999,37.63270647738223],[126.90675740119511,37.63273630729118],[126.90620219490812,37.63322013459162],[126.90709624965038,37.63339795103382],[126.90802714169541,37.633793481565945],[126.90811267135612,37.63382982161404],[126.9091224592205,37.63433291508172],[126.90980659585925,37.63494188783081],[126.9103832466164,37.6351480993144],[126.91040273102094,37.635155066651556],[126.9108544605169,37.63531660331761],[126.91088965461634,37.63537484477492],[126.91117815700332,37.635852272084584],[126.91121037341169,37.635905584510624],[126.91087452971496,37.63665944546117],[126.91079690986464,37.636833678596275],[126.9104066744343,37.63770941331123],[126.91031617067571,37.63791251720794],[126.91031596529463,37.637912976762756],[126.91025846573788,37.63809809090856],[126.91021817744614,37.63822765716712],[126.91020340863905,37.63826066767476],[126.91017031499705,37.638334627875516],[126.91009200495417,37.6385094212701],[126.91055653700678,37.63952337956182],[126.91079420568744,37.64002613607161],[126.91082376933103,37.64010409669459],[126.9108414713702,37.64015077499915],[126.91089206744876,37.64028429514554],[126.91114556678713,37.640963314388735],[126.91114569777781,37.64096366385838],[126.9111514786721,37.640979146064495],[126.91115395113722,37.64098670977196],[126.91120281679768,37.64113611794078],[126.91121521207225,37.64117407724365],[126.91133440809277,37.6415387573387],[126.91206673969056,37.64377966556758],[126.91208505541765,37.64384072928312],[126.91210719701606,37.64391485073622],[126.91217525989123,37.64414183174077],[126.91220848264166,37.64419901556509],[126.91222787777991,37.64422122819215],[126.91226063441925,37.644258742605544],[126.91226903386747,37.644283476452884],[126.91227986280077,37.644315359152905],[126.91222712795313,37.64433264176196],[126.91202960412201,37.644397382637024],[126.91200117089613,37.64440831289086],[126.91190638431112,37.64444475178183],[126.91177516804342,37.64449505171752],[126.91148403631487,37.64462727544128],[126.91118519053782,37.644764446108766],[126.91096530208091,37.6448239233504],[126.9108845299795,37.644846509409284],[126.9106636305845,37.64490820011784],[126.91058963602912,37.64493030967719],[126.91049536307929,37.64495838382685],[126.91024149673942,37.64504313903685],[126.91014079101369,37.64507676810154],[126.91014073973548,37.64511794070042],[126.91014072469912,37.6451307359372],[126.91011622159934,37.64514515731562],[126.91007357542718,37.64517015432978],[126.90991502094143,37.64525534574674],[126.90972532461105,37.64531459852682],[126.90965218724462,37.64533143628613],[126.90944139565174,37.64542559438704],[126.90938664544132,37.64546172690528],[126.90934032152109,37.645492179930486],[126.90928406771934,37.64551748798552],[126.90921621367887,37.6455478953441],[126.90877716470713,37.64581024039996],[126.90874563618816,37.64582513823823],[126.90861395020497,37.645879921810774],[126.90848488887751,37.64593361696769],[126.90842082035337,37.645962857593354],[126.90825096576155,37.646040286399185],[126.90816689729475,37.64608003433922],[126.90812812095942,37.646098321612904],[126.90795114395003,37.646178429962156],[126.90770517783182,37.64628978337447],[126.90768763161336,37.64631733552368],[126.90759954911998,37.646455642473185],[126.90758659891551,37.646475973681184],[126.9075603081604,37.646517255149945],[126.90747340404019,37.64665556791671],[126.90729156169539,37.64694455340326],[126.9072397287912,37.64699359582093],[126.90723731198884,37.646995884777354],[126.9069739097181,37.64724501943399],[126.90679618691026,37.647409847454334],[126.90662200440468,37.64757127786146],[126.90658874289095,37.64760209833667],[126.90647940190426,37.64770342759783],[126.90644442704361,37.64773472613026],[126.90638506453014,37.64778767089887],[126.90635045937844,37.64782007809832],[126.90634871656088,37.6478217097516],[126.90632330229934,37.64784700662027],[126.90623609576919,37.647925994867975],[126.90622233474573,37.64793845501563],[126.90620493295597,37.6479542975601],[126.90609663758099,37.64805287634923],[126.90594910418493,37.648187902890754],[126.90588076383908,37.648250421199684],[126.90564834829952,37.64846041261494],[126.90562516060592,37.648481358102366],[126.90541450916966,37.64865741811327],[126.90539140320831,37.64867662709982],[126.90535350335789,37.64870813769281],[126.90534103982289,37.64871848704769],[126.90522849589863,37.64880596263422],[126.90522300532892,37.64881016129483],[126.90516849864484,37.64885186057111],[126.90501564008856,37.64896880179095],[126.9048842653672,37.64907062139462],[126.9048223922027,37.64911857373728],[126.9048155802739,37.64912385181626],[126.90481016340276,37.649128042717095],[126.90480568154474,37.64916819514762],[126.9048020245105,37.64920101490199],[126.90498672146236,37.64908285101565],[126.90516454619707,37.64896921201939],[126.90554053287836,37.64888983512496],[126.9058379926734,37.648747885895204],[126.90592692042223,37.648705449307904],[126.90602931460232,37.64865879913275],[126.90609415382347,37.64863012794406],[126.90617206922218,37.64858632248837],[126.90643778676295,37.648437055369804],[126.90648679572584,37.648408885670285],[126.90652220910647,37.64838861622629],[126.90653023255581,37.64838420401266],[126.90664287041675,37.64832226507043],[126.90692292824357,37.64816699129457],[126.90692592873103,37.648165292046514],[126.90691202355305,37.648143573055],[126.90691133568319,37.648142263567244],[126.90691091363303,37.64814088330934],[126.90691076959183,37.64813946749454],[126.90691090667356,37.64813805219175],[126.9069113223459,37.64813667073752],[126.90691200497967,37.64813536002797],[126.90691293960964,37.648134148830486],[126.90691409990652,37.648133069460606],[126.90691545957694,37.64813214972743],[126.90691698332374,37.648131409282776],[126.90699112759383,37.648101556762484],[126.90699294820371,37.648100975542164],[126.90699486878178,37.648100652605144],[126.90699682918643,37.64810059576118],[126.9069986300668,37.64810078508012],[126.90700037133122,37.64810120123493],[126.90700200545747,37.64810183317076],[126.90700349290094,37.64810266446482],[126.90700479301935,37.648103674182266],[126.90700587428172,37.64810483602593],[126.90700670745983,37.64810611920364],[126.90701258573583,37.64811729642132],[126.90710930010341,37.64806369001474],[126.90722566385809,37.64798125492665],[126.90730063054644,37.647927616594814],[126.90747320919839,37.6478046144273],[126.90750058009564,37.647785105573966],[126.90755223082563,37.647748342778996],[126.90762098072165,37.64770024865656],[126.90763257173978,37.6476923652263],[126.90765943732602,37.64767409763586],[126.90771272504546,37.64764500881525],[126.90777627518251,37.647610319238375],[126.90804726379308,37.64746249540689],[126.9081232357332,37.6474200290886],[126.90826360416997,37.64734099964992],[126.90841366616267,37.647256587227666],[126.9085132857171,37.64733123120704],[126.90853827033236,37.64734999150959],[126.90857732771221,37.647378673014614],[126.90859092072375,37.64739048371104],[126.9086128298996,37.64740568454318],[126.90862356408638,37.64741063078272],[126.90863541103775,37.6474161991104],[126.90866046044765,37.647403918746114],[126.9089473218568,37.647263279398224],[126.90923745707997,37.64712349397876],[126.90949150206386,37.64699502367975],[126.90958210352626,37.64694998243062],[126.90972726610178,37.64687791007706],[126.90982515623675,37.64678872181715],[126.90985753733435,37.64675921736765],[126.90996658337959,37.64666203229434],[126.91013658098846,37.646507852419894],[126.9101390391631,37.64650562219697],[126.91030455513373,37.64638327183773],[126.91043457760006,37.64628908444974],[126.91043851656016,37.64628623158963],[126.91043679852743,37.64628130173078],[126.91043589633037,37.64627870679373],[126.91049624643703,37.64625590363513],[126.91049657554389,37.64625571239465],[126.91055861076089,37.6462143177362],[126.91060258823757,37.64618500711935],[126.91072609311101,37.64610259969977],[126.91086323044131,37.646011202742635],[126.91090520935204,37.645993216281695],[126.91100547314623,37.64595049533321],[126.91103341762543,37.645938390251594],[126.91104162730063,37.645934874581286],[126.91105773479315,37.645928290545484],[126.91121058692876,37.645865024692135],[126.91122393145545,37.64585950844213],[126.91131376298844,37.645822378403686],[126.91153079852035,37.64567097565633],[126.91167370914081,37.64557128183839],[126.9117095206723,37.64554645927319],[126.91178644241282,37.645493288379065],[126.91185431142256,37.64543928093227],[126.91194559006414,37.64536557975681],[126.91201927335892,37.645329036566615],[126.91214168475649,37.645268782347955],[126.91232774474645,37.645177329997836],[126.91250419639312,37.64513453209218],[126.91256323547293,37.645120251546466],[126.91267975634962,37.645096120773395],[126.91276220059868,37.64508283544642],[126.9128812226121,37.645063657126336],[126.91290054431917,37.64506054544255],[126.91293170830441,37.64505696450659],[126.91304565858181,37.645041850126276],[126.91318712611859,37.64502316623576],[126.9132162030266,37.64501932517396],[126.91328570617917,37.64501014467505],[126.91336322971293,37.64500073361846],[126.9133986109978,37.64499649753085],[126.91345748006516,37.644952484341474],[126.91372082569912,37.64475565617252],[126.91381185461141,37.64477137528592],[126.9146067470017,37.64490863929853],[126.91518932897566,37.645116289802466],[126.91543507429326,37.645127238539764],[126.9154595930731,37.64512833166699],[126.91580612524564,37.645143770979516],[126.916096336687,37.64516532097483],[126.91632663174042,37.645182421393294],[126.91668076367155,37.645208717135304],[126.9167856678738,37.64521650594142],[126.91729631035146,37.645254420104514],[126.91734150529845,37.64525777726229],[126.91748552525554,37.64527504596107],[126.91764727302471,37.645294439909314],[126.9181162510552,37.6453506771447],[126.91819075262312,37.645359541454006],[126.91840178520746,37.645384672843875],[126.91875248048883,37.64542643392643],[126.918795774267,37.645431588332094],[126.91899572249497,37.64545539948178],[126.91915330794386,37.64547416427095],[126.91921992549727,37.64548411397579],[126.91952535333589,37.645529734739554],[126.91976246720854,37.64556522395359],[126.91987103578363,37.645581473527024],[126.9204240772317,37.64565069034273],[126.920630816342,37.645676562788324],[126.92125756802508,37.64575508880891],[126.92128327214465,37.64575831008106],[126.92147085978488,37.64578181304343],[126.92154590730485,37.64578557727212],[126.9216620116044,37.64579140128311],[126.92184623242467,37.64580077137411],[126.92206669954936,37.645816855215166],[126.92214175426166,37.6458223334348],[126.92222874163886,37.645828708287546],[126.92228008348832,37.645832471317775],[126.92286233168632,37.64587762977379],[126.9230787911214,37.64590630897209],[126.92312299927339,37.645912176512816],[126.92318476050768,37.645919489974226],[126.92335566143423,37.64593972845039],[126.9233953489934,37.6459444309026],[126.92368015678676,37.6460060027829],[126.92391569723627,37.64605942240476],[126.92397522540696,37.64607292391395],[126.92408190337315,37.64609700558375],[126.92412291130124,37.6461063038231],[126.9242435870308,37.64618287518185],[126.92438120457999,37.646270226999725],[126.92439727102058,37.64628042465334],[126.92479199678691,37.646533515281405],[126.92479403937796,37.64653499441288],[126.92484489776223,37.64657184008782],[126.92517416082052,37.6467877908231],[126.92523686937743,37.64682895376728],[126.92528153010828,37.64685856200261],[126.92548059472841,37.64699064666707],[126.9257072530295,37.647145427483814],[126.92580949068649,37.647215298907824],[126.92589957764136,37.64727768773763],[126.92608169042259,37.647403935682874],[126.92614123871468,37.64744521526672],[126.92648961974322,37.647699999999304],[126.92658088272698,37.64776674746068],[126.92659983892958,37.64775634628774],[126.92683911905115,37.647903391550905],[126.92689886645591,37.647940108272664],[126.92709682344903,37.64807723589094],[126.92713401084156,37.64810300891502],[126.92714647460602,37.64811465696928],[126.9271734502975,37.648139900883905],[126.9272197977501,37.64818329614467],[126.9272836356491,37.6482422864297],[126.92737605022842,37.648327683827695],[126.9274216500249,37.64836986218597],[126.92755344095211,37.64848820497641],[126.92757449843512,37.648507103542684],[126.92758755100229,37.64851885535628],[126.92759178454679,37.64852274621975],[126.92774166197921,37.64866137902107],[126.92785842817945,37.64876938421008],[126.92793653385873,37.6488401228015],[126.9279719977211,37.64887225241161],[126.92797283073868,37.648873013570075],[126.9279880898121,37.648884711142436],[126.92799207923024,37.6488877733846],[126.92810084441118,37.64896351510168],[126.92816674635415,37.64900940593417],[126.9282019075851,37.649033422016714],[126.92845391837591,37.6492060604476],[126.9286458234008,37.64933833581101],[126.92876282314867,37.649419266110186],[126.92886369359175,37.6494890408305],[126.92895463707755,37.649551885739236],[126.9289780209669,37.64956817063552],[126.92911806136446,37.6496657524567],[126.92918861915177,37.64976288435637],[126.9291936325191,37.64976680777801],[126.9292591634052,37.64981811140744],[126.9292810943226,37.64983482005057],[126.92928594210665,37.64983727349559],[126.92948825806245,37.64994047760868],[126.92969937568732,37.65004815667811],[126.92970985386505,37.6500521263261],[126.92987617292542,37.65011548541145],[126.93000309753072,37.65016351153955],[126.93004248937663,37.65017210318603],[126.93028473156035,37.650225047659696],[126.9303808106309,37.65023781030882],[126.93044866766968,37.65024682498696],[126.9308629333861,37.65030142070545],[126.93140192692502,37.650329785364114],[126.93143107283913,37.650331319303234],[126.93154475683095,37.6503136467438],[126.9315368643049,37.650307741037984],[126.9315932177092,37.65029354800218],[126.93185310234671,37.65022823744547],[126.93187501610771,37.65022928487592],[126.93190056745601,37.650230651766385],[126.93215761237951,37.65030567512028],[126.93218571502503,37.65034135082581],[126.93219611724265,37.6503545756692],[126.93219925208584,37.650358542198816],[126.93220637155511,37.65036757356537],[126.93221507517076,37.65037862523119],[126.9322214016511,37.650386692861154],[126.93236281076277,37.650412148306],[126.93279745140354,37.65049038889193],[126.93282320407285,37.65049615324985],[126.93290974355332,37.65051560994056],[126.93321642663585,37.65058455937364],[126.93334917857233,37.65061440389375],[126.93388972357624,37.65072509414355],[126.93424177412965,37.65081459087479],[126.93453703215538,37.650889755357476],[126.93458197320469,37.65090114098243],[126.93459049526055,37.65090329995977],[126.9346211196429,37.65091007603717],[126.93471676308552,37.65093102347741],[126.93473589844135,37.650935231555565],[126.93494747343435,37.65098512082752],[126.935267068903,37.651060508218066],[126.9357056913918,37.65120265441501],[126.9358851478456,37.65132055612564],[126.9361367645899,37.651485866470956],[126.93628169349941,37.65158392644991],[126.93645473621324,37.65171747441657],[126.93665945947454,37.65188306796593],[126.93676609671427,37.65196942365149],[126.93706073513913,37.65222131749981],[126.93706652973364,37.652226649492135],[126.93716332002403,37.65231570418541],[126.93730616443709,37.65252063653276],[126.93742507243705,37.652691337326544],[126.93753709801578,37.65295634941881],[126.9375698039593,37.65303419297755],[126.9376229005529,37.65316079846095],[126.93773994121919,37.65344692181789],[126.93774724036932,37.65345781044895],[126.9378370361109,37.65359197625849],[126.93792333299926,37.653720969707],[126.93812157469488,37.65407011671381],[126.93815106337117,37.65412206392961],[126.93826161514392,37.654354593275876],[126.93841393920115,37.65467500565761],[126.93845965606951,37.65477117277884],[126.93880982114517,37.65527562912072],[126.93903625009507,37.655536471748654],[126.93928511312745,37.65581644768933],[126.93939846646198,37.65594404808728],[126.93966623334428,37.656241059890526],[126.93990473050641,37.65644549963832],[126.94006767690553,37.656584359040075],[126.94012816178768,37.6566359264982],[126.9401860654615,37.65667282602234],[126.940335213641,37.65676784819886],[126.9407691951984,37.65697871884772],[126.94084891571471,37.65702284560024],[126.94102150305837,37.65711842777669],[126.94133004395454,37.65729070172421],[126.94144345374549,37.657354023750216],[126.941573098245,37.657426473696404],[126.94158895138297,37.65743535926165],[126.94160051356056,37.65744180083143],[126.94161113963918,37.65744774133511],[126.94180147444891,37.65755415926652],[126.94206982674076,37.65770529775216],[126.94209995850022,37.657722161771105],[126.94231896767047,37.65779448911958],[126.94243796998171,37.65783379000396],[126.9426972180861,37.65791945817265],[126.94333407427085,37.65805766415462],[126.94333829737602,37.658058580007676],[126.944123229547,37.6581158432225],[126.94429390131339,37.65814564953282],[126.944396449638,37.65816358327778],[126.94472819824841,37.65824886739047],[126.94488238450846,37.65828878389857],[126.94502261249448,37.65832518603973],[126.94520549721683,37.65837623248905],[126.94568915768212,37.65851752769155],[126.94604334767175,37.65863219151924],[126.94629279241984,37.658712982731245],[126.94642592243714,37.65875610086103],[126.9465844505639,37.65881511671309],[126.9469815330997,37.65897376294006],[126.94708408469282,37.65901473420486],[126.94725690605952,37.65908381822801],[126.94751096374522,37.65918537623411],[126.94753741637008,37.659200056634845],[126.94756485282981,37.65921538518805],[126.94757947581718,37.65919290415832],[126.9476776059529,37.65904203551644],[126.94769329640286,37.65901793256644],[126.94775534550648,37.65892252058975],[126.94778616409903,37.65889128591041],[126.94780580053445,37.65887138359627],[126.94780758255492,37.65886957665649],[126.94790230367164,37.658773683904975],[126.9479670391828,37.65870814009517],[126.94798344101225,37.65864107034778],[126.94800190581623,37.658572369827546],[126.94794253534516,37.658395536425104],[126.94793946371236,37.658380119191875],[126.94792049310769,37.65828455954708],[126.9479056042095,37.65828909656822],[126.94789657512305,37.65829185744966],[126.94789486133587,37.65829226043556],[126.9478930902118,37.658292445030774],[126.9478913048713,37.65829240602916],[126.94788954838138,37.65829214543493],[126.94788786605642,37.658291667966886],[126.94788629862263,37.65829098553294],[126.94788488561916,37.65829011724612],[126.9478836609166,37.65828908219295],[126.94788265719187,37.658287907566326],[126.94788189690523,37.65828662231401],[126.94785896049729,37.65823822791062],[126.94785843077271,37.658236733727065],[126.94785823247364,37.65823518881761],[126.94785837092796,37.65823363917511],[126.9478588412539,37.65823213164598],[126.94785963064705,37.65823071123684],[126.94786071612647,37.658229419301385],[126.9478620633877,37.658228295337636],[126.9478636336449,37.658227371611986],[126.94786538020307,37.65822667674845],[126.94789734690396,37.65821657282258],[126.9479432581167,37.65820207976899],[126.94796535920801,37.65815673985824],[126.94794821270393,37.65816500233965],[126.94794656053801,37.65816565798758],[126.94794479663798,37.65816609228629],[126.94794296757198,37.6581662937364],[126.94794112100178,37.65816625625163],[126.9479393079435,37.65816598007078],[126.94793757367813,37.65816547441907],[126.94793596686763,37.65816475124156],[126.94793452931182,37.658163830563176],[126.94793329824894,37.65816273599285],[126.94793230633587,37.65816149742736],[126.94790907491206,37.65812645668452],[126.94790833131249,37.65812506154797],[126.94790789213616,37.65812358761771],[126.94790777068704,37.65812207551595],[126.94790796777168,37.65812056941168],[126.94790848082238,37.658119109852855],[126.94790929251342,37.65811774002229],[126.94791038216468,37.6581164967778],[126.94791171889287,37.65811541692942],[126.94791326393224,37.65811453003961],[126.94800801752824,37.65806922728891],[126.94803913367876,37.65800539456246],[126.94803834188782,37.657892439563895],[126.94799214423153,37.65771106109911],[126.94781335165797,37.65742156013798],[126.94777882068527,37.65733402427886],[126.94775784283699,37.65728084753783],[126.94788243348596,37.65712581040031],[126.94801155906214,37.65709243359584],[126.94812801163592,37.65706245757296],[126.94818467781467,37.65705835661905],[126.94823633512455,37.65705473064523],[126.94828637374513,37.65704739260376],[126.9483490047406,37.657038338708645],[126.94874279526239,37.65698626558172],[126.94874419790273,37.65698608015292],[126.94883281732042,37.65697436143093],[126.94912624202344,37.65681271358489],[126.94920308459008,37.65677040155538],[126.94921383934043,37.656753008294274],[126.94922821451975,37.656729868819546],[126.94923762219221,37.65671250531969],[126.94934487521918,37.65651453362864],[126.94937940464924,37.65645095801676],[126.94949027814921,37.656246972269024],[126.94955248444461,37.6561783187689],[126.94957177601998,37.6561570553298],[126.9496335752326,37.65608793209452],[126.94979116251943,37.65591176187859],[126.95010403823039,37.655799807993766],[126.95040485295185,37.65569229022204],[126.9504433532853,37.6556707420789],[126.95069033439711,37.655532500521296],[126.95077270768252,37.655486424006924],[126.9507810997839,37.655477733677195],[126.95090052637532,37.65535408066155],[126.95094196388244,37.65531142600734],[126.951053096865,37.65519703417564],[126.9512226641139,37.65506338943475],[126.95130979768001,37.654994712143626],[126.95137605492094,37.654949683297225],[126.95138594318611,37.65494794915424],[126.95153086836129,37.65492254933582],[126.95171836476206,37.654889687692865],[126.95186000301766,37.654864925657584],[126.95231457478023,37.65491636337904],[126.95257605239117,37.654923369965765],[126.95262501894169,37.65492468329921],[126.95321049729951,37.654933077915736],[126.95327567083068,37.654948482722986],[126.9533588493062,37.65496824865511],[126.95359254005348,37.655100337322786],[126.9537362155547,37.65518154491447],[126.95389062008148,37.655266381193044],[126.95394550747581,37.65529657754692],[126.95417792693917,37.65521683433378],[126.95419412607262,37.65521127415747],[126.95403219272318,37.65507608924919],[126.9540372397072,37.65498197654516],[126.95421935064579,37.654766444489276],[126.95426260330886,37.65468087109441],[126.95435154974106,37.65459531346349],[126.95455202150528,37.65453204679254],[126.95458354652772,37.65453486951488],[126.95460043483972,37.654529453075945],[126.95477803673495,37.65448849281358],[126.9548010324657,37.654483185694026],[126.9548594356344,37.65446974724009],[126.95489770032523,37.65446094138613],[126.95504435084041,37.654406104086966],[126.95518244203375,37.65433961250095],[126.95523592364712,37.654313929058915],[126.95525617163892,37.65429926053897],[126.95529054570038,37.65427443342952],[126.9553172838429,37.65423075663474],[126.9553213671433,37.65422410833148],[126.95533523695539,37.65417111903272],[126.9553533577469,37.65407905315413],[126.95536825130792,37.65403598413734],[126.95539890610024,37.653998832125374],[126.95540247440383,37.653963352316005],[126.95540661716885,37.65395073205367],[126.95542397751548,37.65389804097328],[126.95544419664326,37.65387550635597],[126.95545866746066,37.65386004139213],[126.95546278273365,37.653856772327316],[126.9554672152098,37.65385337854002],[126.95552453882945,37.65378959353622],[126.95553485713803,37.65377814646535],[126.95559139038083,37.65374775936754],[126.95570727716286,37.653685603741124],[126.95571397613993,37.65368200949034],[126.95580236139187,37.65369081768993],[126.95585100402688,37.6536623139036],[126.95593194599378,37.65359509540631],[126.95595051751323,37.65358050736276],[126.95596365673569,37.65357024048964],[126.9560291983662,37.65352127138784],[126.95602027870736,37.65350464573305],[126.95600957079131,37.65348466698509],[126.95608712090666,37.65342221250436],[126.95616326340685,37.653360930425485],[126.95624930588066,37.65330852789325],[126.95626187600958,37.65330524459353],[126.95629829181969,37.65329585200455],[126.95634823637404,37.653288834574006],[126.95636579056433,37.65326744302192],[126.956392329626,37.6532677329716],[126.95646867558632,37.65322778437557],[126.9565084832265,37.65319195052704],[126.95653246500724,37.65317042632313],[126.95641235697367,37.65317004777514],[126.95650469682977,37.65312164444356],[126.95664229856393,37.653049630006215],[126.95710810553975,37.65283723038501],[126.95746014848547,37.65187190449249],[126.95768498775766,37.65071029698183],[126.957764678563,37.65002229703558],[126.95778946183506,37.649808639008086],[126.95764843560504,37.64933307003674],[126.95762905266035,37.649267698241715],[126.95760648974475,37.64919160848704],[126.9575622613817,37.64904245526019],[126.95784247071607,37.64847047540543],[126.9578546906949,37.648445532176204],[126.95783916200114,37.64804769056163],[126.95833212333216,37.64768368099247],[126.95837734363388,37.647650297710584],[126.95854463021512,37.64742704273498],[126.95902701503418,37.646783379775044],[126.95901393760984,37.64670439540379],[126.95891991886715,37.64613660243888],[126.95909666225276,37.645834073486974],[126.95914588707964,37.64574987662074],[126.95913777051139,37.64571632240078],[126.95892375562978,37.64483153423858],[126.95890654123885,37.64476036525376],[126.95912223109256,37.64434627279373],[126.95912109018809,37.644341038021516],[126.95901970565488,37.643879044023],[126.95936533458512,37.64319965135963],[126.95934957883094,37.6430274675363],[126.95931656351112,37.64266666074717],[126.95926778174046,37.642132733533195],[126.9599125967203,37.641517623105216],[126.95997123965877,37.64146170144468],[126.9601316217639,37.640538436589885],[126.96044953571509,37.639897268869646],[126.96051025648117,37.639830896430375],[126.96056229135174,37.63967158634663],[126.96071912059425,37.63919200709284],[126.9608301247474,37.63885255335616],[126.96086186885348,37.63875547680577],[126.9611330766207,37.63847486111595],[126.96130545380285,37.638296653046794],[126.961602958222,37.63798917844372],[126.96160289249379,37.637877501793746],[126.96160275300414,37.63761018221203],[126.96160409999155,37.63718869597437],[126.96160434162034,37.63711735637543],[126.96215755960696,37.636350249043836],[126.9625407782364,37.635818856253785],[126.96272797949773,37.63524290538161],[126.9629222239427,37.63464554793508],[126.96301999018468,37.634308789651925],[126.96329090532143,37.633375586565194],[126.96332878862557,37.633245132753075],[126.96226027242456,37.63239694779513],[126.96161913648939,37.63188794081871],[126.96150735302123,37.631758767643184],[126.96108146665077,37.63126662327126],[126.96060437452633,37.63071884441815],[126.95982244013628,37.62976115473124],[126.95979765336531,37.629730047892394],[126.96011573929741,37.629775565627696],[126.96048973256384,37.62982608910339],[126.96143967069314,37.62995931824226],[126.96192754357334,37.629924484776375],[126.96376722431282,37.629793116817496],[126.96433141913886,37.6303600659593],[126.96522847925209,37.63076804216555],[126.96604731421685,37.6308155880366],[126.96634094355062,37.63075875053096],[126.96651200147512,37.6307256383506],[126.96667619227046,37.63070445201304],[126.96680161167788,37.63068826932211],[126.96708433350804,37.63070658008742],[126.96765353522852,37.630743422047274],[126.96823555142777,37.63073007310263],[126.9686821000578,37.630840569706734],[126.96938883190813,37.631015896407355],[126.97058274954917,37.63148499373995],[126.97071507718951,37.631508742767835],[126.97132755988387,37.63161865767441],[126.97253090720314,37.63215317854986],[126.97302977299415,37.632374766913614],[126.97367211330085,37.63203114315202],[126.97378696625893,37.63202363805447],[126.97445345970134,37.6319800861925],[126.9746289109124,37.63191283287141],[126.97538835632736,37.631733086583246],[126.97536907450976,37.631698169588674],[126.97557987478405,37.63175255509701],[126.97576497506729,37.63192209530123],[126.97582848903068,37.63200910861863],[126.97610068143506,37.632190488464964],[126.97622422008105,37.63223161873853],[126.97672836631317,37.63270502768519],[126.97675451515491,37.632729877233544],[126.97700602149698,37.632968901068075],[126.97719496012775,37.63333608850632],[126.9772648226644,37.63346224717831],[126.97733171282654,37.63358303870018],[126.97761027825239,37.63377399473993],[126.97780476720843,37.63391058707054],[126.97845792984948,37.63404558412953],[126.97890577639848,37.63406256299359],[126.97919821074689,37.63407866496731],[126.97965239255166,37.63420658203537],[126.98004973712655,37.634417817016285],[126.98019061201684,37.63455298928134],[126.9803801577248,37.634685917795736],[126.98060688796389,37.63481575227552],[126.98075150035602,37.63483689601368],[126.9811223574671,37.63486004428361],[126.98125529971523,37.634842057733415],[126.9814156804818,37.634829687088065],[126.98151360565116,37.63472102780062],[126.9816794204757,37.63493531724728],[126.981761538556,37.6349930570602],[126.9817880920529,37.63501172950763],[126.98199463421258,37.63515695580985],[126.9820410042446,37.63515696469914],[126.98216064395852,37.635281436258246],[126.98219690562169,37.63538251264841],[126.98228980154246,37.63553456927442],[126.98251510127821,37.635741270598274],[126.98251543404479,37.63575833165281],[126.98251597409929,37.63578603299191],[126.98260908069268,37.63582434793506],[126.98268344817798,37.635818150162685],[126.98278787359061,37.635809447705775],[126.98297759958683,37.63597587911349],[126.98313193208469,37.63610541849469],[126.98354682121116,37.636320589789406],[126.98358680440067,37.63641210082651],[126.98367412365764,37.63644473821839],[126.98370664871,37.636456888156786],[126.98386678808968,37.63644495929711],[126.98395943707116,37.63643805833669],[126.9841987744497,37.63633752701824],[126.98420224950364,37.63634030751076],[126.98442414271271,37.63651787532281],[126.98446134950609,37.63654765041495],[126.98459941629652,37.63659670587527],[126.98474438351795,37.63664821229978],[126.98485569337629,37.63681462177425],[126.98493670103119,37.637164895853694],[126.98508430387662,37.637314415663134],[126.98504478422001,37.63752868189665],[126.9850262698494,37.63758943677633],[126.98495993098136,37.637807126353096],[126.98513665251008,37.6379742672323],[126.98523355601141,37.63806591611618],[126.98519816051642,37.638269069768015],[126.98519225261813,37.638302974788836],[126.98520936247183,37.63832241916067],[126.98529384345227,37.638418432136376],[126.98539382670388,37.63859018885112],[126.98542087873268,37.63876137863523],[126.98544491796656,37.638875410561276],[126.98540751836718,37.63908798077914],[126.98542338930919,37.63923499121155],[126.98542836882626,37.63928112708368],[126.98553344392784,37.63970123114065],[126.98567623101111,37.64004445870311],[126.98589678559286,37.640192871343466],[126.98595449303109,37.64022385384341],[126.98613253852176,37.64042800329954],[126.98591238836663,37.640572568481794],[126.98588475183315,37.640590716327274],[126.98585532537557,37.64061003981971],[126.98576035081636,37.64067240752986],[126.98565714045235,37.64074018152295],[126.98526788297804,37.64135026278243],[126.98532945419151,37.64154763999561],[126.98525974967528,37.64160612460826],[126.98522426349751,37.641635897723475],[126.98519351708501,37.64159641845741],[126.98513446014408,37.6415205891527],[126.98495630097491,37.64146427120522],[126.98425704905978,37.641644914064564],[126.98400257658285,37.641957120017054],[126.98383097884899,37.642148840560075],[126.98385349723088,37.642360921475216],[126.9838539377962,37.64236506954597],[126.98387460478986,37.64256018642714],[126.98383715600652,37.64265787336832],[126.9836909037566,37.643039370772705],[126.98352557809129,37.643279507365165],[126.98324743829278,37.643683502699425],[126.98347275309807,37.64394087332351],[126.98372608118164,37.64405016496235],[126.98378069984307,37.64413761716675],[126.9838110176868,37.64418616053946],[126.98390235821564,37.6442655694022],[126.98403720238694,37.6443417028328],[126.98419018721572,37.644428076177576],[126.98419088654964,37.644463162806176],[126.98419368289983,37.64460348858351],[126.9842891228905,37.64475934107791],[126.98463863760733,37.645330092206784],[126.98464321197221,37.64533756082277],[126.98464615784232,37.64533808114324],[126.98482060088293,37.64536884038679],[126.98479544082846,37.645445978532194],[126.98485827096037,37.64559578438943],[126.98494836878182,37.64567236943215],[126.98510610537762,37.64572842519228],[126.98525796875539,37.645848951044236],[126.98541340985136,37.645946674108586],[126.98556352896762,37.64596556192907],[126.98568054821543,37.645994858089],[126.98572339025719,37.646056238294776],[126.98571824886541,37.64609284433341],[126.98557936332523,37.646102660936315],[126.9854830423989,37.64600551952935],[126.98510051643095,37.64592949765382],[126.98506858001774,37.64595509317698],[126.98494224302414,37.64605634384678],[126.98492915291098,37.646066834117306],[126.98490393213126,37.64617211529395],[126.98476310151429,37.64675999448396],[126.98481283931618,37.64683687293587],[126.98471087338508,37.64693300833215],[126.98467878634892,37.64696325938156],[126.98469338773968,37.64708615346601],[126.98471307778874,37.647251866951564],[126.98460321868542,37.64761252033244],[126.98456714472249,37.64764553274348],[126.98436712533915,37.647828586814605],[126.98398093300706,37.6481820168203],[126.9838839848981,37.6486006772394],[126.98401979427842,37.64931753120875],[126.983984526371,37.6494424533224],[126.983937209816,37.649610056781775],[126.98370708177958,37.64975856408803],[126.98249556808247,37.65054037009476],[126.98244253889199,37.650732426284186],[126.98229849835765,37.651254083121515],[126.98187379373464,37.651688444363884],[126.98167673583671,37.65231629156626],[126.98107019092161,37.6526986666396],[126.98104806818495,37.65271261390271],[126.98080571688448,37.65317628510883],[126.9804317567421,37.65378718858604],[126.980181286727,37.6543154040941],[126.97994435803189,37.654815057769675],[126.97965839148678,37.65603864563496],[126.981193622034,37.65648770550099],[126.9828567879015,37.6564496994665],[126.98300999094222,37.65700353727465],[126.98340604532173,37.6572339046053],[126.9835882397538,37.6572857628939],[126.98374157239252,37.6573294060253],[126.98433520962729,37.65773380614788],[126.98461681754135,37.65822853660123],[126.98602052221968,37.65894331911304],[126.98650969819127,37.65944285562875],[126.98654402978929,37.659485097326],[126.9872767448099,37.66060014264074],[126.98722498438532,37.66084761652096],[126.98728371908386,37.66117029029054],[126.98736526834757,37.661618255577956],[126.98775075916237,37.662732408198],[126.98775973499836,37.66288344831774],[126.98780195299143,37.66359369145236],[126.9880329851449,37.663989020165666],[126.98821084016534,37.664292978568454],[126.98826825694307,37.664391105161265],[126.98881828468276,37.66446830794492],[126.9894532867391,37.664530035986616],[126.98952921217364,37.664526112113194],[126.98999721745417,37.664499421959505],[126.99123850523146,37.66499364896109],[126.9922245193508,37.66523164213195],[126.99243454115657,37.66538341829195],[126.99274903995145,37.66553266001767],[126.9931229989494,37.666056378777675],[126.99326111293637,37.66618956179801],[126.99401724939912,37.66678312819537],[126.99408493185011,37.666932489843376],[126.9941291491488,37.667030064824296],[126.9939610550295,37.66733891709162],[126.99373346239074,37.66760324481002],[126.99356059019871,37.667804017973474],[126.99362503592022,37.66792142816541],[126.99362874276866,37.66801969737458],[126.99373742072576,37.66834472541007],[126.99383039777052,37.66862279506289],[126.99408644486758,37.66903979064631],[126.99435735606428,37.66956687584432],[126.99435060060733,37.669810985198],[126.99380243120218,37.670197243008815],[126.9939765186251,37.67184167347471],[126.99403868470887,37.672428868210744],[126.994073855171,37.672761085744256],[126.9937152616339,37.673668261856],[126.99354807719168,37.67409119851331],[126.99354343654251,37.674102939153094],[126.99356246041928,37.67411223785318],[126.99379581309441,37.674226280957804],[126.99395374751205,37.67478517460594],[126.99395816767237,37.674801221037846],[126.99398135995158,37.6749070863204],[126.99380969469104,37.67525226604868],[126.9931994807478,37.67571988148898],[126.99312508332333,37.67583192977647],[126.99314172740254,37.67591639650908],[126.99315657279764,37.676141920974686],[126.9930722212002,37.67658255339913],[126.9932666491907,37.677001518899225],[126.99311979279885,37.67722533535925],[126.99324726964896,37.67766063181854],[126.9929535892213,37.67871682570032],[126.99292441741899,37.67882173590247],[126.99243321399238,37.67914830021192],[126.9921976294351,37.679626949666435],[126.99231294818352,37.67969173802031],[126.99243314080468,37.679759266550306],[126.99321213721632,37.67997375856957],[126.99351428868228,37.68005695322887],[126.99374188192454,37.680191826621666],[126.99407575320654,37.680324182951246],[126.99417546512855,37.68046215362801],[126.99416642509723,37.68051114000024],[126.9941556156039,37.680568854472746],[126.99417190358128,37.68058800188549],[126.99473228292703,37.681244059389435],[126.99519724666185,37.68133502801282],[126.99550331444865,37.681506229384986],[126.99585293515149,37.681869446200906],[126.99635118126366,37.68220423430279],[126.99673749390264,37.682389228382526],[126.99697077144928,37.68264573441945],[126.99697465786979,37.682678674772816],[126.99700517341346,37.682934443696716],[126.99701839508337,37.68304526270309],[126.99702653041525,37.68311424191727],[126.99731130695294,37.683466195077806],[126.99753598108076,37.68345599498114],[126.99762098998661,37.683452135312244],[126.99772318761944,37.68355574222885],[126.99775378786399,37.683586439347394],[126.99786134699893,37.6835892525429],[126.99911155875647,37.68384212476923],[126.99943249119727,37.683906888755764],[127.00040196240079,37.68396715709125],[127.00051089647292,37.68397390259293],[127.00097300540592,37.684234912797955],[127.0010387242541,37.68427207868987],[127.00135473641285,37.684307280057304],[127.00139065148356,37.684311266167],[127.00168691842016,37.684344142455494],[127.00169042003643,37.684339652405264],[127.00188491345246,37.68408034307709],[127.00190067585626,37.68372668636869],[127.00190085063998,37.68372276632204],[127.00194292057041,37.6837067038403],[127.0022398905024,37.683593327413966],[127.00235970871876,37.683679125018905],[127.00274316491193,37.68395391752881],[127.00302216470111,37.68395081768642],[127.00323791655414,37.68394856572769],[127.00325204486711,37.683960393903305],[127.00355337105556,37.684213220310085],[127.00358383313628,37.68423884355552],[127.00373777695084,37.68470537261023],[127.0037771092881,37.684824470381216],[127.00427700199721,37.68494130751332],[127.00452668659968,37.68508877691625],[127.0045667043867,37.685079809161856],[127.00459122235324,37.68507434374556],[127.00552944448044,37.684865241231606],[127.006050827018,37.68505383740411],[127.00651096968996,37.68487111376773],[127.00706717142968,37.68476466742872],[127.00766230167112,37.684468155304316],[127.00835185834765,37.68445529932368],[127.00852531597329,37.68445206458987],[127.00866365630712,37.68444951161951],[127.00866592038709,37.68448556433657],[127.00857553008842,37.68483895790989],[127.0084990287363,37.68513804826987],[127.00847486151567,37.68523253310048],[127.00844015624705,37.685431596760964],[127.00858862295318,37.68744075116575],[127.0085537903741,37.68760243972431],[127.00850964888605,37.687807342469405],[127.00832742970172,37.688506721145835],[127.00832183426432,37.68870899217169],[127.0083193050253,37.68880038272758],[127.00829303063519,37.69011495375144],[127.00806775005672,37.69064526204603],[127.00806313917772,37.69065611554316],[127.00762104514048,37.691618492319186],[127.00824813181352,37.6921435417139],[127.00826664027142,37.69215903792623],[127.00971166329263,37.69336342539006],[127.00971116700565,37.693400038000455],[127.00968008947167,37.69569570417182],[127.00967229002862,37.69627166646362],[127.00966649148035,37.69669983362591],[127.00971826767272,37.69671410963174],[127.0106224949966,37.69696343893307],[127.01212460077211,37.69737760715439],[127.01319405169306,37.69824528487724],[127.01387862822295,37.698800688053346],[127.0149614470799,37.70042822230975],[127.01500894040393,37.70052619730293],[127.01519488149673,37.70095217050911],[127.01541538211741,37.7014552723295],[127.01583673365022,37.70140950052007],[127.01704715560557,37.701277975455405],[127.01779588873146,37.70119650783123],[127.01783557190048,37.70119301071691],[127.01960425831618,37.701037091308486],[127.01982736027892,37.70101742272792],[127.02214828941723,37.69972081974742],[127.02330792318196,37.700048033899364],[127.02338872970589,37.700070785589375],[127.02531540753827,37.699580546594866],[127.0258135672735,37.69979158699568],[127.02689807139224,37.700251137436936],[127.02691043998833,37.70033727291648],[127.02702219157162,37.701115405152585],[127.02768734559419,37.700937379404294],[127.02794543704536,37.70061690557103],[127.02807418865385,37.70045703319588],[127.02821597874052,37.700280970006844],[127.02831303051133,37.70016044329103],[127.02841878636522,37.700082119945726],[127.02899106723784,37.699658276396804],[127.0292855779444,37.69929162213064],[127.02954530293796,37.69837353974311],[127.02960141433181,37.69817519370233],[127.02965442076035,37.69780663014539],[127.0296579570663,37.69773418013097],[127.02971156014607,37.696636086994936],[127.02972931109277,37.6962724346402],[127.03016631732336,37.69519820435916],[127.0304540484397,37.69477580506332],[127.03047540896641,37.6947148998774],[127.03050253553609,37.69463754855792],[127.03068356394883,37.69412282424228],[127.03073382021084,37.69395172391747],[127.03073806273181,37.693937275366906],[127.03082707408878,37.69368976579521],[127.03094952901634,37.69357781661352],[127.03097247822552,37.693556835716294],[127.0309903263848,37.69341577565386],[127.03099314110736,37.69339353122414],[127.03101062699935,37.693256129111006],[127.03102613175064,37.69307452603065],[127.03110857833656,37.69303504847809],[127.03154048572105,37.6928283308278],[127.03202631623697,37.69295035658073],[127.03216986711215,37.69281521028839],[127.0322288560656,37.69258004046429],[127.03233467196488,37.6921581908663],[127.0323396582098,37.692138312888616],[127.03241428836387,37.69183903751066],[127.03253946289671,37.691858349036735],[127.03359658122935,37.69202140317964],[127.03396065736635,37.6919980253756],[127.03396186923412,37.691997947242626],[127.03425936432613,37.69222507240547],[127.03492816156684,37.69230850352191],[127.03562542809753,37.692491569585556],[127.03565050162905,37.69247216534993],[127.03577652603735,37.692374200279644],[127.03632839986666,37.69252292052239],[127.03676284933849,37.69263991885153],[127.03695376756644,37.692883847422614],[127.03700233089086,37.69294589635861],[127.03752774670234,37.69322081222837],[127.0379068422652,37.693271937295535],[127.03844771465698,37.693284652462616],[127.03849803033425,37.69328583454259],[127.03866539530463,37.69347127551651],[127.03880784002487,37.69362923369224],[127.03882079774633,37.693691171460685],[127.03883642426092,37.69376577523254],[127.03895009559494,37.693981971874656],[127.03913317100262,37.69400079703403],[127.0394286208412,37.6940311742619],[127.03957249684679,37.69404596720923],[127.03991354834531,37.69408133797195],[127.03994057695972,37.69427559521473],[127.03995351864059,37.69436857097517],[127.03999748000008,37.69468439166468],[127.04006869579408,37.694717919495744],[127.04083654608847,37.69507941386135],[127.04110878602357,37.69529978147528],[127.04131377502384,37.695323083412646],[127.0415584758644,37.695352124026456],[127.04160320724803,37.69535743189375],[127.04181262100943,37.69538228422767],[127.04198431180819,37.69512661132507],[127.04198934435696,37.69511910477097],[127.04202131410108,37.695071413411185],[127.04205695810194,37.69506940847825],[127.04217242750924,37.69506291120117],[127.04233018898204,37.695053857749016],[127.04307253412925,37.69523090588762],[127.04310323106378,37.69516446074706],[127.04319310066109,37.69496991985247],[127.043219899223,37.694911912244585],[127.04328644432535,37.69476942823939],[127.04339784226971,37.6944016755147],[127.04336918989624,37.69418236300333],[127.04335478755307,37.69407255772784],[127.04315780806671,37.69379304775159],[127.04310144482982,37.693713168058935],[127.04303724621928,37.69362218604151],[127.04327336945857,37.693570576723815],[127.04370914205471,37.693510731739686],[127.04374988902651,37.693506211498544],[127.04383560762453,37.69345522320514],[127.04383798798422,37.693453820029426],[127.0438905029817,37.69342282183024],[127.0440301399356,37.69318625983244],[127.04406554243266,37.693126287031674],[127.04431346449967,37.69309948167123],[127.0443268350102,37.693098036229074],[127.0445312577929,37.693072339497775],[127.04458368713975,37.69305655239959],[127.04462194247269,37.69303541973723],[127.04466179421043,37.69301401741965],[127.04475205377904,37.692965905005096],[127.04476486963505,37.692959073728545],[127.04481711500306,37.692936251837295],[127.0448372353236,37.692812919411395],[127.04485295269036,37.6927171849314],[127.04490432396676,37.692405485182135],[127.04505173282118,37.69238974531326],[127.04505280766887,37.69238962958314],[127.04507831217967,37.69238690591242],[127.0450920649321,37.69238543752164],[127.04509429293313,37.69238519915206],[127.0452959522019,37.6923636734979],[127.04564920863936,37.69238015220693],[127.04565005111358,37.69237034537726],[127.04578521698834,37.69239489103493],[127.04581997973825,37.69240120354538],[127.0458443959157,37.692405638386674],[127.04597312873533,37.69242901526568],[127.04596854713418,37.69246590348346],[127.04604066453382,37.69249713099901],[127.04609753959123,37.69252188503611],[127.04612448259384,37.69253345005242],[127.04613883198243,37.69253960998899],[127.0462047545936,37.692563514591406],[127.0464193287159,37.69264142186654],[127.0465233459674,37.69268333987654],[127.04675491399229,37.692717317073274],[127.04682031758483,37.69276543086263],[127.04686409988771,37.69281243582105],[127.04696462197587,37.69292051295262],[127.04707816399598,37.69300239508021],[127.04721368888393,37.69299334881517],[127.04727391459467,37.693007963471],[127.04732852699097,37.69309550748988],[127.04736469797638,37.69315236252059],[127.04744927259544,37.69325031016665],[127.04752636253632,37.69331332683413],[127.04752671495808,37.693313568841496],[127.04769070497034,37.69328097854877],[127.04775083350185,37.693269067350116],[127.04775822267216,37.693271406698315],[127.04781512238993,37.69328986331049],[127.04789136857394,37.69339401320161],[127.04796442498913,37.693492811336405],[127.04806210097608,37.693596663800555],[127.04814120518472,37.693716306622996],[127.04816160922135,37.693784422592465],[127.0481862717053,37.69386014857788],[127.04819413030887,37.693886827405834],[127.0481956629096,37.693892030345715],[127.04820946517526,37.69393889379204],[127.04821131453252,37.69394517052776],[127.04822619229216,37.693949380855244],[127.04823735183551,37.6939524773139],[127.04844165705919,37.694009553294435],[127.04862943311059,37.6940622590995],[127.04863169894764,37.694062895999345],[127.04866071722535,37.69393285143448],[127.04872071913994,37.69366397101286],[127.04875322657247,37.69352262266989],[127.04880746205347,37.6932813026169],[127.04890040404109,37.69289300109689],[127.04891984315655,37.69281134825861],[127.04896600325034,37.69269110532551],[127.0490756516358,37.69240612840554],[127.04919876067375,37.692105380876775],[127.04936572890445,37.69168974150552],[127.04951512386256,37.69148724080274],[127.04970769710548,37.69122307172411],[127.04984733056669,37.691032125314614],[127.04993361037836,37.69091414151025],[127.04996575481954,37.69087018192163],[127.04997693834787,37.69076245072576],[127.04998068389473,37.690726362231025],[127.05001258174813,37.69041911135702],[127.04996850988206,37.69021496849185],[127.04986173168932,37.68972036324643],[127.04975102969846,37.689207134013856],[127.04978008359006,37.688689315112526],[127.04979148832534,37.68848606351295],[127.04980462635473,37.68825236435866],[127.04980755634968,37.68819995414719],[127.04982002364108,37.68797700349281],[127.04996991577381,37.68764328281027],[127.0499847094546,37.68761034875202],[127.0504662117511,37.6868268735692],[127.050643145175,37.686507802510675],[127.05082673103296,37.68627677238615],[127.05086512347106,37.68622845674086],[127.05092067433661,37.68615855194358],[127.05108569422407,37.68605515940454],[127.05136797691976,37.68592158014223],[127.05137579274924,37.68591963956513],[127.05177862904155,37.68581968504071],[127.05179813615756,37.68581484692538],[127.05180331660623,37.68581359032892],[127.05180333307042,37.68583837159111],[127.05180352041683,37.68611595886656],[127.05180352398116,37.686121020755785],[127.05180364467392,37.68630263042321],[127.05180375876682,37.68647063536855],[127.05180384773246,37.68660248241666],[127.05180385241604,37.68660811214831],[127.05180389861943,37.68667808445684],[127.05180390607282,37.68668815415572],[127.05180416144309,37.68706676102611],[127.051967054643,37.68720352964972],[127.05198494391725,37.68721844253413],[127.05206063018085,37.68728288317759],[127.05214429112483,37.68735239430039],[127.05222706527364,37.68742077713528],[127.05239930948082,37.68749841189164],[127.0526190363753,37.68759742404028],[127.05277283976727,37.68766633551415],[127.0528081073418,37.68768124026759],[127.05287384462751,37.68771865681155],[127.05294438205321,37.6877617086101],[127.05296831285385,37.68777464509554],[127.0530264392097,37.68780953241117],[127.05310937373343,37.687858212138934],[127.05317724321651,37.687898717342435],[127.05326674446452,37.687950493575734],[127.0532738377764,37.68795463772588],[127.05340161031053,37.68802926876025],[127.05347675099082,37.68807343729598],[127.05355720762087,37.688115918787844],[127.05362312304601,37.68815023320677],[127.05365980385388,37.68816936308586],[127.05369187692885,37.68818708926836],[127.05369573688634,37.688189121055146],[127.05375975754909,37.688222809913775],[127.05385934719858,37.688274571593546],[127.05402326658185,37.68836150486145],[127.0540353234096,37.68836713149785],[127.05408636101589,37.68839384885941],[127.05415264101082,37.68842986787587],[127.05419304073108,37.68845152636197],[127.05431248021328,37.688515667665],[127.05437337531431,37.68854826458313],[127.05446329239768,37.688596398298834],[127.05447621942591,37.68860331888357],[127.05463040104804,37.688685861089276],[127.05469012738241,37.68871821547826],[127.05469544934581,37.68872271879415],[127.0547599709833,37.68878773024713],[127.05487253964667,37.68889945333432],[127.05499592572993,37.689021587845616],[127.0550946660486,37.68912205319101],[127.05517872806611,37.689204798806294],[127.0552068326966,37.6892047840356],[127.05522968024034,37.68920477466807],[127.05542955778695,37.689204675693674],[127.0556188734731,37.68920459606878],[127.05562649083708,37.689204592324984],[127.05573401859547,37.689204543192815],[127.05586458218457,37.68920448337856],[127.0561026690102,37.68920437213172],[127.05611400657956,37.689204367938565],[127.05617746116445,37.689204338173035],[127.05622548804224,37.68922261583437],[127.05626216393989,37.68923667940596],[127.05636830179647,37.68927689592598],[127.0564606252408,37.68931175516019],[127.0565378926695,37.68934100009942],[127.0567641742952,37.68942677600249],[127.0568465777856,37.68947544389287],[127.05691144485844,37.68951370396737],[127.0569311081481,37.68951932643946],[127.05696782664988,37.68953542695923],[127.05699011703891,37.68954520180734],[127.05702840464548,37.689561796724114],[127.05706083046745,37.68957613431106],[127.05709645258256,37.68959160514909],[127.05714128603891,37.689611018739086],[127.05719069068543,37.68963267396111],[127.05723922686335,37.68963405497262],[127.05727554236836,37.68963516295008],[127.0573061884276,37.68963599726084],[127.05732779876621,37.68963654527307],[127.0573554391711,37.68963737730167],[127.05738785461078,37.689638211022036],[127.0579549296264,37.68965398420481],[127.05817261339666,37.68966992792404],[127.05839034037406,37.68968586960074],[127.05870652633753,37.68987830660955],[127.05883784040643,37.689941310626814],[127.05955309355993,37.69028445651559],[127.05966013741194,37.6903319832501],[127.05991854306919,37.69058654808294],[127.05997321678977,37.6906404083223],[127.06061625579159,37.691273867271384],[127.0612091953379,37.69216974612724],[127.06166787775501,37.69241418028446],[127.06174276950149,37.692572378950445],[127.06220905327426,37.6928052661637],[127.06236779726484,37.69302423694398],[127.06237354488427,37.693135159770364],[127.06239478832673,37.69354649582385],[127.06260174894655,37.69424379368767],[127.06273214155837,37.694675910789016],[127.06305928587899,37.69479906439147],[127.06338631414057,37.69492188406591],[127.06458484164823,37.69455388599416],[127.06532554296412,37.694763185518916],[127.0663080140245,37.694441734583606],[127.06757699722655,37.69468033331671],[127.06771564295391,37.69473170192378],[127.06782718989842,37.69477302938237],[127.06795783233885,37.69458318138967],[127.06802812939634,37.694481029769015],[127.06829854000907,37.69435727230189],[127.06854802539596,37.694000402270945],[127.06871528160495,37.69395426029464],[127.06883210862549,37.69392202870858],[127.06902764867927,37.69386808322978],[127.06915108875567,37.69368953186826],[127.06955710830205,37.69378950121476],[127.06982278385505,37.69398106964781],[127.0706443613689,37.6938108353689],[127.07087894481435,37.6937000558608],[127.07120144714652,37.69371815780241],[127.07265760129336,37.69379950168323],[127.07313786539247,37.69397574777163],[127.07323166617147,37.694020827529094],[127.07323426558952,37.69402207716747],[127.0733982351255,37.69410087712087],[127.07378270008134,37.694493691790825],[127.07393007438534,37.69464423281132],[127.07448636283675,37.695009628182596],[127.07490680570281,37.695219680913176],[127.07580930917597,37.69543000616983],[127.07819627966877,37.6959865108033],[127.08110488365921,37.696137462338186],[127.08230154666951,37.69532088981928],[127.08384328774393,37.694268889700695],[127.08385283149154,37.69386666210457],[127.08387832343725,37.69279212303745],[127.083895504351,37.692142341934534],[127.08390501956332,37.69178245232045],[127.08481406691791,37.69078735529572],[127.08503096692905,37.69054991937729],[127.08517719650642,37.690389849932586],[127.08653063150804,37.68991220772352],[127.088453579866,37.6899026399447],[127.08868199269618,37.689866459719646],[127.08931815932209,37.68976568803683],[127.09055188829058,37.689570251965144],[127.09060507156401,37.68958078660113],[127.09238424733107,37.68993318466489],[127.09303672320956,37.68996646560505],[127.09428938995173,37.689131805951035],[127.09509714260578,37.68938484956856],[127.09562939399663,37.68919902034156],[127.0959959615387,37.68907104734911],[127.09558483207323,37.68839509026293],[127.09608075047932,37.687907043855716],[127.09611800445774,37.68777897677281],[127.0961184459356,37.68777746134268],[127.09629522650808,37.68716976020739],[127.09642514722428,37.68626418107412],[127.09642446467842,37.68605357159165],[127.09642311397639,37.68563744067569],[127.09604524893005,37.68519655354827],[127.09580983603882,37.68464039264337],[127.0957887839625,37.68462349531228],[127.09517615724694,37.684131770195144],[127.09428757858892,37.68341853763273],[127.09414882336195,37.68308049843847],[127.09388322987837,37.682741721308474],[127.09339224928382,37.68218969278012],[127.09291905306351,37.68155150204073],[127.09296679649894,37.68119754567324],[127.09292760162037,37.68093495029359],[127.09279480850431,37.68004527886563],[127.09253077252764,37.679517297838515],[127.09217420251048,37.67920954802026],[127.09194656429334,37.67919029862169],[127.09194307508871,37.67884447645989],[127.09194153838244,37.67869251533407],[127.09218959051042,37.67803010720555],[127.09247959836713,37.6776430341393],[127.0925368009888,37.677573623583825],[127.0925383204723,37.67757177929673],[127.09257456421537,37.67752780315217],[127.09261435593365,37.6774745609226],[127.0929679065548,37.67734533610266],[127.09334000129093,37.67688357298569],[127.09353004394613,37.676738715871174],[127.09385373233717,37.67665934457909],[127.09388584553957,37.67614295118855],[127.09401436389429,37.67579709664339],[127.09396277384646,37.675617231805354],[127.09427543481888,37.67465998324946],[127.0945423471507,37.67377577378759],[127.09454647323857,37.673762101210485],[127.09461462761881,37.67353631779113],[127.0949193969218,37.673083900889516],[127.09501789004278,37.673000577262215],[127.09514692255749,37.67289141707674],[127.09558792617726,37.67273191473621],[127.09575076466321,37.67267301824125],[127.09601892745428,37.67185037863648],[127.09589101266599,37.67163501448932],[127.095720404579,37.671347766638135],[127.09580571140984,37.67115989997916],[127.09574870003448,37.67061964101818],[127.09577360244221,37.67056106208785],[127.09595627273549,37.670193498109576],[127.09601296919759,37.67007941386783],[127.09644725760583,37.6696891064896],[127.09623736533575,37.66882941407428],[127.09511937811926,37.66773692023932],[127.0949792949238,37.66760002761905],[127.094887633782,37.66727177010628],[127.0945810010506,37.66617361293007],[127.09458063288353,37.66617230022154],[127.09468001542207,37.66492127885982],[127.095410631962,37.66388964503329],[127.0951529781434,37.66376964224348],[127.09414211751823,37.663298825759746],[127.09369911927288,37.66263601032432],[127.09325682611149,37.661974239347856],[127.09217357772346,37.660792548284384],[127.09120691429797,37.659334557161664],[127.09113228820974,37.65824302519435],[127.09157430069389,37.65777245615709],[127.09189132307986,37.65743495183739],[127.09216298024299,37.65628826878704],[127.09219601623957,37.65614881638704],[127.09235164818269,37.65549186234095],[127.09256858175898,37.6550551902237],[127.09281029773109,37.654568624069704],[127.09286741456927,37.65445365916245],[127.09290882891948,37.65431393258131],[127.09306632398007,37.65378255901016],[127.09356843343217,37.65331872945323],[127.09391574357711,37.65296173044631],[127.09400788496889,37.65272853088641],[127.09400978064413,37.652717665477695],[127.09404075489685,37.65254014188578],[127.09403529754886,37.65241852005334],[127.09399991194167,37.652295226891844],[127.09392825448582,37.652197300495125],[127.09372461462009,37.651900701023344],[127.09360121291213,37.651617838214406],[127.09336684337897,37.65122721825486],[127.0933456693474,37.65086008809386],[127.09326587568297,37.65061772810035],[127.09276147334059,37.65004525541225],[127.09246588040037,37.649709767069325],[127.09271561280102,37.64934637362476],[127.09263743346251,37.648972250318835],[127.09268080756023,37.64867411397553],[127.0926944995822,37.6485799939535],[127.09286424749993,37.64841293552316],[127.09291112495536,37.648366800964205],[127.09291696142115,37.648361055244315],[127.09292759512155,37.64832438313964],[127.09295636753644,37.648225154054245],[127.09295664132182,37.64822421490322],[127.09306875992378,37.64783753373582],[127.09360576596391,37.647543422341705],[127.09367315520252,37.647506513021874],[127.09383403961239,37.647321966406984],[127.09364645784855,37.64667434246269],[127.09363240973585,37.646625840824576],[127.09404943347486,37.64611140000224],[127.09436948358419,37.64593376454361],[127.0943691184702,37.64592419648097],[127.09442043634462,37.645887968754984],[127.09447453979892,37.64584977304485],[127.09449413875944,37.64574324721342],[127.09453784872316,37.64550566759176],[127.09438136887876,37.644955916105545],[127.09452917385183,37.644656509145484],[127.09456997187762,37.64457059494302],[127.0975589108154,37.64396483039029],[127.0989080643092,37.644034397064736],[127.0997725925261,37.64446417659637],[127.10159264341422,37.64477235769554],[127.10280013803776,37.64520492221698],[127.1028710139458,37.64538075515689],[127.10288238956828,37.64540897561167],[127.1030537394417,37.64542281547758],[127.10386737239848,37.645488524142614],[127.1038347471253,37.645546925001696],[127.10383415283107,37.64554826509957],[127.1038338314245,37.64554966109551],[127.10383378874069,37.64555108146221],[127.10383402837658,37.6455524892569],[127.10383454258415,37.645553849301336],[127.10383531793825,37.645555128200876],[127.10383633759879,37.64555629525341],[127.1038375745191,37.645557320624],[127.10383899937113,37.64555817717397],[127.1038405748443,37.64555884675119],[127.10400640877567,37.64561636361948],[127.1040232321914,37.64562183082538],[127.10402507518032,37.645622287680766],[127.10402698753498,37.64562248969003],[127.10402891487956,37.64562243036132],[127.10403080279039,37.64562211221595],[127.10403259567201,37.645621544982085],[127.10403424017214,37.64562074290207],[127.10403569194925,37.645619731064556],[127.10403690437559,37.6456185381559],[127.10403784552588,37.64561719922118],[127.10404053100808,37.64561248071227],[127.10411721514768,37.64548033138457],[127.1053121467187,37.64540432689305],[127.1057185611891,37.64539564315493],[127.10571840209009,37.645396148274344],[127.10571826004917,37.64539771522805],[127.10571846489977,37.645399277031736],[127.10571900555445,37.645400786778715],[127.10571986864434,37.64540220025868],[127.10572102606491,37.64540347321212],[127.10577469288125,37.645452740378865],[127.10575785034801,37.645464384376815],[127.10575649213658,37.645465499300926],[127.10575539600718,37.645466784552546],[127.10575459391765,37.64546819877692],[127.10575410761462,37.64546970238782],[127.10575395320555,37.64547125037208],[127.10575413547711,37.64547279497481],[127.10575464898561,37.64547429381481],[127.10575547698065,37.645475699065194],[127.10575659700137,37.64547697099192],[127.10579500257,37.64551344491982],[127.10579624979465,37.64551445588294],[127.10579768040292,37.64551529980978],[127.10579926050805,37.6455159540536],[127.10580094937943,37.64551640405692],[127.10580270627199,37.64551663796616],[127.10580448814036,37.64551665022944],[127.10580624851004,37.6455164406915],[127.10580794768372,37.64551601372636],[127.1058095413968,37.64551538000222],[127.10581098988536,37.645514556511614],[127.10591183956858,37.64544710644299],[127.10591221946568,37.645446861646484],[127.10598443419649,37.64540265062116],[127.10599099664017,37.645410093262136],[127.10599217071562,37.645411218448956],[127.10599355990311,37.645412178507826],[127.10599512467215,37.64541294626652],[127.10599682658288,37.645413502668596],[127.10599861923222,37.64541383403895],[127.10600045506459,37.645413930303995],[127.10600228648623,37.64541378860083],[127.10600406359347,37.6454134141708],[127.10600574214085,37.645412814076835],[127.1060072766874,37.64541200709531],[127.10604465043248,37.64538867455879],[127.1065763784873,37.645377309262535],[127.10720062215813,37.64514757578445],[127.10769224228248,37.644966646303935],[127.10780859072052,37.64477974119611],[127.10786269670211,37.64469282104932],[127.10800613027365,37.64446013120425],[127.10809965559771,37.64435072731482],[127.10842837612921,37.64396618716105],[127.10866996069241,37.64366554485184],[127.10870475012096,37.64362177042905],[127.10871183716083,37.643612854451554],[127.10881569300297,37.64348344295682],[127.10882088669734,37.643476971436186],[127.10884049768289,37.64345253445157],[127.1090463530451,37.643177828788204],[127.10928861326686,37.642858888406494],[127.1098622507456,37.642509497819795],[127.10989832934085,37.64248752258727],[127.10997478783992,37.64250909476246],[127.11030515023675,37.64260230245404],[127.11075129274927,37.642730280083974],[127.1111547030126,37.64256350877068],[127.11120933410193,37.64246329221375],[127.11125728154587,37.64237533255536],[127.11128994988239,37.64231533166258],[127.11142379987267,37.64208686298461],[127.1114295933062,37.6419286284617],[127.11138491865583,37.641699794320154],[127.11134539782046,37.64149736385121],[127.11139302223874,37.64145320366022],[127.11161500641037,37.64124737011178],[127.1116731684708,37.64097935710578],[127.11168323261289,37.64093297303532],[127.11171241800459,37.640798477429],[127.11176033318556,37.640759302449105],[127.11178492452736,37.6407389220554],[127.11178486698705,37.64073843514256],[127.11178502239382,37.64073688715213],[127.11178551081544,37.64073538262045],[127.11182051797172,37.64065633583479],[127.11182132216567,37.64065492067321],[127.11182242151528,37.64065363627573],[127.11182377954842,37.640652521279875],[127.11182535869231,37.64065160801028],[127.11182711232539,37.64065092515644],[127.11182898594346,37.640650491467134],[127.11183092735146,37.64065031758671],[127.1118328764249,37.64065041323208],[127.11183477538583,37.640650772805124],[127.11187759327699,37.64066212724219],[127.11214726665821,37.64043864176042],[127.11218316864971,37.640408888476586],[127.11221659513753,37.64036997303709],[127.11212424498856,37.64031193683507],[127.11212286186274,37.64031090385901],[127.11212171309867,37.64030970400422],[127.1121208325357,37.64030836892883],[127.11212024492696,37.64030693386651],[127.1121199636488,37.6403054421256],[127.1121200020964,37.64030393340902],[127.11212035436822,37.64030245276438],[127.1121210134714,37.640301037123656],[127.11212151694852,37.64030034114184],[127.11212195877431,37.640299730584644],[127.11212316629174,37.64029856822073],[127.11215706438993,37.64027096976895],[127.11228573847727,37.640179215370246],[127.11205880340694,37.6398135952544],[127.1117291226585,37.639736184369596],[127.11139134350259,37.639865385285184],[127.11113544210063,37.63994393212656],[127.111013806498,37.63981990156256],[127.11056632523666,37.639363609200565],[127.11060453762771,37.63924779686362],[127.11056643009174,37.63916480999407],[127.11055885857535,37.63914832202599],[127.11055904128335,37.63912634795919],[127.11054931029864,37.63912619415702],[127.11055878044196,37.63906666216373],[127.1105582561186,37.639065487789594],[127.1105579329017,37.63906400311699],[127.11055792375724,37.63906249784893],[127.11055822961163,37.63906101164745],[127.11055884230032,37.63905958865127],[127.11055974577178,37.63905826395965],[127.110560190161,37.6390578147565],[127.11056223162969,37.63904497830086],[127.11057222583733,37.63903118202957],[127.11056341018275,37.63902982255288],[127.11056503661986,37.63898792462262],[127.11058041010503,37.63892419203774],[127.11061327018244,37.63878795388018],[127.11061999188182,37.638736843942574],[127.11075590534516,37.638766585980505],[127.11077018136828,37.63871742531804],[127.11077152943598,37.6387127851599],[127.11079692823468,37.63862531908104],[127.11080177941925,37.638605318123034],[127.11084942241128,37.63840888037697],[127.11087689602827,37.638334294961076],[127.11088537287428,37.63831128196025],[127.11089486030099,37.63828552771084],[127.11089606980235,37.63828224361089],[127.11090335208172,37.63826247419751],[127.11096373651463,37.6382160451964],[127.11104464462143,37.63820971144329],[127.11108152378526,37.63819611371971],[127.11108762347381,37.63819402649341],[127.11109196547886,37.63819253917346],[127.11112400815898,37.63818157092716],[127.11113201202001,37.6381788301938],[127.11155819128793,37.63803293709412],[127.11159852137985,37.63799063567281],[127.11160408738766,37.63798154324911],[127.11160790893966,37.63797530142968],[127.11161928659487,37.63797916777729],[127.1116210183499,37.637979627753445],[127.11162282155875,37.63797986082709],[127.11162464637012,37.637979863228665],[127.11162644973308,37.637979631211174],[127.1116281828828,37.63797917002212],[127.11162979926023,37.63797849663369],[127.11163125913495,37.63797762263254],[127.11163252382555,37.63797657583288],[127.11163355920301,37.637975380458585],[127.11163434016807,37.6379740679739],[127.1116648290417,37.63790968915447],[127.11166535357513,37.63790821178162],[127.11166555534928,37.63790668287135],[127.11166542617227,37.63790515197043],[127.11166497263817,37.63790365875953],[127.11166420697523,37.63790224924723],[127.11166315051662,37.63790096226142],[127.11166183592006,37.637899838469835],[127.1116602993046,37.63789890683429],[127.11165858586592,37.63789819454369],[127.1116556994621,37.63789723863571],[127.11168699657357,37.63784611487578],[127.11178006689663,37.637692337040974],[127.11190438188505,37.63748692677802],[127.11190976218316,37.63747778685841],[127.11195064898176,37.63740832795602],[127.1119778410339,37.63736297271031],[127.11195092308888,37.637355405758456],[127.11200435073177,37.63726465335627],[127.11208194648212,37.63713284862687],[127.11219862364224,37.63714315595184],[127.11222917817851,37.637096950917716],[127.11231381847823,37.63687247443397],[127.1124831920665,37.63648912112165],[127.11234792119158,37.636386315112986],[127.11231427415393,37.63642353807932],[127.11231306006161,37.636424669778876],[127.11231162698176,37.6364256295042],[127.11231001588025,37.6364263858429],[127.11230826991485,37.63642692181134],[127.1123064367581,37.63642722404606],[127.11230456521598,37.63642727918731],[127.11230270853896,37.636427091015456],[127.11230091545342,37.63642666149329],[127.11229923689625,37.636426003406946],[127.11229771585192,37.636425133121826],[127.11223072843032,37.63637970173844],[127.11223048338461,37.6363795278757],[127.11222917855686,37.63637849065098],[127.11222810575524,37.63637729735559],[127.11222728973617,37.63637598232186],[127.11222675299885,37.636374578071965],[127.1122265123379,37.636373124320116],[127.11222657095675,37.63637165893312],[127.11222692979206,37.63637021977041],[127.11222757731318,37.63636884465029],[127.11222849743724,37.63636757498164],[127.11222868903135,37.636367347572225],[127.11226605891123,37.636324096981824],[127.11221344773088,37.63628411366467],[127.11222406719787,37.63608422943691],[127.11225168398781,37.635564420645075],[127.11254861326618,37.635251341085095],[127.11234696509288,37.63475655112372],[127.11240727734994,37.63425110790544],[127.11225127468606,37.63417311606428],[127.1119224336895,37.63400871464889],[127.11160232330067,37.63384867650571],[127.11172978170643,37.633592986311825],[127.11220344746793,37.63264276677003],[127.11163231881163,37.63150328394788],[127.11137117113434,37.631227882745186],[127.11131321351942,37.631180509321155],[127.11082549202689,37.630781845476385],[127.11015329758456,37.63035506219738],[127.10950758995989,37.629818795675],[127.1094038469098,37.62973263557265],[127.10888475951285,37.62930151878155],[127.1085533058482,37.62907808481207],[127.10702529426295,37.62804801712981],[127.10691074978062,37.62800162840275],[127.10671844261009,37.62792374801019],[127.10590634722996,37.627594863611534],[127.1059267822864,37.62750044241262],[127.10596351465779,37.62733070904705],[127.10540230812443,37.625727749472674],[127.10528686618984,37.62559005653094],[127.10501475483034,37.62526549208687],[127.10499224539521,37.62497766149538],[127.10491437795406,37.62398196398213],[127.10432790785065,37.62327070382613],[127.10406685468939,37.62165704270821],[127.1040662194155,37.621653113427264],[127.10407381016957,37.62165234120884],[127.104909096143,37.62156734383559],[127.1049382603431,37.62141668292372],[127.10515276576467,37.621168310357135],[127.1053828499084,37.620901895933756],[127.10545741943648,37.62077215995472],[127.1056619893712,37.62041624645281],[127.10555602851588,37.62037074224132],[127.10555703524477,37.62034341238751],[127.10556180259769,37.620212766070665],[127.10556454891643,37.620156873070094],[127.10575839800724,37.6202584901996],[127.1059853497826,37.620325072390266],[127.10604063732796,37.62034129097367],[127.10623503798364,37.62044833254037],[127.10643590708214,37.62055885651654],[127.10653558242113,37.620546429511],[127.1066541520895,37.62053164530021],[127.10708525453491,37.620465386210654],[127.10724330251514,37.62050268625206],[127.10724291240294,37.62050662111751],[127.10733101962914,37.62050442663754],[127.10743033534325,37.620501949404535],[127.10753474386034,37.62049875623479],[127.10757714307852,37.6204971134879],[127.10758209488576,37.62049692174535],[127.10784922274414,37.62048656824489],[127.10792126135287,37.620483782721955],[127.10858078994413,37.620505104186265],[127.10894605839354,37.620516911437235],[127.10903755650581,37.62051570577859],[127.10906641072768,37.620515408390105],[127.1091280015934,37.620514775977156],[127.10996730792682,37.62069307705779],[127.11001847568131,37.62070401271408],[127.11009919147403,37.62075930462206],[127.11017526325195,37.620811418320805],[127.11046176129008,37.62102147868],[127.11051920591893,37.62105458353636],[127.11091505251201,37.620869866702385],[127.11094158973708,37.62086083171049],[127.1113050446261,37.62069184064454],[127.11192980721684,37.62040487956297],[127.11214286321469,37.62030701639723],[127.11291730989964,37.62015790482446],[127.11331794169244,37.62007901234299],[127.11333272750186,37.62007610078377],[127.11339856659703,37.620063135267394],[127.11350524050654,37.62003741065894],[127.11393899875358,37.619895652228024],[127.11441572601744,37.61973584080223],[127.11502122239035,37.61953761144743],[127.11505099059292,37.61954194397338],[127.11511895893446,37.61955189928694],[127.11554461776821,37.61961424831466],[127.11571513988241,37.61963434037396],[127.1158435831759,37.61944904044047],[127.11606173806929,37.6191339774719],[127.11607923265534,37.61911481324754],[127.11619332983611,37.618947782433494],[127.11620336681013,37.61893309073514],[127.11587328803161,37.6185831553976],[127.1163794970782,37.618307128002066],[127.11651006761208,37.61823592985942],[127.11682801017785,37.618062476128],[127.1171470216568,37.617888440027585],[127.11713561325769,37.617836084532705],[127.11709041015334,37.617676205378054],[127.11702367359396,37.61744228485936],[127.11701647475986,37.617403428912965],[127.1170160094949,37.61740091175318],[127.11700993320743,37.61736853650395],[127.11701840852176,37.61734740857693],[127.1171224123879,37.61708631137847],[127.11725242156275,37.61674187006074],[127.11725530482481,37.61673423061054],[127.11699384305217,37.61645574229721],[127.11690521294479,37.61636714455215],[127.11687860898485,37.616324932082016],[127.11667194501013,37.6160154236298],[127.11670351904945,37.6157189155964],[127.11671371808829,37.615671883255935],[127.11671404360003,37.61566917307115],[127.11673625166253,37.615484061415785],[127.11674704782668,37.61539441277026],[127.1167908443091,37.61503069510956],[127.11679111415117,37.61502845434364],[127.11679649419861,37.61495467428421],[127.11667571937718,37.61467295637307],[127.11683397753475,37.61445586427916],[127.11701140408697,37.61421247617212],[127.11706104524337,37.614144380290874],[127.11707990863589,37.613979086334155],[127.11708589277333,37.6139602234954],[127.1171040680839,37.61381154357471],[127.11712800824252,37.613611611195026],[127.11715224279845,37.61337677160162],[127.1171858098642,37.61311568718408],[127.11721588608397,37.612881729093424],[127.11724417198353,37.61262829974817],[127.11727487447274,37.6125375888917],[127.11736150076953,37.61228163835403],[127.11737381298046,37.61224525585268],[127.1174167380356,37.611958874782786],[127.11748333563486,37.61177128745801],[127.11737452096875,37.61144451011426],[127.11731750451341,37.611272078311785],[127.11731228507173,37.61125629957555],[127.11728721895976,37.61118049904309],[127.11721246783782,37.6110175485965],[127.11708301346194,37.61086702591591],[127.11704601098266,37.61082400184698],[127.11704139116603,37.61081724930498],[127.1169623008948,37.610706108316656],[127.11694586305691,37.61067562827438],[127.11693040616116,37.61064696672177],[127.11688065731924,37.61055471485154],[127.11682807992425,37.610426376557236],[127.11680814831423,37.61035431784237],[127.11678821822198,37.61028197069802],[127.11676444736182,37.610129673527105],[127.11677037296401,37.60984417382755],[127.11677932379173,37.60978939302595],[127.11678440855496,37.60975828790862],[127.11687784321529,37.60953069979107],[127.116878511855,37.60950902101595],[127.11671158416533,37.60889848129026],[127.11669805969899,37.60884924286573],[127.11679798351337,37.60886009147389],[127.1172623246529,37.60865242323031],[127.11753793914924,37.60847899487099],[127.11803259119917,37.608173588018595],[127.11828565981695,37.60785263298673],[127.1184769296622,37.60761284564379],[127.11836910939108,37.60734941603494],[127.11835068515803,37.60730483451331],[127.11833002828828,37.60725485031622],[127.11827170294555,37.60711192105574],[127.11816464785863,37.606849572626224],[127.11806090598914,37.60659149006302],[127.1180320778367,37.60625364017411],[127.11800030374701,37.60591212757148],[127.11799786914565,37.60588596715718],[127.11808347309471,37.60563050730815],[127.11809363123626,37.605566870046715],[127.1180938509924,37.60555291612909],[127.11809513261443,37.60547242382636],[127.11809556996276,37.605443830961136],[127.11807036518687,37.60493845876461],[127.11806709699017,37.60489142319311],[127.11804701001869,37.60460229759234],[127.11755469975719,37.604116820414646],[127.1173771202201,37.60393707895737],[127.11709396482216,37.60351212797883],[127.11701583113162,37.60339486897154],[127.11694444412927,37.60322657237896],[127.11689263485154,37.60310250883739],[127.11687181067384,37.60305264549289],[127.11673911446016,37.60295141354884],[127.11657472476661,37.60282543750285],[127.11644752701832,37.602727570690355],[127.11636865336885,37.602667400078275],[127.11637772111386,37.60266738989403],[127.11572270297549,37.60210856977023],[127.11571209383392,37.602014020103255],[127.11570656293574,37.60196471650377],[127.11563258369739,37.601840892063976],[127.11558444899875,37.601718190109416],[127.115551319693,37.60166632691648],[127.11552686860249,37.60162805093106],[127.11538384875381,37.60140415660831],[127.11529375427858,37.60127022221036],[127.11510239199242,37.600975901917785],[127.11496423587069,37.6007662777162],[127.1149005390492,37.600719299049835],[127.11487533797316,37.600700712183844],[127.11487500165806,37.600700464117594],[127.1147564563275,37.60061303153687],[127.11421860349819,37.60021607139001],[127.11409999454062,37.600128533382076],[127.11408193294356,37.60012094718336],[127.11406606984175,37.60007988046024],[127.11402224798591,37.59996643074076],[127.11404020707829,37.599792974938225],[127.11406386134425,37.599520964732704],[127.11440150556324,37.59912647470935],[127.11445843648121,37.599059959271884],[127.11447064668086,37.599054603699],[127.11448257999248,37.59903814263466],[127.11466529654523,37.59878604329286],[127.11487513099473,37.59849653073034],[127.11505837772665,37.59824369157418],[127.1151788491022,37.59807747415767],[127.11548924151464,37.5976542815002],[127.11572670147689,37.59731448830322],[127.11612647107397,37.59668172973517],[127.11644313915038,37.59619235724688],[127.11687748411363,37.59549704941412],[127.11675126403944,37.594645456276375],[127.1166644867676,37.59401654621197],[127.1161999535143,37.5938300170705],[127.11569009258713,37.59362528453705],[127.11552687343848,37.59356012097907],[127.11548546016941,37.59354860926775],[127.11543854378596,37.59353713549542],[127.11541324944407,37.59353095005796],[127.11518180883776,37.59351033272075],[127.11502820428213,37.59349020768669],[127.11487560519325,37.59347501610235],[127.1144540107051,37.59343304123373],[127.11426839002864,37.59341604646197],[127.11366535032478,37.593356362683274],[127.11355465394071,37.593323777141904],[127.11333737161448,37.59325981800523],[127.11330562810527,37.59320713482831],[127.11313732322948,37.59292782638085],[127.11309455902693,37.59285685744649],[127.11291779690873,37.59257285828084],[127.11268508486782,37.5921989659675],[127.1124295372981,37.59187919080035],[127.11241370704096,37.59185937948351],[127.11241171321798,37.59185636333769],[127.11214046329349,37.59144546293151],[127.11186047985724,37.591018605451225],[127.11102550547132,37.58969969654842],[127.11085468807468,37.58942987033231],[127.11083349402591,37.5893974961574],[127.11067525840969,37.58915579444204],[127.11052351831358,37.5884576714559],[127.11043059909724,37.58807145997567],[127.11029780238391,37.58774554310868],[127.11015453275849,37.58743032834413],[127.11015440286661,37.58743004128648],[127.1100228674792,37.58663701727386],[127.11001280584063,37.586463177090714],[127.10998693715742,37.58601621766494],[127.10994422397314,37.58595741318624],[127.10973285468347,37.58524413570721],[127.10942695351898,37.58465150235799],[127.10938001039774,37.58456055600885],[127.10937649266958,37.58409232634817],[127.10923076636907,37.58386693234947],[127.1090616182133,37.58360523359873],[127.1089787016534,37.58340789173478],[127.10896665571998,37.5833792268057],[127.10851346925114,37.5832681513336],[127.10843770916574,37.58323752460386],[127.1084229905146,37.58322918878047],[127.10834139763739,37.58318299257534],[127.10834136774292,37.58316102661327],[127.10781026870401,37.58287573144275],[127.10763031486796,37.58271567944747],[127.10759737325635,37.58268614812543],[127.1074133009359,37.58249485398255],[127.10738283359271,37.58246306844404],[127.10737344376778,37.58245068693397],[127.10724128912007,37.5823148106519],[127.10717454252566,37.58230422664432],[127.1069146653173,37.58226301716167],[127.10669511466311,37.58212158802916],[127.1065227671719,37.58207639960471],[127.10647250229536,37.58206322197673],[127.10632703655263,37.582024337680544],[127.10628668509128,37.58201355276524],[127.10622297764104,37.58199586851869],[127.10613132114783,37.58197201949972],[127.10608404794912,37.581959412327514],[127.10605239375475,37.58195097101854],[127.10599453393515,37.58193693859918],[127.10587238583365,37.58187707787005],[127.10558368463002,37.58173965300333],[127.10548525909157,37.58169243773802],[127.10542100284196,37.581662085473425],[127.10525565977093,37.5815656544084],[127.10497399154573,37.581404291916925],[127.1046033347364,37.58119952731296],[127.10434147331961,37.58105486584499],[127.10404540143536,37.5809134294453],[127.10400143551895,37.58089242565322],[127.10388875348214,37.58083274244503],[127.10344046663701,37.58059529665146],[127.10313622941938,37.580214622484874],[127.10309848219508,37.58016283927253],[127.10290126286066,37.57991523706158],[127.10289434479968,37.57990679158556],[127.10290869551355,37.57978627363592],[127.10291946868486,37.579706019521026],[127.1029769946195,37.579277435930344],[127.10302529608944,37.57890695466376],[127.1028078459075,37.57859677926634],[127.10279419861428,37.57857679730797],[127.10277754758734,37.57855260315119],[127.10275752311303,37.578528130840546],[127.10267294944073,37.57843325503133],[127.10259223750168,37.57834271503144],[127.10231819010154,37.5780430904386],[127.10222940598246,37.57792069635475],[127.10195756880346,37.577552361299894],[127.10189242484815,37.57738039133794],[127.10173320121795,37.57696691012195],[127.10147726130383,37.5765802706683],[127.10114351256262,37.57607092847076],[127.10116307376623,37.57590473255442],[127.1011638234211,37.57589837246174],[127.10120211039965,37.57557308402091],[127.10124844467508,37.57516619471725],[127.10121652508211,37.57509391042927],[127.10116168693733,37.574969735525194],[127.10090231883783,37.574391636477515],[127.10091533362684,37.57424427195399],[127.10091887970343,37.57420410177441],[127.10094470545457,37.57388047114296],[127.10094914491553,37.57382482510128],[127.10088786653665,37.57376349471568],[127.10088792785452,37.57376325155854],[127.10088892644666,37.573759263758085],[127.10089262317837,37.573746033625945],[127.10091570217679,37.57354409393473],[127.10092214313823,37.573487725465206],[127.10092741033985,37.57344164283588],[127.10092953422563,37.57341925868458],[127.1009356153396,37.57335519507486],[127.10121883881362,37.572987804732534],[127.10149444893635,37.57262689572772],[127.10164170954972,37.57243333931079],[127.10166464557912,37.5724006598446],[127.1022380915455,37.57215522599776],[127.10260774593866,37.572206979869385],[127.1031297415598,37.57227942515066],[127.10366088917336,37.57191791142233],[127.10367642781462,37.57190732946095],[127.10368365880744,37.57189634825188],[127.10404008762586,37.571529445512944],[127.10404796414824,37.57152357169305],[127.10422037313431,37.57139498274464],[127.10423019942219,37.57138765526178],[127.1041508506972,37.57119937297979],[127.10390816574447,37.570623508338024],[127.10385348272757,37.570493752144486],[127.10367930096866,37.57029959533618],[127.10345546111432,37.57005008179383],[127.10342721646349,37.569890388412205],[127.10334014585158,37.569398090159304],[127.10328221009509,37.569148369224585],[127.10325687802961,37.5690391720119],[127.10320599544067,37.568821014787],[127.10309544308453,37.56842241386234],[127.1029790239104,37.56799736547909],[127.10283100355136,37.56744829114416],[127.10282953109787,37.567442818596945],[127.10272467870656,37.567064213956435],[127.10263397064018,37.566688975583276],[127.10261855622291,37.56662476734874],[127.10253045311606,37.566257716497],[127.10246327976381,37.56596163630314],[127.10244327793298,37.56587346549897],[127.10238671537326,37.56563700568412],[127.10230439157007,37.5651809404165],[127.10225466927007,37.56489633354885],[127.10223828418137,37.564421075205466],[127.10223407302898,37.56431098800999],[127.1021642838635,37.56422393110544],[127.10184274832326,37.56382282389285],[127.10167082511651,37.56340484801175],[127.10162468547293,37.56329057764858],[127.10163531366234,37.56303744554675],[127.10165234986285,37.56294648456609],[127.10166748208671,37.56263254084273],[127.10165667843282,37.56261030410578],[127.10139946945469,37.56202685288344],[127.10120468810625,37.5615799017059],[127.10117722471684,37.56140596164882],[127.1011625938162,37.56131330014835],[127.10112209568199,37.5610506392584],[127.1011295662527,37.561020925300376],[127.10113406384342,37.56100303965082],[127.10115764853231,37.56091602171345],[127.10120996229038,37.56071955052551],[127.10127747367733,37.560465993945044],[127.10139885516537,37.5602502109754],[127.10153796990295,37.56000474851868],[127.10154158742681,37.55999837194564],[127.1016940354715,37.55974146025074],[127.10180078979343,37.5595670914797],[127.10185922741007,37.55949382657257],[127.10204474896449,37.559374298220504],[127.10216723868577,37.559278120343166],[127.10234136899628,37.55915048242847],[127.10264803947679,37.559035352281875],[127.10270637387656,37.55901924854119],[127.10285360392878,37.55870800045554],[127.10293276776959,37.55863917086754],[127.10317030616146,37.558432645881666],[127.1034327799437,37.5582046330036],[127.10365480840078,37.55801270189863],[127.1038384926014,37.55785318413542],[127.10386284753247,37.557832469853935],[127.10390543621868,37.55779624678075],[127.10404166040924,37.557709688963264],[127.10406000591479,37.55769830150971],[127.10427648019683,37.55756392897022],[127.10435177844776,37.55740815363102],[127.10439601804347,37.55731013378602],[127.10444963715295,37.557207319505395],[127.1044916207965,37.557126931528465],[127.10457028065343,37.556976324835375],[127.10460216034235,37.55691649346952],[127.10465688330935,37.5568137927483],[127.10482860152862,37.55656643799931],[127.10492924746899,37.55642159306927],[127.10540388447585,37.556335340785516],[127.10585857257743,37.55635866682814],[127.10604044652229,37.55636800071668],[127.10639619143032,37.55646172363938],[127.1064567603036,37.55653731826912],[127.1066401143825,37.55676615893477],[127.10668068970014,37.556817079912236],[127.10682262685444,37.55690930673209],[127.10686051847149,37.55693404704031],[127.10696938104374,37.55700514220665],[127.1070805185452,37.55707772306097],[127.10710919200181,37.55709037251616],[127.10714458139765,37.557106099895535],[127.10733698072346,37.557362999818466],[127.10735753576087,37.55739001140291],[127.10751929932785,37.557606671914066],[127.107651012562,37.55770931943229],[127.10804473227866,37.55789450481709],[127.1082397537457,37.55799625676856],[127.10825355946211,37.55800328264883],[127.10830594339343,37.55803083051607],[127.10830771055717,37.55803195585826],[127.10852002084269,37.558224339791785],[127.10853877799744,37.55824150604517],[127.10854338820229,37.558245440410325],[127.10869357492412,37.55827796511312],[127.1089283101211,37.5583298477254],[127.1090215406514,37.5583500241007],[127.10921576996166,37.55839321275896],[127.10932195136583,37.558448022057405],[127.10936247486983,37.55846883496456],[127.1095286918502,37.55855419843748],[127.10956459068136,37.55853762050664],[127.10962273674032,37.55851081727375],[127.10964578789344,37.55850015117106],[127.10974891311157,37.55845242476303],[127.1098906510802,37.558386117383115],[127.10991679926826,37.55837427347769],[127.10998660544278,37.558342116697915],[127.11008188724524,37.55831808768075],[127.11024257783302,37.55827964738216],[127.11035001310131,37.558253376043446],[127.1103888917837,37.55826198967652],[127.11044136989125,37.55828859769892],[127.11044305315761,37.5582893171238],[127.11044475134308,37.55828978061384],[127.1104465186151,37.55829002259914],[127.11044831195933,37.558290041135045],[127.1104500861064,37.55828983246678],[127.11045179573998,37.55828940185296],[127.11045340002568,37.5582887635805],[127.11045485811971,37.55828793373899],[127.11045613144269,37.55828692842546],[127.11045721778653,37.55828573681645],[127.1104628556799,37.55827845266079],[127.11050759681441,37.558288414189825],[127.11074056855347,37.55834044241695],[127.11074620656787,37.55834836586498],[127.1107468567807,37.55834917562035],[127.11074761148454,37.558349922625546],[127.11075591743817,37.558357330281844],[127.11075650591691,37.558357818952196],[127.11075727979583,37.55835836231492],[127.11076668008494,37.55836434763881],[127.1107674792851,37.55836481176594],[127.1107682427236,37.558365185639936],[127.11077815399305,37.55836958085923],[127.11077948286813,37.55837008458919],[127.11078088269007,37.558370444336646],[127.11079131987134,37.55837255545899],[127.11079289703927,37.55837277698266],[127.11079937048318,37.55837333011994],[127.11080002242672,37.55837337192852],[127.11080062019319,37.55837338110983],[127.11080871346319,37.55837335550988],[127.11081066839833,37.558373217737625],[127.11081892846069,37.55837203535036],[127.1108194043804,37.55837196120552],[127.11082018646408,37.558371797934626],[127.11082809468921,37.55836990772675],[127.11082916057404,37.558369601174896],[127.1108301860933,37.55836921877638],[127.11084096628065,37.55836459251478],[127.11084179255992,37.55836420405132],[127.11084263519632,37.55836371829575],[127.11084337584056,37.55836325023102],[127.11084582287452,37.55836384597828],[127.11089847759357,37.55837700259727],[127.11094347486309,37.55838824472569],[127.11102289565135,37.558407887284815],[127.11103759174416,37.55841097145534],[127.1111683181106,37.55844632224143],[127.11124668862495,37.5584676485228],[127.11126597215662,37.558472981320705],[127.11131284492588,37.558485886169045],[127.11136309336004,37.55849935193527],[127.11137246866805,37.55850187593574],[127.11142218347015,37.55851563195851],[127.11151844873235,37.55855946603389],[127.11154500426527,37.55857162431808],[127.11153230277732,37.558600007575194],[127.11167162274383,37.55872797118647],[127.11177575679052,37.55883172038462],[127.11190710484794,37.55879500567468],[127.1119258025463,37.55876879992443],[127.11204284072883,37.55884138287887],[127.11211758532606,37.55888783538352],[127.1121609031143,37.55891475506056],[127.11228178767172,37.55899066919146],[127.11229746822481,37.55900045348561],[127.11229957688003,37.55899993221746],[127.11240174651292,37.55897168218463],[127.11242348812164,37.55896547113199],[127.1125012560919,37.55894372077903],[127.11263649203246,37.55890614010085],[127.11270356259733,37.55888700629527],[127.11271073795925,37.55888495852484],[127.11274308284,37.558875908682836],[127.11295400769355,37.558796834246714],[127.11296064637337,37.55879434664445],[127.11305078939971,37.55876075126247],[127.11315912898085,37.55871981713258],[127.11332208201418,37.55865884444437],[127.11336273301622,37.55864360771138],[127.1133793386306,37.55863740309806],[127.11350041774526,37.558592510167365],[127.11355961996449,37.55856964916268],[127.11360044220947,37.558554120869715],[127.11364568816565,37.55853747313709],[127.11365505250488,37.55853380462961],[127.11376971428459,37.55849364956267],[127.11378001350803,37.55849004359273],[127.11379328206614,37.55848412004288],[127.11384466733463,37.55844324773828],[127.11386339092644,37.55842942814754],[127.1136788636347,37.55813284470764],[127.1135659659523,37.55796261086956],[127.11356288932382,37.5579203742385],[127.1135539927582,37.55788039717721],[127.11352711420777,37.5575335426593],[127.11335294922617,37.5571854199003],[127.11333283153014,37.55709702687109],[127.11333138576136,37.556955690045534],[127.11332474746867,37.5568906519371],[127.11332007113619,37.55683857088796],[127.11331453153912,37.556830413531074],[127.11352267037702,37.55683049291414],[127.11369684923723,37.5568272087433],[127.11376873965924,37.556825852146275],[127.1138564428032,37.55682419659559],[127.11389448505402,37.556823478241306],[127.11396262300194,37.55682219037667],[127.11436507026615,37.55680773545964],[127.1150102517858,37.556772204089484],[127.11522556175211,37.55676018786973],[127.11522597739221,37.55676016398637],[127.11525244316735,37.556759825695124],[127.11564563271473,37.55769988042079],[127.11613667583636,37.55821110085158],[127.11730331894519,37.55942564239595],[127.11733926582882,37.55946361931208],[127.11736706336154,37.559479360484694],[127.11746601595334,37.55954372942719],[127.11774197094401,37.55971295976042],[127.11793367813257,37.55983356740785],[127.11832081204432,37.56007756905379],[127.1184178116282,37.560138010900936],[127.11851960423712,37.56020266304841],[127.11868759357556,37.56030809247588],[127.11904233982226,37.56052960025571],[127.11927794313364,37.560678035982505],[127.1195436562346,37.56084388684941],[127.11970633687022,37.56094733817563],[127.11975802262648,37.56097938006618],[127.11981502766282,37.56101367802177],[127.12009649571836,37.56119950366365],[127.12186225911644,37.562614079348194],[127.12295556948624,37.56348990261732],[127.12578329914612,37.56480859253231],[127.12605941083893,37.56494007146836],[127.12646084241642,37.56513280199657],[127.12740318549098,37.56558651152718],[127.12807612311582,37.56590930909229],[127.12861049289249,37.56616043497562],[127.1292979295832,37.56637143507455],[127.13053980197752,37.56677046431608],[127.13087183875258,37.56687794896449],[127.13144565745411,37.56706369674604],[127.13201846425103,37.567243263425205],[127.13296837164852,37.56754262537513],[127.13345803134558,37.56770144693567],[127.13375310188546,37.56779330996438],[127.13394554213863,37.56785322204981],[127.13426636821389,37.56795394281566],[127.13474102718823,37.56802464152709],[127.13528057914806,37.56809526301215],[127.13578262363433,37.56816142000747],[127.1364044604767,37.568248566792384],[127.13680445420238,37.56830324276436],[127.13706218963038,37.568338471526204],[127.1376657936899,37.56842420899791],[127.13887422869585,37.56842522294789],[127.13992597743835,37.56842609556129],[127.14271982962201,37.568428626727204],[127.14420006576229,37.56842994150892],[127.14558557460428,37.56843115439256],[127.14560001347482,37.56843116979618],[127.14610547274914,37.568431649518146],[127.14894954273399,37.56843431807824],[127.14974410538133,37.56890576500186],[127.15055504331738,37.569386917522976],[127.15124335129715,37.56979530027557],[127.15319602318802,37.570969868660235],[127.15498105881339,37.57204353672908],[127.15580276944556,37.57243363095443],[127.15689916726535,37.57295411530313],[127.16084531120055,37.57565266160565],[127.1614681166241,37.57604621427557],[127.16200668366692,37.57638652846139],[127.16236805508953,37.57661296159761],[127.16255503583972,37.57673012022577],[127.1667472992893,37.5789756660679],[127.1682172733973,37.57899246533934],[127.16864753634331,37.57899747666283],[127.1686477362446,37.578997091445856],[127.17025144010256,37.57901649676957],[127.17183744197187,37.57926198901047],[127.17250451543319,37.57946641202918],[127.1738739810397,37.579886065904674],[127.17390795977656,37.579896990403505],[127.17412285655202,37.57996256582292],[127.17434341739711,37.58002896949539],[127.17456468582662,37.58009734505894],[127.1747395841932,37.58015171525401],[127.17487943019381,37.58019514540493],[127.17507432480801,37.58025539650694],[127.175106367088,37.580266610973545],[127.17537293059104,37.58041262943852],[127.17565914308373,37.5805653748895],[127.17585094730259,37.58066927313351],[127.17601761596627,37.58076165673112],[127.17616569185232,37.580842238180445],[127.17637876779438,37.58095906069761],[127.17651851030274,37.581034309901796],[127.177154828462,37.581200326669084],[127.17713989533316,37.580944127404386],[127.17713023915894,37.58074320977483],[127.17712781380332,37.58069271669026],[127.17712064378034,37.5805720224536],[127.17710880058637,37.58055995702794],[127.1770827886798,37.580477437527236],[127.17710556164141,37.5803910278449],[127.17711776233752,37.580312173204014],[127.17713745769379,37.58018571799831],[127.17713978872814,37.580127438530646],[127.17714120087238,37.579997383793796],[127.17714125103993,37.57999284743281],[127.17714285637138,37.57985818100957],[127.17709384802812,37.57969362796216],[127.17707476982953,37.57962974030843],[127.17706042862253,37.57954472532871],[127.17706037139702,37.579544339394],[127.17698860449264,37.579416335098976],[127.17693589659966,37.579340675689394],[127.17688336201492,37.57926529614867],[127.17686439142136,37.579247593968404],[127.17681457314043,37.579201483285445],[127.17676101557245,37.57913906051069],[127.17674096858661,37.57911572011737],[127.1767037373874,37.57908247278173],[127.17668903377613,37.57906934219299],[127.1766211468729,37.57900890454089],[127.17653746495172,37.57893188738667],[127.17651143088898,37.57891418562361],[127.17638935789776,37.57883102410098],[127.17632612758753,37.57879563676827],[127.17625197151413,37.57877914239826],[127.17617900293108,37.57874264395333],[127.17610865882884,37.57869038262884],[127.17606576657298,37.578652433434414],[127.17603315553578,37.578625452136556],[127.17599341965565,37.578576802627666],[127.17596206630624,37.57855910957779],[127.17591181688655,37.578551299333036],[127.17586156868096,37.57854321145415],[127.17571571916139,37.57850766540687],[127.17566136216543,37.57848522205693],[127.17559141945664,37.57845491663185],[127.17552287594326,37.578412499052064],[127.17544227103971,37.57836278428409],[127.17541541640996,37.57829862980285],[127.17540428147166,37.578208085522554],[127.17540423444828,37.57820769961505],[127.17539743355384,37.57809162476611],[127.17538618690125,37.57803073822681],[127.17537900731706,37.57799459684272],[127.17537204057174,37.57795951783476],[127.17537199921904,37.57795913014014],[127.17536660958343,37.5779043411195],[127.17536657163224,37.57790395253285],[127.17536225485796,37.57786029814694],[127.17536098000389,37.57784743236204],[127.17536094524678,37.577847090654416],[127.17536008142612,37.57784258873457],[127.17534018274311,37.57774040823478],[127.17533147283797,37.57770512703298],[127.17533026758817,37.57764310716113],[127.17534078652494,37.57760030388947],[127.17535988620166,37.57752340357009],[127.17535802411855,37.57748928411404],[127.17535799271606,37.57748895233048],[127.17533962174548,37.577426191207465],[127.1753213168778,37.577363341029034],[127.1753243398033,37.57729990323985],[127.17532755309688,37.57723513557924],[127.17536175238092,37.577186946057886],[127.17540234983645,37.57714434266671],[127.17542140390712,37.57712434810803],[127.17545185591241,37.577060954179984],[127.17549827702982,37.57702034072447],[127.17551248528727,37.57696766696277],[127.175513235105,37.57691022861868],[127.17551923546078,37.57682715766011],[127.17552469829278,37.57674268272011],[127.17552502094306,37.57673801100242],[127.17552692137727,37.57671058540528],[127.17552880043381,37.57668130026171],[127.17553652449546,37.576658764276964],[127.17554425979742,37.57663650774137],[127.17555947652495,37.57662388107235],[127.1755622702837,37.57662156056043],[127.17557316175052,37.57659254174668],[127.17558388434928,37.57656381090007],[127.17558563131293,37.57655113188668],[127.17558925434895,37.57652525052946],[127.17559154500766,37.5765088945957],[127.17559727527184,37.57646664778646],[127.17562060737657,37.57637989375059],[127.17562374487704,37.576360463830916],[127.17563263695463,37.576304139389514],[127.17563926185653,37.57626189142957],[127.17564139758767,37.57625252865281],[127.17565922464635,37.576174360173674],[127.17567619507278,37.576099946169414],[127.17571571338715,37.57589913992281],[127.17572847260013,37.575836330954935],[127.17576396913816,37.57566086684619],[127.17576568955064,37.57556288205915],[127.17576257140445,37.57551726872058],[127.17576251645349,37.57551688279128],[127.17575736811042,37.57548372686165],[127.17575731860694,37.57548339052159],[127.17575719854284,37.57547843275922],[127.17575634814541,37.575443411119316],[127.17575555635216,37.575441364679556],[127.17573841794125,37.575397086489],[127.17573836299833,37.575396698756975],[127.17572658871629,37.575326150088884],[127.17572652583839,37.57532576413777],[127.17571039634727,37.57523399470484],[127.17569868979632,37.57512459797134],[127.1756948073136,37.57504999146001],[127.17569476822565,37.57504960377151],[127.175683087733,37.57489869626414],[127.17570203031268,37.574831662515386],[127.17570587284695,37.574825384341906],[127.17572482199876,37.57479443350957],[127.17572687385518,37.57479108161155],[127.17592468039962,37.57450923137174],[127.17597879682195,37.57442946789572],[127.17602238664813,37.574365171541025],[127.17602656382633,37.57435901235197],[127.17606894813757,37.57426110217188],[127.1760921809892,37.57420743274712],[127.17610386546409,37.5741353368492],[127.17612896350946,37.57409289075554],[127.17613152350795,37.57408856137624],[127.17630848439016,37.573974270416194],[127.17649804200332,37.57380138799346],[127.1765649848142,37.573683881032274],[127.17657155122794,37.57367488009772],[127.17663565007658,37.57358699994291],[127.17663673687326,37.57358551208412],[127.17678693714211,37.57344761009122],[127.17680460311387,37.57343064995045],[127.17683864433504,37.57339797089423],[127.17689792988519,37.573336786270346],[127.1769436397138,37.57329364287788],[127.17697431330585,37.57324854745888],[127.177018330902,37.573164294160335],[127.17701972911816,37.573161492979054],[127.17704914744587,37.57310259350806],[127.17705406064647,37.57308907134915],[127.17708258398986,37.57303496100677],[127.17708677937622,37.573020613047305],[127.1770885288177,37.57301462474455],[127.17708925521852,37.573012148014044],[127.1771135029194,37.57294453723837],[127.17714362788377,37.57289268554122],[127.17715878481452,37.57286901152468],[127.17718682223561,37.57283377773853],[127.17719546915238,37.57282390814551],[127.17725421870404,37.572761319366236],[127.1773467248413,37.57261139259448],[127.17736639658881,37.57256857986634],[127.17738734749804,37.57252298905836],[127.17745529160625,37.57244763872356],[127.17750685287544,37.57240899081098],[127.17757128604958,37.572356528760245],[127.17761787124435,37.572310004714744],[127.17764519376163,37.57227054602957],[127.17773113144524,37.57218791396831],[127.17773289098865,37.572184820825015],[127.17774224328517,37.572171004293324],[127.17781926583308,37.57205770727123],[127.1778225808837,37.57204867215281],[127.17782883736413,37.57203163384535],[127.17783273335922,37.57202101934068],[127.1778554618532,37.571959103501946],[127.17786090737464,37.57194051625956],[127.17787678402009,37.571870062139624],[127.17787314867019,37.571864861334014],[127.17782894630164,37.57182521552689],[127.17779480863665,37.57179459356746],[127.17779481914825,37.571794256490506],[127.17779547249225,37.5717740319349],[127.17779705109932,37.571766145807985],[127.177824532604,37.57157141250039],[127.17783584076095,37.571491287025246],[127.1778396581138,37.57146369443759],[127.17785024917131,37.57144514557226],[127.17786009625891,37.57142790253761],[127.17789278239303,37.571368773796586],[127.17793019349271,37.57130110140113],[127.17793512392448,37.571293768832604],[127.17794163364128,37.57127996435758],[127.17794724806663,37.571260531200124],[127.17797201353122,37.571183342969285],[127.17798236907107,37.571153198455285],[127.178057688452,37.57106693356767],[127.17817940867943,37.5709285040873],[127.17821272521118,37.57088171918517],[127.17824303661187,37.57083775092043],[127.17826525304504,37.57080730971217],[127.17827299905443,37.57079434143621],[127.17829140185997,37.57076091897294],[127.17831473631365,37.57071854329343],[127.17832143319414,37.57070727030278],[127.17832194115097,37.57069685385846],[127.17832544089273,37.57067854972107],[127.17832665903599,37.57067178118136],[127.17833401968657,37.570622812746194],[127.17833601781328,37.57060951873898],[127.17833711363508,37.57060222798286],[127.17833865528341,37.57058448455873],[127.178349816964,37.57051745256401],[127.17835731016443,37.5705174423336],[127.17836254986453,37.57051743317398],[127.17837448193859,37.570457158008495],[127.17838317747925,37.57041323176402],[127.17839688373272,37.5703743514182],[127.17842007693511,37.57031237362295],[127.17844204410218,37.57025293700035],[127.17844423483153,37.57024698953585],[127.17844892099306,37.57023428421959],[127.17847174809775,37.570172363101946],[127.17849828112368,37.57010052367638],[127.17850232311052,37.570086722361715],[127.17851463284227,37.57006052202596],[127.17856941099456,37.569961609863455],[127.17857927244363,37.569943575415614],[127.1785903632364,37.56992300790845],[127.17865270174772,37.56980944497599],[127.17865273699621,37.5698083571397],[127.17865401973906,37.569768619106156],[127.17867853227192,37.56973789472949],[127.17874167440355,37.56966205462749],[127.17874750110184,37.569656134176675],[127.17875507065851,37.56964570810097],[127.17876212997723,37.56963728073721],[127.17878647336548,37.569608215266726],[127.17883692283692,37.56955070202508],[127.17890429341128,37.56947344919944],[127.17892386453633,37.56944470512139],[127.17902184754723,37.56929842698816],[127.17903383980104,37.56928095713176],[127.17906344915436,37.56923697952279],[127.17912337015183,37.569139184323035],[127.17913286147937,37.5691236933379],[127.17914903561785,37.56908509812044],[127.17918103405133,37.56900339275427],[127.17919002455154,37.568980839208],[127.17920371748357,37.56894648891903],[127.17921602278523,37.56891831543168],[127.17922017357017,37.5688738179252],[127.1792241548327,37.568841651360856],[127.17922902414988,37.56880229261362],[127.1792322852553,37.568764834054114],[127.17924565594873,37.56866064158491],[127.17925853111876,37.568567424437006],[127.17926114330366,37.56855479907827],[127.17926360051558,37.568542927730476],[127.17927222577009,37.56849356245274],[127.17927895526724,37.56845505873002],[127.17931946690241,37.5683122449109],[127.1793258819757,37.56828685050326],[127.17933120730906,37.56826577331806],[127.17933220608052,37.56825071352816],[127.17933974225102,37.568137080648235],[127.17937282314563,37.56800611382792],[127.17937794688653,37.567985828381005],[127.17937910630474,37.567982424416876],[127.17943643078421,37.56781427321275],[127.17949654121969,37.567730552933014],[127.17949641672939,37.56773027227439],[127.17944382025921,37.56761221722279],[127.17943875409918,37.56760084462049],[127.17943874632661,37.56760054444893],[127.17943446750851,37.56742394702336],[127.17943247887426,37.56734181937861],[127.17943186781571,37.56730605114233],[127.17942959745851,37.56717260962121],[127.17944128966224,37.5669232938466],[127.17944222295957,37.56690342065064],[127.1794638205144,37.5667657084186],[127.17946443070188,37.566634406406024],[127.17946467016445,37.566583014622225],[127.1794648555171,37.566542929261],[127.1794653401247,37.56643881891538],[127.17946866269016,37.56627015777499],[127.17948272944108,37.56616427077707],[127.17950078396089,37.565963572274505],[127.1795121931508,37.5658367711714],[127.17953415003241,37.56577366936741],[127.17954283144482,37.56573512944728],[127.17954569754863,37.56572240471495],[127.17954867779991,37.56570973076812],[127.17955128341288,37.56569199560878],[127.17958335295168,37.56550230007599],[127.17958442403001,37.56549598089297],[127.17966508616196,37.5652793342468],[127.1797231253997,37.5651702513277],[127.17976892176246,37.565084177360276],[127.17978428079012,37.565055311725295],[127.17984381801327,37.56497897445578],[127.17987009401207,37.56494528282391],[127.17994367076881,37.56485094388955],[127.18001521064835,37.564780611433925],[127.18002272804374,37.56477322178434],[127.18010229115914,37.56469500344855],[127.18019418072669,37.56458787239348],[127.18032042838212,37.56435928412211],[127.18037502645358,37.56426042370614],[127.18041430690198,37.564196177930015],[127.18045712320861,37.564128818521176],[127.18049995366722,37.564067937159884],[127.1806249848467,37.56391964230302],[127.18075582571164,37.56368715949554],[127.18078257038609,37.563622504728734],[127.18084603044639,37.56346909199835],[127.18099458424213,37.56332274414567],[127.18110010230076,37.5631513962024],[127.18118573116661,37.5630169652654],[127.18127812749754,37.56283042816423],[127.18128646495725,37.56280668288266],[127.18131730448675,37.562718870648375],[127.18134827177673,37.562629490394386],[127.18136015288843,37.56259519801898],[127.18139328450536,37.562544755753684],[127.18140756048433,37.562505385300675],[127.1814352691333,37.562428969407854],[127.18145548274283,37.56237684278992],[127.18151410807447,37.5622675099326],[127.18151874378276,37.562209226496286],[127.18151869310643,37.562208895562826],[127.181505697051,37.56214472289054],[127.18153470073226,37.56208108985361],[127.18155541843947,37.56201743085465],[127.181584979976,37.56195572279706],[127.18162230614985,37.56181403873546],[127.18167074807002,37.56173428238552],[127.18167515613206,37.56172174923092],[127.18172255826072,37.56158695430303],[127.18175506516867,37.56149821082414],[127.18180121869845,37.561422115855436],[127.18185319999183,37.5613457409276],[127.18188703178882,37.56129471992639],[127.18190991885511,37.561248798130784],[127.18196407139466,37.561086435349836],[127.18199542027583,37.56099244460084],[127.1819953583446,37.56099209741286],[127.18197479909416,37.560876119831434],[127.18197475400893,37.56087580513752],[127.181974558879,37.560868968745034],[127.18197031916291,37.56072151748073],[127.18199063276647,37.560649662192155],[127.18203115528092,37.56050631366392],[127.18203912315164,37.560423145572855],[127.18204081029305,37.56040554216941],[127.18201688871316,37.56027855089986],[127.18200755982998,37.5602290531655],[127.1820192470003,37.560177090946425],[127.18202452108571,37.56015363389607],[127.18202084519876,37.55994782687762],[127.18202079703512,37.55994743736303],[127.18200160598376,37.55979437994817],[127.18198424277412,37.559655898737574],[127.18198419461085,37.559655509222935],[127.18191061087506,37.55938949270376],[127.18190837177328,37.55938139161118],[127.18187065477485,37.55927508254756],[127.1818713471654,37.55913619837946],[127.18181215403571,37.558989430032426],[127.18181210134098,37.55898904140683],[127.18179543243704,37.55888124411385],[127.18178737296518,37.55882911601563],[127.18178252232072,37.5587977376234],[127.18178246283681,37.55879734807812],[127.1817819229988,37.558793831342285],[127.18176077893509,37.55865610874133],[127.18176072609901,37.55865575346541],[127.1817687270206,37.558450625033664],[127.18175275342782,37.55837398670764],[127.18173889212251,37.55830704362942],[127.18170072278345,37.55816378947135],[127.18165662929522,37.557998300944185],[127.18165660120759,37.557997983591775],[127.18165430062813,37.55793089680705],[127.18158683969413,37.55772838971723],[127.18157142598271,37.5576445131906],[127.18155370451663,37.55755326637236],[127.18155365162093,37.5575529255178],[127.18156004847134,37.557488311163596],[127.18158714034189,37.557214715942436],[127.18165637435158,37.556950037862585],[127.18166494640228,37.55691727150596],[127.18167481308416,37.55682715726361],[127.1816740038379,37.55678690239838],[127.18166982726747,37.55666950054598],[127.1816692719011,37.55666005736137],[127.18166153167715,37.55652816744222],[127.18165540682712,37.55640992026896],[127.18168475083621,37.556329066768626],[127.18168430904839,37.55617926948083],[127.18168376708388,37.55599553051441],[127.18161810077821,37.55575000296051],[127.18161613605709,37.55574184220678],[127.18154722370545,37.55554459231593],[127.18152568698956,37.55548294737347],[127.18151602376525,37.55551195574168],[127.1815021186304,37.5554794225985],[127.18148668445168,37.55544330875379],[127.18139212482689,37.55492150821799],[127.18145774567421,37.554765630134085],[127.18148758800471,37.55469474157856],[127.18149299217554,37.55444274819693],[127.18149537319198,37.55433180145739],[127.18149533182738,37.55433141196054],[127.18149128107055,37.55428988283111],[127.18147344044927,37.554106866897364],[127.18147339795276,37.55410647739746],[127.18146916224777,37.55404004513677],[127.18146641305093,37.55399809047085],[127.18146332601269,37.55395092416106],[127.18145341894663,37.55379946892362],[127.18145046395752,37.553754265217655],[127.18145044697114,37.5537540001735],[127.18144454047426,37.55372927269413],[127.18143743484815,37.55369953405165],[127.18143098250312,37.55359132882344],[127.18141920222945,37.55353792060695],[127.18139999116126,37.55349234133657],[127.18138465584185,37.553440558580846],[127.18135151009126,37.553258353983935],[127.18135146611063,37.553258047404576],[127.18135088672798,37.55324282556205],[127.18134626256983,37.553121150900196],[127.18134032830345,37.552964963424486],[127.18142169630748,37.552757323327505],[127.1815199162369,37.55266370045577],[127.18159477345698,37.55259235007889],[127.18160615947875,37.552583543897896],[127.18170384696586,37.55250799430616],[127.18200805775405,37.552318323409295],[127.18214142785206,37.55223379289795],[127.1821590096506,37.55222265080507],[127.18218880041198,37.55220323288077],[127.182392399129,37.552070529783634],[127.1825915328158,37.5519563227546],[127.182622584518,37.55193851432405],[127.18262425280287,37.55193755796368],[127.182647636292,37.55192355606865],[127.18278929334303,37.55183874062906],[127.1829330657165,37.55175265978722],[127.1829684712601,37.551624502830336],[127.18303964207317,37.55136817001154],[127.18311904709945,37.55108142587684],[127.18311577902871,37.55099711244534],[127.18311541864911,37.55098784013767],[127.18310265421351,37.55065837763876],[127.18302260103155,37.55066412973476],[127.1830105195432,37.55061004121877],[127.18299080745858,37.550521787071254],[127.18296971773002,37.55042736575231],[127.1829586029495,37.550377597316796],[127.18292678718433,37.55023573949921],[127.18292674581437,37.55023535000259],[127.18291540535353,37.550112197104454],[127.18290189828464,37.549965482361245],[127.1829018569226,37.54996509106189],[127.18290392230611,37.54965019185221],[127.18289932391053,37.54962930771544],[127.18289929578997,37.54962899757364],[127.18289667186467,37.54957121363962],[127.18289665954745,37.54957091435651],[127.18289567016019,37.54956822746278],[127.18284460572285,37.54942935187226],[127.18284450720753,37.54942909021456],[127.1828602099352,37.549389130232626],[127.1828605189262,37.549388345080494],[127.1828911083695,37.549310497838334],[127.18290583714244,37.54927301576426],[127.18292581307452,37.54919893291294],[127.18292756237572,37.54918738764017],[127.18305563427123,37.548708541998884],[127.18302401476666,37.54870973163904],[127.18302223758913,37.54870968720864],[127.18302049077667,37.548709422928965],[127.18301881733261,37.54870894252083],[127.18301726021441,37.54870826052132],[127.18301585558716,37.54870739144916],[127.18301463957778,37.54870635883662],[127.18301364152079,37.548705186197694],[127.18301288619185,37.54870390424497],[127.18301239157425,37.54870254367287],[127.18301217110013,37.54870114057162],[127.18301183589055,37.548695286268234],[127.1828764323182,37.54870117269269],[127.18287465509515,37.54870113907622],[127.18287290598111,37.54870088380172],[127.18287123022822,37.54870041420159],[127.182869666281,37.54869974119533],[127.18286825482504,37.54869888111664],[127.18286702746663,37.54869785568295],[127.18286602031732,37.54869669203189],[127.18286525138329,37.54869541544984],[127.18286474543251,37.54869405845208],[127.18286451137635,37.548692655314085],[127.1828419618509,37.54835778438591],[127.18284202734793,37.54835621980835],[127.18284243006953,37.54835468678267],[127.18284316075297,37.54835323395718],[127.18284419658129,37.548351902732975],[127.18284550568107,37.54835073448678],[127.1828470494095,37.548349765169],[127.18284878009777,37.54834902349501],[127.18285064558701,37.5483485291545],[127.18285259144665,37.548348303633844],[127.18292476437718,37.548344881221425],[127.18290884124526,37.548314801685216],[127.1829074445794,37.54831579663669],[127.18290597200246,37.548316539004695],[127.18290437343644,37.54831709174967],[127.18290268741731,37.54831744415878],[127.18290095248857,37.54831758371658],[127.18287583194643,37.5483180750937],[127.18287390329594,37.54831797977835],[127.18287202328416,37.54831762680587],[127.18287024621951,37.54831702353296],[127.18286862410045,37.548316188126414],[127.18286720209483,37.54831514774821],[127.18286602537825,37.548313927757626],[127.18286512322383,37.54831256609023],[127.18286452715365,37.54831110429312],[127.18286425285616,37.54830958026529],[127.18286384867443,37.54830397635275],[127.18279219059217,37.54830719820743],[127.18279041110677,37.54830716638632],[127.18278866198695,37.54830691471598],[127.18278698170751,37.548306446905215],[127.18278541550512,37.54830577389174],[127.18278400178579,37.54830491560862],[127.18278277217082,37.54830389016795],[127.1827817605075,37.548302724701294],[127.1827809915789,37.548301448118615],[127.18278048336813,37.54830009111435],[127.18278024705826,37.548298686167335],[127.18276745710088,37.54811058033269],[127.18276750162627,37.548109156310275],[127.18276782681801,37.54810775287173],[127.1827684279798,37.54810640966408],[127.18276928686116,37.54810515908708],[127.18277038296279,37.54810402992906],[127.18277168897782,37.548103054565445],[127.18277317311693,37.5481022545434],[127.18277479453437,37.54810165138564],[127.18277651694315,37.54810125941645],[127.1827782950228,37.54810108752757],[127.18279588530291,37.54810051465009],[127.18270905498431,37.54794305427412],[127.18270547541185,37.54792595495043],[127.18270422377653,37.547919977401236],[127.18270419558863,37.547919683483514],[127.18270361619011,37.547903607148136],[127.18270360410314,37.54790325378419],[127.18269633214805,37.54789567006573],[127.18267635079592,37.54787545845001],[127.18267629721858,37.54787260821911],[127.18267566833362,37.54784203614719],[127.18267564343951,37.54784096526964],[127.18267369251272,37.54774731997877],[127.18267305706168,37.54766088185707],[127.18267289773868,37.547638913585594],[127.18266967086282,37.54760271187311],[127.18266962950321,37.547602320573525],[127.18266994781493,37.54758438084318],[127.18265679620632,37.54752439992947],[127.18268249488695,37.547488942954686],[127.18269588952684,37.54747343236437],[127.1827231442271,37.54741032235954],[127.18272663057292,37.547172968678865],[127.18273023391436,37.54705357394556],[127.18272883860948,37.54691589529482],[127.18274547136308,37.54684576221592],[127.18274827136872,37.5468333706869],[127.18275946692883,37.54678351972929],[127.18275941877694,37.54678312841144],[127.18275117516357,37.54671848985972],[127.18275112701178,37.54671809854188],[127.18272464736019,37.546703912161824],[127.18274418643807,37.546679361248756],[127.182754601175,37.54660192309492],[127.18276107615057,37.54649942567225],[127.18279599095034,37.546389838869324],[127.18282541486441,37.54634446432799],[127.18297191083262,37.54624119278195],[127.18351950225218,37.545768908956745],[127.1835458683854,37.545746171705105],[127.18375372958543,37.54560273874434],[127.18379492887969,37.54557431033903],[127.18379474445433,37.545574019608495],[127.1837796329999,37.5455501562988],[127.18353917249318,37.54517039449645],[127.18313720459388,37.545356274031676],[127.18310042413994,37.54538454731645],[127.18284654676529,37.54557971687325],[127.18274489702787,37.54551427035603],[127.18243993376078,37.545601170583105],[127.18220243114516,37.54572486197793],[127.18196316653025,37.54615066646053],[127.1816928275931,37.5464447490334],[127.18125643794585,37.54657971536988],[127.18046512830236,37.54657660952937],[127.1799105372567,37.54657443144943],[127.17971231271564,37.54656825235659],[127.17945139969905,37.54656768316556],[127.17933128265292,37.54656742102473],[127.17841755735641,37.546279638049086],[127.17829228692007,37.54631670399211],[127.17827190205725,37.54630672993231],[127.17826131368032,37.54630154893208],[127.1782378423841,37.546292742726095],[127.17815440726706,37.5462614383938],[127.17783676517512,37.546142258414],[127.17762387255253,37.54606204619451],[127.17747999633013,37.54600651556377],[127.17700584127456,37.54583242059181],[127.17690521370506,37.545823701395406],[127.17690332786783,37.545823407801464],[127.17690153140984,37.5458228638751],[127.17689987633419,37.54582208598303],[127.17689841009245,37.54582109588764],[127.176897175577,37.54581992254968],[127.17689620886476,37.54581860031939],[127.17689553583274,37.545817166223216],[127.17689517780649,37.54581566268321],[127.17689514365547,37.545814132988724],[127.1768969850979,37.54579245140352],[127.17679338693002,37.54575441278963],[127.17679335237865,37.54575402511201],[127.1767841936013,37.54562254538904],[127.17679906852015,37.54548724570166],[127.1767844984971,37.5454328901094],[127.17674900628685,37.54537775705869],[127.17672402095975,37.54536839026998],[127.1767231061957,37.545388332971164],[127.176723089063,37.54538863037174],[127.17672288715221,37.54539003593433],[127.17672241148031,37.54539139748233],[127.1767216734998,37.545392684401016],[127.17672069147076,37.54539386248883],[127.17671948929018,37.54539490296779],[127.17671809875564,37.5453957824897],[127.17671655167263,37.5453964759037],[127.1767148865881,37.5453969697949],[127.17671314545281,37.54539724895515],[127.17671130225766,37.54539730700374],[127.17665529754149,37.54539568985701],[127.17665335806743,37.545395498866775],[127.17665148764729,37.54539504577104],[127.17664974283124,37.54539434244223],[127.17664817560255,37.545393409753935],[127.17664683337743,37.54539227758071],[127.17664575677216,37.545390977581285],[127.17664497730806,37.54538955040298],[127.1766445174502,37.545388036668356],[127.17664439171624,37.54538648238631],[127.17664537163178,37.545351198785],[127.17664555667265,37.5453497679384],[127.17664602340636,37.54534837932553],[127.17664676149677,37.54534706716965],[127.17664775381569,37.54534586567536],[127.17664897193424,37.545344804509575],[127.17665038629934,37.545343911533394],[127.17665196286099,37.545343207384725],[127.17665365850917,37.54534271357809],[127.17665498839861,37.54534250810512],[127.17663752908535,37.54533596332086],[127.17658607997346,37.54533716543919],[127.17646987751826,37.54539891268771],[127.17646653034149,37.54540069180711],[127.17641002832382,37.54543372400971],[127.17634772533118,37.5454830827704],[127.17628790052002,37.54553159921409],[127.17626255448582,37.545545436748476],[127.17620102701324,37.545579030136906],[127.17608601641669,37.54561946500665],[127.17598138578735,37.54563651282245],[127.17593801501661,37.54561827835262],[127.17585910642606,37.5455187188247],[127.17576831285085,37.545404263249424],[127.17575084544173,37.54534262563186],[127.17575079845939,37.545342234314376],[127.17574490285911,37.5452933592225],[127.17574485700496,37.54529296880944],[127.17574391089232,37.54529003319901],[127.17572555762308,37.54523299096096],[127.1757174203421,37.54520770360562],[127.17564197162989,37.545228925218694],[127.17562242615702,37.545230206436244],[127.17547067777959,37.54524015957967],[127.17541275288544,37.54521487687308],[127.1753832435846,37.54520199739982],[127.17528455088791,37.54521512470221],[127.17516919528772,37.545230468489],[127.17502496360082,37.545249267814576],[127.17480702637802,37.54527464400487],[127.1746376043524,37.545259124658436],[127.17447709959593,37.54527765944515],[127.17435165691869,37.54529284573073],[127.17433735074218,37.545294576539234],[127.17431466313585,37.54529732349275],[127.17420689538308,37.54541095128887],[127.17417259355037,37.54556107031272],[127.1741379290314,37.54571203739891],[127.17393861791055,37.54561575149237],[127.17391885410206,37.545606313801684],[127.17391472962737,37.545604344666934],[127.17390570910759,37.54560003741437],[127.17390582235842,37.54558183484468],[127.1738089668428,37.545567793709964],[127.1736154595244,37.54553974872093],[127.17340689857244,37.54556905561714],[127.17340646839355,37.54556905713141],[127.17324186094035,37.545569523828995],[127.17323596297395,37.54556954175941],[127.17320511529124,37.54556923736219],[127.17307512435961,37.545556199966754],[127.17258159595919,37.545529490017486],[127.17248221918963,37.54552411094621],[127.17219373215079,37.54553189314312],[127.17210704676893,37.545534232145314],[127.17178803288164,37.54543417689325],[127.17157169012651,37.545385772857664],[127.17152798668249,37.545326246533996],[127.17152504400377,37.54532224083487],[127.17151386975164,37.5453070191996],[127.17114471205555,37.54515417721228],[127.17106524463337,37.54512127541048],[127.17102791801135,37.54511233813826],[127.1707402755819,37.54504346422884],[127.17049604559466,37.544954282436784],[127.1703700841697,37.54490828621633],[127.1699892579047,37.54483365204553],[127.16976358254867,37.54480469150877],[127.16963203188702,37.54482411460595],[127.1696172403196,37.544826298669435],[127.16947602787214,37.544868777383044],[127.16938683966917,37.54489560623768],[127.16897094461227,37.54508155443153],[127.16896856605486,37.545082617672925],[127.168907630929,37.54510986157063],[127.16882267420955,37.5451478453241],[127.16876942155727,37.54514551918373],[127.16844804956143,37.54513147910922],[127.16824835930352,37.5451227546698],[127.16819524250229,37.54509157354764],[127.16817045507862,37.54507894079604],[127.16794976914935,37.54505953887722],[127.1679415636523,37.54506018100352],[127.16773441957551,37.54507638246116],[127.16771549007856,37.54507786330261],[127.16765234718669,37.54494213610408],[127.1676515460948,37.54494077550612],[127.16765047275673,37.54493954123305],[127.16764915759263,37.54493846581934],[127.16764763669477,37.54493757911129],[127.16764595070734,37.544936905559894],[127.1676441493587,37.54493646333225],[127.16764228012917,37.54493626698363],[127.16764034525072,37.54493632373122],[127.16763845109611,37.544936641986595],[127.16763665090176,37.544937214688765],[127.16755389912848,37.54497030757079],[127.16755226888536,37.544971101582334],[127.16755083129513,37.54497210344807],[127.16754962384215,37.54497328443018],[127.16754868517484,37.54497460858328],[127.16754803808549,37.54497604171995],[127.16754770541041,37.5449775397381],[127.16754769185779,37.54497906208996],[127.16754800215985,37.54498056281973],[127.16754862290858,37.544982002229986],[127.16760651296579,37.54508638807467],[127.1675968330609,37.54508714410426],[127.16758683607277,37.5450879262811],[127.16757070127288,37.5450938009641],[127.16758761427684,37.545123760070055],[127.16758822405558,37.545125121031205],[127.16758854949141,37.54512652806244],[127.16758859168829,37.545127987476285],[127.1675883385463,37.545129419919434],[127.16758780262957,37.54513080018928],[127.16758699653433,37.54513209587241],[127.16758593966485,37.54513327096931],[127.16758466157748,37.54513429762104],[127.1675831940966,37.54513514707387],[127.16758157239863,37.545135800498336],[127.16751879464165,37.545156225142065],[127.16751692243669,37.54515669758912],[127.16751504688456,37.54515690412677],[127.16751315434114,37.54515685823689],[127.16751129687493,37.54515656096749],[127.16750952877851,37.54515602238633],[127.16750788286821,37.5451552452899],[127.16750645060482,37.545154282214405],[127.16750522633625,37.545153131341166],[127.16750424621084,37.54515180989778],[127.16748740576622,37.54512412600651],[127.16730347100633,37.545191092424204],[127.16713818995899,37.545209064764],[127.16707668044417,37.5452156190787],[127.16702666486007,37.54520883235693],[127.1670089400933,37.545206428033225],[127.16697816981564,37.54520225090466],[127.16689171961431,37.54512634635426],[127.16685299943373,37.54504477618597],[127.1668548469203,37.54504426221732],[127.16685651316001,37.54504352149699],[127.16685799808869,37.54504256844651],[127.1668592608336,37.54504142999121],[127.16686026503011,37.54504013757599],[127.16686098220147,37.54503873078018],[127.16686139180705,37.545037246501344],[127.16686148119422,37.545035729771676],[127.16686146056753,37.545035277232884],[127.16685284474757,37.544844741454504],[127.16685262490823,37.54484326621611],[127.1668521014745,37.544841838794376],[127.16685129012596,37.544840497090526],[127.16685021558234,37.54483928263663],[127.16684890261936,37.54483822434598],[127.1668473895889,37.54483735297287],[127.16684571714696,37.54483669026453],[127.16684393161756,37.544836256181505],[127.1668420793648,37.544836061670864],[127.1668410628227,37.54483605880277],[127.16684069370025,37.544836077591164],[127.16675718520683,37.544841007620555],[127.16674646070264,37.54481806128317],[127.16680088928845,37.54458841149597],[127.16682322095862,37.54454000048943],[127.16692364736475,37.544322298988725],[127.16691683168024,37.54430623202258],[127.16689668283293,37.54427726149032],[127.16689394503459,37.54427332385529],[127.1668850868282,37.54427260752648],[127.16663735477516,37.54425256441073],[127.16630944914255,37.54430264146548],[127.16628563915378,37.5443062778501],[127.16616683775598,37.54431263191005],[127.1659889536444,37.544322433180625],[127.16579452218112,37.54433314459104],[127.16578357732428,37.544336818186565],[127.1656896865177,37.54433413767328],[127.16544868819099,37.54437404408413],[127.16544857274802,37.54438771822725],[127.16544839842909,37.54438923561668],[127.16544790621553,37.54439070793903],[127.16544710875272,37.54439209196501],[127.16544602998175,37.544393349905505],[127.16544470062776,37.54439444579333],[127.16544315932376,37.54439534728914],[127.16544144919047,37.54439603107983],[127.16543961788064,37.54439647296379],[127.16543771976654,37.544396664982855],[127.16529583048916,37.54440129876128],[127.165253550106,37.54443666348904],[127.16518842033163,37.544486877250776],[127.1651974111921,37.54457487777892],[127.16517026904164,37.54462772753321],[127.16516817924584,37.54463179753858],[127.16488507461045,37.544694132610644],[127.16472682553028,37.54468899815168],[127.16457397784085,37.54473200761916],[127.16446734864422,37.54480873815253],[127.16437035673893,37.544842659948486],[127.16424106939421,37.54482481871732],[127.16404550704766,37.54490026661115],[127.16392641116018,37.54489531096946],[127.16391448413863,37.54489481552931],[127.1638657697389,37.544905428240455],[127.16371550185949,37.54493816487584],[127.16348775881076,37.54501534093032],[127.1634317234217,37.54501992235817],[127.16335850689721,37.545013265348786],[127.16331307035456,37.54501614813583],[127.16328178602711,37.54501759664397],[127.16326074117752,37.54501368784264],[127.16323636335571,37.545011355016904],[127.16323456194746,37.54501118312858],[127.1631697984845,37.54498762084615],[127.16316431445192,37.54499025068191],[127.1631627295967,37.54499101051071],[127.16312697842496,37.54495318948923],[127.16297931759215,37.54479698862901],[127.16291458982667,37.54470697836067],[127.16285850956423,37.544633085552036],[127.16279011009449,37.54455281649865],[127.16277915439791,37.5445400084935],[127.16277820164996,37.5445386609498],[127.1627775527779,37.54453720340712],[127.16277722570297,37.5445356782804],[127.16277723154208,37.54453413066918],[127.16277756895217,37.54453260744009],[127.16277822981021,37.5445311527364],[127.16277919240923,37.544529810662546],[127.16278042941875,37.54452861719468],[127.16278190444424,37.544527610085794],[127.16278908180088,37.54452350597832],[127.16274453465105,37.544473511246224],[127.16272727843717,37.54448049614046],[127.16271520725952,37.54448538036036],[127.1625914389503,37.54431746112005],[127.16248055190408,37.54414135279224],[127.1621805468324,37.54382669326454],[127.16170946850447,37.54345989890187],[127.16126265168917,37.542948625390004],[127.16091694897605,37.54250902073882],[127.16083975963282,37.54237791314817],[127.16069886715604,37.542135402347526],[127.16053593811337,37.5419216380702],[127.16034356271578,37.54166922434397],[127.16031042113732,37.541625739528826],[127.16009589768674,37.54151453033285],[127.15992396568197,37.541392000695716],[127.15972341081948,37.54135650891624],[127.159647411254,37.541283126808274],[127.15964088039553,37.54125709935085],[127.15959712237004,37.54108272213064],[127.15958337907554,37.541028223469254],[127.15958321345184,37.54102755508679],[127.15957287513949,37.5409867452221],[127.1593045951602,37.54086292916385],[127.15925692341173,37.540814006608116],[127.15910151765922,37.540725519906054],[127.15895939057961,37.54048384708518],[127.15868898518124,37.54022770978144],[127.1584515170725,37.54000277202866],[127.15824713784805,37.53974964950057],[127.15817010424837,37.53968921412468],[127.15797141817605,37.53953348833794],[127.15765139484665,37.5392698119826],[127.15739561790272,37.53895142404582],[127.15731536646643,37.53869784690775],[127.15726324088747,37.5386027016642],[127.15717463163828,37.538440961016235],[127.15703898201035,37.53840015120604],[127.15694081995083,37.53837061885984],[127.15694137113256,37.53796716602305],[127.15694134657713,37.537966843266055],[127.15689350642965,37.53783485562708],[127.15686956304992,37.53779631705631],[127.15678884213075,37.537658174005614],[127.15671195105081,37.537577744183494],[127.15655530485724,37.537457533555376],[127.15654053562469,37.53744619930512],[127.1565251334872,37.53744822852977],[127.15650378410247,37.53745104085825],[127.15638037136483,37.53740358502641],[127.15637533081984,37.53740164596271],[127.15633831167321,37.537369601365434],[127.15630806247412,37.537366909312226],[127.15629607179035,37.53737735088317],[127.1562946861194,37.53737838431176],[127.15629317133157,37.537379188419926],[127.15629151485605,37.537379789310414],[127.15628975864321,37.53738017178223],[127.1562879480226,37.537380324249725],[127.15628613055021,37.53738024324587],[127.15628435262134,37.537379931609756],[127.15628265947441,37.53737939758523],[127.156281096319,37.537378655725675],[127.15627970383291,37.537377721472474],[127.15627851584465,37.53737662286625],[127.15626732758398,37.53736439854933],[127.15626621822216,37.53736318569952],[127.15626477902164,37.53736305802446],[127.15612091121928,37.537350256331536],[127.15603276259824,37.53734241289105],[127.1559671873244,37.53714172137059],[127.1559402498598,37.53705927961362],[127.15569670352224,37.53675016064602],[127.15561594369606,37.53665097240327],[127.15526159660986,37.53621576392534],[127.15522872398041,37.536136411646346],[127.15504867742757,37.53574921996567],[127.15486525300066,37.53535808459493],[127.15452606080807,37.534868888980846],[127.15446591679553,37.5348266593028],[127.15427701794017,37.53469402608522],[127.15402132884951,37.53451449579306],[127.15399086873707,37.534433515157],[127.15381693254955,37.53397107338202],[127.15372615481068,37.5338600628895],[127.15356680145001,37.5336651917065],[127.15375620323682,37.53285825000817],[127.15380211338247,37.53266250432201],[127.15384843092218,37.53240059836729],[127.15393350381447,37.531919785099426],[127.15374714968691,37.53160008709423],[127.15372510464366,37.531562265490884],[127.15361817962825,37.53148413412157],[127.15354870529363,37.53144006937046],[127.15337674135345,37.531330998052276],[127.15332523718396,37.53103456612131],[127.15332518011188,37.53103418107408],[127.15333824718161,37.53102262256443],[127.15341451728159,37.53093417175874],[127.15343206282137,37.53091382282135],[127.15352783271273,37.53048696394173],[127.15353904693829,37.53043697959985],[127.15353910586853,37.53043671837901],[127.15352201365621,37.53041635073041],[127.1531290156977,37.52994805311596],[127.15316744730319,37.52983382785018],[127.15322855613387,37.52965220883414],[127.15329024421223,37.52946886267641],[127.15329018019652,37.52946851095892],[127.15326040054241,37.52934944969837],[127.1532499915939,37.52930786653872],[127.153232277409,37.529237098493475],[127.15319079728465,37.52915940943503],[127.15316377599152,37.52910880356251],[127.15277903672579,37.528802110888314],[127.15268692854436,37.5285291116602],[127.15245423909556,37.52835618212313],[127.15234844158809,37.52827755353964],[127.15209797375776,37.52807559770813],[127.15197987825434,37.52798037461664],[127.15175675742002,37.52780046653757],[127.15163756231188,37.52770435562645],[127.15135591883723,37.5274132962308],[127.15110011775137,37.52716499811951],[127.150782621798,37.526856811070054],[127.15072610253986,37.52678902854836],[127.15066950690442,37.52671628920426],[127.15040197537957,37.5263724487453],[127.15026743497529,37.52633077721778],[127.14986870010883,37.52620727335806],[127.1494793358826,37.525778104800075],[127.1494553684814,37.52575068284706],[127.14947079722205,37.525701133200414],[127.14958561259365,37.525332372167256],[127.14959591913214,37.52529367678378],[127.14949106788107,37.52505427221769],[127.14947629377454,37.52502054009828],[127.14923587492866,37.52482994793922],[127.14920852654052,37.524763812459454],[127.1490254443348,37.524333528734914],[127.1490254366747,37.52433323126383],[127.14902239724404,37.524222034246115],[127.1490223470272,37.52422164110456],[127.14900893896717,37.52411985139674],[127.14900888875046,37.52411945825515],[127.14878776683341,37.52382056388184],[127.14859561217514,37.523560824664806],[127.14859580923863,37.52353159779553],[127.14859839916893,37.523191737395116],[127.14847635423719,37.52311328860481],[127.14817918613423,37.52292227385394],[127.14782959629443,37.522392534568425],[127.14782954608076,37.52239214232759],[127.14780947566854,37.52224047843356],[127.14779748370628,37.52214986512387],[127.14779743236552,37.52214947197832],[127.1477472579111,37.52214426121455],[127.14654069320058,37.52201896403694],[127.14593249089154,37.52195580033135],[127.1457809384689,37.521941373940386],[127.14577896571762,37.521941185949366],[127.1457689549097,37.521940232032286],[127.14566574592016,37.52193191837347],[127.14565258355175,37.52173208368426],[127.1456461512345,37.52163443370083],[127.14564263339525,37.52158120241175],[127.14564171380364,37.5215794311866],[127.14564021672237,37.52157653513562],[127.14558973180178,37.5214786916747],[127.14554906331468,37.52140065436678],[127.14554324841194,37.52138949611964],[127.14550938472652,37.52133322450272],[127.14548652982552,37.521307349096574],[127.14543777689667,37.52123195009623],[127.14541432826258,37.521167503744785],[127.14538998786338,37.52110474295589],[127.14533999208786,37.52102371389896],[127.14527114081066,37.52087908058054],[127.14524961984985,37.52081124366202],[127.14523907894693,37.52075353854615],[127.14519455261711,37.52066969197931],[127.14514732919588,37.52055965731879],[127.14513134071424,37.520516032177746],[127.14512224507854,37.52047409345667],[127.14511171927181,37.52042398322307],[127.14507772317374,37.520304084141486],[127.1450568132416,37.52027144889223],[127.1450089521819,37.52020055377145],[127.14497771927017,37.52013498967682],[127.14495055011164,37.520071106205144],[127.14491448933205,37.51997147242989],[127.14488517091253,37.51989549164891],[127.14484413773623,37.519786574223275],[127.14480451280357,37.51967399879448],[127.14478595787307,37.51962446378308],[127.14480104350515,37.519591333726915],[127.14480094070329,37.51959105760186],[127.14479270742798,37.519568744933196],[127.14479313331925,37.51956722922658],[127.14480304519275,37.519531928460204],[127.14480296274732,37.519531655100465],[127.1447870550602,37.51947895165951],[127.14479791485965,37.51943394250008],[127.14480065814254,37.51938973637804],[127.14482673372369,37.519254276509535],[127.14482988279141,37.519144747398805],[127.14484148134251,37.519111225573525],[127.1448376341683,37.51886761625938],[127.14483760629717,37.518867288982165],[127.14480500081878,37.51877439689598],[127.14480490702816,37.518774129811575],[127.14486273890691,37.518606248880005],[127.14488463176141,37.51850204005157],[127.14490222557124,37.51838994131291],[127.14488636748924,37.518366444771665],[127.14488632522328,37.518366050750565],[127.14487516450187,37.51824369822278],[127.14487512110445,37.518243304198265],[127.14486996476388,37.518131221782355],[127.14486995240209,37.518130964857754],[127.14483951680045,37.51801867032244],[127.14482729966228,37.517973592655714],[127.14485565955492,37.517747606173515],[127.14489537140368,37.517637232426104],[127.14491332546928,37.51758733035826],[127.14496902699959,37.517412414132586],[127.14501124154297,37.51731184834396],[127.14508303023148,37.517143942505555],[127.1450829651584,37.517143585371656],[127.14507160062112,37.517081674691894],[127.14507155015202,37.51708134013584],[127.14507237399698,37.51695661337739],[127.14508581964422,37.51690357271553],[127.14509043799598,37.51688535028605],[127.14509367314655,37.516872227198014],[127.14509377120923,37.51687183089449],[127.14508096235026,37.516872134020936],[127.14509181313662,37.51683535960757],[127.14509193617089,37.51683494715456],[127.14511226134863,37.51683267821179],[127.14512173409398,37.51679465307451],[127.14512277322173,37.51678789419698],[127.14526531469068,37.516643282807784],[127.14532885947666,37.51660715605575],[127.1453896592942,37.51651332499763],[127.1454020730709,37.5164896051306],[127.14540795736681,37.51647836120877],[127.14543404098653,37.51642852311625],[127.14544427430485,37.51633277986427],[127.14543392821197,37.51618807426828],[127.14542924490286,37.516139931207],[127.14543916708521,37.51606473891953],[127.14531781036985,37.51600660100932],[127.14519785121819,37.51593438883487],[127.14510853788197,37.515904935386395],[127.14502397024698,37.5158616737816],[127.14494445988623,37.51577730187913],[127.14489978904446,37.51571007036882],[127.14489527552873,37.51570689032243],[127.14485430089539,37.515678021863096],[127.14475438389243,37.51564548155468],[127.14462038010329,37.51561062396615],[127.14460355278574,37.51560624680843],[127.14450778535644,37.51561452603749],[127.14444468678849,37.51561179157229],[127.14429023645128,37.51562634048408],[127.14412111249061,37.51563358182612],[127.14398200215781,37.51562445997562],[127.14388270617185,37.515639211542464],[127.14364741056968,37.515609374446235],[127.14356854693462,37.51560020581481],[127.14337411692087,37.51557760141238],[127.14323972630469,37.515586606663355],[127.14305320078212,37.51559910472561],[127.1428741728764,37.51560213835187],[127.14262457955319,37.51558385017802],[127.14241415596662,37.51561986170139],[127.14215687131953,37.51565040114662],[127.14213621054812,37.51565285424508],[127.14206283390412,37.51563922147541],[127.14204586057232,37.515636067557594],[127.14204005683362,37.51563651416901],[127.14182991452093,37.51565265052173],[127.14174560881698,37.51564571396463],[127.14170487111821,37.515599027956796],[127.14151994751585,37.51558056044174],[127.14118657313442,37.51554726687525],[127.14080841170453,37.51557502317573],[127.1406143808784,37.515588766379885],[127.14061553941927,37.515548220437765],[127.14074804691327,37.515451488516206],[127.14075461493107,37.515446694330976],[127.14094680972579,37.51529837050753],[127.14117514379407,37.515101854094254],[127.14120967279462,37.51504436660449],[127.14137124478987,37.514967590028],[127.14154508310213,37.514930228160246],[127.1416683700006,37.514892069115504],[127.1417668494905,37.51481649317134],[127.14200208063961,37.51471653710035],[127.14210518791079,37.51466010175282],[127.14220769810153,37.51456847361431],[127.14233515231409,37.5144903331553],[127.14257103132388,37.514363064896074],[127.14258322394964,37.51436305041399],[127.14259471500554,37.51436303651182],[127.14259717858303,37.51436133949477],[127.14260565213729,37.51435626524005],[127.14264202012819,37.51433426581972],[127.14264976938854,37.51432565063146],[127.14270157401336,37.5142680617285],[127.14272544626847,37.5142415248932],[127.1428276606379,37.5141805857169],[127.14284531060726,37.51417014996208],[127.14291904703343,37.514098260500084],[127.14303012229796,37.514044914850594],[127.14311205174208,37.514005398033134],[127.1433255143896,37.5138989955046],[127.14342993597933,37.51388028307024],[127.14339456793581,37.513869631285004],[127.14339791846956,37.513746676967564],[127.14339886334093,37.51371194951743],[127.14337266715478,37.51369452104885],[127.14340232454883,37.51367703226619],[127.14340871907095,37.513663685303506],[127.14343295772589,37.51361307950941],[127.1434242301812,37.513573103984385],[127.14341383555936,37.5135593566084],[127.14340295853786,37.51354497231627],[127.14337230776373,37.51350418517337],[127.14336302084597,37.513450984100906],[127.14336670632503,37.51343718458985],[127.14340670637202,37.513278336085996],[127.1434242375425,37.513206235135875],[127.14341439088311,37.513137258573146],[127.14346760136974,37.51305667175497],[127.14347474407711,37.5129043418199],[127.14352073045625,37.512691984958515],[127.14352132512336,37.51268923940741],[127.14352602694981,37.512667526310345],[127.14352835243058,37.51265678280563],[127.14292383995078,37.51272863675883],[127.14288466551942,37.51273329283033],[127.14269300936672,37.512694390994604],[127.1425955574568,37.512652548865866],[127.14221128812748,37.51252771348165],[127.14207516778677,37.51250647786002],[127.14196945083974,37.512475488685205],[127.1419572315723,37.51247190659676],[127.14191637940371,37.51245993167352],[127.14185560789836,37.51245408868481],[127.14158370609218,37.51242794473181],[127.14151069987652,37.512418453591266],[127.1414396216789,37.51240023768379],[127.14138740840092,37.512355530347605],[127.14138279987192,37.51234697686946],[127.14127798190236,37.5121523767066],[127.14123768970396,37.511677149155126],[127.14119106824647,37.511506853254474],[127.14115013509861,37.51125856818552],[127.14110499835245,37.511126850466866],[127.141123119766,37.51108543754129],[127.14122041927939,37.51104647166777],[127.14121943056381,37.510988745546335],[127.14121718532449,37.510822631527084],[127.14117288194738,37.510761020564004],[127.140946889424,37.51039779764109],[127.14080050405444,37.51037037395788],[127.14072041182067,37.51034963704101],[127.14065674264405,37.51032408809469],[127.14055146286134,37.51025578896315],[127.1404476752263,37.5102302872694],[127.14037898126959,37.51022667100546],[127.14034304494402,37.51022477869951],[127.14034389471048,37.510207325539994],[127.14035534242987,37.51015819749131],[127.14036686409248,37.5101087478805],[127.14035528154638,37.510052737227284],[127.14029216897264,37.509949476278585],[127.14027539617946,37.509919908347065],[127.14023773738677,37.50985352112255],[127.14024033622655,37.50979108728717],[127.14024297828156,37.5097276638888],[127.14024470311365,37.50960827852861],[127.14024537243596,37.509585753763886],[127.14023712992739,37.50952579359005],[127.14020062757871,37.509377170633066],[127.14017806050488,37.50930849753298],[127.140169981063,37.509238391232095],[127.14015363277616,37.50917370485936],[127.14013846596728,37.509113693835324],[127.14012026093779,37.50911005636438],[127.14011732780149,37.50905262174162],[127.14008522615637,37.50899662695335],[127.14006349836443,37.508904020752304],[127.14001039729554,37.50876330165013],[127.13996581225103,37.5086408826651],[127.13993485549166,37.508523500545365],[127.14001384647946,37.50852453359927],[127.14006185233475,37.508490411057814],[127.14009944264376,37.50846389579458],[127.14023308339438,37.50836241849254],[127.14023537277757,37.50836068043091],[127.14030926784345,37.508304568619955],[127.14031880880759,37.508278304978965],[127.14032052071758,37.508273588864014],[127.14038083246318,37.508105427145956],[127.14038156460151,37.50802545523648],[127.14032856551306,37.50788069847046],[127.14032561372655,37.50787263942896],[127.14031491955627,37.50782562793897],[127.14034712903562,37.50775153860734],[127.14036282560959,37.507740725000026],[127.14047864996066,37.50766093939127],[127.14050967181069,37.507639568798275],[127.14054520375663,37.507643185025884],[127.14055262479408,37.507643934105154],[127.1405672949853,37.50764541190932],[127.14068736628721,37.507592337326074],[127.14075143774994,37.507549751814274],[127.14088483440607,37.50743752969071],[127.14114301729526,37.50715706898624],[127.1412564783178,37.50706007745602],[127.14132466231025,37.50698120721192],[127.1413534540603,37.50694790551755],[127.14147949247503,37.50677881963816],[127.14151665014165,37.50670809985511],[127.14151309849284,37.506702194175304],[127.14150708420074,37.506697128300935],[127.14143523445671,37.50662632554132],[127.14142546974604,37.5066167018132],[127.14133619546348,37.50650390576778],[127.14126852678457,37.506418669486294],[127.1411778626933,37.506318820755226],[127.14115886460573,37.50630253313612],[127.1409971490587,37.50616389194944],[127.14081285033797,37.505978566178456],[127.1408949902125,37.505867531165784],[127.14096226612637,37.50577565802081],[127.1409626783917,37.5057750968245],[127.14104424590035,37.505642672465356],[127.14103186877914,37.50558156132315],[127.14101214585415,37.50548418862768],[127.14104459912501,37.505414828354766],[127.1410483965723,37.505406713221475],[127.14108712411425,37.505420181860295],[127.1411110159766,37.50544343475762],[127.14112943236928,37.50546135929378],[127.14113191333887,37.50546377436686],[127.14119478964722,37.50544258057526],[127.14120273122728,37.50543806634375],[127.14120845455615,37.50543463511978],[127.1412507440671,37.50540928568514],[127.1413430811072,37.505363567812154],[127.14138809624511,37.50534126959901],[127.14144479420767,37.505323749793796],[127.14152585900851,37.50529830883527],[127.14154970101546,37.50528941444423],[127.14212255796983,37.5050757296408],[127.14223298895297,37.504884414908055],[127.1424795016272,37.50478698498377],[127.1427018178591,37.50469916017561],[127.14288952002912,37.50462516175065],[127.14342402681395,37.50441363329078],[127.14359595745603,37.50440948129976],[127.14370516830287,37.50440653881163],[127.1438763872615,37.504402386068456],[127.14392479930548,37.50440092217796],[127.14410326629138,37.504396479984095],[127.14424110142905,37.50434043570019],[127.1442439025442,37.50433929670308],[127.14439427389581,37.504278153134415],[127.1444154625252,37.50426940520846],[127.14451080642404,37.50423070919101],[127.14454718421638,37.5042157451921],[127.14455345666937,37.5042121793516],[127.14480885929092,37.50406697389497],[127.14487374129858,37.504030086053774],[127.14506014294867,37.503779500819526],[127.14512613997654,37.50369077798129],[127.14512608788874,37.50359804213835],[127.14512606287714,37.50355647577271],[127.14516458357556,37.50355670776453],[127.1451740025073,37.50355669639716],[127.14520115957492,37.503556664395724],[127.14519696092655,37.50357890640303],[127.14520326703901,37.50364113101202],[127.14524646321195,37.503591522709684],[127.1452769771749,37.503556571206865],[127.14532493523647,37.503556722420576],[127.14534058108292,37.5035567730013],[127.1453499701189,37.50356379936164],[127.14541597900401,37.50361384101398],[127.14543077592967,37.50359626921781],[127.14544755032203,37.50357634899846],[127.14546393439143,37.5035569035241],[127.14558259393667,37.50341597657004],[127.14553456967829,37.50335015565838],[127.145502503457,37.503305703425944],[127.14595206807952,37.50322688459259],[127.14623940962566,37.50322934446763],[127.14634054497697,37.503351141838266],[127.14646588091469,37.5033551900608],[127.14649993860125,37.503356289791625],[127.14654218072393,37.503357643849355],[127.14657814649512,37.50331734341541],[127.14650943457546,37.50323746465648],[127.14686537263394,37.5032598302242],[127.14716220062097,37.503371773972646],[127.14719428542993,37.50338387954621],[127.14748403689731,37.50328443834237],[127.14768971863954,37.50321384798688],[127.14769492237518,37.50321206348727],[127.14790243260732,37.503418412588516],[127.14798705618354,37.503502561735935],[127.14805382622296,37.503577370000095],[127.14860243670738,37.5037228209089],[127.14904511390405,37.50400073057034],[127.14945823839794,37.50426126365815],[127.14951432775524,37.50429663547221],[127.15020457069863,37.50474204226767],[127.15027806623658,37.50465473226374],[127.15051396209651,37.50437449583551],[127.15070712638119,37.50417974931151],[127.15076889481556,37.504117474788174],[127.15077037259182,37.504115982896685],[127.15082434854865,37.50406156591071],[127.15097185031524,37.50394284541463],[127.1513299888716,37.50365435141909],[127.15162751046883,37.50341669644737],[127.15165373169334,37.50339575041145],[127.15169985175919,37.503352664304586],[127.15192264704658,37.503144525948386],[127.15210914384626,37.50297029586209],[127.15225988793424,37.50297854730842],[127.15239751118703,37.50304369357544],[127.15250062294054,37.50309171143814],[127.15282524932977,37.503057246936976],[127.15284425016938,37.5030552305474],[127.15291002350492,37.502990462673196],[127.15306240310231,37.50284040630133],[127.15323083268636,37.502679416452864],[127.15370084524399,37.50266726941471],[127.1537821350237,37.502666317893826],[127.15395406357376,37.50266384356718],[127.15404483441517,37.502637375040656],[127.1544167560128,37.5025289337739],[127.15471058359968,37.5024346199838],[127.15524573218468,37.50226284387466],[127.1558171153543,37.50207943517576],[127.15597303975285,37.50202407342937],[127.15642592337208,37.50186327790576],[127.15643796038208,37.501859004403194],[127.1564530762783,37.50186352723315],[127.15655501675977,37.50189404362408],[127.15763992415192,37.503081216690894],[127.1577292413465,37.503178949704235],[127.15886611998879,37.502390194315225],[127.15907444631966,37.501879168146935],[127.15932135340414,37.50148352535087],[127.15935656062207,37.50142719078556],[127.15939690418074,37.501362637074195],[127.160504272096,37.50109451107737],[127.16092653875131,37.50068168215509],[127.16099728274763,37.50061251814091],[127.16115878523718,37.500454625632706],[127.16121949353389,37.50039527196854],[127.16125775679568,37.50027583849332],[127.1613780676776,37.50020795298617],[127.16139030722708,37.50020104667728],[127.16143108962598,37.50002247835969],[127.16140773620434,37.499949116227754],[127.161406361879,37.49994480017009],[127.16138784751563,37.499710285568256],[127.1614201690494,37.49970545767168],[127.16139121474218,37.49963454290384],[127.16137927540292,37.49960530363069],[127.16137318489098,37.49959038754957],[127.16136777358022,37.499577137330505],[127.16135443556678,37.49953745626599],[127.1612509298282,37.49939089629014],[127.16110733373723,37.499275319131364],[127.16106932910894,37.49924473142215],[127.16105285784309,37.49921549173097],[127.16101132282616,37.499141760965315],[127.16101075062427,37.49913469804812],[127.16100814013994,37.49910252633117],[127.16100515453968,37.49906574306745],[127.1609532070574,37.49898247031891],[127.16091636707951,37.498952315852016],[127.16088622129968,37.49892764194686],[127.1608845226887,37.49892624897221],[127.16080766485919,37.49884470647119],[127.16075446794054,37.498758615089635],[127.16068583229438,37.49863994915786],[127.16068140612344,37.498632294691085],[127.16063298777681,37.498549296934485],[127.16063228394431,37.4985455803966],[127.16061706857512,37.49846538840976],[127.16060975818868,37.498426847669464],[127.16060939362224,37.4983556687072],[127.16060891695693,37.49826326413082],[127.16060887275728,37.49825453250235],[127.16060978201348,37.49810137193956],[127.16059281796277,37.49793639543481],[127.16058174361642,37.49779590694611],[127.16058362994443,37.49776831624005],[127.1605849635941,37.497730859430526],[127.16058827690401,37.49765543749538],[127.1605882612278,37.4976551517183],[127.1605889744106,37.497639552978356],[127.16058934262229,37.49763118578312],[127.16058109148615,37.497603553330855],[127.16056656393151,37.49755491100335],[127.16055208088723,37.497533679247816],[127.16052211008356,37.497489747227924],[127.16048769113043,37.49743929457618],[127.1603691269505,37.49735611851551],[127.16027117276926,37.497238553317764],[127.16013306638985,37.497165759502245],[127.16009692960402,37.497146711587725],[127.16007875373597,37.49713332092064],[127.16000844074108,37.49708151014267],[127.15990235100135,37.49696199050161],[127.1597794308228,37.496823626171526],[127.15976494836045,37.49665921460701],[127.15976290571949,37.49661248026191],[127.15973732461968,37.49654747239059],[127.15978026798179,37.4964051834133],[127.1597838273388,37.49639339211728],[127.1597920567937,37.4963598742943],[127.15981090163218,37.49624469109516],[127.1598206955848,37.49622290450834],[127.15985117224454,37.496155105200806],[127.15984190385389,37.49608746185881],[127.15982999535125,37.49600055058595],[127.15986778651202,37.49583652748038],[127.15987412309072,37.49580902800841],[127.15986640629926,37.49570683086766],[127.15986466361235,37.495683747347414],[127.15989500806467,37.49557868708958],[127.1599743688001,37.495422869735],[127.15997204275222,37.495385724171186],[127.15996541608293,37.49527985711184],[127.15997419505882,37.4951697520156],[127.15997322889862,37.49504924597951],[127.15998225615262,37.4949709543089],[127.1600182701979,37.49470764354419],[127.16002049009107,37.49461098682704],[127.16002118173643,37.494580941870296],[127.16002617944642,37.49437609618988],[127.16002621698897,37.49437455226244],[127.16002461456654,37.49437118196014],[127.15995611394791,37.494227106481205],[127.15988125323257,37.49408163266163],[127.1598105961524,37.49392377354365],[127.15978334864845,37.493819068414794],[127.1597576651061,37.49364592545046],[127.1597569999295,37.493641437448645],[127.15974549981108,37.4936366676622],[127.15971744622104,37.49357278835284],[127.1597122020195,37.49356201006595],[127.15970485071767,37.49354690277008],[127.15965196434723,37.49343435670051],[127.1595169843505,37.493274601277314],[127.15936800752876,37.49317400509569],[127.15931845702718,37.49313662598581],[127.15925619203364,37.49310235413983],[127.15918367427246,37.4930644373142],[127.15905478337932,37.49293846941027],[127.15900732781364,37.49289123079054],[127.15891608073728,37.49277689531404],[127.15889999011881,37.49275673312575],[127.15889891704317,37.49275538699571],[127.1588734001951,37.4927202277405],[127.15885157395101,37.492691425638114],[127.15882951607848,37.49266231820177],[127.15880962734826,37.4926360734471],[127.15870820597037,37.49250223446094],[127.15865086999611,37.49242657329571],[127.15862425461049,37.49236862253528],[127.15859589078067,37.492306857552855],[127.15855612295965,37.49222027390594],[127.15853869609586,37.49218232660376],[127.15851393138036,37.49210776903268],[127.1585095301647,37.492094517080915],[127.1585001251943,37.49207985174858],[127.15848770880511,37.49206048881633],[127.15847939899447,37.49204753473229],[127.15845747277437,37.49195604963065],[127.15846771330905,37.491948440178085],[127.15837193503123,37.49162778883688],[127.1583607760281,37.49159043469985],[127.1583185122193,37.491403533674436],[127.1582871511802,37.49127574135143],[127.15826021138277,37.491149358019264],[127.15826286891108,37.491114279217996],[127.15826966310026,37.491024611365845],[127.15827167127824,37.490997484319955],[127.15827331662724,37.49097525964382],[127.15827928593929,37.49089457509938],[127.15830321018234,37.49089176353826],[127.15830509412686,37.490891408441584],[127.15830687287674,37.490890803362824],[127.15830849770862,37.49088996618836],[127.15830991873923,37.49088892111076],[127.15831109511839,37.49088769595413],[127.15831199272974,37.49088633027984],[127.15831258537928,37.490884862770784],[127.15831285477506,37.49088333573818],[127.1583275823717,37.49066792892763],[127.15832760546549,37.49066757746246],[127.1583275600163,37.490666131543335],[127.15832722486809,37.49066471002455],[127.15832660777497,37.49066334898312],[127.15832572553234,37.49066208632487],[127.15832460063253,37.49066095095849],[127.15832326121568,37.49065997361178],[127.1583217444919,37.490659180531836],[127.15832008543362,37.4906585925512],[127.15831833036196,37.490658222422915],[127.15831652447113,37.49065808199545],[127.15831584918084,37.490658073732845],[127.1582696336364,37.490657386623724],[127.15826784820342,37.49065747339838],[127.15826610021243,37.49065778381955],[127.1582644372144,37.49065830901117],[127.15826289771888,37.490659038268234],[127.15826152141608,37.49065995007286],[127.15826034458613,37.49066102650267],[127.15825939452527,37.49066223518758],[127.15825869398874,37.490663547349754],[127.15825847010554,37.49066427139873],[127.15823539919856,37.49061189130216],[127.15818457965777,37.49055535765621],[127.15817019797589,37.490518778357426],[127.15816063787757,37.49051090612574],[127.15812814183356,37.49048411189282],[127.15808188107818,37.490445967500165],[127.1580732062595,37.49043894240148],[127.15800499169718,37.490393009748765],[127.15797656034121,37.490373865398176],[127.15784327125282,37.49030963403737],[127.15782741392447,37.490301991415784],[127.15769647506872,37.49021534436623],[127.15766193271229,37.490191336500914],[127.15765793079366,37.490188555013106],[127.15764946463372,37.490182670713175],[127.15766647719929,37.49016495863382],[127.157666989805,37.49016442470899],[127.15762490292322,37.490117503931785],[127.1576050001674,37.49009531416111],[127.15759556025075,37.49009979722769],[127.15758285654162,37.49010583199631],[127.15758155171528,37.4901064501556],[127.15757268535333,37.490099029667356],[127.15753519266887,37.49006764726691],[127.1575110250123,37.490085916359874],[127.15748764589212,37.49006799256221],[127.1574998700726,37.490060450234395],[127.15750058130936,37.4900600169375],[127.15750193758242,37.4900590320731],[127.15750307401642,37.490057884325864],[127.15750396445021,37.49005660516767],[127.15750458157912,37.49005522877121],[127.15750491535837,37.490053725362365],[127.15750494775443,37.49005232834211],[127.15750468514337,37.49005087999027],[127.15750413043313,37.49004948667618],[127.15750330270563,37.49004818090425],[127.15750221875153,37.490047001481855],[127.15747396100359,37.49002086022443],[127.15747265687335,37.490019839704836],[127.15747116188207,37.49001899890466],[127.15747028111495,37.490018656536826],[127.15746951778455,37.4900183595777],[127.1574677640815,37.490017941668455],[127.15746595050766,37.49001775343341],[127.15746400912236,37.490017809998804],[127.15746210724937,37.4900181316797],[127.15746030375108,37.49001870963318],[127.15745865075633,37.49001952327901],[127.1574390234616,37.49003115796224],[127.15741919634951,37.49001644789776],[127.1574132866679,37.49001206184991],[127.157386380796,37.48999209973626],[127.1572823232516,37.48995007017846],[127.15731681757224,37.4899486379188],[127.15732440961962,37.48995048339934],[127.15735665782975,37.489961585290274],[127.15749982172056,37.48992932867513],[127.1575906344233,37.48990886684794],[127.15788193884855,37.48989546200729],[127.15791826654358,37.48989383658092],[127.15807516854214,37.4898940528268],[127.15816589913207,37.48989454522996],[127.15829091159196,37.48989404607308],[127.15829126226481,37.48989404528462],[127.15832201912497,37.489894094580066],[127.15838209347639,37.48989430165541],[127.15840343091882,37.489824050648494],[127.15840407056405,37.489819464555026],[127.15840683257042,37.48979942259939],[127.15842588705145,37.489802244878895],[127.15843021099792,37.489793680000034],[127.15844654350073,37.48976278879948],[127.15846196624506,37.489730962956045],[127.15847967039542,37.48970787431764],[127.15850278046673,37.48967907403543],[127.15851360631484,37.48966557224758],[127.15846710860986,37.4896375496347],[127.15839725305756,37.4895943760416],[127.1583847111176,37.48958280592203],[127.15835970981884,37.48956935377869],[127.15835561590504,37.48956715162532],[127.15822636664487,37.489497619732624],[127.1581670279553,37.48946562269478],[127.15799987074155,37.48938519153731],[127.15788517610386,37.4893300042478],[127.15774356205927,37.489261861977674],[127.15761852551013,37.48920169688074],[127.15759688604626,37.48919128380304],[127.1574988237107,37.489139570425465],[127.1574020705569,37.48908854039131],[127.15725670804251,37.489011873282394],[127.1570563745422,37.488884619621885],[127.15684632653297,37.48877383236856],[127.15662757994646,37.488658454951675],[127.15642724745582,37.48857439449664],[127.15633503882749,37.48852577082578],[127.15621312863317,37.488461473367124],[127.15605623588375,37.48837872667733],[127.15600699983493,37.48835275834431],[127.15598060453023,37.48833883743499],[127.15593795973894,37.48831634499751],[127.15586291755018,37.48827676746473],[127.15564865911594,37.48816382777739],[127.15550660967055,37.488088950163984],[127.1554516753579,37.488059992284306],[127.15546227759879,37.488042292467675],[127.1555045786495,37.48799325721735],[127.15548311793148,37.48798150124014],[127.15547236277465,37.48797560469979],[127.1553413360682,37.487936635129735],[127.15499506625923,37.487746956305145],[127.15495511938695,37.48772506989619],[127.15492351261888,37.48770735230664],[127.15487494317755,37.487680749985785],[127.15420193288612,37.48731212330205],[127.15387279068938,37.48713183755603],[127.15379848102802,37.48709113595209],[127.15374124935983,37.48705978192758],[127.15358691122697,37.48692058788944],[127.1535165757757,37.48688206193597],[127.15316245575974,37.48668808854583],[127.15314191733431,37.48667909482758],[127.15305007924782,37.48663887489724],[127.1529632894938,37.48660086634929],[127.15283139904389,37.48652862480125],[127.15280204458485,37.48651254563188],[127.15268274715919,37.486447200307246],[127.1526253742589,37.48641577411777],[127.15253226102283,37.48636477061808],[127.15240961780658,37.48629779362239],[127.15222254589034,37.48619531320765],[127.15221640472468,37.486191947462764],[127.152215506614,37.48619145718089],[127.15216017854097,37.48616114816659],[127.15205597058339,37.4861040607662],[127.15204607794591,37.48609863966965],[127.15191690874393,37.48603049099761],[127.15181690391157,37.48597571064291],[127.15169542616108,37.48590916538824],[127.15156439369733,37.48587020062389],[127.15141542749828,37.4857885924306],[127.15133014486085,37.485741870933346],[127.15110784941716,37.48562011277187],[127.15102810236165,37.485576423368286],[127.15100319961341,37.48556278157044],[127.15088452695342,37.485497771579034],[127.1507817379691,37.48544145971456],[127.15043020423191,37.48524889098819],[127.15036941670033,37.48520786488162],[127.15021754619872,37.48510537908892],[127.15016888930121,37.485072538028376],[127.15012228460398,37.48504108571827],[127.15002600495025,37.484976111428594],[127.14992171073833,37.48490572675814],[127.14970021198101,37.48467298237758],[127.14946595724513,37.484426831591584],[127.14940176002195,37.4843353427845],[127.14936713900006,37.484283085282286],[127.14909470040462,37.48388266723033],[127.1489039837038,37.483957040103974],[127.14872414054524,37.48402717072608],[127.14868305515925,37.484043190203856],[127.14857902983638,37.483889861563355],[127.14856670231943,37.48387167681909],[127.14854938486792,37.483846147332606],[127.14839595925511,37.48361996027913],[127.14832341429991,37.48351302278312],[127.14822520371649,37.483368252460586],[127.14820591518237,37.48330818757181],[127.14819053074005,37.48326028289895],[127.1480912661205,37.48310644339442],[127.14805863464913,37.48306584066564],[127.14803596835877,37.48303241453553],[127.14795625549358,37.48291490497733],[127.14788919808605,37.4828160579817],[127.14777038044475,37.482624166494745],[127.14766978511366,37.48242576368264],[127.14762886174528,37.482323848699224],[127.14760690081711,37.482269167698384],[127.14760460548811,37.482263467831544],[127.14759371076777,37.48223629704154],[127.14758795084403,37.48222195176455],[127.14757769484582,37.48218787121179],[127.14752532801022,37.48201386153249],[127.14748230469102,37.48180263890766],[127.14747861755016,37.481773477762914],[127.14747839122599,37.48177133454307],[127.14745907429376,37.48158945445964],[127.14742793573397,37.4810871470757],[127.14742152342076,37.48098371342156],[127.14740473842194,37.48071294732962],[127.14739685011763,37.48058569068853],[127.14739275533624,37.48051982022204],[127.14735753506679,37.479953381931765],[127.14734375628696,37.47973182037409],[127.14733133109733,37.47953198935675],[127.14731644008124,37.47929250171175],[127.14731262159724,37.47923092165092],[127.1473093150375,37.47917785741482],[127.1473092730123,37.47917717315306],[127.14729665680464,37.478973742391474],[127.14728211511752,37.47873962609809],[127.14724152416697,37.47863297073238],[127.1472178682402,37.47825176852277],[127.14721707371275,37.47823889465088],[127.14721706603072,37.47822873984396],[127.14721382070496,37.47817638605532],[127.14720859375603,37.478092054012265],[127.14720682758592,37.47806356468619],[127.14719275484796,37.47783660658971],[127.14718970784452,37.47778754337359],[127.14715916617804,37.47729511094495],[127.14715063060889,37.47724986754548],[127.14714533152946,37.477221796714225],[127.14712509871038,37.47722259619325],[127.14707787865274,37.47722445438961],[127.14624762617308,37.477257152784475],[127.1460743700121,37.47726397556215],[127.14584352163148,37.47727306547187],[127.14581565496398,37.47727425286769],[127.14579687949428,37.477274914973336],[127.14575646582314,37.47727651452315],[127.14546479661792,37.47728801185511],[127.14536030663048,37.47729213029458],[127.14488694659993,37.47731078739998],[127.14465181965603,37.47732005411242],[127.14437047697739,37.477331140833144],[127.14435201127976,37.4770339780226],[127.14434031857085,37.47684578004467],[127.14433265458345,37.476722478094146],[127.14433136535712,37.47671028504533],[127.14432099208265,37.47661216540301],[127.14429982394391,37.476502746190455],[127.14428664110423,37.47645622307417],[127.14427855851764,37.476427704768035],[127.14426922006955,37.47639475246771],[127.14422935784027,37.47628870845521],[127.14422364146448,37.47627662015306],[127.14422282068092,37.47627488435532],[127.14419067493145,37.47620684441118],[127.14418040125409,37.47618509776965],[127.14413675394621,37.47610908935209],[127.14412351349976,37.47608429075921],[127.1440405082486,37.475951987937286],[127.14401585941638,37.47591269705524],[127.14399532002919,37.47587996156386],[127.14397493111422,37.47584745727183],[127.1439483135324,37.47580502188729],[127.14394542649372,37.47580041892603],[127.143918581062,37.47575762410434],[127.14376119423545,37.47550672503136],[127.14371476832133,37.47542584430342],[127.14367543920352,37.475342612563104],[127.14365079131242,37.4752770035236],[127.14364343009854,37.47525741447239],[127.14362670192126,37.475198345286074],[127.14361885896022,37.475170651500704],[127.14360185948816,37.47508274319098],[127.14359251102594,37.474994123342704],[127.14358901324566,37.47493761697861],[127.14358377682811,37.47485308190225],[127.14357538605353,37.474717844487884],[127.14357336463078,37.47468530088161],[127.14356722994893,37.47458630518105],[127.14356425759243,37.47453824078848],[127.14353751511108,37.474106714958104],[127.14352658826051,37.47393041715464],[127.14338374292149,37.473936040597565],[127.14227892212232,37.47397952064561],[127.1421932840649,37.473982886644954],[127.14212084552992,37.47398573551715],[127.14166919015214,37.47400350810036],[127.14136862526696,37.47401533433015],[127.14135009682587,37.47401605867522],[127.1413284836534,37.474016914266876],[127.14096348529377,37.4740312740992],[127.14081426913422,37.474026693246124],[127.14080524094524,37.474026416123216],[127.1405771174986,37.47401941286617],[127.14014237592806,37.47403650996686],[127.14009984639301,37.47403818316659],[127.13996603093898,37.474070514018365],[127.13990587444258,37.474072877965575],[127.13959482769887,37.47408510309741],[127.13956032790269,37.47408677265216],[127.13952507964102,37.474088159588646],[127.13948815044844,37.47408961619939],[127.13911958929806,37.47410412892043],[127.13911895924112,37.47410415313573],[127.13889085720655,37.47411313601869],[127.13835623820043,37.47413418743087],[127.1383340526107,37.47413506145406],[127.1382478321522,37.47412990039559],[127.13819772277328,37.47412690316275],[127.13808000218226,37.474131536212944],[127.13801276332941,37.47413418126306],[127.13766388401625,37.47414791867737],[127.13762310993147,37.474149524259104],[127.13750729938309,37.474153937254876],[127.13743175777547,37.474153853306234],[127.13733724906967,37.474153745347685],[127.13716703248973,37.47415355719205],[127.13716101245474,37.47415355132525],[127.13702993456909,37.4741534047322],[127.13684251973321,37.47415318671258],[127.13677760998686,37.47415548758669],[127.13639695353154,37.47417048193044],[127.1362631384902,37.47420281940149],[127.13616700718804,37.474206599412284],[127.13603443523573,37.47421181474776],[127.13602042683081,37.47421236559705],[127.13587801587943,37.47421844730739],[127.13553567826587,37.47423663241313],[127.1354709110326,37.4742400723351],[127.13546828314705,37.474240212051875],[127.13528731196996,37.47425704906077],[127.13528289450856,37.47426565068018],[127.13526899145957,37.47426755832106],[127.13506038563604,37.47429618607282],[127.13485901459246,37.47432872160123],[127.13448770224285,37.47438871591709],[127.13435983630507,37.47440937531201],[127.13433918799728,37.474412713169016],[127.13407256485625,37.47445934917803],[127.13371707059522,37.47452152989632],[127.13366055358333,37.47453141572926],[127.13357633828451,37.47452947895981],[127.13352077260267,37.474528202458686],[127.13342075111152,37.474545700474735],[127.13313010060602,37.47459654670349],[127.13312242831749,37.47457985933377],[127.13285605170155,37.47462645730418],[127.1327392479055,37.47455537316025],[127.1327333285569,37.47446198138602],[127.132730993754,37.47442510556669],[127.1327265764279,37.47437606925847],[127.13271387658254,37.47436620038964],[127.13268704574214,37.474285787270844],[127.13265428541631,37.47376886391859],[127.13265114513248,37.473719341229476],[127.13261381425524,37.473130279913136],[127.1326058176127,37.47300408274817],[127.13259256645509,37.47279498683866],[127.13259924729732,37.47257586751286],[127.13260071287974,37.47252783016299],[127.13260495564029,37.472503206317676],[127.13262354329281,37.47239535707664],[127.13265873296295,37.47226461066456],[127.13266732892576,37.472241310033944],[127.13269739402186,37.4721598343725],[127.1327591888077,37.47199432471119],[127.13277644474454,37.471933456808394],[127.13277683370985,37.47193208433528],[127.13280016340595,37.471849793606914],[127.13282884822517,37.471703403536914],[127.13283765392148,37.47160552631042],[127.13284512031362,37.47153776316931],[127.13283180908073,37.4713230560427],[127.13282423791638,37.47120092714004],[127.132656750874,37.47120752646801],[127.1326408103562,37.47108327856065],[127.13261553063317,37.4709600048328],[127.1325810327269,37.47083817346402],[127.13254980752689,37.47075982245176],[127.13254001812611,37.470732857382195],[127.13253648499902,37.47072319366341],[127.13253354369738,37.47071530387109],[127.1325171956171,37.470676217560495],[127.13250425689534,37.470647129890736],[127.13249983248677,37.47063749494661],[127.13249540877771,37.470627948338354],[127.13249098097874,37.47061831338332],[127.132486443738,37.47060885745959],[127.13248179158529,37.47059931194304],[127.13247725434245,37.47058985692031],[127.13247260131386,37.47058049077254],[127.13246794984983,37.47057103629551],[127.1324631882545,37.47056167071101],[127.1324584228264,37.47055239525102],[127.13245365853035,37.47054311979435],[127.1324487822738,37.47053384489058],[127.13244401684923,37.47052456943],[127.13243914014488,37.47051538646378],[127.13243415149778,37.47050620044503],[127.13242927548974,37.47049710671581],[127.13242428301545,37.470488009920004],[127.13241929618351,37.47047891584558],[127.1324143043879,37.470469911892174],[127.13240920063633,37.47046090759022],[127.13240410027419,37.470451904199976],[127.13239899834542,37.470442990039885],[127.13239389416051,37.470434074971195],[127.13238879110327,37.47042516080713],[127.13238357790608,37.47041633733818],[127.13237847441425,37.470407512407576],[127.13237325782686,37.470398688927595],[127.13236804351126,37.47038986365171],[127.13236282648047,37.47038113120789],[127.13235761354619,37.4703724862091],[127.1323522856917,37.470363753419974],[127.13234706936275,37.47035510931149],[127.13234174107365,37.47034646575578],[127.13233652814858,37.47033781985469],[127.13233119714985,37.47032926822941],[127.13232587068467,37.47032071481529],[127.13232054264832,37.47031225153263],[127.13231521506349,37.470303696311774],[127.1323098881604,37.47029523303215],[127.13230456012765,37.47028676974878],[127.13229923165457,37.4702783966004],[127.13229379053647,37.470269932964634],[127.13228846432754,37.4702615598228],[127.13228313542533,37.47025327500624],[127.13227769499134,37.47024490331117],[127.13227236608266,37.47023662029684],[127.13226703943691,37.47022833728927],[127.13198277968904,37.46979824147395],[127.13199637309138,37.46975092331368],[127.13201358788803,37.46970423296384],[127.13203419727144,37.469658528460414],[127.13205831091275,37.469613813748595],[127.13208558937437,37.46957035367246],[127.13210450779943,37.46954615139557],[127.13210315474643,37.469587330616015],[127.13210325181993,37.46958875237314],[127.13210362723689,37.469590144350406],[127.13210426986537,37.469591470458475],[127.13210517079973,37.46959270182594],[127.13210630080097,37.46959380501115],[127.13210763514017,37.46959474929068],[127.1321091422414,37.46959551653891],[127.13211077696715,37.46959608678517],[127.13211250773267,37.469596443706564],[127.13211428595922,37.469596577236835],[127.13277515823818,37.46960480366179],[127.13277553481697,37.469604804832095],[127.13277743407657,37.469604701669155],[127.13277928707434,37.46960434597979],[127.13278103835368,37.46960374660535],[127.13278263806824,37.46960292141825],[127.13278403974219,37.46960189280823],[127.1327852047806,37.46960069040044],[127.13278610134718,37.46959934924928],[127.13278669984982,37.469597908021505],[127.13278698539767,37.46959640542962],[127.13278702889993,37.469595834999836],[127.13282098335884,37.46919569052421],[127.13282095669419,37.46919420589069],[127.1328206223163,37.46919274463788],[127.13281999134863,37.469191344657766],[127.13281908166897,37.46919005017284],[127.1328179168931,37.469188888297474],[127.13281652736033,37.469187898786046],[127.13281495368466,37.46918710159485],[127.13281323985058,37.46918652119744],[127.13281136318797,37.46918616833976],[127.13280944229174,37.46918607313541],[127.13279458687278,37.469186346055864],[127.13279508811058,37.46912387209655],[127.13279493384888,37.46912234830772],[127.1327944638656,37.469120866803365],[127.13279368021529,37.46911946995409],[127.13279261436362,37.46911819841916],[127.1327912955278,37.469117090146746],[127.13278975749252,37.469116174085585],[127.13278804648193,37.469115479223035],[127.13278621668474,37.46911502465616],[127.13278431327353,37.46911482314451],[127.13265827449656,37.46911025626272],[127.1326593036958,37.46906817465861],[127.13265920204923,37.46906676099989],[127.13265881979522,37.46906537801666],[127.13265817146737,37.46906406000604],[127.1326572716125,37.46906283856107],[127.13265614496393,37.46906174350375],[127.13265481399772,37.46906080374766],[127.13265331931015,37.4690600428545],[127.13265169022849,37.469059476238705],[127.13264996851075,37.46905912115605],[127.13264820274857,37.46905898496852],[127.13240028688134,37.46905542606012],[127.13241485172391,37.46903227199708],[127.13245733632638,37.46895653973285],[127.13249834768295,37.46888027016271],[127.1325571833694,37.46878028426362],[127.13270532902801,37.46854469675609],[127.13279960191416,37.46839366471123],[127.13245154372382,37.46830732053327],[127.13213230529678,37.468228123656466],[127.1320450086465,37.46820451457306],[127.13195934306842,37.46817738165486],[127.13187464487335,37.46814647045515],[127.13179529352793,37.468115546110525],[127.13164817145274,37.468058224871506],[127.13164616129423,37.468057429008155],[127.13138611324057,37.4679546626995],[127.13136942769036,37.467948156863145],[127.13101156264898,37.46780874143582],[127.13091959995317,37.467772908840324],[127.13087554482017,37.46775756968129],[127.13083001262882,37.46774525628607],[127.13081918382083,37.46774313128404],[127.130783242598,37.46773607395904],[127.13073584614696,37.467730097620034],[127.1306879022866,37.46772735635894],[127.13067450095261,37.467727496550346],[127.13063981468474,37.46772785864785],[127.13059198243691,37.46773162286014],[127.13058463668509,37.46773271308373],[127.13054470987453,37.46773862110388],[127.13030138892341,37.46778322587901],[127.13018892436322,37.467803369241125],[127.12933858714933,37.46795921120735],[127.12930302556819,37.467966655809484],[127.12926815608412,37.46797592874106],[127.12923410662253,37.46798700156028],[127.12920105163819,37.46799981262099],[127.12916911004147,37.46801432714387],[127.12906221510538,37.46806612487756],[127.12897326798979,37.46810921578311],[127.12884240780559,37.46817262608654],[127.12873881222937,37.468222833061446],[127.12862836686999,37.4682730400503],[127.12851406559136,37.46831743722351],[127.12839639791233,37.46835582961157],[127.12826831144503,37.46838965433144],[127.12822911412557,37.46839795068074],[127.12799884434934,37.46844233757696],[127.12757178125773,37.46852195579657],[127.1271697790893,37.46859507066672],[127.12691984599506,37.468640527332525],[127.12683270248297,37.46858589255672],[127.12668129859715,37.4686217763494],[127.12666597535343,37.468625407315706],[127.12657786073564,37.46867555583749],[127.12651361048664,37.46871212312091],[127.12644686860348,37.468750106651235],[127.12637304767871,37.46879212300796],[127.12631570313941,37.46884375041467],[127.12602455121625,37.469105878675734],[127.12570131921017,37.46931823299719],[127.12551817416916,37.4694304830543],[127.12537453624039,37.469517075402194],[127.12531488656076,37.46955290036478],[127.12530448541347,37.46955910033129],[127.12520301605315,37.46961974514284],[127.12510298635655,37.469613773552986],[127.12510091744727,37.46961365161411],[127.12494334061813,37.46960312206403],[127.12487834285047,37.46959727859706],[127.12485136348265,37.46952325477332],[127.12493715560483,37.469491350142135],[127.12493565127137,37.469487327977795],[127.12489759688366,37.46938552315275],[127.12494866291517,37.469292271248946],[127.12496549283249,37.46921482158495],[127.12501552578824,37.46902950441838],[127.12503154156781,37.46899457411525],[127.12504582905262,37.46897962882856],[127.12516820499225,37.46875143868186],[127.12514162272791,37.468589285974616],[127.12513788645116,37.4684687812615],[127.12515742531424,37.468423989447395],[127.12518202826894,37.468352451221776],[127.12517406487869,37.46801992629144],[127.1251993737877,37.46783323080835],[127.12513862437739,37.46775844371723],[127.12513264497147,37.467751084019405],[127.1251036772958,37.46774716672012],[127.12507229858292,37.46767850021044],[127.12508046823443,37.46759374088919],[127.12506955997863,37.4675185728687],[127.1250675807065,37.467498023543044],[127.12506030983074,37.467475505968665],[127.12507900621215,37.467461692357254],[127.1251028225576,37.467447304591474],[127.12506751856095,37.467349926111474],[127.12506520600158,37.46733950438421],[127.1250479466088,37.4672646307837],[127.12500536506015,37.46725115994276],[127.12498822408085,37.46724835818037],[127.12498450281635,37.46724466428798],[127.12493833748651,37.46719885363426],[127.1248979703302,37.467143710590406],[127.12486697975024,37.46709137531158],[127.12484994087511,37.4670409925113],[127.12483594372728,37.467015103187464],[127.12482726752947,37.46700159660466],[127.12482211378143,37.466995131864756],[127.1247593057529,37.466916352190985],[127.12472464573793,37.46688823125264],[127.12457754088781,37.46680053693144],[127.12457046530747,37.466793507227344],[127.12453136944228,37.46675469635193],[127.12452845163975,37.4666986671417],[127.12448809636876,37.46664352218948],[127.12420970242113,37.46651710294318],[127.12420687988913,37.46652048400726],[127.12414326673571,37.46649521378034],[127.1239159678984,37.46639689781538],[127.12376697042765,37.46633342429463],[127.1236138019134,37.466199279162566],[127.12360742738377,37.46619364514637],[127.12342672984813,37.46607811634197],[127.1233157259235,37.466021629031744],[127.12320225917159,37.465978670489946],[127.12311614351229,37.465914840495415],[127.12308520695967,37.4658948883186],[127.12306027573877,37.465876614706126],[127.1230367581143,37.465865087821264],[127.12300283086174,37.46584935529517],[127.12293777521037,37.46581901323391],[127.12288786973512,37.46575683994641],[127.12285816030615,37.465733500684166],[127.12283111029039,37.46571382404367],[127.12282491262842,37.46567030249786],[127.12282485808953,37.46566990391967],[127.12278535532127,37.465602090588334],[127.1227362609519,37.46560044660534],[127.12268909803706,37.46559880155815],[127.1225929137613,37.46553329944461],[127.12252165551975,37.46548438270786],[127.12250838930173,37.46547482009324],[127.12243571453232,37.46542337405085],[127.12239893125826,37.46539412975056],[127.12233030707564,37.46533956884335],[127.12231864069877,37.4653302943496],[127.12229919492748,37.4653136993267],[127.12223481986493,37.46526421041564],[127.12217999827487,37.46522231448263],[127.12215102243705,37.46521193002853],[127.12202557041833,37.46518164851493],[127.12196652983845,37.46516627162239],[127.12195771988543,37.465163977402014],[127.12191634304357,37.46515324675219],[127.1218593700138,37.46513846952066],[127.1218594976449,37.46513400906453],[127.12166414012144,37.46477695355489],[127.12143936679006,37.46437229873197],[127.1213544923293,37.46431100786669],[127.1210931554359,37.46412571986344],[127.12083134683924,37.46394945154817],[127.1207495595077,37.46389438778134],[127.1207457334636,37.46389181111302],[127.12010434664624,37.463493194497936],[127.11920427237246,37.463126655399215],[127.11882186870676,37.46293865565672],[127.11869528820101,37.462876425221424],[127.1183263526874,37.46269504460602],[127.11794998322947,37.46253050248139],[127.11778671494685,37.46253092005669],[127.11752219781097,37.46253159473315],[127.11752671696445,37.46226731048519],[127.11747484782484,37.46220060998069],[127.11747077178701,37.462194983071676],[127.11742373683518,37.46212561121691],[127.11742154154705,37.46212237270843],[127.11739885799908,37.46208891713544],[127.1173616974758,37.462034109066515],[127.11713865914936,37.46170514838649],[127.11711993991005,37.46167753744791],[127.11698929447428,37.46148450722555],[127.11698926242778,37.461484139363826],[127.11693965806776,37.460900308993175],[127.11693653121137,37.460858479017325],[127.1169077380028,37.46047320976001],[127.11690768802178,37.46047281119358],[127.11689967710305,37.46040113913252],[127.1168996293928,37.4604007387707],[127.11690192224526,37.46028332686972],[127.11690637563095,37.46007665143684],[127.11690519463662,37.45977087761063],[127.11690674648973,37.45928714390688],[127.11689604908617,37.45864052035414],[127.1168948928674,37.45864042106092],[127.11674931057196,37.45862779137365],[127.11669702780476,37.45862325738454],[127.11623940984157,37.45859611388963],[127.11612408369443,37.45859472619113],[127.1158929113173,37.458591944259254],[127.1158823624774,37.458594890794934],[127.11582618613106,37.45861058668033],[127.11572979166634,37.458636584199176],[127.11568690279279,37.45864732964693],[127.11557709768941,37.458677565826],[127.11549606792042,37.45869791558836],[127.11547664850855,37.4587044044443],[127.11547867284007,37.458757336635266],[127.11536583296551,37.45888133381952],[127.1152852497202,37.45896588029064],[127.11514852732407,37.459060058887424],[127.1149926901791,37.45913031585128],[127.11478511273921,37.459202594285806],[127.11459248754684,37.459238540122016],[127.11451323122041,37.459272948211556],[127.11451059640821,37.45927409156452],[127.11450467943014,37.4592782528058],[127.1143618750431,37.459378695879636],[127.11430437941654,37.45940252698225],[127.11418484867934,37.459452070759966],[127.11407310906955,37.459482586753786],[127.11395536444327,37.459516766012605],[127.11383650908354,37.45963345089974],[127.11376867984183,37.4596934550014],[127.11373774011423,37.45972082485296],[127.11367081842357,37.459728351547],[127.1136342586894,37.45973246484452],[127.11353635352529,37.45980154639653],[127.11341975458166,37.459900768833556],[127.1134038415548,37.45991727219215],[127.11327111451922,37.46005491838702],[127.1132430924522,37.46019807649084],[127.11324096259456,37.46020896434759],[127.1132364781474,37.46027964210987],[127.11323378706692,37.46034438933521],[127.11323341268127,37.46035341169834],[127.1130891915529,37.46040197668372],[127.11307821388341,37.46040578417187],[127.11284259971032,37.460487525464934],[127.11276328480773,37.460530249994115],[127.11290865011574,37.46064192882648],[127.11318486170246,37.46075823080973],[127.11329182612279,37.460836408540445],[127.1133348456348,37.46090534886863],[127.11333484403818,37.46090565893373],[127.11333415552588,37.46103475770907],[127.11333409552795,37.461045750587566],[127.11333388984526,37.46108415717238],[127.11333387394399,37.461087245204496],[127.11332562779475,37.46108825569634],[127.11329759335666,37.4610916946173],[127.11312110997692,37.461113341084726],[127.11297490367491,37.4611343193878],[127.11292247575491,37.461154360831415],[127.11278321409972,37.461209390959716],[127.11270291346999,37.46124466872117],[127.11252168087864,37.4613442291297],[127.11244307083211,37.46138754253644],[127.11230515431656,37.46146353599904],[127.11222980225621,37.461504998627845],[127.11182027050025,37.46164419074493],[127.11174928804625,37.461652698114115],[127.11134724090392,37.461717270065826],[127.11106507970032,37.46176230245014],[127.11076860432208,37.4617836729992],[127.11063772014354,37.46179310638822],[127.110449703247,37.46183036129176],[127.10989104625874,37.46194105315775],[127.10978480466613,37.46192369719765],[127.10945913186511,37.461870495298655],[127.10916966339803,37.461977816811455],[127.10908914990902,37.46200766877905],[127.10903913031875,37.46202613185642],[127.10868615785114,37.462156420716695],[127.10815349353844,37.46227403269527],[127.107924095764,37.4622435149887],[127.10788659371971,37.46223852858416],[127.10751439300694,37.462189013065036],[127.1073017349649,37.46218047279314],[127.10688007335719,37.46236950169471],[127.1066720855053,37.46241051043996],[127.10646723405866,37.46242392941071],[127.10616723838157,37.46240643768527],[127.10605231543113,37.462381655526386],[127.10592546507287,37.462354302443444],[127.10565613699615,37.46223571523185],[127.10563673792177,37.462212375400505],[127.10560820005085,37.46217803903715],[127.10530990062169,37.462171082368435],[127.10527085760467,37.462170172277794],[127.10518916165702,37.46215618776958],[127.10512847125415,37.46214579954363],[127.10510379124207,37.46214468681078],[127.10503044420925,37.46214137974133],[127.1049602566604,37.462149659442495],[127.10486693724016,37.4621606695158],[127.10486529344062,37.462160604529195],[127.10481133850455,37.46215849067506],[127.10470514591651,37.46215433263443],[127.10454771278533,37.462162992635186],[127.10434135730377,37.4621743450683],[127.10434386732966,37.46216624477637],[127.10434399615856,37.46216583057898],[127.1044293504749,37.46189038370355],[127.10447100474981,37.46175596257674],[127.10449739203054,37.461708351459045],[127.10455062887078,37.46161228977618],[127.10458289094434,37.46152398355353],[127.10461185447787,37.46144470338909],[127.10464601020885,37.46139982142638],[127.10474100771916,37.46127499071558],[127.1047497182666,37.46126354454701],[127.10478023205032,37.4611601525474],[127.1046253400701,37.46109977915031],[127.10452072769561,37.46105651321621],[127.1044723027992,37.46102952646616],[127.10442701845527,37.46098507450563],[127.10440826118565,37.460956375286834],[127.10439516801608,37.4609396678844],[127.10429909950479,37.46081709383392],[127.10425882207375,37.46080530788943],[127.10425283913251,37.46080318856976],[127.104249277125,37.460801928247754],[127.10417076695715,37.46072682569771],[127.1041589196907,37.46071338809463],[127.10404624160664,37.460585584351335],[127.10402341658019,37.46055744741414],[127.10400954834519,37.460524354123656],[127.1039870502868,37.46047067353244],[127.10398000729029,37.46045387008129],[127.10397998413508,37.46045354370881],[127.10398320227408,37.460352120051404],[127.10398587108331,37.46026887963238],[127.10397875190034,37.460268884618834],[127.1039742843099,37.46026888947721],[127.10397428754167,37.460268491083774],[127.10397452427652,37.460238825182],[127.10397458355628,37.46023144408552],[127.10397453478436,37.46023104371508],[127.1039693849507,37.46018352801624],[127.10396934382292,37.46018317904933],[127.10396128907016,37.460144678102125],[127.1039582229472,37.4601300143015],[127.10395257588088,37.4601030282749],[127.1039416060911,37.460050593237206],[127.10388962646023,37.460002487919546],[127.10381093626735,37.459927655831216],[127.10374908844823,37.45990405798877],[127.10370354871094,37.45988678291091],[127.1036402433738,37.4598627691003],[127.10354606660708,37.45982849508714],[127.10344282350373,37.45975143152067],[127.10324574196918,37.45976343151841],[127.10315885142582,37.45975900068689],[127.10306506519808,37.459754017527445],[127.10294581425838,37.459724549630685],[127.10280028000992,37.45971679013562],[127.10269185116856,37.459723928624165],[127.10267073051561,37.45977771880692],[127.10263411636231,37.45986700410399],[127.10255668267814,37.459793668071036],[127.10255065329048,37.459787957462346],[127.102447202248,37.45968950378801],[127.10238142644786,37.45962733603672],[127.10228752778393,37.459538154275755],[127.1022588964616,37.459520447003605],[127.10213269339616,37.45943889552621],[127.10209876442315,37.45942315699237],[127.10195366300377,37.45934922674675],[127.10193926504179,37.45932476922663],[127.10186708707128,37.45920216819021],[127.10185260174924,37.45917756344186],[127.10185090390931,37.45917661399019],[127.10162566596132,37.45905076858762],[127.1013811409564,37.45897241653776],[127.10132021940574,37.45884492175134],[127.10122654714618,37.458661141411945],[127.10116481206869,37.458540231888186],[127.10127765491627,37.45824151826852],[127.10105952843577,37.45798986488841],[127.10076588988267,37.457759797956946],[127.10024923318946,37.45754764703732],[127.09973877540253,37.45735463556071],[127.09950632854022,37.45691277741113],[127.09930610775655,37.45667755568277],[127.09913582240684,37.45637022840348],[127.09909570462553,37.45621877613956],[127.09905205850671,37.45619666444493],[127.09889319461035,37.456116173152296],[127.09868538673814,37.45614815845531],[127.0984720136329,37.45625477033595],[127.09823745919668,37.456371246496886],[127.09723050093359,37.45636756113939],[127.0963653179651,37.45634686047941],[127.09607633166439,37.45642958760643],[127.09576933862913,37.456519653561095],[127.09545844223136,37.45645345150969],[127.09523043491077,37.45639620733075],[127.09522278068108,37.45639422604831],[127.09522273194843,37.45639382747698],[127.09521386024659,37.45632130731827],[127.09521381038824,37.45632090784174],[127.09503913260191,37.45630218831442],[127.09431215319049,37.45622476968487],[127.09377352040988,37.45607736390603],[127.09354035976742,37.45588805473343],[127.093458184792,37.455549395119505],[127.09334221843527,37.45531241239881],[127.09314264281242,37.45490566931709],[127.09319964301304,37.45477850950574],[127.09321753122151,37.45471587284901],[127.09320689866117,37.454690584436726],[127.09281536575223,37.45375926529163],[127.09272551067339,37.453634040518885],[127.09188225641249,37.45346687616236],[127.09112884136718,37.45295584106402],[127.09095910828972,37.45278253451895],[127.09051846933936,37.451764789290394],[127.09044258729453,37.45158951854174],[127.09030286610853,37.451266797896196],[127.09014056701484,37.451095729670584],[127.08961957217741,37.450886914436516],[127.08961952230787,37.45088652306958],[127.089593539548,37.450642618177454],[127.08957451719817,37.45046404607242],[127.08954278325123,37.45016616347662],[127.08954273793434,37.45016576671723],[127.08890531855215,37.449797921141695],[127.08882127407833,37.449749418191445],[127.08887106395989,37.44964590340808],[127.08895950389933,37.44946177485238],[127.0884321390546,37.44899484251164],[127.08832702719202,37.448628483009585],[127.08832682805028,37.44862768730899],[127.08832676427659,37.448627358988766],[127.08836019259007,37.44837280098511],[127.08841495231995,37.448074860470925],[127.08855706110164,37.44777598104502],[127.08864226177927,37.4475967871977],[127.08854583129474,37.447453750461044],[127.0883693567227,37.44724045803936],[127.08836930238917,37.447240057642446],[127.08830864561973,37.44678981012893],[127.08827692533377,37.446554354968825],[127.0882768710012,37.44655395457185],[127.08830234692252,37.44651756582595],[127.08838641231914,37.44639748173377],[127.08825739889161,37.446207346509865],[127.08823782022259,37.446178493089455],[127.08823777492961,37.44617809362529],[127.08816236764221,37.445396187273644],[127.08816132130478,37.44538536720092],[127.08816128271165,37.44538498308331],[127.08813402919722,37.44534128259141],[127.08794606152779,37.445039892891934],[127.08786904105573,37.444916393691805],[127.08785507165462,37.44489387024628],[127.08777815830518,37.44487515189515],[127.0874767475662,37.44480179244636],[127.08730387887518,37.44464170884287],[127.08642129847173,37.444262239141885],[127.08570301002052,37.444416763622016],[127.08526006629998,37.44431825348848],[127.08412687235148,37.44399660126618],[127.08386190245037,37.44392138772428],[127.08381014612695,37.443461754260895],[127.08380507112793,37.44341669137294],[127.08380502357419,37.44341629640586],[127.08347144559293,37.443062314624804],[127.08333467755612,37.442957107887935],[127.08323412932207,37.44264829044256],[127.08320800808802,37.44256806931795],[127.08297467227973,37.44232017285844],[127.08290458829937,37.442173809103124],[127.08243181637862,37.44157946697224],[127.0820973368057,37.44135078641958],[127.08144410233187,37.44123100040845],[127.08125011906115,37.44111850475493],[127.0807006922404,37.44115097662105],[127.08059897826807,37.441131775324045],[127.0801715997173,37.44105109258835],[127.07996095384662,37.4412119993634],[127.07957534220762,37.44138654498905],[127.07908335014201,37.44129874200916],[127.07853062457363,37.44155757631635],[127.07817890403321,37.44155161554785],[127.07786095445657,37.44177312579164],[127.07775053713794,37.44186131793492],[127.07774840568993,37.44186302021752],[127.07774481504856,37.44185924868062],[127.07760187980601,37.44170909625492],[127.0773584851838,37.44163098244292],[127.07707794646575,37.441650877200175],[127.07693606204484,37.4417151634441],[127.07672140005329,37.44193745219249],[127.07667108997954,37.44194564753224],[127.07644020084366,37.44199788033683],[127.07605355798941,37.44212482294499],[127.07601057368151,37.44213893562701],[127.07524285072176,37.44194176195048],[127.07475598383137,37.44221884617591],[127.0744976873699,37.44223280088765],[127.07385302673887,37.442212635730655],[127.07299331623271,37.442017188910036],[127.07275886955199,37.44205083887074],[127.07260779156745,37.44211484780736],[127.07224980181388,37.442199810165],[127.07219407936428,37.442231265466155],[127.07213844307472,37.442262669674655],[127.07207588829928,37.44216821320518],[127.07191494865674,37.441925203636714],[127.07170251435315,37.441703176804886],[127.0716708659703,37.44162899843293],[127.07162600727018,37.44152385431698],[127.07186137180528,37.44102970229004],[127.07190192018916,37.44085941288866],[127.07207769318283,37.44012123947211],[127.07211060738845,37.43993991571154],[127.07221171578266,37.43938290107376],[127.07221164295643,37.43938258803502],[127.07200790982041,37.43885672442341],[127.07249010474898,37.438592657419115],[127.07296626958158,37.43820831763856],[127.0735553236476,37.43791091472561],[127.07370249332168,37.43782184135161],[127.07376019206771,37.43778943427672],[127.07379537479298,37.43765707152808],[127.07384345812632,37.43740778003033],[127.07362853579812,37.43707101399158],[127.07356006626985,37.436963725727345],[127.07349291425973,37.4369083520595],[127.07320350604297,37.43666970094355],[127.07302422801753,37.43640683238298],[127.07277924875424,37.436299138473345],[127.07209358080442,37.43616102009659],[127.07196476925456,37.43605410193179],[127.07168875176788,37.4359810591952],[127.07143952750197,37.43586351678791],[127.07127209006741,37.43560147628177],[127.07127206269385,37.4356011228455],[127.07127445380534,37.435348791215795],[127.07128500108871,37.43532959784276],[127.07143537453203,37.435055880615096],[127.07144559508954,37.43503727643927],[127.07145812641572,37.4348415767634],[127.07146934625028,37.43475654253475],[127.07148477132179,37.43463714890199],[127.07154585476499,37.43452885439222],[127.07150266920972,37.43444485060325],[127.07151935864391,37.43437370647422],[127.07151979184479,37.43411687886458],[127.07137096927094,37.43390019615076],[127.07111910624593,37.43340170100842],[127.07100430165725,37.43334122971382],[127.07090997732381,37.43309491242678],[127.07079229311583,37.43298854531774],[127.07074681620995,37.43295316724878],[127.07073081625649,37.43294071981044],[127.07070579822138,37.432858661045124],[127.0705865782803,37.4324676191856],[127.07057110087099,37.4324167518117],[127.07062900378095,37.43204455468075],[127.07089606259616,37.431790711539904],[127.07096006035816,37.43169634591765],[127.07120675320552,37.43081771795223],[127.07122019796225,37.43066060013808],[127.0712201389326,37.43066024838944],[127.07119311739379,37.43053176815087],[127.07118687883089,37.43050212828329],[127.07116960818816,37.43042005532336],[127.07110517128997,37.43041867860399],[127.07095266957407,37.43023437355781],[127.07095245790151,37.430213039148384],[127.07095245439535,37.430212663264065],[127.07090511600872,37.430191010869464],[127.07089622200051,37.430203444540126],[127.07088959993263,37.430212699210905],[127.07087417545732,37.43020348889609],[127.07087428512735,37.430203087282884],[127.07088420380406,37.430188564350914],[127.07085268395004,37.43020372004393],[127.0707064661054,37.43027402783488],[127.07056388585897,37.430342252971776],[127.07033486846973,37.43047950261677],[127.07023594388028,37.430606267801664],[127.07011269602222,37.43076289067959],[127.07003249819813,37.4309104778461],[127.07001486176705,37.43092457152057],[127.06987367454627,37.430972235209886],[127.06981982490379,37.43096944510645],[127.06982019554565,37.430969066978314],[127.0699018428431,37.43088549606186],[127.06991126387337,37.43086317454801],[127.0697648862216,37.43073944073936],[127.06970605221332,37.430687666388366],[127.06961542824794,37.430611691644785],[127.06958103683465,37.43060318908427],[127.06942454302768,37.43056449838497],[127.06933448816524,37.43054512435998],[127.06911852967872,37.4304816181888],[127.06901328122142,37.4304512693322],[127.06896419436757,37.43043243197848],[127.06890928557083,37.430433866829645],[127.06875059707109,37.43045592501989],[127.06837211712859,37.43066365077027],[127.06827026343248,37.430679476439025],[127.06782991570958,37.43040660887592],[127.06672013870013,37.43013044593941],[127.06670036609812,37.4301287636149],[127.06658590281886,37.430052528804495],[127.0665858554102,37.430052125718014],[127.06657735064398,37.429973401278204],[127.06630572344696,37.42978361834958],[127.06611790897536,37.429652394436246],[127.06609389371626,37.42964283107781],[127.06609383726321,37.42964242885928],[127.06609176544848,37.429627352140336],[127.06609170899546,37.42962694992184],[127.06597960581537,37.42954565477769],[127.06596135025957,37.429532415117585],[127.06569800340705,37.42915810194237],[127.06569377968235,37.429113475786686],[127.06568164514074,37.42898531848551],[127.06539286400515,37.429011387457095],[127.06507366927266,37.42898706086201],[127.0647577070375,37.4291314602621],[127.06466903305201,37.42917198384912],[127.06459396627089,37.42915651026443],[127.06438564803356,37.4291135712389],[127.06404104460948,37.42932041648179],[127.06365602937299,37.42953235751808],[127.06346206436797,37.42959271913952],[127.06340754064462,37.42965210647671],[127.06331619892813,37.42975159766397],[127.06315544154525,37.42973519454563],[127.063096566169,37.4297291874501],[127.06298405982812,37.42971991650158],[127.06292673002076,37.42971519317887],[127.06288082555362,37.429703394857135],[127.06249867909126,37.42976545471078],[127.06246285710132,37.429771272971486],[127.06164402068536,37.429904246153036],[127.06114498713863,37.42998528091922],[127.06076851449126,37.42985286123311],[127.06057514630197,37.429783128236735],[127.0605179392372,37.429764001204454],[127.06020719707057,37.42971404349554],[127.06011977613392,37.42966312519249],[127.05996134593146,37.429568876831524],[127.05978111922768,37.42958726436069],[127.0591894192135,37.42964950099604],[127.05905737601483,37.42966364587099],[127.0586731758664,37.42980799432269],[127.05846067902466,37.4298863681329],[127.05806993103187,37.430010733815564],[127.05737902595503,37.429857322485155],[127.05680836789716,37.42973088264307],[127.05675821665658,37.429717957338276],[127.05639462664217,37.42958100299847],[127.05610778531236,37.42961070709755],[127.05597110001759,37.42954995155674],[127.05554675017426,37.42936149191046],[127.05533793845504,37.42939818648794],[127.05512125407002,37.429292984394756],[127.05476852008304,37.42927314941023],[127.05427570227863,37.42911035161153],[127.0541125410689,37.429056363431116],[127.05389006162882,37.42898212002499],[127.05368439701881,37.42897461585423],[127.05345831874159,37.4288085859296],[127.053380424406,37.42875202811571],[127.05312543377478,37.42863360325186],[127.05291069150265,37.428536271609474],[127.0525009050023,37.42844634705006],[127.05247526905966,37.42841528702497],[127.05246327420323,37.4284007547888],[127.05239612989537,37.42831912484584],[127.05232462065683,37.428297477151474],[127.05216948242669,37.428339774016024],[127.05188068284161,37.42861358038263],[127.05165486437002,37.428828232730694],[127.05141775097839,37.42905386463069],[127.05135906411738,37.42919833977099],[127.0509184176739,37.42945080786303],[127.05071656400699,37.42960546949207],[127.0505542308727,37.429729136901194],[127.05036152058005,37.42982129021291],[127.05019351067274,37.429902170924635],[127.05005046176868,37.43009482075028],[127.04996684864233,37.4302094541697],[127.04986522752242,37.43030973404189],[127.04957975005176,37.43027014367098],[127.04924188455985,37.4303254654114],[127.04853899401186,37.430443166351395],[127.04814429131655,37.43050864803504],[127.04778613609783,37.43056903847263],[127.04755490243645,37.430607420910164],[127.04736923818122,37.430701819962096],[127.04735747270375,37.43077225121496],[127.04730257352314,37.43110082192726],[127.04718114855608,37.43173242253549],[127.04722132947006,37.43201624109253],[127.04722475775868,37.4320404415774],[127.04719579808881,37.432066123338124],[127.04687614945688,37.43234959242043],[127.04653643633812,37.432650850593774],[127.04644166206633,37.43299046011443],[127.04631164817796,37.43344720424839],[127.04630688427197,37.43345255812506],[127.04622867708373,37.43345878653947],[127.0459056097987,37.4334814231481],[127.04578081925266,37.43352877394628],[127.04555366105288,37.43361530120587],[127.04526154924612,37.43372747720599],[127.04495124854591,37.43384725491423],[127.04484800608142,37.43391768340666],[127.04462618364967,37.434068679122035],[127.04446194379675,37.43429145875112],[127.04436438403634,37.43442354614117],[127.04425673276323,37.434810180844046],[127.044185732869,37.435055452635346],[127.04388855898301,37.4353027686658],[127.04348003672867,37.435642487725964],[127.04329722132856,37.43579346657944],[127.0431696358699,37.435905294932056],[127.04290687721611,37.43613964996468],[127.04270252882796,37.43632188610281],[127.04264624105647,37.436372308123545],[127.04252270117189,37.43644668421758],[127.04233438165237,37.4365599441033],[127.04220059604792,37.43664051405155],[127.04210228837071,37.436698833093615],[127.04197308996639,37.4367791212971],[127.04187214148713,37.436842794858855],[127.04173659405312,37.4369270206091],[127.04144290833257,37.437109584159636],[127.04140334245099,37.43714995348767],[127.04136561581404,37.43718844788092],[127.04124809867822,37.43730702477599],[127.04114044816679,37.43741490185002],[127.04110510151762,37.43766690807056],[127.04109031684047,37.437769123553664],[127.04087975262964,37.43787844046146],[127.04048048808882,37.438082426176145],[127.04036839465718,37.43812273038999],[127.04005277885885,37.43823714371582],[127.0395682896188,37.438195909077464],[127.03922186300039,37.438164484030764],[127.03903241962304,37.43815131729302],[127.03874521140267,37.43825389837968],[127.03843735100702,37.438360700350806],[127.03826060160166,37.43833542068241],[127.03780011249137,37.43826826627097],[127.03770177602492,37.43827927859796],[127.03739547352797,37.438313439062284],[127.03706776620332,37.438274967366645],[127.03697772936115,37.438296393557486],[127.03692018518652,37.43832879134746],[127.03685611013869,37.43836456257882],[127.03682011215318,37.438392451370625],[127.0367362766572,37.43845695192989],[127.0363227581951,37.43877834660311],[127.03605599413156,37.438822909044404],[127.03589024521168,37.43888574801013],[127.0356527325371,37.43897455628149],[127.035573726949,37.439004096485654],[127.0355746755857,37.439149663964095],[127.03557920805875,37.43940363864549],[127.03553796191306,37.43957286888144],[127.03549231722819,37.43976237340981],[127.03539314545482,37.439878685552415],[127.03532026902661,37.43996656367788],[127.03529507209214,37.44007215091838],[127.03520801290387,37.44043765133469],[127.03516906936316,37.44060575473962],[127.03517186425798,37.44094194711939],[127.03522414523647,37.44098472161571],[127.03524163267957,37.44099907796232],[127.03528264177426,37.44103476211676],[127.0353989970729,37.44113601049986],[127.03561945031491,37.441327838846],[127.03603817784322,37.44153213599396],[127.03607225552004,37.44155099297065],[127.03608762860878,37.4415625313289],[127.03628809849559,37.44172098706473],[127.03643099574899,37.441832733129736],[127.03645050987858,37.44185434334118],[127.03665445475015,37.44208015867511],[127.03678963366946,37.44228481407358],[127.03683663370096,37.44235970181649],[127.03681925775088,37.44258721104401],[127.03697478157534,37.44289688496971],[127.03714522630331,37.44302128150544],[127.03721864122606,37.44307463249591],[127.03748294119366,37.4432667029178],[127.03749562915132,37.443350181351335],[127.03751854758563,37.44350095625789],[127.03756796942916,37.44383797085848],[127.03792478661633,37.44416081747922],[127.0379348638567,37.444178835552236],[127.03803532227776,37.444516402776685],[127.0380572576299,37.4445915760247],[127.038183532742,37.44501754195162],[127.03823039845298,37.44518026864097],[127.03820566361028,37.445858851095906],[127.03774915105672,37.44609522575699],[127.03735125962328,37.44630088599167],[127.03726038556943,37.44643888467895],[127.03725402955541,37.44644845574777],[127.0373280228669,37.44669335302823],[127.03739498112373,37.44691496203947],[127.03753151713714,37.447361487377194],[127.03736695241675,37.44764608450369],[127.03734132344876,37.44769041255543],[127.03717282760195,37.44798526417717],[127.0371592467318,37.44801032487712],[127.03727893368489,37.44832170380507],[127.03737476016686,37.448564378963965],[127.03781197158287,37.44892239624714],[127.03777449303038,37.449201718433194],[127.0377444021323,37.44941881750021],[127.03743010782948,37.4498316810385],[127.03729563935792,37.45000996055468],[127.03726070740377,37.450081763657074],[127.03696955737122,37.45068799834383],[127.03696804325827,37.45069115620802],[127.03693628300537,37.45075931028029],[127.03691353356923,37.45080802292476],[127.036889555036,37.45082466013007],[127.0368091988177,37.450880415623416],[127.03675221719911,37.45097785714026],[127.03662496134726,37.451120084226126],[127.03656413212713,37.45118687852645],[127.03654288433857,37.451210209098186],[127.03646632621746,37.45137663819183],[127.03640970732931,37.45149687651022],[127.036290594745,37.451556339258595],[127.0361644913338,37.451619293383025],[127.03611599242228,37.45164350301428],[127.03607673643549,37.45166310146395],[127.03586144493525,37.45199146395097],[127.03577642543675,37.45219590780878],[127.03537134226951,37.45222671464553],[127.03514664708368,37.45243908166792],[127.034754693148,37.45261742135255],[127.03477543971948,37.452760236146666],[127.03478516459045,37.45282717562118],[127.03482360102568,37.45310619695423],[127.03498470847433,37.453230887790944],[127.03499760771285,37.45323876781083],[127.03546919687327,37.453437412241804],[127.03558686144981,37.453964187678324],[127.03558778288301,37.45404922435725],[127.0355881612376,37.45408750865695],[127.03573759426746,37.45418629599662],[127.03626741130438,37.45426216917806],[127.03634325436278,37.454439248044245],[127.0364249370029,37.45465068098661],[127.03682487846625,37.45493353115617],[127.0368437866315,37.45494872657343],[127.03690579263007,37.455004742475374],[127.03700561311311,37.45509368556606],[127.03709432542878,37.455176515264604],[127.03712770276391,37.45520768002231],[127.03710320489752,37.45531606344048],[127.03709817879115,37.455338309290795],[127.03706743194545,37.45547434195296],[127.03704184778516,37.45551900175145],[127.03697144315194,37.45564190476229],[127.0368496658294,37.4558229878617],[127.03681902562342,37.45598855681423],[127.03677373845632,37.45620509104535],[127.03677111437261,37.45625436743174],[127.03675153400754,37.45631547177218],[127.03674065183525,37.45644386650098],[127.036563784085,37.456638762161006],[127.03635497917942,37.45687449030165],[127.0360769723568,37.457160363393186],[127.03576329617427,37.45748143823289],[127.03572773942908,37.4575038831604],[127.03572613209117,37.457504897191384],[127.035706619235,37.4575172143049],[127.03569433349608,37.45752409393032],[127.0354626150958,37.457653841620946],[127.03519090124188,37.45780286318336],[127.03501610274473,37.457893581193964],[127.03496846072903,37.45798904661469],[127.03493417188845,37.458327772741434],[127.03493410819205,37.45832856388945],[127.03492469824972,37.4584443468814],[127.03500038449933,37.45881746017859],[127.03501070716723,37.4588683540159],[127.03505710146285,37.45873854167143],[127.03505517579887,37.458775989423806],[127.03504408914301,37.45885652244229],[127.03504309458737,37.45900546731788],[127.03499460631042,37.45918708908868],[127.03495388838239,37.4597586791446],[127.03494704679555,37.459852998097226],[127.03493069021717,37.46008404010585],[127.03492422418202,37.460175404052706],[127.03491785764585,37.460174385692696],[127.0346430439174,37.460130433102435],[127.03459996852084,37.46010998816456],[127.03459729878655,37.460108721147655],[127.03458823995445,37.46010442201477],[127.03451497790701,37.460069649940195],[127.03450420400783,37.46006458058909],[127.03390506250147,37.46007626407581],[127.03390332120642,37.460075528905016],[127.03390144718264,37.46007504559287],[127.03389949687606,37.46007482878382],[127.03389752677737,37.460074885911645],[127.03389560021745,37.46007521542335],[127.0338937738101,37.460075804923164],[127.03389210420266,37.46007663660722],[127.03389063900804,37.460077690833266],[127.03387864255825,37.46008796594673],[127.03387333832866,37.460092510438194],[127.0338717468307,37.46009387423535],[127.03384241670891,37.460118998562024],[127.03384114350966,37.4601200895994],[127.03379560624266,37.46015909680053],[127.03379449570772,37.46016021371735],[127.03379361958834,37.4601614559473],[127.033793000689,37.46016279293396],[127.03379265504114,37.46016419229145],[127.03379258740264,37.460165616181165],[127.0337928047592,37.460167032181594],[127.03379329830025,37.46016840240062],[127.03379405693127,37.460169692542586],[127.03379506048975,37.46017087188158],[127.03379628427916,37.46017191147644],[127.03384388946702,37.460206343928654],[127.03383909130825,37.46021023872788],[127.0338254327482,37.46019955054477],[127.03382404315788,37.46019862567086],[127.03382248730867,37.4601978894277],[127.03382080578308,37.460197361805406],[127.03381903695812,37.460197053771715],[127.03381723280174,37.460196972742615],[127.03381543398595,37.4601971242867],[127.03381368578395,37.46019750137165],[127.03381203799182,37.46019809698299],[127.03381053142701,37.46019889325445],[127.03380920013402,37.46019987049032],[127.03371764610168,37.46027895918629],[127.03371644661821,37.46028019653429],[127.03371553342903,37.460281581033016],[127.03371493393985,37.460283069525126],[127.03371466651078,37.460284618817546],[127.03371473595568,37.460286182058304],[127.03371514709968,37.4602877105927],[127.03371588212002,37.46028916108496],[127.03371691868236,37.460290488378654],[127.0337182276344,37.4602916526987],[127.0338220121521,37.460369141477116],[127.03379193816423,37.460394401665496],[127.03379081865835,37.46039550592772],[127.03378993130733,37.46039673549418],[127.03378929664309,37.46039806160219],[127.03378893070834,37.460399450063186],[127.03378884048878,37.46040086845559],[127.03378903301498,37.46040227714709],[127.0337894994203,37.46040364725901],[127.03379023089406,37.460404940899295],[127.03379120726248,37.46040612914466],[127.03379240612395,37.46040717765483],[127.03396282720861,37.460534689928096],[127.03389912145926,37.46083229469007],[127.03384502686073,37.460944431032445],[127.03366873367072,37.46081372802788],[127.03366718374383,37.46081276466216],[127.03366545147993,37.46081202952354],[127.03366358422372,37.46081154623435],[127.03366164070547,37.46081132584268],[127.03365967966666,37.46081137759402],[127.0336577599271,37.46081169811502],[127.03365593581736,37.46081227860647],[127.03365426849709,37.46081310308509],[127.0336528011128,37.46081414287755],[127.03347315818702,37.46096608535225],[127.03347236931023,37.46096675105058],[127.03347125428036,37.46096786073549],[127.03347036915632,37.46096909391363],[127.03346974124345,37.46097042365188],[127.03346937980038,37.46097181573491],[127.03346929860858,37.46097323596529],[127.03346950015352,37.46097464829823],[127.03346960679893,37.46097495518329],[127.03346997561341,37.460976016644295],[127.0334707161329,37.46097731032215],[127.03347170157176,37.460978495000376],[127.03347290950597,37.46097953994406],[127.03374949188431,37.461184111016046],[127.03373222736673,37.46123694760091],[127.03374459707432,37.46125017976774],[127.03376398568977,37.461330198304545],[127.03375044176035,37.461341810330254],[127.03374929701656,37.46134297037692],[127.03374840472762,37.461344264821605],[127.03374778774317,37.46134565589717],[127.03374746662902,37.4613471094329],[127.03374744614317,37.461348587590265],[127.03374772882687,37.461350045311015],[127.03374830583587,37.461351450111145],[127.03374916387004,37.46135275867267],[127.0337502759934,37.46135393844019],[127.03377513199486,37.46137620286865],[127.03378068423375,37.46139911402984],[127.0337974889393,37.461448385828014],[127.03379944225252,37.46147034356783],[127.03380824175312,37.461494030092666],[127.03382171454082,37.461530307287596],[127.03384610724352,37.46156127705611],[127.03384364596062,37.461593090929526],[127.03387299950786,37.461669390062056],[127.03387688121018,37.46167980531914],[127.03388045166531,37.461756390332916],[127.03388059630781,37.46175968448998],[127.03388348807347,37.46182537834038],[127.03388666803707,37.46183663090083],[127.03390170219242,37.46188844295387],[127.03391106981123,37.461920810049335],[127.0339023188089,37.461923544525874],[127.03390058222243,37.46192422992442],[127.03389901837069,37.461925141345404],[127.03389767265108,37.46192625192698],[127.03389658371007,37.46192752937243],[127.03389578570476,37.46192893595918],[127.03389529923462,37.46193043210846],[127.03389514043215,37.4619319692102],[127.03389531180501,37.461933507614255],[127.03389581364415,37.461935000450815],[127.03391644803746,37.461980512418364],[127.03391505811703,37.461981456974705],[127.03391387974587,37.46198256821648],[127.03391294024078,37.46198381740779],[127.03391226920236,37.461985172216274],[127.03391187818416,37.46198659302747],[127.03391178095649,37.46198804744652],[127.03391198228847,37.461989495832235],[127.03391247111894,37.46199089848092],[127.03392086349633,37.4620091427528],[127.03392090847453,37.462011005149556],[127.03391165969083,37.46201377732346],[127.03391003891885,37.46201438566155],[127.03390855488844,37.46201518923371],[127.03390725294108,37.46201617019152],[127.03390615810966,37.46201730339546],[127.03390530449538,37.46201856013641],[127.03390471039147,37.46201990803737],[127.03390438956828,37.462021314703556],[127.03390435356815,37.46202274232314],[127.03390460033104,37.46202415843892],[127.03390512330756,37.46202552516772],[127.0339221206534,37.46205982783952],[127.03392334035762,37.462108895729955],[127.03392388056132,37.462126068856755],[127.03392547512364,37.462131140815],[127.03395695144187,37.46222911529552],[127.03397709746612,37.462265151982514],[127.0340258868334,37.462352427016135],[127.03403490985073,37.46238677033464],[127.03404745662115,37.4624341919249],[127.03405472209778,37.46246166532153],[127.03407787018934,37.46251177331192],[127.03409375216822,37.46254617431465],[127.0341013929965,37.462562728254724],[127.03410615626397,37.46257286214736],[127.0341735050207,37.462687721735044],[127.03420019108677,37.46273333321832],[127.03423290301143,37.462783880882945],[127.0342475599,37.46280652684704],[127.03426045348823,37.46282650683432],[127.03428057985421,37.46287378340496],[127.03428574239261,37.46288591268184],[127.03431915753141,37.462965308560285],[127.0343283435208,37.46298726414181],[127.03437635636348,37.46305438686047],[127.03438472397647,37.46306608529017],[127.03439302833169,37.46307959701542],[127.03444499260384,37.46316489957172],[127.03445012312059,37.46318657777016],[127.03445312253093,37.46319925195502],[127.03446020113657,37.46322881395045],[127.03446250063539,37.46323838107837],[127.03451056777932,37.46330481531189],[127.03453266934943,37.463335218863506],[127.03453109452286,37.46338167439289],[127.03452157729625,37.463429548030675],[127.03453413415858,37.463452070310595],[127.03453731069601,37.463457700126],[127.03455286577687,37.463487257645276],[127.03455094639673,37.46353822044154],[127.0345533303594,37.46355313659653],[127.03447145573077,37.46350258644973],[127.03447001754027,37.46350182904605],[127.0344684560764,37.46350125683781],[127.03446680067184,37.463500880756925],[127.03446509425079,37.463500708183375],[127.0344632869815,37.46350075153998],[127.03446150995404,37.46350102396225],[127.03445981295543,37.463501520238175],[127.0344582345321,37.46350222429502],[127.03445682002625,37.463503118284144],[127.03445560121096,37.46350418430344],[127.03439788029794,37.46356341629744],[127.03439645547319,37.463564879907494],[127.03439547562863,37.46356606765058],[127.03439474390335,37.46356736092951],[127.0343942763069,37.463568730963786],[127.03439408210893,37.463570141735296],[127.03439416829526,37.4635715608225],[127.03439453510067,37.463572950368984],[127.03439516916842,37.463574276070254],[127.03439605938092,37.463575507236165],[127.0343967067539,37.463576146150146],[127.03439717880113,37.46357661131138],[127.03439850270878,37.46357756296037],[127.03459801391645,37.46369956257025],[127.03460542326758,37.46371080832985],[127.03461806600092,37.46377203011753],[127.03462388670147,37.46380022608644],[127.03462982543891,37.46380390540823],[127.03463047208503,37.46380429734422],[127.0346311883135,37.463804774282494],[127.03463184541813,37.46380530326706],[127.03463209064017,37.46380551154659],[127.03463759305063,37.46381025997058],[127.03463877511922,37.46381147425669],[127.03463968264867,37.46381283167992],[127.03464028649601,37.46381429066277],[127.03464056880364,37.46381581327763],[127.03464219283477,37.463836578095155],[127.0346421659606,37.46383799493414],[127.03464185879047,37.463839389036565],[127.03464128283314,37.46384072799864],[127.03464044958618,37.46384198121922],[127.03463937963804,37.46384311092211],[127.03463369392949,37.463848231716476],[127.03465344443833,37.46394419122967],[127.0346601143475,37.46397659089818],[127.03466827283785,37.46407569739078],[127.03467248506612,37.46408938046414],[127.03467091336582,37.46409045771506],[127.03460846308163,37.46414240618518],[127.03460739599362,37.46414343855162],[127.03460653176272,37.46414458168341],[127.034605888593,37.46414581762498],[127.03460548476681,37.464147115801964],[127.0346011527455,37.464167172124725],[127.03460098822015,37.464168721823405],[127.0346011618066,37.46417027105101],[127.03460166589115,37.46417177110383],[127.03460248488881,37.464173182260474],[127.0346031451116,37.46417393840127],[127.03456306442932,37.464182433638875],[127.03451348284689,37.4642029534953],[127.034293599891,37.464293950585336],[127.03420494591035,37.46433064183052],[127.0341390834724,37.46435835153227],[127.03395035280413,37.46443775845953],[127.0334797148447,37.46463577527966],[127.03340963677975,37.4647067027652],[127.0331967184687,37.4649221982846],[127.03318029310014,37.464950081095694],[127.03314059021672,37.46501738774706],[127.03275757138496,37.465193181236614],[127.03232154865925,37.46530845704503],[127.03223995575445,37.46532987679804],[127.03216915618601,37.465371845258936],[127.03198460384515,37.465481536972426],[127.03192176890319,37.465518882183666],[127.03185158272085,37.46552916092197],[127.0317599976976,37.46554257449994],[127.0316764590255,37.46555498513052],[127.03119554807311,37.46562605984388],[127.03055508375866,37.465514161925455],[127.03039682111131,37.46548632271393],[127.0303535410366,37.46546015176633],[127.03031449514512,37.46542271435802],[127.03026096164821,37.46539569860474],[127.03016627981881,37.46536221148406],[127.03002444673098,37.46534619989713],[127.02992854930928,37.46535156555388],[127.02992820542549,37.465351584015906],[127.02987659685995,37.465354531677356],[127.0295272780188,37.465374474903044],[127.02949480838802,37.46496367876998],[127.02949320730742,37.464942001800544],[127.02948893126884,37.46484373068413],[127.02951068637131,37.46447009552573],[127.02958339012928,37.46428818502844],[127.02962381378677,37.46423045673118],[127.02967059577459,37.46416371664925],[127.02969433717543,37.46390551801941],[127.02968694369372,37.46385773431737],[127.02966789971634,37.46373466556905],[127.02963891704854,37.46354737381084],[127.02963325700921,37.463490223715404],[127.02961837136408,37.46337252921319],[127.02960614998568,37.46327539641868],[127.0295858980231,37.46323706911069],[127.02954411905795,37.46315800096208],[127.02949144018636,37.46305355024507],[127.0294404038391,37.46294631541968],[127.02942993719638,37.46292432551868],[127.02936542724036,37.46279679416378],[127.02932194403145,37.462712054970886],[127.02931628938748,37.46270135308291],[127.02920249260481,37.462560317568176],[127.02912015621126,37.46245756927361],[127.02898533728609,37.46228978921955],[127.02892438530232,37.462215181888645],[127.02881908482296,37.462114969312324],[127.02873127080164,37.462028267525504],[127.02860106958381,37.46189934523653],[127.02853799886272,37.46183488402392],[127.02851279312941,37.46181037450928],[127.02844506580017,37.46174451738232],[127.02842650917128,37.46172538307851],[127.02838639897597,37.46167386325964],[127.02832049572393,37.46159109653086],[127.02825547121626,37.46150383005534],[127.02819133087102,37.46142416016814],[127.02814910866591,37.46137517188],[127.02804309786967,37.461245117896965],[127.02804815627358,37.461214087892486],[127.02805217508302,37.46118942277788],[127.02806741976964,37.46109588776456],[127.02810337262352,37.460883296674034],[127.02815696908753,37.460621992355215],[127.0282229860632,37.46051695670613],[127.02834547176914,37.46031476116379],[127.02838271484298,37.460255908270646],[127.02846179113584,37.460131435288794],[127.02846073770877,37.46012524592049],[127.02845117438882,37.460102484355005],[127.02838207667074,37.45993802592433],[127.02836776161075,37.45990705288333],[127.02836192483771,37.459893537960625],[127.02822179148843,37.459855434953035],[127.02797895922723,37.45988788426118],[127.02797700454062,37.459888008052836],[127.02797505381511,37.459887861450845],[127.02797316357469,37.45988744648374],[127.02797139025834,37.45988677870011],[127.02796979028237,37.45988587725404],[127.0279684087107,37.45988476846505],[127.02796728603916,37.45988348584542],[127.02796646159304,37.45988206921233],[127.02796595547584,37.45988055830606],[127.02795552286656,37.45983332297689],[127.02787464913638,37.45983283044384],[127.02783448475739,37.45983204803186],[127.02783978692041,37.459855761589544],[127.0278399602959,37.45985732074196],[127.02783979217006,37.459858883036716],[127.02783928512736,37.45986039710638],[127.02783845979812,37.459861818866514],[127.02783733681278,37.45986310423262],[127.02783595033613,37.459864214582545],[127.02783434353904,37.45986511763962],[127.02783256522885,37.45986578385383],[127.02783066865639,37.459866196312],[127.02783011863487,37.45986627343447],[127.02749725838825,37.459914334190024],[127.02749540873113,37.45991447822368],[127.02749354930958,37.459914377047085],[127.02749174002835,37.45991403450514],[127.02749002492826,37.45991345978768],[127.02748845139692,37.45991266930868],[127.02748706114568,37.45991168306498],[127.02748589018697,37.459910528241544],[127.02748497676062,37.45990923744039],[127.02748433988447,37.459907843186684],[127.02745076332201,37.459809999184806],[127.02738896673625,37.45979774588066],[127.02731619489084,37.45978339894143],[127.02711467310455,37.459740365567995],[127.02690414423638,37.45969659993925],[127.02689142659514,37.4596939567],[127.02657228750586,37.45964165053956],[127.0264993220996,37.4595628277009],[127.02644350712397,37.45950113457662],[127.026401270354,37.45945444768169],[127.0264088152689,37.45930803318101],[127.02641899065985,37.459108116990556],[127.02642392698904,37.45898374662159],[127.02642652171804,37.45891834497204],[127.0264354446859,37.458658457743915],[127.02644330714068,37.45840786834005],[127.02644504540781,37.45833662420946],[127.02641906542276,37.45827721929896],[127.0263467850575,37.458104357886825],[127.02620458198369,37.45798781462192],[127.026016265618,37.45783440519258],[127.02599541929678,37.45781695678292],[127.02589846380135,37.45777361150254],[127.02568739259452,37.45767849166956],[127.02543481447348,37.457564501461846],[127.02527761778396,37.45749386738512],[127.0252098473373,37.45749043854748],[127.02521061090422,37.457491278081974],[127.02521157302927,37.45749254566121],[127.0252122597179,37.457493920297644],[127.025212656488,37.45749536768125],[127.02521274890293,37.45749684629118],[127.02521253382143,37.4574983164548],[127.02521202392015,37.457499740365705],[127.02521122624523,37.45750107658941],[127.02521016362654,37.457502290965714],[127.02520992697714,37.45750252256714],[127.0251870489275,37.45752462045373],[127.0251857838931,37.457525659151756],[127.02518432775038,37.457526522217066],[127.02517544485008,37.45753226607916],[127.02517885878501,37.45753560763575],[127.02517907005162,37.45753581399581],[127.02518010611472,37.45753701156591],[127.02518088589423,37.457538327086446],[127.02518139039101,37.457539725327884],[127.02518160512858,37.457541171078816],[127.0251815258407,37.457542623760666],[127.02518115274957,37.457544048221116],[127.02518049740125,37.4575454066492],[127.02517957586447,37.457546661252145],[127.02517841320767,37.457547781484266],[127.02517808358095,37.45754805417482],[127.0251460520194,37.45757434087418],[127.0251446324123,37.457575326671474],[127.02514293460102,37.45757614189424],[127.02514127815842,37.45757667335322],[127.02513943760809,37.45757699495573],[127.02513755452888,37.45757706851191],[127.02513568320443,37.457576892437196],[127.02513387675911,37.45757646964913],[127.0251321803229,37.457575815652284],[127.02513064580978,37.45757494597846],[127.02512931152005,37.4575738833157],[127.02503153235756,37.457481762955844],[127.02498428196566,37.457479564799144],[127.02485659466126,37.457473111490394],[127.02467698450533,37.45746667635815],[127.02454559484632,37.4574619095992],[127.02438876881564,37.45745574957155],[127.02428350859145,37.4574523928549],[127.02412598438372,37.457446502781714],[127.02396331462162,37.457394733925476],[127.02382662137477,37.45735139542498],[127.023745724262,37.457329164463545],[127.0237125245791,37.45731903452567],[127.02359403610912,37.45730701764782],[127.02352408431406,37.45729992311383],[127.023380074654,37.45728582191992],[127.02334324028709,37.45728221572103],[127.0230604964994,37.45726566161702],[127.02279276864519,37.457250501493405],[127.02273182360267,37.45719419948804],[127.02270417398796,37.45716870177554],[127.02264107692854,37.45711051258665],[127.02258255731047,37.457056544019764],[127.0224322296899,37.45691606820802],[127.02242417093052,37.45690527514563],[127.02235697201745,37.45681528709606],[127.02224886251116,37.45667592810847],[127.02220787729053,37.45662440803911],[127.02220327532703,37.45661624469853],[127.0220914737874,37.45653939833238],[127.02197365882535,37.45645804054072],[127.02189369179247,37.45641693929239],[127.02169546960582,37.45631505450152],[127.02150295634925,37.456225833237454],[127.02142737605797,37.45620952075081],[127.02134772423922,37.456196577252484],[127.02128379810796,37.456192650662814],[127.0212634859033,37.456188148987195],[127.02113968568975,37.456181411766686],[127.02085871260732,37.45616681734459],[127.0208285113691,37.456164290050715],[127.0207156082291,37.456163120134775],[127.02050130020794,37.456160896939664],[127.02042727965386,37.45616012787366],[127.02036582967871,37.45615816589681],[127.02029981358757,37.456118744451196],[127.02022064257969,37.45607146734692],[127.02016500305278,37.456039093361575],[127.02012508881047,37.456014890082784],[127.0199800814361,37.4559236869439],[127.01981370647444,37.455846000209256],[127.01970897924404,37.45579646105006],[127.01969201209147,37.45578660507],[127.01920141582272,37.45573149449827],[127.01906049235127,37.45574897722523],[127.01897608980228,37.45576418946883],[127.01883586964075,37.455788709043254],[127.01878960051008,37.455802791061025],[127.01876097940064,37.455811500682074],[127.01863686310385,37.45584927436939],[127.01843343581893,37.455910113387],[127.01829163905704,37.45595490479974],[127.0182593334866,37.45596529564937],[127.0181200023354,37.45601011583458],[127.01806507826616,37.45602673927844],[127.01800768703316,37.45603913514743],[127.01777847553664,37.45608506384961],[127.01764027787632,37.45611422687541],[127.01759959298563,37.45612281306146],[127.01754537880515,37.4561352090548],[127.01725979818835,37.45605725736477],[127.01702844055447,37.45599253149062],[127.01694632496287,37.455969728447904],[127.01676845640938,37.455785894386345],[127.0166510985817,37.45566498127023],[127.01663156014264,37.455644849590385],[127.01661761037704,37.4556287951065],[127.0164752380096,37.45546522605167],[127.01642264777004,37.455404743798944],[127.01637879515296,37.45535430783989],[127.01628799192189,37.45522958388862],[127.01624473619141,37.45520763165565],[127.01621523423142,37.455194399631964],[127.0157873104332,37.45500579951123],[127.01557484944661,37.454916012749024],[127.01506499748982,37.45483188218565],[127.01487357676292,37.454841751595424],[127.0145096188549,37.45486122634494],[127.01415644646914,37.45497782853941],[127.01385926073465,37.455120336275975],[127.0135578356407,37.45526536585512],[127.01338672066322,37.45534760860537],[127.0127536513257,37.4554681807131],[127.01253384351898,37.45551006925212],[127.01249352605826,37.45551775202832],[127.01237645296263,37.45554253969048],[127.01237256504692,37.455548739460504],[127.01218705949381,37.45553188992877],[127.01193901754033,37.45550935924504],[127.0114319396085,37.45541943500498],[127.01136771499385,37.455408044828424],[127.01134456925723,37.455412196357],[127.01115103558635,37.4554469142416],[127.01115088772086,37.45539615146499],[127.01115084606808,37.455381879081386],[127.01108237692651,37.45539047608408],[127.01108154294428,37.45539058079758],[127.0110573167207,37.45539362272648],[127.01102368471521,37.4553978452801],[127.01095665492845,37.45540626158278],[127.0109092684222,37.45541221098561],[127.01082326973349,37.45542301033431],[127.0107746289685,37.45569475886674],[127.01072036522542,37.455909024785704],[127.0107137752839,37.45605105078572],[127.0106574252859,37.4561509131226],[127.01055113375497,37.45623626935179],[127.01041103962446,37.456314446693305],[127.01039636883577,37.456322632499614],[127.0103864356889,37.45633756752118],[127.0103716438506,37.45635981050662],[127.01029693762608,37.456470604977],[127.01028848659281,37.45648313858637],[127.01011737312903,37.45662449888317],[127.01003173695122,37.4567517734894],[127.00990760632858,37.45687539110125],[127.00985303325798,37.45692101898819],[127.00984596862361,37.45692692337004],[127.00978699745954,37.456965220213306],[127.00961182236213,37.45707841690276],[127.00955177574387,37.45710094700233],[127.00930348119597,37.45718909008551],[127.00929277375401,37.45719390217738],[127.00923267507399,37.4572209098766],[127.00920241110035,37.45724995234757],[127.00907657039518,37.45737071185297],[127.00898528230336,37.457510660620684],[127.00888745829138,37.45760048792149],[127.00885888035619,37.45762704052899],[127.00879775871734,37.45768382843862],[127.00871087205931,37.45776493257711],[127.0086909159507,37.45779730774532],[127.0086335309389,37.45788797896834],[127.00857896801035,37.45797554227492],[127.0085316536357,37.45805157119519],[127.00859947505474,37.45812336928238],[127.00860089285574,37.45819319666369],[127.00859719140554,37.458246689865355],[127.00859128444297,37.45828144354431],[127.00858182834409,37.45833707969481],[127.00854810750623,37.45839733087574],[127.00857972179978,37.458404646218334],[127.0085774274391,37.45841140772621],[127.0084774319768,37.45844352570463],[127.00832753495074,37.458491669562406],[127.00831536414348,37.45864568912183],[127.00821770803054,37.45877324043955],[127.00822053722973,37.458805333569444],[127.00821748677834,37.458943429705826],[127.00821403246054,37.4590998561033],[127.00811142980224,37.45913332577783],[127.0080206582076,37.45916293630287],[127.00791676324312,37.45943725033825],[127.00787605029402,37.459544745140334],[127.0078195596094,37.45958900842093],[127.00772223994154,37.459665264073514],[127.00755748200059,37.45985448241808],[127.00731218166901,37.46003807374882],[127.0072711129313,37.46013739868407],[127.00726945380832,37.46014141275112],[127.00726294274841,37.46014352273682],[127.00704092514296,37.460215468475624],[127.00696128462647,37.46035174875617],[127.00680924033743,37.4605499768231],[127.00679494480077,37.46057504358119],[127.00651381820819,37.46110946035595],[127.0064152795308,37.46126882456951],[127.00615390375081,37.46168932923668],[127.00613944438017,37.46171259069451],[127.00612761160724,37.461730889402745],[127.0060242961091,37.46182493130731],[127.00615747115596,37.46188827511772],[127.00614863576843,37.46190489178979],[127.00604339054763,37.462087349419775],[127.00593901702888,37.46225685799789],[127.00593231340522,37.462272904889716],[127.00588788176157,37.462348047876155],[127.00576948500826,37.46254827742223],[127.00571350228745,37.46258939242333],[127.00545724322464,37.46275777120243],[127.0053292036011,37.46279495014181],[127.00518911530216,37.46294728356537],[127.00496875916353,37.46318689852906],[127.00479762920277,37.463517735437534],[127.00476495551574,37.46358024687252],[127.00474837257808,37.46383618620608],[127.0046485777636,37.46392121716621],[127.00448662733076,37.46405886680279],[127.00446967320173,37.464073275208854],[127.00454560474648,37.464255818608684],[127.0048054560816,37.46488050155972],[127.00476218792593,37.46492302321557],[127.00468360263113,37.465172207392385],[127.00470463118954,37.46523049294751],[127.00489186848112,37.46580262282622],[127.00490546646287,37.46584260116954],[127.00455895617628,37.466244124829025],[127.00448884322738,37.466328315595554],[127.0044927322739,37.46634971403586],[127.00452135886754,37.466790640207066],[127.00452453751421,37.46679768596866],[127.00438077043137,37.46697760080707],[127.00424566058226,37.46714344365296],[127.00412963076391,37.46728704686103],[127.00367535875519,37.467720385224354],[127.00360959363798,37.46767872741232],[127.00273482511358,37.4671246097371],[127.00196279818257,37.467087449104795],[127.00186545137545,37.46713559879123],[127.00171747207077,37.46720879649197],[127.00148592028712,37.467323116765655],[127.00139366923807,37.467299466976954],[127.00104329280131,37.46720964276141],[127.00099666489011,37.46719754156765],[127.00083310317271,37.4671551897632],[127.00047686719856,37.46706294690067],[127.00009130101748,37.46710629887074],[126.99979458568897,37.46713269522728],[126.9995057896176,37.46715838706583],[126.99899146034778,37.467211868436216],[126.99877951285956,37.46723410939495],[126.99869526351203,37.467212150850976],[126.99808537833583,37.4670550169759],[126.99780191230468,37.46702262725708],[126.99760054986842,37.467142004064904],[126.99747620137036,37.46721380064707],[126.99745056600062,37.46722854067174],[126.99742674697868,37.467242233821736],[126.9971709963385,37.46721406887345],[126.99705148788249,37.467191931173645],[126.997049764355,37.467191611966314],[126.99698554661536,37.467179714646235],[126.99675187829887,37.467072432850664],[126.99661358350106,37.46692600513197],[126.99660739833372,37.46692086805711],[126.99628191433521,37.46665075329093],[126.99623104866068,37.46660839504328],[126.99626284177961,37.46653377516842],[126.99630357626916,37.466437757191024],[126.99636759852858,37.46628684992209],[126.99652428246772,37.46591744512245],[126.99645524352644,37.46568543401687],[126.99646071596257,37.465681496748296],[126.99664318477505,37.46542752919223],[126.99663206873821,37.46512934886848],[126.99661920695152,37.46477852510334],[126.99677234590614,37.46461747825198],[126.99695462856111,37.46442855171925],[126.99711923883554,37.46425877396158],[126.9971935954512,37.46418416547075],[126.99725313156951,37.46401973434373],[126.99731495918154,37.46384404048245],[126.99737077371023,37.46368749119729],[126.99734223271987,37.46364862019547],[126.99725934190239,37.46353572337392],[126.99716679757215,37.463408172516445],[126.99698490877775,37.4631589863257],[126.99698348217073,37.46315250666269],[126.99695152982582,37.4629548423101],[126.99694099097135,37.46289509475205],[126.99689803817277,37.46265159970203],[126.99685196010199,37.462372006142466],[126.99682012368534,37.46218076353636],[126.99680269677071,37.462076078904765],[126.99676863306563,37.461873352436086],[126.99634882881085,37.46179844175949],[126.99590130763103,37.46171788960898],[126.99543983429196,37.46163256026128],[126.99505924205941,37.461562144378156],[126.99474822965615,37.461504966559225],[126.99452553135933,37.461464687704975],[126.99428993410832,37.46142131744008],[126.9939624910307,37.461448328487485],[126.99369528452213,37.46146942959641],[126.99340565253473,37.46149189597754],[126.99335441601497,37.46149586946119],[126.99331802903878,37.461456206697854],[126.9931529299684,37.46127623375382],[126.99298870946687,37.46106673928762],[126.99289512138782,37.46094791840116],[126.99265518660854,37.46034393771784],[126.99250631462283,37.46039161697039],[126.99220604757345,37.46048778611165],[126.99202783786552,37.46054633712561],[126.9916984748308,37.46051899947446],[126.9916230742915,37.46044156168634],[126.99133206489564,37.46013604157539],[126.99129552583925,37.46011774705517],[126.99122349807718,37.46008168168833],[126.99095467588702,37.459947077154766],[126.99052272671017,37.4597274174442],[126.98999454049459,37.459462975751066],[126.9899270957864,37.45932435060148],[126.98991933207444,37.45930839360318],[126.98978038628171,37.45902484135167],[126.98967427951676,37.45880887797685],[126.98963137166461,37.45873791941047],[126.98954222140793,37.4585928889375],[126.98949913155873,37.45852279123876],[126.98917067914479,37.458385633762106],[126.98895244491118,37.45829531460087],[126.98881749512796,37.45823946292328],[126.98871754447931,37.4581963743995],[126.98865730804165,37.45815307546226],[126.98864584902066,37.458144837891496],[126.98864479825103,37.45814704709382],[126.9886355566261,37.458165864532766],[126.98860606322643,37.458153917325035],[126.98858700458251,37.45814620029891],[126.98841186428884,37.458075263866924],[126.98835659771821,37.45805302051299],[126.98816516955597,37.45797303561398],[126.98790752556975,37.457866858298416],[126.987261217705,37.457600697249454],[126.98678107057621,37.45740326408405],[126.98677241096496,37.45739344668059],[126.9866126358385,37.45721233933484],[126.98620998777137,37.45720666491013],[126.98550298969128,37.45718804770228],[126.98526394585903,37.45718175180136],[126.98490336159928,37.45704261274672],[126.98438784358234,37.45710560893914],[126.98288823080819,37.45682691861825],[126.9824377065484,37.456877805947194],[126.98191027178909,37.45693499925587],[126.98190365457977,37.45693571657468],[126.9819090627884,37.45692438851181],[126.98203388273348,37.45666290565816],[126.98215906321256,37.45640016954003],[126.98238921361114,37.455917102236306],[126.98239804855321,37.45589119968384],[126.9823884509171,37.455890286929815],[126.98224178122396,37.45587635653062],[126.98120128947595,37.45577752875457],[126.97979048053901,37.45564719831864],[126.97847746742482,37.455734797937495],[126.97775712071886,37.455199116435004],[126.97655301694589,37.45489759754363],[126.97457956339812,37.45441287502413],[126.97406180130156,37.453904813167384],[126.97401254521544,37.45385552551293],[126.97337157111184,37.45323762721087],[126.9733244487512,37.45316440855204],[126.97325668089688,37.45304866885851],[126.97284353777341,37.45238238273804],[126.97175282811303,37.45173733502224],[126.9710676521546,37.450469831570516],[126.97056939286779,37.44945270052256],[126.97031198245536,37.44934929636163],[126.9701470784217,37.44929124482373],[126.97005138226838,37.44925743282751],[126.96984528443417,37.449184747276824],[126.96983133963577,37.449179829974355],[126.96959357130795,37.44909597642167],[126.96866172194267,37.44875446410705],[126.96766298153699,37.44838054379177],[126.96622329562356,37.447477142347225],[126.96578067842822,37.44719939168305],[126.9653434321475,37.446923884617725],[126.96520256409458,37.446833181135524],[126.96494006669563,37.44666979251052],[126.96462003670025,37.446470066486036],[126.9643651455505,37.44631146393258],[126.96428976762573,37.44626723575513],[126.96412173660364,37.445770782992504],[126.96394190013633,37.445245888834165],[126.96393361946485,37.44521462980708],[126.96407127076314,37.44495972799358],[126.96414021746335,37.44483205673594],[126.96437227398978,37.44439879953343],[126.96441927919243,37.44431265098215],[126.96431622135768,37.44383085870516],[126.96430300567539,37.44377032443294],[126.96432082169706,37.4434622934145],[126.96433431360812,37.44330631567036],[126.96435602998032,37.442968723104435],[126.96438164949876,37.4425770735093],[126.96461018756047,37.44208778977402],[126.96463404194891,37.44203964594709],[126.96415383052155,37.44161321163748],[126.9638220254759,37.441318584718005],[126.96378426715513,37.44128675747621],[126.963799661058,37.44087145295259],[126.96380279989773,37.44080069378999],[126.96380333213135,37.44078693956688],[126.96373604573304,37.44074688138307],[126.96366090905514,37.44070215001374],[126.9631139614923,37.44037652554747],[126.96298353076591,37.44029960899504],[126.96294278767228,37.440280457342176],[126.96246678280694,37.440280581163094],[126.96236225522256,37.44028020398898],[126.96194928257711,37.44027871685488],[126.96176248461879,37.440279219307946],[126.96149961404792,37.44029911480061],[126.96090368958392,37.44034312501723],[126.9602756418309,37.440385417167356],[126.96005589149755,37.440400531707795],[126.96000049961872,37.44035575841811],[126.95975660092905,37.44015576663027],[126.959571479919,37.440005340573116],[126.95954253438612,37.4399785782847],[126.95949684393314,37.439910148619035],[126.95925269154284,37.439543459727176],[126.95916943188931,37.43940687346558],[126.9589988621129,37.43912694181006],[126.95897734640036,37.439089478126334],[126.95896605637536,37.43906976947099],[126.95854903818177,37.43902824395473],[126.95843252832626,37.439016642305454],[126.9581396340979,37.43898808950097],[126.95774064111859,37.4389476866481],[126.95756692004642,37.43893044862032],[126.95704064993706,37.43885309815147],[126.95670503418243,37.43880341583337],[126.95647817935392,37.438769820958825],[126.95636819827826,37.438754011782784],[126.95606311967421,37.438737847453524],[126.95561997185327,37.43871430429654],[126.95526033878969,37.4386964228034],[126.95517474224609,37.43869245616732],[126.95510871826785,37.43869214730521],[126.95507103836226,37.43870288912685],[126.95499556465815,37.438724485780796],[126.9546305360288,37.438856950458266],[126.95438102763305,37.43891035316821],[126.95390390469777,37.43900955329033],[126.95361027022142,37.43904434821451],[126.95344729316314,37.439067086080755],[126.9531668939351,37.43909540890886],[126.95265183669216,37.43915911387032],[126.9524110466307,37.439190240391504],[126.9520865441952,37.43898121707007],[126.9520722430234,37.438976139184064],[126.95187105574671,37.43883639792889],[126.95146726450163,37.4385766206705],[126.95115824868725,37.438444155615045],[126.9511386445743,37.438443306534325],[126.95113511887305,37.43844330097861],[126.95106765042344,37.438536473649584],[126.95092504115374,37.43873377086956],[126.95003243388754,37.43862162297663],[126.94984280064281,37.43837967396437],[126.9495776813066,37.43829424132487],[126.949513067212,37.438280985990524],[126.94931039162621,37.4382611826177],[126.94928410826472,37.438250273521646],[126.94927713615388,37.43825610441643],[126.94918933226536,37.43832870494728],[126.94917661819025,37.43833292357641],[126.94916142214753,37.43834418111534],[126.94905367002984,37.43842522360226],[126.94894520405433,37.43850739117002],[126.94876590724233,37.438645843062794],[126.94862358059147,37.43867111508453],[126.94836308550686,37.43871266307075],[126.94830428935252,37.43869095869351],[126.94828916625293,37.438690404971986],[126.94815539559212,37.438630374223166],[126.94811266444938,37.43861120097491],[126.94803430549946,37.43857596306169],[126.94794719875885,37.438535288667936],[126.94785445263446,37.43849198111853],[126.94759920500503,37.43841189920322],[126.94716568538477,37.438272603439685],[126.94702765364919,37.43823453668063],[126.94678935191476,37.43816712977511],[126.94659037137721,37.43792967469488],[126.94638020236111,37.437769089367656],[126.9456762736829,37.43730529896023],[126.94509044759621,37.437088230713265],[126.94463711783995,37.43712347578104],[126.94406008740428,37.43719809666882],[126.94352260501259,37.43726596943672],[126.94338488371639,37.43728279482535],[126.94328370886493,37.43729963896202],[126.94262401831362,37.43740518049142],[126.9422317764991,37.43746631215206],[126.94197941595745,37.437505642770134],[126.9414241559227,37.43740429713986],[126.94114888227058,37.43699166704502],[126.9411375961175,37.43697560544005],[126.94113654793516,37.43696941531736],[126.94110251121707,37.43691814878695],[126.9408793678781,37.43666969759261],[126.94070792141332,37.43647898327141],[126.94053011618678,37.43628039131618],[126.94050233602175,37.43613706175091],[126.94050255900108,37.43612851876652],[126.9405027108249,37.43612270117339],[126.9404803720343,37.43600781018781],[126.94047175123306,37.43598162257956],[126.94042651991339,37.43580195566982],[126.94035238842909,37.43576897708131],[126.94022016146566,37.43571237075824],[126.93955839435814,37.43595581048866],[126.93953972015723,37.43596254617862],[126.93938437029259,37.436018581940665],[126.93936416858949,37.436025817826334],[126.93862583997388,37.436028515813284],[126.93862177290933,37.43602851452443],[126.93861504560532,37.43609637428985],[126.938575228057,37.43641508450626],[126.9385745268699,37.436420428072836],[126.93854554319206,37.43644913588358],[126.93837485680163,37.43660925288235],[126.93832609500797,37.43665259316009],[126.93828295608812,37.4367209838323],[126.938251668417,37.43676996313288],[126.93816521754074,37.43690534826719],[126.93814559402699,37.43694194594796],[126.93801491342383,37.43718430020517],[126.93801226775169,37.43718936411282],[126.9379889408556,37.43720934462205],[126.93775185485558,37.43738182174727],[126.93774638484717,37.4373857563241],[126.93775096503985,37.43739166943188],[126.93774136411238,37.43746909786866],[126.93774214831588,37.437582002946776],[126.93774418974971,37.43787905921566],[126.93772543868542,37.437926351154935],[126.9376555564666,37.43809355715927],[126.93757911861654,37.43828554829476],[126.93756266785803,37.43832693098684],[126.93747025491267,37.43842373943641],[126.93727268542752,37.438632270712155],[126.93726512170288,37.43879276232616],[126.93725777458141,37.438927342538356],[126.9372485662389,37.43916751054235],[126.93724711446903,37.4392128386598],[126.93740216710924,37.43937426665029],[126.93760511637979,37.43959113993354],[126.93763889463888,37.43962723625052],[126.93769358395977,37.43968442662373],[126.93771385874629,37.4397207561265],[126.9377578720007,37.439865787726525],[126.93784345407285,37.44013557657077],[126.9378640596047,37.44019753340833],[126.93774580976118,37.44035401926998],[126.93754270431856,37.440619986554985],[126.9373728464405,37.44084317255329],[126.93735357885292,37.440871598196686],[126.93723887950416,37.44099401804325],[126.93719416932389,37.44104185507875],[126.9369488758595,37.441298509414516],[126.9368474457073,37.441402357276594],[126.9368121023416,37.44143837864253],[126.93677193236952,37.4415428103659],[126.93673512773488,37.441634864354754],[126.93668810978122,37.44169594565389],[126.93665063575561,37.44174125348358],[126.93664692574669,37.44174575704263],[126.93630672013778,37.44190493114099],[126.93620198363917,37.44195442843892],[126.9360413668932,37.44209343668271],[126.9359857068988,37.44214155630692],[126.9358409007756,37.44215639750771],[126.93564312935602,37.44217796580142],[126.93557736497795,37.442282669682676],[126.93544085852788,37.44249715166593],[126.93538201967463,37.44254863773341],[126.93525850536896,37.442656689018094],[126.93525497536369,37.442659787264716],[126.93512586396385,37.44289848238441],[126.93511331059109,37.44292156760856],[126.93510959584688,37.44292803426583],[126.93503160622195,37.44306370974629],[126.93489799771157,37.4432094813348],[126.9348953425056,37.44321229892191],[126.93489378122018,37.443213063024395],[126.9348879409597,37.443215946505376],[126.93474120947594,37.443208264680145],[126.93456406397131,37.44319663161569],[126.93445088375934,37.44325822470999],[126.93405130229661,37.44347254558054],[126.93402726555557,37.443485208212145],[126.93381843158942,37.44363881891604],[126.93346858829108,37.44389625211177],[126.93340762749622,37.4439412678327],[126.93322458677149,37.444074617677636],[126.93321858154495,37.44407912093596],[126.93300181350055,37.44420626233914],[126.93265166161646,37.444411316963624],[126.93221565559026,37.44466616406989],[126.93213597927613,37.444713699561795],[126.93183896925768,37.444917945257366],[126.93174957178451,37.44497616899119],[126.9314895670786,37.445074009093304],[126.93132565138224,37.445135567820934],[126.93086248945097,37.44533492828953],[126.93055972359834,37.44546595231235],[126.93055407223105,37.44546847954713],[126.93054648304444,37.44548504338903],[126.93051744816258,37.44554842165936],[126.93039393691309,37.445818370645014],[126.93032633851968,37.445968689670835],[126.93031734070387,37.446006411615905],[126.9303001133548,37.44607863412903],[126.93028504030414,37.44614182094246],[126.93028150314282,37.446152522902736],[126.93024028829278,37.44622936373143],[126.93016316386411,37.446377981824945],[126.93021020533224,37.446477967889905],[126.93027770395022,37.44662132338764],[126.93026566136011,37.44665369818281],[126.93027848072158,37.44673282394426],[126.93028934391144,37.44682377697369],[126.93032439633251,37.44708987507771],[126.93035671295682,37.44733422090137],[126.93036454416523,37.44739342050801],[126.93036566271934,37.447523229379364],[126.93036779965477,37.44769019643563],[126.93036797255023,37.44769751273063],[126.93034263902157,37.447777461399575],[126.93030368040942,37.44790104696609],[126.93025565191049,37.44807925555112],[126.93024572873726,37.448116415973196],[126.93017397990747,37.44836555558233],[126.93017114862802,37.44837231116629],[126.93016601670345,37.44838412942897],[126.9300555193126,37.44853272799081],[126.93004720230641,37.448543985563425],[126.9299094633832,37.448735366488066],[126.9297859057328,37.44888114631992],[126.92960681633909,37.44909305329672],[126.92943640411538,37.449294549681106],[126.92928614086239,37.44947212810674],[126.92899162190365,37.44963384041633],[126.92895514479565,37.449735748891904],[126.92891052476227,37.44986551968403],[126.92871685364531,37.44999436184321],[126.92863418207624,37.450051012129606],[126.9284159375028,37.450200560964],[126.92839869468975,37.45021248461897],[126.92835700680594,37.44989868905517],[126.92832643471993,37.44968076117016],[126.92830790362402,37.449548670588165],[126.92827966112164,37.44935268410035],[126.92825636458672,37.44933634326795],[126.92799202522077,37.44915232011192],[126.9277703977571,37.44899366020591],[126.92774480328708,37.4489778760047],[126.92725626843664,37.448744713783235],[126.92723032379999,37.44873202846118],[126.92678289901329,37.44851578559202],[126.92651779815166,37.44839060180626],[126.92643369014165,37.44827173296131],[126.92635434623261,37.448157642768656],[126.92611258416865,37.44783059399057],[126.92601753548298,37.447701581861686],[126.92577954799287,37.44748884532399],[126.92546305884765,37.447205672794745],[126.9249821391902,37.44678160069167],[126.92488318144736,37.446724598329894],[126.92459848432841,37.44656060494383],[126.92425790433906,37.44636075645402],[126.92399602811619,37.4462102237714],[126.92399292550986,37.446140682923605],[126.92397325229106,37.44613093434595],[126.92357692044921,37.44593454289547],[126.92346947073176,37.4458812980784],[126.92325327731196,37.44577274672928],[126.9230715562856,37.445465724499776],[126.92289723079377,37.4451733491865],[126.92294662587796,37.44487295154045],[126.9229034050178,37.444673007464196],[126.9228204330262,37.44431114306948],[126.92276280976614,37.4440410836579],[126.92264937824302,37.44394358979922],[126.92235846488647,37.443704060642474],[126.92224737456203,37.443560393789085],[126.92202606551794,37.44327528137902],[126.92200703254007,37.44325076947066],[126.92188749771434,37.443096970214036],[126.92165737952419,37.44280596055874],[126.92154726607251,37.442746760967594],[126.92116945344762,37.44254603086377],[126.92110710166413,37.44240718053143],[126.92108349291055,37.442357599876914],[126.92094380148762,37.442048350040814],[126.92079389169572,37.44172416483657],[126.92069895554552,37.44151996798331],[126.92066796870793,37.441427593999364],[126.92065701513593,37.44139952412902],[126.92056268130924,37.441157777503115],[126.92052359390271,37.441054423013206],[126.92049718057574,37.440984856069385],[126.92042524487971,37.44073420910592],[126.92038248596013,37.4405979115501],[126.92027897994959,37.44047141131051],[126.92027474824697,37.44046634472113],[126.91997709016924,37.440284811753195],[126.91942728840739,37.439949085569744],[126.91926379547095,37.439852416042896],[126.91866310104106,37.439982620620576],[126.91838902400636,37.44003986720569],[126.91828506548241,37.440061580523405],[126.91816331905218,37.44008701084174],[126.91785707767622,37.44014958084397],[126.91744189552485,37.44012676239229],[126.91735895044015,37.44012220186169],[126.91647196849995,37.440071732213475],[126.91612451769241,37.4400531824665],[126.91610899038582,37.44004499889784],[126.9153892391321,37.439668027802604],[126.91534583094798,37.43964491124603],[126.9152648626229,37.43960314533076],[126.91517724705969,37.43955795013222],[126.91497192657042,37.439452038757366],[126.91487275184112,37.439400725349905],[126.91482935222521,37.43937901657598],[126.91411522777881,37.43932301410418],[126.91389137532028,37.43930708225035],[126.91353556473021,37.439197570122026],[126.91322603484537,37.43910609673288],[126.91318981174282,37.43909539167801],[126.91280852869323,37.438720339893486],[126.91259713844602,37.43866078111706],[126.91230851515132,37.438579460332086],[126.9123064591758,37.43857596093102],[126.91224596366274,37.43847298579524],[126.91205864058078,37.43817635911279],[126.91186497293013,37.43786817481705],[126.91180170455225,37.43776592656923],[126.91178900800405,37.437754365590095],[126.91175618203509,37.437745609526054],[126.9114627449662,37.43763490079979],[126.91143164816448,37.437623167939265],[126.91142204304997,37.437605435354364],[126.91127679258102,37.437337258434745],[126.91120280963514,37.437201213942394],[126.91120000139841,37.43718740818677],[126.91121640733111,37.43704635978487],[126.91128427837953,37.43654325192325],[126.91133327572284,37.43617134264738],[126.91126706936242,37.436104017225965],[126.91114125439438,37.43597607464172],[126.91085154320905,37.43567598836553],[126.9106780338764,37.435498185659505],[126.9106535912681,37.43541482282755],[126.9106110527433,37.43526415143927],[126.9104107691303,37.4350367714023],[126.91022281692176,37.43482433046658],[126.91014063452657,37.43461421532378],[126.91002834854612,37.43432412145561],[126.90997013094626,37.434281836307164],[126.90990399658217,37.434227445947066],[126.90967840207435,37.43405973748582],[126.90940570527526,37.43386468202353],[126.90939564237279,37.43386044851258],[126.90917445521919,37.43384197653776],[126.90914038288085,37.4338371650991],[126.90859344861936,37.433691728572406],[126.90856009252111,37.433684107392814],[126.90854941945838,37.43368157884195],[126.90850952213398,37.43368630966063],[126.90839899762067,37.43369354792556],[126.9082722316049,37.43370204150456],[126.90793367169184,37.4337247073222],[126.90757328162816,37.43363218830673],[126.90752668417373,37.43362021898974],[126.9074696805664,37.433603559070285],[126.90745679510518,37.43359763831357],[126.90725378153759,37.433517824083545],[126.90708939269737,37.43354665448599],[126.90706898509336,37.43362998057598],[126.90693490918345,37.43369491642659],[126.90692755357499,37.43369856429656],[126.90689783998963,37.43369432932218],[126.90674820212917,37.43367309849198],[126.90670359430533,37.433685742470566],[126.90659073458696,37.43371786389936],[126.90668055226405,37.43368605225556],[126.9066821810226,37.43368534294541],[126.90668364297595,37.433684429089695],[126.90668489720606,37.43368333932664],[126.90668591074245,37.43368209782761],[126.90668665503617,37.43368074140521],[126.9066871105806,37.43367930691751],[126.9066872669115,37.43367783126786],[126.90668711805016,37.433676355889034],[126.90668666820464,37.43367492046216],[126.90668592839334,37.43367356109708],[126.9066344926742,37.43359694294426],[126.90662348558928,37.43359707427106],[126.90660349152114,37.43359731190974],[126.90654826719447,37.433622466646135],[126.90652139182617,37.43363470743902],[126.90651991719797,37.4336355085586],[126.90651861978888,37.43363648362987],[126.90651753029458,37.433637610272875],[126.90651667720007,37.43363885978694],[126.90651608109962,37.43364020072777],[126.90651575582712,37.43364159891298],[126.9065157118114,37.43364302194585],[126.90651594823528,37.43364443016223],[126.90651645968227,37.433645793789914],[126.90652047391076,37.43365404430042],[126.90647249541168,37.4337049071312],[126.90647195063524,37.43370547405776],[126.90647100426608,37.43370665459946],[126.90647029896743,37.43370793910716],[126.9064698542105,37.433709295229505],[126.90646967817062,37.433710689657104],[126.9064697756323,37.433712089063526],[126.90647014685894,37.43371346009957],[126.9064707785646,37.43371476754537],[126.90647165742784,37.43371598068765],[126.9064727644615,37.433717070587385],[126.90647311362574,37.43371737069216],[126.90650450589906,37.43374391755422],[126.90649795227881,37.43375707971624],[126.90647974482131,37.43379372789159],[126.90645914260583,37.433776928474295],[126.90645787910603,37.43377604239837],[126.90645646628555,37.43377531421271],[126.906454931129,37.43377476208008],[126.90645331085054,37.4337743970037],[126.90645164154111,37.433774229079816],[126.90644974105321,37.433774279026515],[126.9064478803931,37.43377458155511],[126.90644610822731,37.43377512879772],[126.90644447667025,37.43377590569284],[126.90644302998821,37.4337768890273],[126.90644221224728,37.43377766910765],[126.90642719045285,37.4337585866098],[126.90640222765619,37.43372687294803],[126.90637973690856,37.43369845266102],[126.9063680127977,37.433702066839125],[126.9062328997103,37.43388103365247],[126.90620586538203,37.43390522205542],[126.90618980420578,37.43391955688417],[126.90613746331283,37.43396627391937],[126.90611543019595,37.433985944553406],[126.90610242904621,37.43398208178366],[126.90610059434404,37.433981673260966],[126.9060986988796,37.43398151591352],[126.906096799132,37.43398161453188],[126.90609494484833,37.43398196756333],[126.90609319150556,37.433982563568826],[126.90609159010218,37.433983385678715],[126.90609018265137,37.43398440976729],[126.90608901118759,37.433985609004836],[126.90608810991169,37.4339869466073],[126.90608384521248,37.43399480580424],[126.90584386359512,37.43399616592476],[126.90582533407208,37.43399615120033],[126.9057314003506,37.43399662180194],[126.90549778402304,37.433997793288924],[126.90539049143652,37.43399832983107],[126.90538835635476,37.433998313682345],[126.90526512183096,37.43399737640477],[126.90522471578863,37.43399706943564],[126.90481844625188,37.43399448541399],[126.90444501488285,37.43403190303674],[126.90431060350531,37.43406305919802],[126.90425498809694,37.434075950534215],[126.9040783191046,37.434086253108106],[126.90399999782436,37.43409081932415],[126.90375020264257,37.43410538477188],[126.90365413119576,37.4341298038943],[126.90352577472211,37.4341617937253],[126.90347218124086,37.43416286990293],[126.90343827496228,37.43414286156622],[126.90338570715991,37.43411184080744],[126.90323772510634,37.43409748498902],[126.90321006551765,37.43409480169154],[126.90315946520741,37.43408861973493],[126.90298757734166,37.4340676197215],[126.90298879957929,37.434081380707156],[126.90298262121108,37.43410499497897],[126.90297229987993,37.434144437906255],[126.9029429340067,37.43418665277549],[126.90293487283516,37.43420595171883],[126.90292964967277,37.434218455193616],[126.90292609482466,37.434232247933366],[126.9028742711206,37.434444787320025],[126.90286200774176,37.43450728001382],[126.90282250232903,37.434614241765104],[126.90280412636717,37.43470371203172],[126.90279850701911,37.43473107428183],[126.9027894442228,37.43477555766348],[126.902788220768,37.43480078966648],[126.9027838224972,37.434891559107825],[126.90278533703055,37.4349439269783],[126.90279110150237,37.4351311792584],[126.90279474824828,37.43525007943993],[126.90279626358438,37.43529950255616],[126.90280109155664,37.43545695641966],[126.90280353391698,37.435642221517504],[126.90276686589532,37.43564195873073],[126.90275987838571,37.4356419090024],[126.90275656764533,37.435698796259125],[126.90274868677949,37.43583420975194],[126.90275024062069,37.43585673636952],[126.90275059596827,37.43586152080017],[126.90272534188269,37.435871122508935],[126.90272453348535,37.43587143029578],[126.90270625676497,37.43587837758894],[126.9026262933783,37.43593542098815],[126.90260375605799,37.43595149737504],[126.90258873665262,37.43596218915242],[126.9025880560232,37.435962492175925],[126.9024975177127,37.43600263374997],[126.90248415712962,37.43600855847532],[126.90246383218026,37.436024029486404],[126.90245879386165,37.436027901511714],[126.9024633085338,37.436005724652624],[126.90246347593568,37.43600414721137],[126.90246332256751,37.436002679917536],[126.90246286933413,37.43600125257055],[126.90246213176621,37.435999902204735],[126.90246112765519,37.43599866586599],[126.9024598849868,37.43599757794759],[126.90245843519511,37.43599666564931],[126.90245681877114,37.435995954414075],[126.90245507852376,37.435995462485536],[126.90245326068877,37.43599520361789],[126.9024527557282,37.43599516410919],[126.90234941852283,37.435987210807234],[126.90234891234604,37.43598718210831],[126.90234708646614,37.43598722425378],[126.90234529262521,37.43598750181708],[126.90234357836135,37.435988006926365],[126.90234198901645,37.435988723586306],[126.90234056428079,37.435989635773105],[126.90233934277174,37.435990720246544],[126.90233835638202,37.43599194652152],[126.90233763022961,37.43599328317737],[126.9023371838095,37.435994695159465],[126.90231022523967,37.43612309959007],[126.90221168319069,37.43618289976964],[126.90220565973699,37.43620062706813],[126.90212968087141,37.43623541758579],[126.90210599582502,37.43624626196533],[126.90202334938027,37.43628410495513],[126.90192633210958,37.436353521142046],[126.90187949741019,37.43638703210216],[126.90186087124712,37.43639752436014],[126.90185129019014,37.436402921913036],[126.9015890334995,37.436550663743766],[126.90158192480042,37.436556454166855],[126.9013979651898,37.43670630183266],[126.9013880734953,37.43671435950031],[126.90133421956402,37.436749887095985],[126.90129726768686,37.436774263885496],[126.90123390692774,37.43681606454108],[126.90106753317886,37.43692582519998],[126.90090886001899,37.436968257659004],[126.90084923179798,37.43698420339015],[126.90084680007416,37.436986931208054],[126.9007967832013,37.4370430344975],[126.9005472292546,37.43732295119463],[126.9005354273754,37.43735392347326],[126.90052170423233,37.43738994625939],[126.9005082520315,37.437419776249705],[126.90043861845275,37.43759963800687],[126.90033710750672,37.43773301874198],[126.90026251464712,37.43777811224628],[126.9002747148543,37.437781105383316],[126.90021092471252,37.43782582281489],[126.900161281368,37.437846610508075],[126.89993121507631,37.4379855109415],[126.89988380265014,37.43805191881678],[126.89981577317936,37.43809888413932],[126.89970350950777,37.43820944127975],[126.8996495700264,37.43828034796094],[126.89959055340651,37.43831211147163],[126.899511935913,37.438351184577314],[126.89949124800168,37.4383675023066],[126.89948862694753,37.43836958015229],[126.89944054011634,37.43840770325],[126.89938838844398,37.43844906139562],[126.8993270472073,37.4385044755425],[126.89925287316863,37.438571526828795],[126.8991997706006,37.43861953121376],[126.89918509845184,37.4386313402027],[126.8991446177989,37.43866819306176],[126.89906868234944,37.43867826282527],[126.89903680634278,37.43868259675529],[126.89903371470335,37.43868301729557],[126.89901853800849,37.438684409350316],[126.89899929181722,37.43868608717401],[126.89899186740205,37.438686638913545],[126.89897931346127,37.43870030193466],[126.89897791538912,37.438701826241214],[126.89897540895818,37.438708367306255],[126.89888151338047,37.438953467949524],[126.89887248197554,37.43897204778087],[126.89875571315294,37.439276595840035],[126.89880521823842,37.43935012485273],[126.89886660340885,37.43940537333469],[126.89896909067434,37.43946430645465],[126.89919102442224,37.43959148678942],[126.8992813509593,37.439643932907984],[126.89990490437302,37.43955296390765],[126.89992591666021,37.43955636056334],[126.89990587029429,37.43960286645837],[126.8998927966665,37.43963319583964],[126.89988306246636,37.43965402017742],[126.89975427591787,37.43996419758235],[126.89973674251891,37.4400033142153],[126.89961063130008,37.440307871510875],[126.89959911774147,37.44033094559877],[126.89958859688187,37.4403566846497],[126.89958451539924,37.44036666543726],[126.89949051670833,37.44059664020443],[126.89935794113498,37.440849384669285],[126.8992784908441,37.440974041350174],[126.89922205345556,37.44105986887507],[126.89910715158457,37.44112109390951],[126.898998875047,37.441178788532625],[126.8989825734368,37.4412260668356],[126.89897212904539,37.44125336827677],[126.89889359746745,37.441481092956366],[126.89887830058584,37.441562440645164],[126.89887119773303,37.44159228468827],[126.89882140025537,37.44185522745816],[126.8988021899734,37.441953762235784],[126.8987789260445,37.44205933225368],[126.89870293948158,37.44222735806125],[126.89868062786347,37.44227379451068],[126.89854285355638,37.44258001639054],[126.89852921190169,37.44260759355609],[126.89848800526285,37.442698955054766],[126.8983889438087,37.44291859689021],[126.89825701233434,37.44320652524389],[126.89819006215059,37.44335147494334],[126.89812843724769,37.44348628255043],[126.89807459841822,37.443604214812154],[126.89792600425213,37.443936051575896],[126.89791607891824,37.44395463036726],[126.89777402985673,37.4442757686405],[126.89776289157345,37.444297995358994],[126.89775560476657,37.44432108177139],[126.89774834953808,37.44433768935357],[126.89765782300697,37.44454794123714],[126.89755864110917,37.44477508010744],[126.89748433896702,37.4449442493371],[126.89740807312499,37.44511788827083],[126.89729542568158,37.44537655187305],[126.89726919746482,37.44543677511338],[126.89707249294668,37.44556303238286],[126.89699067182109,37.445615047169],[126.89676418323926,37.44570437909423],[126.8966109710127,37.44571245557751],[126.89633349312561,37.44572708107103],[126.89578235537246,37.44563339846632],[126.89561599599699,37.44572290126855],[126.89557754582508,37.4457435891896],[126.89553755443498,37.44576276934959],[126.8955054664298,37.44577815913209],[126.89548438186011,37.445823739513536],[126.89541658014478,37.44597365871143],[126.89530973840706,37.446209898034766],[126.89501848610887,37.44668350802713],[126.89473579603181,37.44656074908569],[126.89471343103882,37.44659187303594],[126.89468017335575,37.44663815527528],[126.89466922601953,37.446659957224085],[126.89465850273754,37.44668131144128],[126.89465007277116,37.44669810028968],[126.89467040815573,37.446796950408284],[126.89472495110823,37.44706392280622],[126.89472475711096,37.4470658308964],[126.89473668215766,37.4470865782153],[126.89473717103293,37.447087640720106],[126.89473729325175,37.4470879063463],[126.89473763480312,37.44708929348814],[126.8947377025585,37.44709070626864],[126.8947374900036,37.447092111304066],[126.8947370042191,37.44709347167486],[126.89473675085209,37.447093908439],[126.89473625903223,37.447094755002816],[126.8947352705312,37.44709592892132],[126.89473406381919,37.44709696471533],[126.89473266847764,37.44709783910095],[126.89473111862453,37.44709852701479],[126.89472103395366,37.44710221241249],[126.89469665687926,37.44734038771657],[126.89470047639782,37.44737806345722],[126.89471927557746,37.44756349587908],[126.8947260893524,37.44763071014515],[126.89475105419375,37.44770253408834],[126.89485158539391,37.4479104142886],[126.89493675569473,37.44808370533403],[126.89496815877074,37.44814760226604],[126.89500352725615,37.44822252601203],[126.89500911763747,37.4482262006361],[126.89512971437215,37.448305440958215],[126.89515427234984,37.448321576623684],[126.89523481316422,37.448374498494104],[126.89542421584862,37.448352468399875],[126.89558079705792,37.44833426498488],[126.89564123665554,37.4482932051865],[126.89586093711156,37.44814277174799],[126.89599491640371,37.44805025036757],[126.89604983926885,37.448042982144905],[126.89599599161546,37.448161750665456],[126.8959413017597,37.448253775968006],[126.89593756164233,37.44827208513441],[126.89590823270632,37.44841564828529],[126.89586642744274,37.44850543192093],[126.89579796111079,37.44865385160695],[126.89579398227986,37.44866247532087],[126.8957194247989,37.4488254370255],[126.89567655523864,37.44891690429541],[126.89556744401268,37.44915697912782],[126.89542343529638,37.44947650067912],[126.89532683480036,37.44969083419139],[126.89522964090635,37.44990648326969],[126.89504151153194,37.45032612073751],[126.89495772900852,37.45051414840289],[126.89490352394716,37.45063459917756],[126.89481490315352,37.450862312315735],[126.89479455420498,37.45089100839668],[126.89475535917273,37.45094611157644],[126.89460382163007,37.45115915624907],[126.8945123658852,37.451390811586606],[126.89449137192166,37.45144310914533],[126.89437768144832,37.451726314641036],[126.89436811826428,37.45174573142184],[126.89424335781844,37.45205505916245],[126.89417880066546,37.452219268944255],[126.89411610168204,37.45237874705441],[126.89407499154909,37.452478380008614],[126.89400600501989,37.45265758454146],[126.89398300211313,37.45271733946779],[126.89380791187045,37.45278307187167],[126.89361394918495,37.45282343122649],[126.89337611875725,37.452805760839645]]]},"bbox":[126.76448395994285,37.428297477151474,127.18379492887969,37.7014552723295]}],"bbox":[126.76448395994285,37.428297477151474,127.18379492887969,37.7014552723295]}