"순번","ID","도시계획코드","분류명","조서ID","고시ID","라벨명","고시일자","X좌표","Y좌표"
"111659","생활서비스시설_공원_0385","ZON216","생활서비스시설_공원"," "," ","강변공원(중랑천변)"," ","",""
"111660","생활서비스시설_공원_0391","ZON216","생활서비스시설_공원"," "," ","어린이공원(방죽)"," ","",""
"111661","생활서비스시설_공원_0394","ZON216","생활서비스시설_공원"," "," ","어린이공원(열매)"," ","",""
"111662","생활서비스시설_공원_0397","ZON216","생활서비스시설_공원"," "," ","어린이공원(면목)"," ","",""
"111663","생활서비스시설_공원_0400","ZON216","생활서비스시설_공원"," "," ","마을마당(늘푸른 근린공원)"," ","",""
"111664","생활서비스시설_공원_0272","ZON216","생활서비스시설_공원"," "," ","어린이공원(화양)"," ","",""
"111665","생활서비스시설_공원_0274","ZON216","생활서비스시설_공원"," "," ","어린이공원(대림)"," ","",""
"111666","생활서비스시설_공원_0275","ZON216","생활서비스시설_공원"," "," ","어린이공원(약초원)"," ","",""
"111667","생활서비스시설_공원_0276","ZON216","생활서비스시설_공원"," "," ","어린이공원(언덕배기)"," ","",""
"111668","생활서비스시설_공원_0278","ZON216","생활서비스시설_공원"," "," ","어린이공원(명성)"," ","",""
"111669","생활서비스시설_공원_0280","ZON216","생활서비스시설_공원"," "," ","마을마당(구의2동)"," ","",""
"111670","생활서비스시설_공원_0281","ZON216","생활서비스시설_공원"," "," ","어린이공원(성화)"," ","",""
"111671","생활서비스시설_공원_0283","ZON216","생활서비스시설_공원"," "," ","마을마당(모진동제2)"," ","",""
"111672","생활서비스시설_공원_0284","ZON216","생활서비스시설_공원"," "," ","마을마당(광장동제2)"," ","",""
"111673","생활서비스시설_공원_0286","ZON216","생활서비스시설_공원"," "," ","어린이공원(햇님)"," ","",""
"111674","생활서비스시설_공원_0287","ZON216","생활서비스시설_공원"," "," ","광장(광진광장)"," ","",""
"111675","생활서비스시설_공원_0289","ZON216","생활서비스시설_공원"," "," ","마을마당(장안1동)"," ","",""
"111676","생활서비스시설_공원_0291","ZON216","생활서비스시설_공원"," "," ","어린이공원(샛별)"," ","",""
"111677","생활서비스시설_공원_0293","ZON216","생활서비스시설_공원"," "," ","마을마당(전곡)"," ","",""
"111678","생활서비스시설_공원_0295","ZON216","생활서비스시설_공원"," "," ","근린공원(장안)"," ","",""
"111679","생활서비스시설_공원_0296","ZON216","생활서비스시설_공원"," "," ","어린이공원(장미)"," ","",""
"111680","생활서비스시설_공원_0297","ZON216","생활서비스시설_공원"," "," ","마을마당(장안4동)"," ","",""
"111681","생활서비스시설_공원_0298","ZON216","생활서비스시설_공원"," "," ","어린이공원(늘봄)"," ","",""
"111682","생활서비스시설_공원_0299","ZON216","생활서비스시설_공원"," "," ","어린이공원(아름)"," ","",""
"111683","생활서비스시설_공원_0201","ZON216","생활서비스시설_공원"," "," ","어린이공원(성원)"," ","",""
"111684","생활서비스시설_공원_0202","ZON216","생활서비스시설_공원"," "," ","어린이공원(응삼)"," ","",""
"111685","생활서비스시설_공원_0206","ZON216","생활서비스시설_공원"," "," ","소공원(옥수2쉼터)"," ","",""
"111686","생활서비스시설_공원_0209","ZON216","생활서비스시설_공원"," "," ","어린이공원(성일)"," ","",""
"111687","생활서비스시설_공원_0211","ZON216","생활서비스시설_공원"," "," ","마을마당(성수2가2)"," ","",""
"111688","생활서비스시설_공원_0214","ZON216","생활서비스시설_공원"," "," ","근린공원(무학봉)"," ","",""
"111689","생활서비스시설_공원_0217","ZON216","생활서비스시설_공원"," "," ","마을마당(왕십리2)"," ","",""
"111690","생활서비스시설_공원_0218","ZON216","생활서비스시설_공원"," "," ","강변공원(중랑천)"," ","",""
"111691","생활서비스시설_공원_0221","ZON216","생활서비스시설_공원"," "," ","소공원(용답꽃공원)"," ","",""
"111692","생활서비스시설_공원_0224","ZON216","생활서비스시설_공원"," "," ","소공원(응봉쉼터)"," ","",""
"111693","생활서비스시설_공원_0225","ZON216","생활서비스시설_공원"," "," ","강변공원(전농천)"," ","",""
"111694","생활서비스시설_공원_0226","ZON216","생활서비스시설_공원"," "," ","강변공원(중랑천)"," ","",""
"111695","생활서비스시설_공원_0234","ZON216","생활서비스시설_공원"," "," ","어린이공원(상원)"," ","",""
"111696","생활서비스시설_공원_0239","ZON216","생활서비스시설_공원"," "," ","어린이공원(온달)"," ","",""
"111697","생활서비스시설_공원_0242","ZON216","생활서비스시설_공원"," "," ","마을마당(구의동)"," ","",""
"111698","생활서비스시설_공원_0246","ZON216","생활서비스시설_공원"," "," ","어린이공원(장미)"," ","",""
"111699","생활서비스시설_공원_0249","ZON216","생활서비스시설_공원"," "," ","어린이공원(자마장)"," ","",""
"111700","생활서비스시설_공원_0252","ZON216","생활서비스시설_공원"," "," ","마을마당(중곡1동)"," ","",""
"111701","생활서비스시설_공원_0254","ZON216","생활서비스시설_공원"," "," ","어린이공원(무궁화)"," ","",""
"111702","생활서비스시설_공원_0257","ZON216","생활서비스시설_공원"," "," ","어린이공원(금모래)"," ","",""
"111703","생활서비스시설_공원_0259","ZON216","생활서비스시설_공원"," "," ","근린공원(약초원)"," ","",""
"111704","생활서비스시설_공원_0263","ZON216","생활서비스시설_공원"," "," ","어린이공원(정말)"," ","",""
"111705","생활서비스시설_공원_0266","ZON216","생활서비스시설_공원"," "," ","마을마당(구의동제2)"," ","",""
"111706","생활서비스시설_공원_0271","ZON216","생활서비스시설_공원"," "," ","어린이공원(장독골)"," ","",""
"111707","생활서비스시설_공원_0273","ZON216","생활서비스시설_공원"," "," ","어린이공원(군자)"," ","",""
"111708","생활서비스시설_공원_0277","ZON216","생활서비스시설_공원"," "," ","어린이공원(개나리)"," ","",""
"111709","생활서비스시설_공원_0279","ZON216","생활서비스시설_공원"," "," ","강변공원(중랑천둔치)"," ","",""
"111710","생활서비스시설_공원_0282","ZON216","생활서비스시설_공원"," "," ","어린이공원(구의)"," ","",""
"111711","생활서비스시설_공원_0285","ZON216","생활서비스시설_공원"," "," ","마을마당(군자동제2)"," ","",""
"111712","생활서비스시설_공원_0288","ZON216","생활서비스시설_공원"," "," ","어린이공원(자양)"," ","",""
"111713","생활서비스시설_공원_0290","ZON216","생활서비스시설_공원"," "," ","마을마당(신설동)"," ","",""
"111714","생활서비스시설_공원_0292","ZON216","생활서비스시설_공원"," "," ","어린이공원(용두희망)"," ","",""
"111361","생활서비스시설_공원_0388","ZON216","생활서비스시설_공원"," "," ","어린이공원(중화리)"," ","",""
"111362","생활서비스시설_공원_0389","ZON216","생활서비스시설_공원"," "," ","어린이공원(햇님)"," ","",""
"111363","생활서비스시설_공원_0390","ZON216","생활서비스시설_공원"," "," ","어린이공원(샛별)"," ","",""
"111364","생활서비스시설_공원_0392","ZON216","생활서비스시설_공원"," "," ","어린이공원(세화)"," ","",""
"111365","생활서비스시설_공원_0393","ZON216","생활서비스시설_공원"," "," ","어린이공원(초롱)"," ","",""
"111366","생활서비스시설_공원_0395","ZON216","생활서비스시설_공원"," "," ","어린이공원(한신)"," ","",""
"111367","생활서비스시설_공원_0396","ZON216","생활서비스시설_공원"," "," ","어린이공원(햇살)"," ","",""
"111368","생활서비스시설_공원_0398","ZON216","생활서비스시설_공원"," "," ","마을마당(양지)"," ","",""
"111369","생활서비스시설_공원_0399","ZON216","생활서비스시설_공원"," "," ","기타(한신분수공원)"," ","",""
"111370","생활서비스시설_공원_0301","ZON216","생활서비스시설_공원"," "," ","어린이공원(선농단)"," ","",""
"111371","생활서비스시설_공원_0303","ZON216","생활서비스시설_공원"," "," ","어린이공원(우산각)"," ","",""
"111372","생활서비스시설_공원_0305","ZON216","생활서비스시설_공원"," "," ","마을마당(답십리3동)"," ","",""
"111373","생활서비스시설_공원_0309","ZON216","생활서비스시설_공원"," "," ","어린이공원(독구말)"," ","",""
"111374","생활서비스시설_공원_0312","ZON216","생활서비스시설_공원"," "," ","어린이공원(마로니에)"," ","",""
"111375","생활서비스시설_공원_0315","ZON216","생활서비스시설_공원"," "," ","어린이공원(활터)"," ","",""
"111376","생활서비스시설_공원_0316","ZON216","생활서비스시설_공원"," "," ","근린공원(답십리<시공원>)"," ","",""
"111377","생활서비스시설_공원_0317","ZON216","생활서비스시설_공원"," "," ","근린공원((청량)<시공원>)"," ","",""
"111378","생활서비스시설_공원_0321","ZON216","생활서비스시설_공원"," "," ","근린공원(배봉산<시공원>)"," ","",""
"111379","생활서비스시설_공원_0323","ZON216","생활서비스시설_공원"," "," ","어린이공원(느티나무)"," ","",""
"111380","생활서비스시설_공원_0327","ZON216","생활서비스시설_공원"," "," ","근린공원(홍릉<시공원>)"," ","",""
"111381","생활서비스시설_공원_0330","ZON216","생활서비스시설_공원"," "," ","마을마당(전농3동)"," ","",""
"111382","생활서비스시설_공원_0332","ZON216","생활서비스시설_공원"," "," ","마을마당(이문3동)"," ","",""
"111383","생활서비스시설_공원_0335","ZON216","생활서비스시설_공원"," "," ","마을마당(우림)"," ","",""
"111384","생활서비스시설_공원_0338","ZON216","생활서비스시설_공원"," "," ","어린이공원(상봉)"," ","",""
"111385","생활서비스시설_공원_0341","ZON216","생활서비스시설_공원"," "," ","어린이공원(갓바위)"," ","",""
"111386","생활서비스시설_공원_0345","ZON216","생활서비스시설_공원"," "," ","어린이공원(샘터)"," ","",""
"111387","생활서비스시설_공원_0347","ZON216","생활서비스시설_공원"," "," ","마을마당(사가정역)"," ","",""
"111388","생활서비스시설_공원_0367","ZON216","생활서비스시설_공원"," "," ","어린이공원(달동산)"," ","",""
"111389","생활서비스시설_공원_0370","ZON216","생활서비스시설_공원"," "," ","어린이공원(신내지구5)"," ","",""
"111390","생활서비스시설_공원_0373","ZON216","생활서비스시설_공원"," "," ","어린이공원(소파)"," ","",""
"111391","생활서비스시설_공원_0376","ZON216","생활서비스시설_공원"," "," ","마을마당(봉우재)"," ","",""
"111392","생활서비스시설_공원_0383","ZON216","생활서비스시설_공원"," "," ","마을마당(봉현)"," ","",""
"111393","생활서비스시설_공원_0386","ZON216","생활서비스시설_공원"," "," ","마을마당(봉화마을마당)"," ","",""
"111394","생활서비스시설_공원_0387","ZON216","생활서비스시설_공원"," "," ","어린이공원(신내지구3)"," ","",""
"111395","생활서비스시설_공원_0378","ZON216","생활서비스시설_공원"," "," ","도시자연공원(용마<시공원>)"," ","",""
"111396","생활서비스시설_공원_0382","ZON216","생활서비스시설_공원"," "," ","어린이공원(송계)"," ","",""
"111397","생활서비스시설_공원_0439","ZON216","생활서비스시설_공원"," "," ","근린공원(성북<시공원>)"," ","",""
"111398","생활서비스시설_공원_0441","ZON216","생활서비스시설_공원"," "," ","기타공원(석관1동쉼터)"," ","",""
"111399","생활서비스시설_공원_0442","ZON216","생활서비스시설_공원"," "," ","근린공원((오동)<시공원>)"," ","",""
"111400","생활서비스시설_공원_0447","ZON216","생활서비스시설_공원"," "," ","마을마당(돈암1동)"," ","",""
"111401","생활서비스시설_공원_0450","ZON216","생활서비스시설_공원"," "," ","강변공원(성북천)"," ","",""
"111402","생활서비스시설_공원_0453","ZON216","생활서비스시설_공원"," "," ","기타공원(마을공원)"," ","",""
"111403","생활서비스시설_공원_0456","ZON216","생활서비스시설_공원"," "," ","어린이공원(샛별)"," ","",""
"111404","생활서비스시설_공원_0461","ZON216","생활서비스시설_공원"," "," ","어린이공원(동산)"," ","",""
"111405","생활서비스시설_공원_0464","ZON216","생활서비스시설_공원"," "," ","어린이공원(길음뉴타운제3호)"," ","",""
"111406","생활서비스시설_공원_0467","ZON216","생활서비스시설_공원"," "," ","기타공원(종암2동정릉천변수림대)"," ","",""
"111407","생활서비스시설_공원_0468","ZON216","생활서비스시설_공원"," "," ","근린공원((낙산)<시공원>)"," ","",""
"111408","생활서비스시설_공원_0501","ZON216","생활서비스시설_공원"," "," ","어린이공원(장미원)"," ","",""
"111409","생활서비스시설_공원_0470","ZON216","생활서비스시설_공원"," "," ","근린공원(청량<시공원>)"," ","",""
"111410","생활서비스시설_공원_0478","ZON216","생활서비스시설_공원"," "," ","기타공원(월곡2동가로쉼터(2))"," ","",""
"111411","생활서비스시설_공원_0481","ZON216","생활서비스시설_공원"," "," ","기타공원(동망봉쉼터)"," ","",""
"111412","생활서비스시설_공원_0482","ZON216","생활서비스시설_공원"," "," ","강변공원(우이천)"," ","",""
"111413","생활서비스시설_공원_0033","ZON216","생활서비스시설_공원"," "," ","강변공원(망원지구)"," ","",""
"111414","생활서비스시설_공원_0034","ZON216","생활서비스시설_공원"," "," ","강변공원((광나루지구))"," ","",""
"111415","생활서비스시설_공원_0036","ZON216","생활서비스시설_공원"," "," ","강변공원(잠실지구)"," ","",""
"111416","생활서비스시설_공원_0037","ZON216","생활서비스시설_공원"," "," ","기타공원(월드컵)"," ","",""
"111417","생활서비스시설_공원_0038","ZON216","생활서비스시설_공원"," "," ","근린공원(월드컵)"," ","",""
"111418","생활서비스시설_공원_0040","ZON216","생활서비스시설_공원"," "," ","근린공원(나들이공원)"," ","",""
"111419","생활서비스시설_공원_0041","ZON216","생활서비스시설_공원"," "," ","근린공원(서울대공원)"," ","",""
"111420","생활서비스시설_공원_0042","ZON216","생활서비스시설_공원"," "," ","묘지공원(망우묘지공원)"," ","",""
"111421","생활서비스시설_공원_0043","ZON216","생활서비스시설_공원"," "," ","기타공원(서울숲)"," ","",""
"111422","생활서비스시설_공원_0002","ZON216","생활서비스시설_공원"," "," ","근린공원(서울숲)"," ","",""
"111423","생활서비스시설_공원_0007","ZON216","생활서비스시설_공원"," "," ","근린공원(시민의숲)"," ","",""
"111424","생활서비스시설_공원_0008","ZON216","생활서비스시설_공원"," "," ","근린공원(여의도)"," ","",""
"111425","생활서비스시설_공원_0010","ZON216","생활서비스시설_공원"," "," ","광장(광화문열린마당)"," ","",""
"111426","생활서비스시설_공원_0011","ZON216","생활서비스시설_공원"," "," ","근린공원(낙산)"," ","",""
"111427","생활서비스시설_공원_0012","ZON216","생활서비스시설_공원"," "," ","도시자연공원(남산)"," ","",""
"111428","생활서비스시설_공원_0015","ZON216","생활서비스시설_공원"," "," ","강변공원(잠원지구)"," ","",""
"111429","생활서비스시설_공원_0016","ZON216","생활서비스시설_공원"," "," ","도시자연공원((일자산)<길동생태공원>)"," ","",""
"111430","생활서비스시설_공원_0019","ZON216","생활서비스시설_공원"," "," ","근린공원(성수)"," ","",""
"111431","생활서비스시설_공원_0020","ZON216","생활서비스시설_공원"," "," ","근린공원(간데메)"," ","",""
"111432","생활서비스시설_공원_0021","ZON216","생활서비스시설_공원"," "," ","근린공원(천호)"," ","",""
"111433","생활서비스시설_공원_0029","ZON216","생활서비스시설_공원"," "," ","강변공원(여의도지구)"," ","",""
"111434","생활서비스시설_공원_0035","ZON216","생활서비스시설_공원"," "," ","근린공원(서울숲)"," ","",""
"111435","생활서비스시설_공원_0039","ZON216","생활서비스시설_공원"," "," ","근린공원(훈련원)"," ","",""
"111436","생활서비스시설_공원_0045","ZON216","생활서비스시설_공원"," "," ","근린공원(창경)"," ","",""
"111437","생활서비스시설_공원_0047","ZON216","생활서비스시설_공원"," "," ","어린이공원(인왕)"," ","",""
"111438","생활서비스시설_공원_0048","ZON216","생활서비스시설_공원"," "," ","소공원(교남동쉼터)"," ","",""
"111439","생활서비스시설_공원_0050","ZON216","생활서비스시설_공원"," "," ","어린이공원(낙산)"," ","",""
"111440","생활서비스시설_공원_0052","ZON216","생활서비스시설_공원"," "," ","어린이공원(감나무골)"," ","",""
"111441","생활서비스시설_공원_0054","ZON216","생활서비스시설_공원"," "," ","소공원(통인동쉼터)"," ","",""
"111442","생활서비스시설_공원_0055","ZON216","생활서비스시설_공원"," "," ","소공원(신교동쉼터)"," ","",""
"111443","생활서비스시설_공원_0057","ZON216","생활서비스시설_공원"," "," ","마을마당(인사동)"," ","",""
"111444","생활서비스시설_공원_0058","ZON216","생활서비스시설_공원"," "," ","소공원(신설동쉼터)"," ","",""
"111445","생활서비스시설_공원_0060","ZON216","생활서비스시설_공원"," "," ","마을마당(동숭동)"," ","",""
"111446","생활서비스시설_공원_0061","ZON216","생활서비스시설_공원"," "," ","소공원(창신2동쉼터)"," ","",""
"111447","생활서비스시설_공원_0063","ZON216","생활서비스시설_공원"," "," ","도시자연공원(인왕산<시공원>)"," ","",""
"111448","생활서비스시설_공원_0064","ZON216","생활서비스시설_공원"," "," ","소공원(평창동쉼터)"," ","",""
"111449","생활서비스시설_공원_0066","ZON216","생활서비스시설_공원"," "," ","근린공원(내수2)"," ","",""
"111450","생활서비스시설_공원_0069","ZON216","생활서비스시설_공원"," "," ","근린공원(내수1)"," ","",""
"111451","생활서비스시설_공원_0071","ZON216","생활서비스시설_공원"," "," ","소공원(명륜3쉼터2)"," ","",""
"111452","생활서비스시설_공원_0073","ZON216","생활서비스시설_공원"," "," ","근린공원(마로니에)"," ","",""
"111453","생활서비스시설_공원_0076","ZON216","생활서비스시설_공원"," "," ","어린이공원(보신각)"," ","",""
"111454","생활서비스시설_공원_0079","ZON216","생활서비스시설_공원"," "," ","소공원(연건동쉼터)"," ","",""
"111455","생활서비스시설_공원_0080","ZON216","생활서비스시설_공원"," "," ","어린이공원(옥인)"," ","",""
"111456","생활서비스시설_공원_0081","ZON216","생활서비스시설_공원"," "," ","어린이공원(새마을)"," ","",""
"111457","생활서비스시설_공원_0082","ZON216","생활서비스시설_공원"," "," ","어린이공원(창신)"," ","",""
"111458","생활서비스시설_공원_0083","ZON216","생활서비스시설_공원"," "," ","마을마당(통의동)"," ","",""
"111459","생활서비스시설_공원_0084","ZON216","생활서비스시설_공원"," "," ","어린이공원(덕수)"," ","",""
"111460","생활서비스시설_공원_0086","ZON216","생활서비스시설_공원"," "," ","소공원(홍지동쉼터)"," ","",""
"111461","생활서비스시설_공원_0089","ZON216","생활서비스시설_공원"," "," ","소공원(사직동쉼터)"," ","",""
"111462","생활서비스시설_공원_0090","ZON216","생활서비스시설_공원"," "," ","근린공원(수송)"," ","",""
"111463","생활서비스시설_공원_0093","ZON216","생활서비스시설_공원"," "," ","어린이공원(명륜)"," ","",""
"111464","생활서비스시설_공원_0094","ZON216","생활서비스시설_공원"," "," ","광장(우정총국주변시민광장)"," ","",""
"111465","생활서비스시설_공원_0096","ZON216","생활서비스시설_공원"," "," ","마을마당(청운동)"," ","",""
"111466","생활서비스시설_공원_0098","ZON216","생활서비스시설_공원"," "," ","소공원(부암동2쉼터)"," ","",""
"111467","생활서비스시설_공원_0099","ZON216","생활서비스시설_공원"," "," ","소공원(창성동쉼터)"," ","",""
"111468","생활서비스시설_공원_0001","ZON216","생활서비스시설_공원"," "," ","강변공원(강서지구)"," ","",""
"111469","생활서비스시설_공원_0003","ZON216","생활서비스시설_공원"," "," ","도시자연공원((청계산)<서울대공원>)"," ","",""
"111470","생활서비스시설_공원_0004","ZON216","생활서비스시설_공원"," "," ","기타공원(용산공원)"," ","",""
"111471","생활서비스시설_공원_0005","ZON216","생활서비스시설_공원"," "," ","강변공원(광나루지구)"," ","",""
"111472","생활서비스시설_공원_0006","ZON216","생활서비스시설_공원"," "," ","강변공원(난지지구)"," ","",""
"111473","생활서비스시설_공원_0009","ZON216","생활서비스시설_공원"," "," ","강변공원((뚝섬지구))"," ","",""
"111474","생활서비스시설_공원_0013","ZON216","생활서비스시설_공원"," "," ","근린공원(매화)"," ","",""
"111475","생활서비스시설_공원_0014","ZON216","생활서비스시설_공원"," "," ","근린공원(중마루)"," ","",""
"111476","생활서비스시설_공원_0017","ZON216","생활서비스시설_공원"," "," ","근린공원(영등포)"," ","",""
"111477","생활서비스시설_공원_0044","ZON216","생활서비스시설_공원"," "," ","근린공원(어린이대공원)"," ","",""
"111478","생활서비스시설_공원_0046","ZON216","생활서비스시설_공원"," "," ","소공원(누하동쉼터)"," ","",""
"111479","생활서비스시설_공원_0049","ZON216","생활서비스시설_공원"," "," ","광장(무궁화동산)"," ","",""
"111480","생활서비스시설_공원_0051","ZON216","생활서비스시설_공원"," "," ","어린이공원(서린)"," ","",""
"111481","생활서비스시설_공원_0053","ZON216","생활서비스시설_공원"," "," ","소공원(무악동쉼터)"," ","",""
"111482","생활서비스시설_공원_0056","ZON216","생활서비스시설_공원"," "," ","소공원(통의동쉼터)"," ","",""
"111483","생활서비스시설_공원_0059","ZON216","생활서비스시설_공원"," "," ","어린이공원(무악)"," ","",""
"111484","생활서비스시설_공원_0062","ZON216","생활서비스시설_공원"," "," ","소공원(숭인동쉼터)"," ","",""
"111485","생활서비스시설_공원_0065","ZON216","생활서비스시설_공원"," "," ","근린공원(원서)"," ","",""
"111486","생활서비스시설_공원_0067","ZON216","생활서비스시설_공원"," "," ","어린이공원(후창)"," ","",""
"111487","생활서비스시설_공원_0068","ZON216","생활서비스시설_공원"," "," ","근린공원(경희궁<시공원>)"," ","",""
"111488","생활서비스시설_공원_0070","ZON216","생활서비스시설_공원"," "," ","근린공원(숭인)"," ","",""
"111489","생활서비스시설_공원_0072","ZON216","생활서비스시설_공원"," "," ","소공원(명륜3쉼터1)"," ","",""
"111490","생활서비스시설_공원_0074","ZON216","생활서비스시설_공원"," "," ","근린공원(삼청<시공원>)"," ","",""
"111491","생활서비스시설_공원_0075","ZON216","생활서비스시설_공원"," "," ","광장(종묘광장)"," ","",""
"111492","생활서비스시설_공원_0077","ZON216","생활서비스시설_공원"," "," ","어린이공원(지봉골)"," ","",""
"111493","생활서비스시설_공원_0078","ZON216","생활서비스시설_공원"," "," ","근린공원(와룡<시공원>)"," ","",""
"111494","생활서비스시설_공원_0085","ZON216","생활서비스시설_공원"," "," ","근린공원(경복)"," ","",""
"111495","생활서비스시설_공원_0087","ZON216","생활서비스시설_공원"," "," ","소공원(부암동쉼터)"," ","",""
"111496","생활서비스시설_공원_0088","ZON216","생활서비스시설_공원"," "," ","근린공원(탑골)"," ","",""
"111497","생활서비스시설_공원_0022","ZON216","생활서비스시설_공원"," "," ","근린공원((응봉))"," ","",""
"111498","생활서비스시설_공원_0023","ZON216","생활서비스시설_공원"," "," ","근린공원(선유도공원)"," ","",""
"111499","생활서비스시설_공원_0024","ZON216","생활서비스시설_공원"," "," ","근린공원(샛마을)"," ","",""
"111500","생활서비스시설_공원_0025","ZON216","생활서비스시설_공원"," "," ","근린공원(푸른수목원)"," ","",""
"111501","생활서비스시설_공원_0026","ZON216","생활서비스시설_공원"," "," ","근린공원(독립)"," ","",""
"111502","생활서비스시설_공원_0027","ZON216","생활서비스시설_공원"," "," ","근린공원(보라매)"," ","",""
"111503","생활서비스시설_공원_0028","ZON216","생활서비스시설_공원"," "," ","강변공원(이촌지구)"," ","",""
"111504","생활서비스시설_공원_0030","ZON216","생활서비스시설_공원"," "," ","강변공원(양화지구)"," ","",""
"111505","생활서비스시설_공원_0031","ZON216","생활서비스시설_공원"," "," ","강변공원(뚝섬지구)"," ","",""
"111506","생활서비스시설_공원_0032","ZON216","생활서비스시설_공원"," "," ","근린공원(문정동근린공원)"," ","",""
"111507","생활서비스시설_공원_0267","ZON216","생활서비스시설_공원"," "," ","어린이공원(구둘)"," ","",""
"111508","생활서비스시설_공원_0268","ZON216","생활서비스시설_공원"," "," ","어린이공원(한아름)"," ","",""
"111509","생활서비스시설_공원_0269","ZON216","생활서비스시설_공원"," "," ","어린이공원(푸른동산)"," ","",""
"111510","생활서비스시설_공원_0270","ZON216","생활서비스시설_공원"," "," ","어린이공원(구의가로휴식)"," ","",""
"111511","생활서비스시설_공원_0091","ZON216","생활서비스시설_공원"," "," ","근린공원(동묘)"," ","",""
"111512","생활서비스시설_공원_0092","ZON216","생활서비스시설_공원"," "," ","근린공원(종묘)"," ","",""
"111513","생활서비스시설_공원_0095","ZON216","생활서비스시설_공원"," "," ","광장(세종로광장)"," ","",""
"111514","생활서비스시설_공원_0097","ZON216","생활서비스시설_공원"," "," ","어린이공원(경학)"," ","",""
"111515","생활서비스시설_공원_0100","ZON216","생활서비스시설_공원"," "," ","소공원(효자동쉼터)"," ","",""
"111516","생활서비스시설_공원_0102","ZON216","생활서비스시설_공원"," "," ","근린공원(연지)"," ","",""
"111517","생활서비스시설_공원_0103","ZON216","생활서비스시설_공원"," "," ","어린이공원(참샘골)"," ","",""
"111518","생활서비스시설_공원_0105","ZON216","생활서비스시설_공원"," "," ","어린이공원(당고개)"," ","",""
"111519","생활서비스시설_공원_0108","ZON216","생활서비스시설_공원"," "," ","어린이공원(의주로)"," ","",""
"111520","생활서비스시설_공원_0109","ZON216","생활서비스시설_공원"," "," ","어린이공원(무교)"," ","",""
"111521","생활서비스시설_공원_0110","ZON216","생활서비스시설_공원"," "," ","어린이공원(마루어린이공원)"," ","",""
"111522","생활서비스시설_공원_0112","ZON216","생활서비스시설_공원"," "," ","어린이공원(묵정)"," ","",""
"111523","생활서비스시설_공원_0113","ZON216","생활서비스시설_공원"," "," ","마을마당(떡복이골목)"," ","",""
"111524","생활서비스시설_공원_0115","ZON216","생활서비스시설_공원"," "," ","소공원(1동1마을공원)"," ","",""
"111525","생활서비스시설_공원_0116","ZON216","생활서비스시설_공원"," "," ","어린이공원(약수)"," ","",""
"111526","생활서비스시설_공원_0118","ZON216","생활서비스시설_공원"," "," ","어린이공원(충현)"," ","",""
"111527","생활서비스시설_공원_0120","ZON216","생활서비스시설_공원"," "," ","어린이공원(다산)"," ","",""
"111528","생활서비스시설_공원_0122","ZON216","생활서비스시설_공원"," "," ","어린이공원(순화)"," ","",""
"111529","생활서비스시설_공원_0124","ZON216","생활서비스시설_공원"," "," ","마을마당(필동)"," ","",""
"111530","생활서비스시설_공원_0125","ZON216","생활서비스시설_공원"," "," ","마을마당(신당1동)"," ","",""
"111531","생활서비스시설_공원_0127","ZON216","생활서비스시설_공원"," "," ","근린공원(무교)"," ","",""
"111532","생활서비스시설_공원_0128","ZON216","생활서비스시설_공원"," "," ","어린이공원(늘푸른어린이공원)"," ","",""
"111533","생활서비스시설_공원_0130","ZON216","생활서비스시설_공원"," "," ","어린이공원(진달래)"," ","",""
"111534","생활서비스시설_공원_0133","ZON216","생활서비스시설_공원"," "," ","근린공원(정동)"," ","",""
"111535","생활서비스시설_공원_0135","ZON216","생활서비스시설_공원"," "," ","마을마당(남학동)"," ","",""
"111536","생활서비스시설_공원_0137","ZON216","생활서비스시설_공원"," "," ","어린이공원(한남)"," ","",""
"111537","생활서비스시설_공원_0139","ZON216","생활서비스시설_공원"," "," ","어린이공원(청파(1동1마을))"," ","",""
"111538","생활서비스시설_공원_0141","ZON216","생활서비스시설_공원"," "," ","기타공원(이태원마을숲)"," ","",""
"111539","생활서비스시설_공원_0143","ZON216","생활서비스시설_공원"," "," ","마을마당(보광)"," ","",""
"111540","생활서비스시설_공원_0144","ZON216","생활서비스시설_공원"," "," ","어린이공원(성남)"," ","",""
"111541","생활서비스시설_공원_0145","ZON216","생활서비스시설_공원"," "," ","어린이놀이터((가칭)신창)"," ","",""
"111542","생활서비스시설_공원_0147","ZON216","생활서비스시설_공원"," "," ","어린이공원(효창)"," ","",""
"111543","생활서비스시설_공원_0149","ZON216","생활서비스시설_공원"," "," ","어린이공원(이촌)"," ","",""
"111544","생활서비스시설_공원_0150","ZON216","생활서비스시설_공원"," "," ","어린이공원(꿈나무)"," ","",""
"111545","생활서비스시설_공원_0152","ZON216","생활서비스시설_공원"," "," ","어린이공원(동자)"," ","",""
"111546","생활서비스시설_공원_0153","ZON216","생활서비스시설_공원"," "," ","어린이공원(보광)"," ","",""
"111547","생활서비스시설_공원_0155","ZON216","생활서비스시설_공원"," "," ","어린이놀이터((가칭)후암)"," ","",""
"111548","생활서비스시설_공원_0156","ZON216","생활서비스시설_공원"," "," ","마을마당(한남2)"," ","",""
"111549","생활서비스시설_공원_0158","ZON216","생활서비스시설_공원"," "," ","어린이공원(도원)"," ","",""
"111550","생활서비스시설_공원_0160","ZON216","생활서비스시설_공원"," "," ","어린이공원(한마음)"," ","",""
"111551","생활서비스시설_공원_0161","ZON216","생활서비스시설_공원"," "," ","어린이공원(비상)"," ","",""
"111552","생활서비스시설_공원_0163","ZON216","생활서비스시설_공원"," "," ","어린이공원(새싹)"," ","",""
"111553","생활서비스시설_공원_0164","ZON216","생활서비스시설_공원"," "," ","마을마당(산천)"," ","",""
"111554","생활서비스시설_공원_0167","ZON216","생활서비스시설_공원"," "," ","어린이공원(청암)"," ","",""
"111555","생활서비스시설_공원_0169","ZON216","생활서비스시설_공원"," "," ","마을마당(효창2)"," ","",""
"111556","생활서비스시설_공원_0171","ZON216","생활서비스시설_공원"," "," ","어린이공원(이태원)"," ","",""
"111557","생활서비스시설_공원_0172","ZON216","생활서비스시설_공원"," "," ","마을마당(한남3)"," ","",""
"111558","생활서비스시설_공원_0174","ZON216","생활서비스시설_공원"," "," ","어린이공원(새푸리)"," ","",""
"111559","생활서비스시설_공원_0175","ZON216","생활서비스시설_공원"," "," ","어린이공원(한강자이)"," ","",""
"111560","생활서비스시설_공원_0177","ZON216","생활서비스시설_공원"," "," ","어린이공원(문배)"," ","",""
"111561","생활서비스시설_공원_0178","ZON216","생활서비스시설_공원"," "," ","근린공원(무학봉근린공원)"," ","",""
"111562","생활서비스시설_공원_0179","ZON216","생활서비스시설_공원"," "," ","어린이공원(보람)"," ","",""
"111563","생활서비스시설_공원_0181","ZON216","생활서비스시설_공원"," "," ","어린이공원(성수1가)"," ","",""
"111564","생활서비스시설_공원_0182","ZON216","생활서비스시설_공원"," "," ","어린이공원(마장)"," ","",""
"111565","생활서비스시설_공원_0185","ZON216","생활서비스시설_공원"," "," ","근린공원(용답휴식)"," ","",""
"111566","생활서비스시설_공원_0186","ZON216","생활서비스시설_공원"," "," ","근린공원(응봉<시공원>)"," ","",""
"111567","생활서비스시설_공원_0188","ZON216","생활서비스시설_공원"," "," ","근린공원(금호)"," ","",""
"111568","생활서비스시설_공원_0190","ZON216","생활서비스시설_공원"," "," ","어린이공원(쉼터)"," ","",""
"111569","생활서비스시설_공원_0191","ZON216","생활서비스시설_공원"," "," ","어린이공원(응봉새말)"," ","",""
"111570","생활서비스시설_공원_0193","ZON216","생활서비스시설_공원"," "," ","마을마당(송정)"," ","",""
"111571","생활서비스시설_공원_0194","ZON216","생활서비스시설_공원"," "," ","어린이공원(열림)"," ","",""
"111573","생활서비스시설_공원_0196","ZON216","생활서비스시설_공원"," "," ","소공원(옥수2쉼터)"," ","",""
"111574","생활서비스시설_공원_0198","ZON216","생활서비스시설_공원"," "," ","소공원(상왕십리은행나무쉼터)"," ","",""
"111575","생활서비스시설_공원_0199","ZON216","생활서비스시설_공원"," "," ","어린이공원(옥일)"," ","",""
"111576","생활서비스시설_공원_0101","ZON216","생활서비스시설_공원"," "," ","근린공원(사직<시공원>)"," ","",""
"111577","생활서비스시설_공원_0104","ZON216","생활서비스시설_공원"," "," ","근린공원(창덕)"," ","",""
"111578","생활서비스시설_공원_0106","ZON216","생활서비스시설_공원"," "," ","도시자연공원(북한산<시공원>)"," ","",""
"111579","생활서비스시설_공원_0018","ZON216","생활서비스시설_공원"," "," ","광장(서울광장)"," ","",""
"111580","생활서비스시설_공원_0114","ZON216","생활서비스시설_공원"," "," ","마을마당(신당4동)"," ","",""
"111581","생활서비스시설_공원_0117","ZON216","생활서비스시설_공원"," "," ","어린이공원(인현)"," ","",""
"111582","생활서비스시설_공원_0119","ZON216","생활서비스시설_공원"," "," ","어린이공원(황학)"," ","",""
"111583","생활서비스시설_공원_0121","ZON216","생활서비스시설_공원"," "," ","어린이공원(동화)"," ","",""
"111584","생활서비스시설_공원_0123","ZON216","생활서비스시설_공원"," "," ","근린공원((무학봉))"," ","",""
"111585","생활서비스시설_공원_0126","ZON216","생활서비스시설_공원"," "," ","마을마당(신당3동)"," ","",""
"111586","생활서비스시설_공원_0129","ZON216","생활서비스시설_공원"," "," ","어린이공원(배재)"," ","",""
"111587","생활서비스시설_공원_0131","ZON216","생활서비스시설_공원"," "," ","근린공원((응봉)<시공원>)"," ","",""
"111588","생활서비스시설_공원_0134","ZON216","생활서비스시설_공원"," "," ","체육공원(손기정)"," ","",""
"111589","생활서비스시설_공원_0136","ZON216","생활서비스시설_공원"," "," ","어린이공원(강변)"," ","",""
"111590","생활서비스시설_공원_0138","ZON216","생활서비스시설_공원"," "," ","근린공원(동빙고)"," ","",""
"111591","생활서비스시설_공원_0140","ZON216","생활서비스시설_공원"," "," ","마을마당(용산2)"," ","",""
"111592","생활서비스시설_공원_0142","ZON216","생활서비스시설_공원"," "," ","어린이공원(새나라)"," ","",""
"111593","생활서비스시설_공원_0146","ZON216","생활서비스시설_공원"," "," ","어린이공원(청탑)"," ","",""
"111594","생활서비스시설_공원_0148","ZON216","생활서비스시설_공원"," "," ","어린이공원(삼각지)"," ","",""
"111595","생활서비스시설_공원_0151","ZON216","생활서비스시설_공원"," "," ","어린이공원(새꿈)"," ","",""
"111596","생활서비스시설_공원_0154","ZON216","생활서비스시설_공원"," "," ","마을마당(한남1)"," ","",""
"111572","생활서비스시설_공원_0195","ZON216","생활서비스시설_공원"," "," ","어린이공원(아남)"," ","",""
"111597","생활서비스시설_공원_0157","ZON216","생활서비스시설_공원"," "," ","마을마당(정자마당)"," ","",""
"111598","생활서비스시설_공원_0159","ZON216","생활서비스시설_공원"," "," ","어린이공원(늘푸른)"," ","",""
"111599","생활서비스시설_공원_0162","ZON216","생활서비스시설_공원"," "," ","어린이공원(강변복지)"," ","",""
"111600","생활서비스시설_공원_0165","ZON216","생활서비스시설_공원"," "," ","어린이공원(독서당)"," ","",""
"111601","생활서비스시설_공원_0166","ZON216","생활서비스시설_공원"," "," ","근린공원(효창<시공원>)"," ","",""
"111602","생활서비스시설_공원_0168","ZON216","생활서비스시설_공원"," "," ","어린이공원(청파)"," ","",""
"111603","생활서비스시설_공원_0170","ZON216","생활서비스시설_공원"," "," ","근린공원(한남)"," ","",""
"111604","생활서비스시설_공원_0173","ZON216","생활서비스시설_공원"," "," ","마을마당(효창1)"," ","",""
"111605","생활서비스시설_공원_0176","ZON216","생활서비스시설_공원"," "," ","근린공원(신용산)"," ","",""
"111606","생활서비스시설_공원_0180","ZON216","생활서비스시설_공원"," "," ","마을마당(행당2)"," ","",""
"111607","생활서비스시설_공원_0183","ZON216","생활서비스시설_공원"," "," ","어린이공원(용답)"," ","",""
"111608","생활서비스시설_공원_0184","ZON216","생활서비스시설_공원"," "," ","어린이공원(행당)"," ","",""
"111609","생활서비스시설_공원_0187","ZON216","생활서비스시설_공원"," "," ","어린이공원(장미)"," ","",""
"111610","생활서비스시설_공원_0189","ZON216","생활서비스시설_공원"," "," ","마을마당(행당1-2)"," ","",""
"111611","생활서비스시설_공원_0192","ZON216","생활서비스시설_공원"," "," ","마을마당(성수2가1)"," ","",""
"111612","생활서비스시설_공원_0197","ZON216","생활서비스시설_공원"," "," ","어린이공원(하왕십리)"," ","",""
"111613","생활서비스시설_공원_0200","ZON216","생활서비스시설_공원"," "," ","마을마당(금호4가)"," ","",""
"111614","생활서비스시설_공원_0203","ZON216","생활서비스시설_공원"," "," ","마을마당(옥수1)"," ","",""
"111615","생활서비스시설_공원_0204","ZON216","생활서비스시설_공원"," "," ","어린이공원(동마장)"," ","",""
"111616","생활서비스시설_공원_0205","ZON216","생활서비스시설_공원"," "," ","어린이공원(송정)"," ","",""
"111617","생활서비스시설_공원_0207","ZON216","생활서비스시설_공원"," "," ","소공원(청송)"," ","",""
"111618","생활서비스시설_공원_0208","ZON216","생활서비스시설_공원"," "," ","마을마당(성수동)"," ","",""
"111619","생활서비스시설_공원_0210","ZON216","생활서비스시설_공원"," "," ","소공원(성수1가쉼터)"," ","",""
"111620","생활서비스시설_공원_0212","ZON216","생활서비스시설_공원"," "," ","어린이공원(사근)"," ","",""
"111621","생활서비스시설_공원_0213","ZON216","생활서비스시설_공원"," "," ","마을마당(응봉)"," ","",""
"111622","생활서비스시설_공원_0215","ZON216","생활서비스시설_공원"," "," ","마을마당(옥수2)"," ","",""
"111623","생활서비스시설_공원_0216","ZON216","생활서비스시설_공원"," "," ","마을마당(행당1-1)"," ","",""
"111624","생활서비스시설_공원_0219","ZON216","생활서비스시설_공원"," "," ","어린이공원(성삼)"," ","",""
"111625","생활서비스시설_공원_0220","ZON216","생활서비스시설_공원"," "," ","마을마당(금호3가)"," ","",""
"111626","생활서비스시설_공원_0222","ZON216","생활서비스시설_공원"," "," ","어린이공원(응봉개나리)"," ","",""
"111627","생활서비스시설_공원_0223","ZON216","생활서비스시설_공원"," "," ","소공원(왕십리문화공원)"," ","",""
"111628","생활서비스시설_공원_0132","ZON216","생활서비스시설_공원"," "," ","근린공원(덕수)"," ","",""
"111629","생활서비스시설_공원_0227","ZON216","생활서비스시설_공원"," "," ","어린이공원(두문포)"," ","",""
"111630","생활서비스시설_공원_0228","ZON216","생활서비스시설_공원"," "," ","어린이공원(미소)"," ","",""
"111631","생활서비스시설_공원_0229","ZON216","생활서비스시설_공원"," "," ","어린이공원(은행나무터)"," ","",""
"111632","생활서비스시설_공원_0230","ZON216","생활서비스시설_공원"," "," ","소공원(향림)"," ","",""
"111633","생활서비스시설_공원_0231","ZON216","생활서비스시설_공원"," "," ","어린이공원(매봉)"," ","",""
"111634","생활서비스시설_공원_0232","ZON216","생활서비스시설_공원"," "," ","소공원(동부)"," ","",""
"111635","생활서비스시설_공원_0233","ZON216","생활서비스시설_공원"," "," ","소공원(도장골)"," ","",""
"111636","생활서비스시설_공원_0235","ZON216","생활서비스시설_공원"," "," ","어린이공원(동산)"," ","",""
"111637","생활서비스시설_공원_0236","ZON216","생활서비스시설_공원"," "," ","어린이공원(서마장)"," ","",""
"111638","생활서비스시설_공원_0237","ZON216","생활서비스시설_공원"," "," ","어린이공원(동자)"," ","",""
"111639","생활서비스시설_공원_0238","ZON216","생활서비스시설_공원"," "," ","마을마당(중곡동)"," ","",""
"111640","생활서비스시설_공원_0240","ZON216","생활서비스시설_공원"," "," ","어린이공원(노유산)"," ","",""
"111641","생활서비스시설_공원_0241","ZON216","생활서비스시설_공원"," "," ","어린이공원(평강)"," ","",""
"111642","생활서비스시설_공원_0243","ZON216","생활서비스시설_공원"," "," ","어린이공원(산마루)"," ","",""
"111643","생활서비스시설_공원_0244","ZON216","생활서비스시설_공원"," "," ","도시자연공원((용마)<시공원>)"," ","",""
"111644","생활서비스시설_공원_0245","ZON216","생활서비스시설_공원"," "," ","정자마당(화양동정자마당)"," ","",""
"111645","생활서비스시설_공원_0247","ZON216","생활서비스시설_공원"," "," ","광장(광진문화예술회관광장)"," ","",""
"111646","생활서비스시설_공원_0248","ZON216","생활서비스시설_공원"," "," ","어린이공원(양마장)"," ","",""
"111647","생활서비스시설_공원_0250","ZON216","생활서비스시설_공원"," "," ","어린이공원(가중나무)"," ","",""
"111648","생활서비스시설_공원_0251","ZON216","생활서비스시설_공원"," "," ","어린이공원(긴고랑)"," ","",""
"111649","생활서비스시설_공원_0253","ZON216","생활서비스시설_공원"," "," ","어린이공원(목련)"," ","",""
"111650","생활서비스시설_공원_0255","ZON216","생활서비스시설_공원"," "," ","어린이공원(한마음)"," ","",""
"111651","생활서비스시설_공원_0256","ZON216","생활서비스시설_공원"," "," ","어린이공원(중곡)"," ","",""
"111652","생활서비스시설_공원_0258","ZON216","생활서비스시설_공원"," "," ","마을마당(모진동)"," ","",""
"111653","생활서비스시설_공원_0260","ZON216","생활서비스시설_공원"," "," ","어린이공원(해오름)"," ","",""
"111654","생활서비스시설_공원_0261","ZON216","생활서비스시설_공원"," "," ","어린이공원(남일)"," ","",""
"111655","생활서비스시설_공원_0262","ZON216","생활서비스시설_공원"," "," ","어린이공원(배나무터)"," ","",""
"111656","생활서비스시설_공원_0264","ZON216","생활서비스시설_공원"," "," ","마을마당(광장동)"," ","",""
"111657","생활서비스시설_공원_0265","ZON216","생활서비스시설_공원"," "," ","마을마당(능동)"," ","",""
"111658","생활서비스시설_공원_0384","ZON216","생활서비스시설_공원"," "," ","근린공원(봉화산<시공원>)"," ","",""
"112203","생활서비스시설_공원_0406","ZON216","생활서비스시설_공원"," "," ","기타공원(상월곡동동사무소뒤쉼터)"," ","",""
"112204","생활서비스시설_공원_0407","ZON216","생활서비스시설_공원"," "," ","마을마당(장위2동감나무쉼터)"," ","",""
"112205","생활서비스시설_공원_0409","ZON216","생활서비스시설_공원"," "," ","기타공원(장위3동가로변쉼터)"," ","",""
"112206","생활서비스시설_공원_0410","ZON216","생활서비스시설_공원"," "," ","기타공원(성북2동가로쉼터)"," ","",""
"112207","생활서비스시설_공원_0412","ZON216","생활서비스시설_공원"," "," ","어린이공원(꿈나라)"," ","",""
"112208","생활서비스시설_공원_0413","ZON216","생활서비스시설_공원"," "," ","어린이공원(종암)"," ","",""
"112209","생활서비스시설_공원_0415","ZON216","생활서비스시설_공원"," "," ","어린이공원(길음뉴타운제1호)"," ","",""
"112210","생활서비스시설_공원_0417","ZON216","생활서비스시설_공원"," "," ","근린공원(모랫말)"," ","",""
"112211","생활서비스시설_공원_0418","ZON216","생활서비스시설_공원"," "," ","기타공원(삼선2동 가로쉼터)"," ","",""
"112212","생활서비스시설_공원_0419","ZON216","생활서비스시설_공원"," "," ","기타공원(길음3동 가로쉼터)"," ","",""
"112213","생활서비스시설_공원_0421","ZON216","생활서비스시설_공원"," "," ","기타공원(월곡2동쉼터)"," ","",""
"112214","생활서비스시설_공원_0422","ZON216","생활서비스시설_공원"," "," ","어린이공원(밤골)"," ","",""
"112215","생활서비스시설_공원_0424","ZON216","생활서비스시설_공원"," "," ","어린이공원(동방)"," ","",""
"112216","생활서비스시설_공원_0425","ZON216","생활서비스시설_공원"," "," ","기타공원(정릉2동가로쉼터)"," ","",""
"112217","생활서비스시설_공원_0427","ZON216","생활서비스시설_공원"," "," ","마을마당(종암2동녹지쉼터)"," ","",""
"112218","생활서비스시설_공원_0429","ZON216","생활서비스시설_공원"," "," ","기타공원(돈암1동가로쉼터(동사무소옆))"," ","",""
"112219","생활서비스시설_공원_0430","ZON216","생활서비스시설_공원"," "," ","기타공원(정릉1동가로쉼터)"," ","",""
"112220","생활서비스시설_공원_0431","ZON216","생활서비스시설_공원"," "," ","도시자연공원((북한산)<시공원>)"," ","",""
"112221","생활서비스시설_공원_0433","ZON216","생활서비스시설_공원"," "," ","마을마당(장위3동)"," ","",""
"112222","생활서비스시설_공원_0434","ZON216","생활서비스시설_공원"," "," ","어린이공원(햇살)"," ","",""
"112223","생활서비스시설_공원_0436","ZON216","생활서비스시설_공원"," "," ","마을마당(정릉천변)"," ","",""
"112224","생활서비스시설_공원_0438","ZON216","생활서비스시설_공원"," "," ","마을마당(장위1동)"," ","",""
"112225","생활서비스시설_공원_0440","ZON216","생활서비스시설_공원"," "," ","기타공원(우정의공원)"," ","",""
"112226","생활서비스시설_공원_0443","ZON216","생활서비스시설_공원"," "," ","기타공원(성북동정자쉼터)"," ","",""
"112227","생활서비스시설_공원_0444","ZON216","생활서비스시설_공원"," "," ","기타공원(장위3동청소년수련관옆가로쉼터)"," ","",""
"112228","생활서비스시설_공원_0445","ZON216","생활서비스시설_공원"," "," ","어린이공원(길음뉴타운제2호)"," ","",""
"112229","생활서비스시설_공원_0446","ZON216","생활서비스시설_공원"," "," ","도시자연공원(북악산<시공원>)"," ","",""
"112230","생활서비스시설_공원_0448","ZON216","생활서비스시설_공원"," "," ","기타공원(아리랑길테마공원)"," ","",""
"112231","생활서비스시설_공원_0449","ZON216","생활서비스시설_공원"," "," ","기타공원(길음1동쉼터)"," ","",""
"112232","생활서비스시설_공원_0451","ZON216","생활서비스시설_공원"," "," ","기타공원(삼선2동동사무소앞쉼터)"," ","",""
"112233","생활서비스시설_공원_0452","ZON216","생활서비스시설_공원"," "," ","기타공원(성북1동혜화문주변쉼터)"," ","",""
"112234","생활서비스시설_공원_0454","ZON216","생활서비스시설_공원"," "," ","마을마당(장위2동아울쉼터)"," ","",""
"112235","생활서비스시설_공원_0455","ZON216","생활서비스시설_공원"," "," ","어린이공원(문바위)"," ","",""
"112236","생활서비스시설_공원_0457","ZON216","생활서비스시설_공원"," "," ","기타공원(월곡1동쉼터)"," ","",""
"112237","생활서비스시설_공원_0458","ZON216","생활서비스시설_공원"," "," ","기타공원(월곡2동가로쉼터(1))"," ","",""
"112238","생활서비스시설_공원_0459","ZON216","생활서비스시설_공원"," "," ","어린이공원(범바위)"," ","",""
"112239","생활서비스시설_공원_0460","ZON216","생활서비스시설_공원"," "," ","기타공원(길음3동쉼터)"," ","",""
"112240","생활서비스시설_공원_0462","ZON216","생활서비스시설_공원"," "," ","기타공원(정릉2동고가아래쉼터)"," ","",""
"112241","생활서비스시설_공원_0463","ZON216","생활서비스시설_공원"," "," ","기타공원(정릉2동고가아래쉼터)"," ","",""
"112242","생활서비스시설_공원_0465","ZON216","생활서비스시설_공원"," "," ","어린이공원(새소리)"," ","",""
"112243","생활서비스시설_공원_0466","ZON216","생활서비스시설_공원"," "," ","기타공원(정릉2동고가아래쉼터)"," ","",""
"112244","생활서비스시설_공원_0469","ZON216","생활서비스시설_공원"," "," ","기타공원(동선2동가로쉼터)"," ","",""
"112245","생활서비스시설_공원_0471","ZON216","생활서비스시설_공원"," "," ","기타공원(아리랑쉼터)"," ","",""
"112246","생활서비스시설_공원_0472","ZON216","생활서비스시설_공원"," "," ","기타공원(장위3동파출소옆쉼터)"," ","",""
"112247","생활서비스시설_공원_0473","ZON216","생활서비스시설_공원"," "," ","기타공원(안암동쉼터)"," ","",""
"112248","생활서비스시설_공원_0474","ZON216","생활서비스시설_공원"," "," ","마을마당(정릉4동)"," ","",""
"112249","생활서비스시설_공원_0475","ZON216","생활서비스시설_공원"," "," ","기타공원(상월곡동가로쉼터)"," ","",""
"112250","생활서비스시설_공원_0476","ZON216","생활서비스시설_공원"," "," ","기타공원(석관2동돌곳이쉼터)"," ","",""
"112251","생활서비스시설_공원_0477","ZON216","생활서비스시설_공원"," "," ","어린이공원(향기)"," ","",""
"112252","생활서비스시설_공원_0479","ZON216","생활서비스시설_공원"," "," ","기타공원(삼선2동쉼터)"," ","",""
"112253","생활서비스시설_공원_0480","ZON216","생활서비스시설_공원"," "," ","기타공원(정릉3동쉼터)"," ","",""
"112254","생활서비스시설_공원_0483","ZON216","생활서비스시설_공원"," "," ","강변공원(중랑천)"," ","",""
"112255","생활서비스시설_공원_0485","ZON216","생활서비스시설_공원"," "," ","어린이공원(하늘)"," ","",""
"112256","생활서비스시설_공원_0487","ZON216","생활서비스시설_공원"," "," ","어린이공원(운산)"," ","",""
"112257","생활서비스시설_공원_0488","ZON216","생활서비스시설_공원"," "," ","마을마당(불당골)"," ","",""
"112258","생활서비스시설_공원_0489","ZON216","생활서비스시설_공원"," "," ","어린이공원(흰구름)"," ","",""
"112259","생활서비스시설_공원_0491","ZON216","생활서비스시설_공원"," "," ","어린이공원(벽오산)"," ","",""
"112260","생활서비스시설_공원_0492","ZON216","생활서비스시설_공원"," "," ","마을마당(우이동길)"," ","",""
"112261","생활서비스시설_공원_0494","ZON216","생활서비스시설_공원"," "," ","어린이공원(송월)"," ","",""
"112262","생활서비스시설_공원_0495","ZON216","생활서비스시설_공원"," "," ","마을마당(꿈동산)"," ","",""
"112263","생활서비스시설_공원_0497","ZON216","생활서비스시설_공원"," "," ","어린이공원(벌리)"," ","",""
"112264","생활서비스시설_공원_0499","ZON216","생활서비스시설_공원"," "," ","어린이공원(오현)"," ","",""
"112265","생활서비스시설_공원_0401","ZON216","생활서비스시설_공원"," "," ","어린이공원(안골)"," ","",""
"112266","생활서비스시설_공원_0404","ZON216","생활서비스시설_공원"," "," ","어린이공원(배밭골)"," ","",""
"112267","생활서비스시설_공원_0408","ZON216","생활서비스시설_공원"," "," ","기타공원(장위2동녹지쉼터)"," ","",""
"112268","생활서비스시설_공원_0411","ZON216","생활서비스시설_공원"," "," ","기타공원(성북동쉼터)"," ","",""
"112269","생활서비스시설_공원_0414","ZON216","생활서비스시설_공원"," "," ","어린이공원(길음뉴타운제4호)"," ","",""
"112270","생활서비스시설_공원_0416","ZON216","생활서비스시설_공원"," "," ","마을마당(종암2동마을마당)"," ","",""
"112271","생활서비스시설_공원_0420","ZON216","생활서비스시설_공원"," "," ","어린이공원(돌뫼)"," ","",""
"112272","생활서비스시설_공원_0423","ZON216","생활서비스시설_공원"," "," ","기타공원(동소문동가로휴식공간)"," ","",""
"112273","생활서비스시설_공원_0426","ZON216","생활서비스시설_공원"," "," ","기타공원(정릉1동쉼터)"," ","",""
"112274","생활서비스시설_공원_0428","ZON216","생활서비스시설_공원"," "," ","기타공원(종암2동가로쉼터)"," ","",""
"112275","생활서비스시설_공원_0432","ZON216","생활서비스시설_공원"," "," ","마을마당(정릉3동)"," ","",""
"112276","생활서비스시설_공원_0435","ZON216","생활서비스시설_공원"," "," ","기타공원(종암1동가로쉼터)"," ","",""
"112277","생활서비스시설_공원_0437","ZON216","생활서비스시설_공원"," "," ","기타공원(장위동향나무쉼터)"," ","",""
"112278","생활서비스시설_공원_0670","ZON216","생활서비스시설_공원"," "," ","어린이공원(반디)"," ","",""
"111715","생활서비스시설_공원_0294","ZON216","생활서비스시설_공원"," "," ","마을마당(문화의거리)"," ","",""
"111716","생활서비스시설_공원_0300","ZON216","생활서비스시설_공원"," "," ","어린이공원(이슬)"," ","",""
"111717","생활서비스시설_공원_0302","ZON216","생활서비스시설_공원"," "," ","어린이공원(쉼터)"," ","",""
"111718","생활서비스시설_공원_0304","ZON216","생활서비스시설_공원"," "," ","어린이공원(장일)"," ","",""
"111719","생활서비스시설_공원_0306","ZON216","생활서비스시설_공원"," "," ","어린이공원(미나리)"," ","",""
"111720","생활서비스시설_공원_0307","ZON216","생활서비스시설_공원"," "," ","근린공원(장평)"," ","",""
"111721","생활서비스시설_공원_0308","ZON216","생활서비스시설_공원"," "," ","마을마당(전농동부군당)"," ","",""
"111722","생활서비스시설_공원_0310","ZON216","생활서비스시설_공원"," "," ","어린이공원(천장)"," ","",""
"111723","생활서비스시설_공원_0311","ZON216","생활서비스시설_공원"," "," ","마을마당(전농동)"," ","",""
"111724","생활서비스시설_공원_0313","ZON216","생활서비스시설_공원"," "," ","어린이공원(늘푸른)"," ","",""
"111725","생활서비스시설_공원_0314","ZON216","생활서비스시설_공원"," "," ","마을마당(새싹)"," ","",""
"111726","생활서비스시설_공원_0318","ZON216","생활서비스시설_공원"," "," ","마을마당(청량리1동)"," ","",""
"111727","생활서비스시설_공원_0319","ZON216","생활서비스시설_공원"," "," ","마을마당(답십리5동)"," ","",""
"111728","생활서비스시설_공원_0107","ZON216","생활서비스시설_공원"," "," ","도시자연공원((북악산)<시공원>)"," ","",""
"111729","생활서비스시설_공원_0111","ZON216","생활서비스시설_공원"," "," ","근린공원(서소문)"," ","",""
"111730","생활서비스시설_공원_0350","ZON216","생활서비스시설_공원"," "," ","마을마당(용마산역)"," ","",""
"111731","생활서비스시설_공원_0351","ZON216","생활서비스시설_공원"," "," ","마을마당(망우)"," ","",""
"111732","생활서비스시설_공원_0352","ZON216","생활서비스시설_공원"," "," ","어린이공원(겸재)"," ","",""
"111733","생활서비스시설_공원_0353","ZON216","생활서비스시설_공원"," "," ","어린이공원(오거리)"," ","",""
"111734","생활서비스시설_공원_0354","ZON216","생활서비스시설_공원"," "," ","기타(면목5동 체육공원)"," ","",""
"111735","생활서비스시설_공원_0355","ZON216","생활서비스시설_공원"," "," ","어린이공원(신내지구7)"," ","",""
"111736","생활서비스시설_공원_0356","ZON216","생활서비스시설_공원"," "," ","어린이공원(동산)"," ","",""
"111737","생활서비스시설_공원_0357","ZON216","생활서비스시설_공원"," "," ","기타(망우체육공원)"," ","",""
"111738","생활서비스시설_공원_0358","ZON216","생활서비스시설_공원"," "," ","마을마당(옹기터)"," ","",""
"111739","생활서비스시설_공원_0359","ZON216","생활서비스시설_공원"," "," ","어린이공원(소망)"," ","",""
"111740","생활서비스시설_공원_0360","ZON216","생활서비스시설_공원"," "," ","어린이공원(남촌)"," ","",""
"111741","생활서비스시설_공원_0361","ZON216","생활서비스시설_공원"," "," ","마을마당(해오름)"," ","",""
"111742","생활서비스시설_공원_0362","ZON216","생활서비스시설_공원"," "," ","마을마당(동원)"," ","",""
"111743","생활서비스시설_공원_0363","ZON216","생활서비스시설_공원"," "," ","어린이공원(신내지구4)"," ","",""
"111744","생활서비스시설_공원_0364","ZON216","생활서비스시설_공원"," "," ","어린이공원(신내지구6)"," ","",""
"111745","생활서비스시설_공원_0365","ZON216","생활서비스시설_공원"," "," ","어린이공원(신내지구2)"," ","",""
"111746","생활서비스시설_공원_0366","ZON216","생활서비스시설_공원"," "," ","기타(면목2동 체육공원)"," ","",""
"111747","생활서비스시설_공원_0368","ZON216","생활서비스시설_공원"," "," ","마을마당(봉화산역 마을마당)"," ","",""
"111748","생활서비스시설_공원_0369","ZON216","생활서비스시설_공원"," "," ","어린이공원(상리)"," ","",""
"111749","생활서비스시설_공원_0371","ZON216","생활서비스시설_공원"," "," ","어린이공원(등나무)"," ","",""
"111750","생활서비스시설_공원_0372","ZON216","생활서비스시설_공원"," "," ","마을마당(정자목마을마당)"," ","",""
"111751","생활서비스시설_공원_0374","ZON216","생활서비스시설_공원"," "," ","어린이공원(배꽃마을마당)"," ","",""
"111752","생활서비스시설_공원_0375","ZON216","생활서비스시설_공원"," "," ","마을마당(안골)"," ","",""
"111753","생활서비스시설_공원_0377","ZON216","생활서비스시설_공원"," "," ","기타(먹골역 분수공원)"," ","",""
"111754","생활서비스시설_공원_0379","ZON216","생활서비스시설_공원"," "," ","기타(중화2동 체육공원)"," ","",""
"111755","생활서비스시설_공원_0380","ZON216","생활서비스시설_공원"," "," ","어린이공원(봉화)"," ","",""
"111756","생활서비스시설_공원_0381","ZON216","생활서비스시설_공원"," "," ","마을마당(용마)"," ","",""
"111757","생활서비스시설_공원_0828","ZON216","생활서비스시설_공원"," "," ","어린이공원(궁뜰)"," ","",""
"111758","생활서비스시설_공원_0831","ZON216","생활서비스시설_공원"," "," ","마을마당(연희지하차도상단휴식공간)"," ","",""
"111759","생활서비스시설_공원_0834","ZON216","생활서비스시설_공원"," "," ","어린이공원(가재울)"," ","",""
"111760","생활서비스시설_공원_0837","ZON216","생활서비스시설_공원"," "," ","어린이공원(남가좌8)"," ","",""
"111761","생활서비스시설_공원_0839","ZON216","생활서비스시설_공원"," "," ","마을마당(홍제3동6-71일대골목공원)"," ","",""
"111762","생활서비스시설_공원_0843","ZON216","생활서비스시설_공원"," "," ","마을마당(굴레방)"," ","",""
"111763","생활서비스시설_공원_0844","ZON216","생활서비스시설_공원"," "," ","도시자연공원((북한산)<시공원>)"," ","",""
"111764","생활서비스시설_공원_0845","ZON216","생활서비스시설_공원"," "," ","근린공원(궁동<시공원>)"," ","",""
"111765","생활서비스시설_공원_0852","ZON216","생활서비스시설_공원"," "," ","어린이공원(독립문)"," ","",""
"111766","생활서비스시설_공원_0856","ZON216","생활서비스시설_공원"," "," ","마을마당(홍은3동217주민휴식녹지대)"," ","",""
"111767","생활서비스시설_공원_0861","ZON216","생활서비스시설_공원"," "," ","어린이공원(은가)"," ","",""
"111768","생활서비스시설_공원_0862","ZON216","생활서비스시설_공원"," "," ","어린이공원(실락)"," ","",""
"111769","생활서비스시설_공원_0867","ZON216","생활서비스시설_공원"," "," ","마을마당(삼각)"," ","",""
"111770","생활서비스시설_공원_0868","ZON216","생활서비스시설_공원"," "," ","어린이공원(큰바위)"," ","",""
"111771","생활서비스시설_공원_0870","ZON216","생활서비스시설_공원"," "," ","마을마당(문화소공원)"," ","",""
"111772","생활서비스시설_공원_0872","ZON216","생활서비스시설_공원"," "," ","어린이공원(백련)"," ","",""
"111773","생활서비스시설_공원_0901","ZON216","생활서비스시설_공원"," "," ","마을마당(공덕동)"," ","",""
"111774","생활서비스시설_공원_0740","ZON216","생활서비스시설_공원"," "," ","도시자연공원(북한산(시공원))"," ","",""
"111775","생활서비스시설_공원_0741","ZON216","생활서비스시설_공원"," "," ","마을마당(구산동마을공원)"," ","",""
"111776","생활서비스시설_공원_0743","ZON216","생활서비스시설_공원"," "," ","어린이공원(갈곡리)"," ","",""
"111777","생활서비스시설_공원_0745","ZON216","생활서비스시설_공원"," "," ","어린이공원(연서)"," ","",""
"111778","생활서비스시설_공원_0746","ZON216","생활서비스시설_공원"," "," ","도시자연공원(봉산<시공원>)"," ","",""
"111779","생활서비스시설_공원_0747","ZON216","생활서비스시설_공원"," "," ","마을마당(수색)"," ","",""
"111780","생활서비스시설_공원_0748","ZON216","생활서비스시설_공원"," "," ","어린이공원(불광)"," ","",""
"111781","생활서비스시설_공원_0750","ZON216","생활서비스시설_공원"," "," ","어린이공원(인조유기비)"," ","",""
"111782","생활서비스시설_공원_0751","ZON216","생활서비스시설_공원"," "," ","어린이공원(매바위)"," ","",""
"111783","생활서비스시설_공원_0753","ZON216","생활서비스시설_공원"," "," ","마을마당(대조동사무소옆)"," ","",""
"111784","생활서비스시설_공원_0754","ZON216","생활서비스시설_공원"," "," ","마을마당(대조)"," ","",""
"111785","생활서비스시설_공원_0755","ZON216","생활서비스시설_공원"," "," ","어린이공원(참다래)"," ","",""
"111786","생활서비스시설_공원_0757","ZON216","생활서비스시설_공원"," "," ","마을마당(갈현동)"," ","",""
"111787","생활서비스시설_공원_0758","ZON216","생활서비스시설_공원"," "," ","마을마당(응암)"," ","",""
"111788","생활서비스시설_공원_0760","ZON216","생활서비스시설_공원"," "," ","마을마당(자투리(녹번))"," ","",""
"111789","생활서비스시설_공원_0761","ZON216","생활서비스시설_공원"," "," ","어린이공원(궁말)"," ","",""
"111790","생활서비스시설_공원_0762","ZON216","생활서비스시설_공원"," "," ","마을마당(신사)"," ","",""
"111791","생활서비스시설_공원_0764","ZON216","생활서비스시설_공원"," "," ","어린이공원(분토골)"," ","",""
"111792","생활서비스시설_공원_0765","ZON216","생활서비스시설_공원"," "," ","마을마당(연천초교앞)"," ","",""
"111793","생활서비스시설_공원_0769","ZON216","생활서비스시설_공원"," "," ","어린이공원(역마을)"," ","",""
"111794","생활서비스시설_공원_0770","ZON216","생활서비스시설_공원"," "," ","어린이공원(응암4동)"," ","",""
"111795","생활서비스시설_공원_0772","ZON216","생활서비스시설_공원"," "," ","마을마당(자투리토지(신사))"," ","",""
"111796","생활서비스시설_공원_0773","ZON216","생활서비스시설_공원"," "," ","어린이공원(호연)"," ","",""
"111797","생활서비스시설_공원_0774","ZON216","생활서비스시설_공원"," "," ","어린이공원(시내)"," ","",""
"111798","생활서비스시설_공원_0775","ZON216","생활서비스시설_공원"," "," ","어린이공원(개나리)"," ","",""
"111799","생활서비스시설_공원_0776","ZON216","생활서비스시설_공원"," "," ","어린이공원(새록)"," ","",""
"111800","생활서비스시설_공원_0777","ZON216","생활서비스시설_공원"," "," ","어린이공원(대조)"," ","",""
"111801","생활서비스시설_공원_0779","ZON216","생활서비스시설_공원"," "," ","어린이공원(신흥)"," ","",""
"111802","생활서비스시설_공원_0780","ZON216","생활서비스시설_공원"," "," ","도시자연공원((북한산)<시공원>)"," ","",""
"111803","생활서비스시설_공원_0782","ZON216","생활서비스시설_공원"," "," ","어린이공원(아까시아)"," ","",""
"111804","생활서비스시설_공원_0783","ZON216","생활서비스시설_공원"," "," ","마을마당(구산)"," ","",""
"111805","생활서비스시설_공원_0785","ZON216","생활서비스시설_공원"," "," ","마을마당(불광3동마을숲)"," ","",""
"111806","생활서비스시설_공원_0787","ZON216","생활서비스시설_공원"," "," ","어린이공원(좌월)"," ","",""
"111807","생활서비스시설_공원_0788","ZON216","생활서비스시설_공원"," "," ","어린이공원(서갈현)"," ","",""
"111808","생활서비스시설_공원_0789","ZON216","생활서비스시설_공원"," "," ","어린이공원(신록)"," ","",""
"111809","생활서비스시설_공원_0791","ZON216","생활서비스시설_공원"," "," ","마을마당(신사2동)"," ","",""
"111810","생활서비스시설_공원_0792","ZON216","생활서비스시설_공원"," "," ","어린이공원(새장골)"," ","",""
"111811","생활서비스시설_공원_0793","ZON216","생활서비스시설_공원"," "," ","기타공원(다래공원)"," ","",""
"111812","생활서비스시설_공원_0795","ZON216","생활서비스시설_공원"," "," ","어린이공원(까치)"," ","",""
"111813","생활서비스시설_공원_0797","ZON216","생활서비스시설_공원"," "," ","도시자연공원(북한산(시공원))"," ","",""
"111814","생활서비스시설_공원_0799","ZON216","생활서비스시설_공원"," "," ","마을마당(창용)"," ","",""
"111815","생활서비스시설_공원_0800","ZON216","생활서비스시설_공원"," "," ","마을마당(자하문폐가압장휴식공간)"," ","",""
"111816","생활서비스시설_공원_0702","ZON216","생활서비스시설_공원"," "," ","근린공원(벽운)"," ","",""
"111817","생활서비스시설_공원_0705","ZON216","생활서비스시설_공원"," "," ","근린공원(솔밭)"," ","",""
"111818","생활서비스시설_공원_0708","ZON216","생활서비스시설_공원"," "," ","어린이공원(씨알)"," ","",""
"111819","생활서비스시설_공원_0711","ZON216","생활서비스시설_공원"," "," ","어린이공원(소곶네)"," ","",""
"111820","생활서비스시설_공원_0712","ZON216","생활서비스시설_공원"," "," ","도시자연공원(수락산<시공원>)"," ","",""
"111821","생활서비스시설_공원_0717","ZON216","생활서비스시설_공원"," "," ","근린공원(공릉동)"," ","",""
"111822","생활서비스시설_공원_0579","ZON216","생활서비스시설_공원"," "," ","어린이공원(꿈동산)"," ","",""
"111823","생활서비스시설_공원_0583","ZON216","생활서비스시설_공원"," "," ","어린이공원(신창)"," ","",""
"111824","생활서비스시설_공원_0584","ZON216","생활서비스시설_공원"," "," ","소공원(발바닥공원)"," ","",""
"111825","생활서비스시설_공원_0587","ZON216","생활서비스시설_공원"," "," ","어린이공원(장미)"," ","",""
"111826","생활서비스시설_공원_0589","ZON216","생활서비스시설_공원"," "," ","마을마당(창5동)"," ","",""
"111827","생활서비스시설_공원_0591","ZON216","생활서비스시설_공원"," "," ","근린공원(쌍문<시공원>)"," ","",""
"111828","생활서비스시설_공원_0595","ZON216","생활서비스시설_공원"," "," ","마을마당(도봉2동 마을마당)"," ","",""
"111829","생활서비스시설_공원_0599","ZON216","생활서비스시설_공원"," "," ","어린이공원(용화)"," ","",""
"111830","생활서비스시설_공원_0602","ZON216","생활서비스시설_공원"," "," ","어린이공원(중평)"," ","",""
"111831","생활서비스시설_공원_0603","ZON216","생활서비스시설_공원"," "," ","어린이공원(해바라기)"," ","",""
"111832","생활서비스시설_공원_0605","ZON216","생활서비스시설_공원"," "," ","어린이공원(소망)"," ","",""
"111833","생활서비스시설_공원_0606","ZON216","생활서비스시설_공원"," "," ","어린이공원(사랑)"," ","",""
"111834","생활서비스시설_공원_1031","ZON216","생활서비스시설_공원"," "," ","어린이공원(나말)"," ","",""
"111835","생활서비스시설_공원_1032","ZON216","생활서비스시설_공원"," "," ","어린이공원(신이)"," ","",""
"111836","생활서비스시설_공원_1033","ZON216","생활서비스시설_공원"," "," ","마을마당(신월3동)"," ","",""
"111837","생활서비스시설_공원_1034","ZON216","생활서비스시설_공원"," "," ","어린이공원(사슴)"," ","",""
"111838","생활서비스시설_공원_1035","ZON216","생활서비스시설_공원"," "," ","어린이공원(미리내)"," ","",""
"111839","생활서비스시설_공원_1037","ZON216","생활서비스시설_공원"," "," ","기타공원(방화역주변녹지)"," ","",""
"111840","생활서비스시설_공원_1039","ZON216","생활서비스시설_공원"," "," ","어린이공원(개나리)"," ","",""
"111841","생활서비스시설_공원_1108","ZON216","생활서비스시설_공원"," "," ","기타공원(긴등)"," ","",""
"111842","생활서비스시설_공원_1109","ZON216","생활서비스시설_공원"," "," ","어린이공원(민들레)"," ","",""
"111843","생활서비스시설_공원_1111","ZON216","생활서비스시설_공원"," "," ","어린이공원(박장)"," ","",""
"111844","생활서비스시설_공원_1112","ZON216","생활서비스시설_공원"," "," ","어린이공원(한글)"," ","",""
"111845","생활서비스시설_공원_1113","ZON216","생활서비스시설_공원"," "," ","어린이공원(다운)"," ","",""
"111846","생활서비스시설_공원_1115","ZON216","생활서비스시설_공원"," "," ","어린이공원(능골)"," ","",""
"111847","생활서비스시설_공원_1116","ZON216","생활서비스시설_공원"," "," ","어린이공원(종달새)"," ","",""
"111848","생활서비스시설_공원_1118","ZON216","생활서비스시설_공원"," "," ","어린이공원(역말)"," ","",""
"111849","생활서비스시설_공원_1119","ZON216","생활서비스시설_공원"," "," ","어린이공원(배다리)"," ","",""
"111850","생활서비스시설_공원_1121","ZON216","생활서비스시설_공원"," "," ","어린이공원(꽃동네)"," ","",""
"111851","생활서비스시설_공원_1122","ZON216","생활서비스시설_공원"," "," ","어린이공원(안골)"," ","",""
"111852","생활서비스시설_공원_1124","ZON216","생활서비스시설_공원"," "," ","어린이공원(도림)"," ","",""
"111853","생활서비스시설_공원_1125","ZON216","생활서비스시설_공원"," "," ","기타공원(새싹)"," ","",""
"111854","생활서비스시설_공원_1129","ZON216","생활서비스시설_공원"," "," ","근린공원(황금내)"," ","",""
"111855","생활서비스시설_공원_1130","ZON216","생활서비스시설_공원"," "," ","기타공원(광명)"," ","",""
"111856","생활서비스시설_공원_1131","ZON216","생활서비스시설_공원"," "," ","어린이공원(내촌)"," ","",""
"111857","생활서비스시설_공원_1132","ZON216","생활서비스시설_공원"," "," ","어린이공원(발음)"," ","",""
"111858","생활서비스시설_공원_1133","ZON216","생활서비스시설_공원"," "," ","어린이공원(새나라)"," ","",""
"111859","생활서비스시설_공원_1134","ZON216","생활서비스시설_공원"," "," ","어린이공원(뜸부기)"," ","",""
"111860","생활서비스시설_공원_1135","ZON216","생활서비스시설_공원"," "," ","어린이공원(목련)"," ","",""
"111861","생활서비스시설_공원_1137","ZON216","생활서비스시설_공원"," "," ","어린이공원(곰돌이)"," ","",""
"111862","생활서비스시설_공원_1138","ZON216","생활서비스시설_공원"," "," ","어린이공원(볏골)"," ","",""
"111863","생활서비스시설_공원_1140","ZON216","생활서비스시설_공원"," "," ","어린이공원(새벗)"," ","",""
"111864","생활서비스시설_공원_1141","ZON216","생활서비스시설_공원"," "," ","어린이공원(송정)"," ","",""
"111865","생활서비스시설_공원_1142","ZON216","생활서비스시설_공원"," "," ","어린이공원(개화)"," ","",""
"111866","생활서비스시설_공원_1143","ZON216","생활서비스시설_공원"," "," ","어린이공원(대원)"," ","",""
"111867","생활서비스시설_공원_1144","ZON216","생활서비스시설_공원"," "," ","근린공원(구암)"," ","",""
"111868","생활서비스시설_공원_1146","ZON216","생활서비스시설_공원"," "," ","어린이공원(은행)"," ","",""
"111869","생활서비스시설_공원_1147","ZON216","생활서비스시설_공원"," "," ","어린이공원(엄지)"," ","",""
"111870","생활서비스시설_공원_1148","ZON216","생활서비스시설_공원"," "," ","어린이공원(진달래)"," ","",""
"111871","생활서비스시설_공원_1150","ZON216","생활서비스시설_공원"," "," ","어린이공원(대무)"," ","",""
"111872","생활서비스시설_공원_1151","ZON216","생활서비스시설_공원"," "," ","어린이공원(백합)"," ","",""
"111873","생활서비스시설_공원_1152","ZON216","생활서비스시설_공원"," "," ","기타공원(문성)"," ","",""
"111874","생활서비스시설_공원_1154","ZON216","생활서비스시설_공원"," "," ","어린이공원(비둘기)"," ","",""
"111875","생활서비스시설_공원_1155","ZON216","생활서비스시설_공원"," "," ","어린이공원(개나리)"," ","",""
"111876","생활서비스시설_공원_1156","ZON216","생활서비스시설_공원"," "," ","어린이공원(천사)"," ","",""
"111877","생활서비스시설_공원_1158","ZON216","생활서비스시설_공원"," "," ","마을마당(구로3동1)"," ","",""
"111878","생활서비스시설_공원_1159","ZON216","생활서비스시설_공원"," "," ","마을마당(노들)"," ","",""
"111879","생활서비스시설_공원_1160","ZON216","생활서비스시설_공원"," "," ","마을마당(늘푸른)"," ","",""
"111880","생활서비스시설_공원_1162","ZON216","생활서비스시설_공원"," "," ","마을마당(개웅)"," ","",""
"111881","생활서비스시설_공원_1163","ZON216","생활서비스시설_공원"," "," ","마을마당(개봉1동1)"," ","",""
"111882","생활서비스시설_공원_1164","ZON216","생활서비스시설_공원"," "," ","마을마당(오류1동2)"," ","",""
"111883","생활서비스시설_공원_1166","ZON216","생활서비스시설_공원"," "," ","어린이공원(환경)"," ","",""
"111884","생활서비스시설_공원_1167","ZON216","생활서비스시설_공원"," "," ","어린이공원(삼각)"," ","",""
"111885","생활서비스시설_공원_1169","ZON216","생활서비스시설_공원"," "," ","마을마당(개봉1동4)"," ","",""
"111886","생활서비스시설_공원_1170","ZON216","생활서비스시설_공원"," "," ","마을마당(개봉1동3)"," ","",""
"111887","생활서비스시설_공원_1171","ZON216","생활서비스시설_공원"," "," ","마을마당(오류1동3)"," ","",""
"111888","생활서비스시설_공원_1173","ZON216","생활서비스시설_공원"," "," ","어린이공원(개웅)"," ","",""
"111889","생활서비스시설_공원_1174","ZON216","생활서비스시설_공원"," "," ","근린공원(구로)"," ","",""
"111890","생활서비스시설_공원_1175","ZON216","생활서비스시설_공원"," "," ","마을마당(구로2동2)"," ","",""
"111891","생활서비스시설_공원_1177","ZON216","생활서비스시설_공원"," "," ","마을마당(구로4동)"," ","",""
"111892","생활서비스시설_공원_1179","ZON216","생활서비스시설_공원"," "," ","어린이공원(수른)"," ","",""
"111893","생활서비스시설_공원_1180","ZON216","생활서비스시설_공원"," "," ","마을마당(오류2동3(항동))"," ","",""
"111894","생활서비스시설_공원_1181","ZON216","생활서비스시설_공원"," "," ","마을마당(구로6동2)"," ","",""
"111895","생활서비스시설_공원_1182","ZON216","생활서비스시설_공원"," "," ","마을마당(구로본동1)"," ","",""
"111896","생활서비스시설_공원_1184","ZON216","생활서비스시설_공원"," "," ","마을마당(오류1동6(범바위골))"," ","",""
"111897","생활서비스시설_공원_0951","ZON216","생활서비스시설_공원"," "," ","어린이공원(단지)"," ","",""
"111898","생활서비스시설_공원_0953","ZON216","생활서비스시설_공원"," "," ","어린이공원(신곡)"," ","",""
"111899","생활서비스시설_공원_0954","ZON216","생활서비스시설_공원"," "," ","어린이공원(문화)"," ","",""
"111900","생활서비스시설_공원_0955","ZON216","생활서비스시설_공원"," "," ","어린이공원(진주)"," ","",""
"111901","생활서비스시설_공원_0958","ZON216","생활서비스시설_공원"," "," ","어린이공원(남부)"," ","",""
"111902","생활서비스시설_공원_0959","ZON216","생활서비스시설_공원"," "," ","어린이공원(아동)"," ","",""
"111903","생활서비스시설_공원_0960","ZON216","생활서비스시설_공원"," "," ","어린이공원(새뚝)"," ","",""
"111904","생활서비스시설_공원_0961","ZON216","생활서비스시설_공원"," "," ","어린이공원(햇님)"," ","",""
"111905","생활서비스시설_공원_0962","ZON216","생활서비스시설_공원"," "," ","마을마당(목3동)"," ","",""
"111906","생활서비스시설_공원_0964","ZON216","생활서비스시설_공원"," "," ","어린이공원(장미)"," ","",""
"111907","생활서비스시설_공원_0965","ZON216","생활서비스시설_공원"," "," ","근린공원(양지)"," ","",""
"111908","생활서비스시설_공원_0966","ZON216","생활서비스시설_공원"," "," ","어린이공원(꽃사슴)"," ","",""
"111909","생활서비스시설_공원_0967","ZON216","생활서비스시설_공원"," "," ","어린이공원(목련)"," ","",""
"111910","생활서비스시설_공원_0968","ZON216","생활서비스시설_공원"," "," ","어린이공원(신기)"," ","",""
"111911","생활서비스시설_공원_0969","ZON216","생활서비스시설_공원"," "," ","마을마당(신정3)"," ","",""
"111912","생활서비스시설_공원_0971","ZON216","생활서비스시설_공원"," "," ","어린이공원(동개울)"," ","",""
"111913","생활서비스시설_공원_0974","ZON216","생활서비스시설_공원"," "," ","어린이공원(방아다리)"," ","",""
"111914","생활서비스시설_공원_0975","ZON216","생활서비스시설_공원"," "," ","어린이공원(별님)"," ","",""
"111915","생활서비스시설_공원_0977","ZON216","생활서비스시설_공원"," "," ","근린공원(오솔길)"," ","",""
"111916","생활서비스시설_공원_0979","ZON216","생활서비스시설_공원"," "," ","근린공원(한울)"," ","",""
"111917","생활서비스시설_공원_0980","ZON216","생활서비스시설_공원"," "," ","어린이공원(꿀벌)"," ","",""
"111918","생활서비스시설_공원_0982","ZON216","생활서비스시설_공원"," "," ","어린이공원(반곡)"," ","",""
"111919","생활서비스시설_공원_0983","ZON216","생활서비스시설_공원"," "," ","어린이공원(까치)"," ","",""
"111920","생활서비스시설_공원_0984","ZON216","생활서비스시설_공원"," "," ","어린이공원(꿈나래)"," ","",""
"111921","생활서비스시설_공원_0985","ZON216","생활서비스시설_공원"," "," ","어린이공원(다람쥐)"," ","",""
"111922","생활서비스시설_공원_0986","ZON216","생활서비스시설_공원"," "," ","어린이공원(가칭(신정7동))"," ","",""
"111923","생활서비스시설_공원_0988","ZON216","생활서비스시설_공원"," "," ","어린이공원(당뒤)"," ","",""
"111924","생활서비스시설_공원_0989","ZON216","생활서비스시설_공원"," "," ","어린이공원(음골)"," ","",""
"111925","생활서비스시설_공원_0990","ZON216","생활서비스시설_공원"," "," ","마을마당(신월1동)"," ","",""
"111926","생활서비스시설_공원_0992","ZON216","생활서비스시설_공원"," "," ","기타공원(해누리체육공원)"," ","",""
"111927","생활서비스시설_공원_0993","ZON216","생활서비스시설_공원"," "," ","기타공원((신정7동 공공공지))"," ","",""
"111928","생활서비스시설_공원_0995","ZON216","생활서비스시설_공원"," "," ","어린이공원(학마을)"," ","",""
"111929","생활서비스시설_공원_0996","ZON216","생활서비스시설_공원"," "," ","어린이공원(은행정)"," ","",""
"111930","생활서비스시설_공원_0997","ZON216","생활서비스시설_공원"," "," ","어린이공원(송죽)"," ","",""
"111931","생활서비스시설_공원_0999","ZON216","생활서비스시설_공원"," "," ","근린공원(오목)"," ","",""
"111932","생활서비스시설_공원_1000","ZON216","생활서비스시설_공원"," "," ","어린이공원(무궁화)"," ","",""
"111933","생활서비스시설_공원_0902","ZON216","생활서비스시설_공원"," "," ","어린이공원(새누리)"," ","",""
"111934","생활서비스시설_공원_0904","ZON216","생활서비스시설_공원"," "," ","어린이공원(외주목)"," ","",""
"111935","생활서비스시설_공원_0907","ZON216","생활서비스시설_공원"," "," ","소공원(양화진)"," ","",""
"111936","생활서비스시설_공원_0908","ZON216","생활서비스시설_공원"," "," ","근린공원(상암<시공원>)"," ","",""
"111937","생활서비스시설_공원_0910","ZON216","생활서비스시설_공원"," "," ","마을마당(서교동)"," ","",""
"111938","생활서비스시설_공원_0611","ZON216","생활서비스시설_공원"," "," ","어린이공원(공작)"," ","",""
"111939","생활서비스시설_공원_0613","ZON216","생활서비스시설_공원"," "," ","마을마당(공릉2(산업대앞))"," ","",""
"111940","생활서비스시설_공원_0614","ZON216","생활서비스시설_공원"," "," ","어린이공원(채송화)"," ","",""
"111941","생활서비스시설_공원_0615","ZON216","생활서비스시설_공원"," "," ","마을마당(간촌)"," ","",""
"111942","생활서비스시설_공원_0617","ZON216","생활서비스시설_공원"," "," ","어린이공원(별빛)"," ","",""
"111943","생활서비스시설_공원_0618","ZON216","생활서비스시설_공원"," "," ","어린이공원(전주동)"," ","",""
"111944","생활서비스시설_공원_0620","ZON216","생활서비스시설_공원"," "," ","어린이공원(효성)"," ","",""
"111945","생활서비스시설_공원_0621","ZON216","생활서비스시설_공원"," "," ","어린이공원(한무리)"," ","",""
"111946","생활서비스시설_공원_0623","ZON216","생활서비스시설_공원"," "," ","근린공원(느티울)"," ","",""
"111947","생활서비스시설_공원_0624","ZON216","생활서비스시설_공원"," "," ","어린이공원(초안)"," ","",""
"111948","생활서비스시설_공원_0625","ZON216","생활서비스시설_공원"," "," ","마을마당(다우리)"," ","",""
"111949","생활서비스시설_공원_0627","ZON216","생활서비스시설_공원"," "," ","어린이공원(해오라기)"," ","",""
"111950","생활서비스시설_공원_0628","ZON216","생활서비스시설_공원"," "," ","근린공원(중계)"," ","",""
"111951","생활서비스시설_공원_0630","ZON216","생활서비스시설_공원"," "," ","어린이공원(신기루)"," ","",""
"111952","생활서비스시설_공원_0631","ZON216","생활서비스시설_공원"," "," ","어린이공원(선녀)"," ","",""
"111953","생활서비스시설_공원_0632","ZON216","생활서비스시설_공원"," "," ","어린이공원(곰돌이)"," ","",""
"111954","생활서비스시설_공원_0634","ZON216","생활서비스시설_공원"," "," ","어린이공원(천보)"," ","",""
"111955","생활서비스시설_공원_0635","ZON216","생활서비스시설_공원"," "," ","근린공원(등나무)"," ","",""
"111956","생활서비스시설_공원_0636","ZON216","생활서비스시설_공원"," "," ","어린이공원(진달래)"," ","",""
"111957","생활서비스시설_공원_0804","ZON216","생활서비스시설_공원"," "," ","마을마당(행복한)"," ","",""
"111958","생활서비스시설_공원_0805","ZON216","생활서비스시설_공원"," "," ","근린공원(백련<시공원>)"," ","",""
"111959","생활서비스시설_공원_0806","ZON216","생활서비스시설_공원"," "," ","어린이공원(가좌)"," ","",""
"111960","생활서비스시설_공원_0807","ZON216","생활서비스시설_공원"," "," ","어린이공원(궁말)"," ","",""
"111961","생활서비스시설_공원_0809","ZON216","생활서비스시설_공원"," "," ","어린이공원(홍남)"," ","",""
"111962","생활서비스시설_공원_0810","ZON216","생활서비스시설_공원"," "," ","마을마당(까치)"," ","",""
"111963","생활서비스시설_공원_0812","ZON216","생활서비스시설_공원"," "," ","마을마당(장미)"," ","",""
"111964","생활서비스시설_공원_0813","ZON216","생활서비스시설_공원"," "," ","어린이공원(홍연)"," ","",""
"111965","생활서비스시설_공원_0815","ZON216","생활서비스시설_공원"," "," ","마을마당(지용)"," ","",""
"111966","생활서비스시설_공원_0816","ZON216","생활서비스시설_공원"," "," ","마을마당(정원)"," ","",""
"111967","생활서비스시설_공원_0817","ZON216","생활서비스시설_공원"," "," ","마을마당(한솔)"," ","",""
"111968","생활서비스시설_공원_0818","ZON216","생활서비스시설_공원"," "," ","어린이공원(연남)"," ","",""
"111969","생활서비스시설_공원_0819","ZON216","생활서비스시설_공원"," "," ","어린이공원(상암곡)"," ","",""
"111970","생활서비스시설_공원_0821","ZON216","생활서비스시설_공원"," "," ","어린이공원(다람쥐)"," ","",""
"111971","생활서비스시설_공원_0822","ZON216","생활서비스시설_공원"," "," ","도시자연공원(안산<시공원>)"," ","",""
"111972","생활서비스시설_공원_0823","ZON216","생활서비스시설_공원"," "," ","마을마당(인화)"," ","",""
"111973","생활서비스시설_공원_0825","ZON216","생활서비스시설_공원"," "," ","어린이공원(대현)"," ","",""
"111974","생활서비스시설_공원_0826","ZON216","생활서비스시설_공원"," "," ","어린이공원(문화촌)"," ","",""
"111975","생활서비스시설_공원_0827","ZON216","생활서비스시설_공원"," "," ","마을마당(홍은3동424-1)"," ","",""
"111976","생활서비스시설_공원_0829","ZON216","생활서비스시설_공원"," "," ","어린이공원(창천)"," ","",""
"111977","생활서비스시설_공원_0830","ZON216","생활서비스시설_공원"," "," ","마을마당(포방골)"," ","",""
"111978","생활서비스시설_공원_0832","ZON216","생활서비스시설_공원"," "," ","어린이공원(불천)"," ","",""
"111979","생활서비스시설_공원_0833","ZON216","생활서비스시설_공원"," "," ","마을마당(인왕)"," ","",""
"111980","생활서비스시설_공원_0835","ZON216","생활서비스시설_공원"," "," ","어린이공원(남이마을)"," ","",""
"111981","생활서비스시설_공원_0836","ZON216","생활서비스시설_공원"," "," ","어린이공원(연희)"," ","",""
"111982","생활서비스시설_공원_0838","ZON216","생활서비스시설_공원"," "," ","마을마당(정연)"," ","",""
"111983","생활서비스시설_공원_0840","ZON216","생활서비스시설_공원"," "," ","마을마당(고은)"," ","",""
"111984","생활서비스시설_공원_0841","ZON216","생활서비스시설_공원"," "," ","마을마당(홍이)"," ","",""
"111985","생활서비스시설_공원_0842","ZON216","생활서비스시설_공원"," "," ","마을마당(중앙)"," ","",""
"111986","생활서비스시설_공원_0846","ZON216","생활서비스시설_공원"," "," ","어린이공원(호반)"," ","",""
"111987","생활서비스시설_공원_0607","ZON216","생활서비스시설_공원"," "," ","어린이공원(꿈동산)"," ","",""
"111988","생활서비스시설_공원_0609","ZON216","생활서비스시설_공원"," "," ","어린이공원(까치)"," ","",""
"111989","생활서비스시설_공원_0610","ZON216","생활서비스시설_공원"," "," ","마을마당(상계7동소공원)"," ","",""
"111990","생활서비스시설_공원_0847","ZON216","생활서비스시설_공원"," "," ","마을마당(논골)"," ","",""
"111991","생활서비스시설_공원_0848","ZON216","생활서비스시설_공원"," "," ","어린이공원(대궐재)"," ","",""
"111992","생활서비스시설_공원_0849","ZON216","생활서비스시설_공원"," "," ","어린이공원(명수)"," ","",""
"111993","생활서비스시설_공원_0850","ZON216","생활서비스시설_공원"," "," ","마을마당(둥글레)"," ","",""
"111994","생활서비스시설_공원_0851","ZON216","생활서비스시설_공원"," "," ","마을마당(가좌초롱)"," ","",""
"111995","생활서비스시설_공원_0853","ZON216","생활서비스시설_공원"," "," ","마을마당(초원)"," ","",""
"111996","생활서비스시설_공원_0854","ZON216","생활서비스시설_공원"," "," ","어린이공원(홍제5)"," ","",""
"111997","생활서비스시설_공원_0855","ZON216","생활서비스시설_공원"," "," ","마을마당(푸른)"," ","",""
"111998","생활서비스시설_공원_0857","ZON216","생활서비스시설_공원"," "," ","마을마당(금화산)"," ","",""
"111999","생활서비스시설_공원_0858","ZON216","생활서비스시설_공원"," "," ","마을마당(북가재울)"," ","",""
"112000","생활서비스시설_공원_0859","ZON216","생활서비스시설_공원"," "," ","마을마당(홍연)"," ","",""
"112001","생활서비스시설_공원_0860","ZON216","생활서비스시설_공원"," "," ","어린이공원(바람산)"," ","",""
"112002","생활서비스시설_공원_0863","ZON216","생활서비스시설_공원"," "," ","어린이공원(개나리)"," ","",""
"112003","생활서비스시설_공원_0864","ZON216","생활서비스시설_공원"," "," ","마을마당(포방골)"," ","",""
"112004","생활서비스시설_공원_0865","ZON216","생활서비스시설_공원"," "," ","근린공원(궁동)"," ","",""
"112005","생활서비스시설_공원_0866","ZON216","생활서비스시설_공원"," "," ","마을마당(보은)"," ","",""
"112006","생활서비스시설_공원_0869","ZON216","생활서비스시설_공원"," "," ","어린이공원(모랫재)"," ","",""
"112007","생활서비스시설_공원_0871","ZON216","생활서비스시설_공원"," "," ","어린이공원(동구물)"," ","",""
"112008","생활서비스시설_공원_0873","ZON216","생활서비스시설_공원"," "," ","어린이공원(연서)"," ","",""
"112009","생활서비스시설_공원_0875","ZON216","생활서비스시설_공원"," "," ","마을마당(송죽)"," ","",""
"112010","생활서비스시설_공원_0877","ZON216","생활서비스시설_공원"," "," ","어린이공원(양화)"," ","",""
"112011","생활서비스시설_공원_0878","ZON216","생활서비스시설_공원"," "," ","마을마당(현석2마을마당)"," ","",""
"112012","생활서비스시설_공원_0879","ZON216","생활서비스시설_공원"," "," ","어린이공원(합정)"," ","",""
"112013","생활서비스시설_공원_0880","ZON216","생활서비스시설_공원"," "," ","마을마당(성산동)"," ","",""
"112014","생활서비스시설_공원_0881","ZON216","생활서비스시설_공원"," "," ","마을마당(서교)"," ","",""
"112015","생활서비스시설_공원_0882","ZON216","생활서비스시설_공원"," "," ","어린이공원(한마음)"," ","",""
"112016","생활서비스시설_공원_0885","ZON216","생활서비스시설_공원"," "," ","어린이공원(마포)"," ","",""
"112017","생활서비스시설_공원_0886","ZON216","생활서비스시설_공원"," "," ","어린이공원(뒤뜰)"," ","",""
"112018","생활서비스시설_공원_0887","ZON216","생활서비스시설_공원"," "," ","어린이공원(보람)"," ","",""
"112019","생활서비스시설_공원_0888","ZON216","생활서비스시설_공원"," "," ","마을마당(두산)"," ","",""
"112020","생활서비스시설_공원_0889","ZON216","생활서비스시설_공원"," "," ","어린이공원(노고산)"," ","",""
"112021","생활서비스시설_공원_0890","ZON216","생활서비스시설_공원"," "," ","어린이공원(옹달샘)"," ","",""
"112022","생활서비스시설_공원_0891","ZON216","생활서비스시설_공원"," "," ","어린이공원(강변)"," ","",""
"112024","생활서비스시설_공원_1040","ZON216","생활서비스시설_공원"," "," ","기타공원(산새)"," ","",""
"112025","생활서비스시설_공원_1042","ZON216","생활서비스시설_공원"," "," ","어린이공원(봉선화)"," ","",""
"112026","생활서비스시설_공원_1044","ZON216","생활서비스시설_공원"," "," ","어린이공원(필마)"," ","",""
"112027","생활서비스시설_공원_1045","ZON216","생활서비스시설_공원"," "," ","어린이공원(소나무)"," ","",""
"112028","생활서비스시설_공원_1047","ZON216","생활서비스시설_공원"," "," ","기타공원(화곡동 정자마당)"," ","",""
"112029","생활서비스시설_공원_1048","ZON216","생활서비스시설_공원"," "," ","기타공원(가양동 정자마당)"," ","",""
"112030","생활서비스시설_공원_1049","ZON216","생활서비스시설_공원"," "," ","기타공원(구름)"," ","",""
"112031","생활서비스시설_공원_1051","ZON216","생활서비스시설_공원"," "," ","기타공원(큰별)"," ","",""
"112032","생활서비스시설_공원_1052","ZON216","생활서비스시설_공원"," "," ","기타공원(까치)"," ","",""
"112033","생활서비스시설_공원_1053","ZON216","생활서비스시설_공원"," "," ","어린이공원(꿈나무)"," ","",""
"112034","생활서비스시설_공원_1055","ZON216","생활서비스시설_공원"," "," ","어린이공원(채송화)"," ","",""
"112035","생활서비스시설_공원_1056","ZON216","생활서비스시설_공원"," "," ","어린이공원(달빛)"," ","",""
"112036","생활서비스시설_공원_1058","ZON216","생활서비스시설_공원"," "," ","근린공원(옹기골)"," ","",""
"112037","생활서비스시설_공원_1060","ZON216","생활서비스시설_공원"," "," ","근린공원(등촌)"," ","",""
"112038","생활서비스시설_공원_1061","ZON216","생활서비스시설_공원"," "," ","어린이공원(도레미)"," ","",""
"112039","생활서비스시설_공원_1063","ZON216","생활서비스시설_공원"," "," ","어린이공원(느티)"," ","",""
"112040","생활서비스시설_공원_1064","ZON216","생활서비스시설_공원"," "," ","어린이공원(백합)"," ","",""
"112041","생활서비스시설_공원_1066","ZON216","생활서비스시설_공원"," "," ","어린이공원(화곡1주구2)"," ","",""
"112042","생활서비스시설_공원_1067","ZON216","생활서비스시설_공원"," "," ","어린이공원(한마음)"," ","",""
"112043","생활서비스시설_공원_1068","ZON216","생활서비스시설_공원"," "," ","어린이공원(등서)"," ","",""
"112044","생활서비스시설_공원_1069","ZON216","생활서비스시설_공원"," "," ","어린이공원(곰돌이)"," ","",""
"112045","생활서비스시설_공원_1071","ZON216","생활서비스시설_공원"," "," ","어린이공원(비둘기)"," ","",""
"112046","생활서비스시설_공원_1072","ZON216","생활서비스시설_공원"," "," ","어린이공원(수명)"," ","",""
"112047","생활서비스시설_공원_1074","ZON216","생활서비스시설_공원"," "," ","어린이공원(골말)"," ","",""
"112048","생활서비스시설_공원_1075","ZON216","생활서비스시설_공원"," "," ","어린이공원(나들이)"," ","",""
"112049","생활서비스시설_공원_1076","ZON216","생활서비스시설_공원"," "," ","기타공원(발산동휴식공간)"," ","",""
"112050","생활서비스시설_공원_1079","ZON216","생활서비스시설_공원"," "," ","어린이공원(무지개)"," ","",""
"112051","생활서비스시설_공원_1080","ZON216","생활서비스시설_공원"," "," ","어린이공원(연지)"," ","",""
"112052","생활서비스시설_공원_1081","ZON216","생활서비스시설_공원"," "," ","어린이공원(범바위)"," ","",""
"112053","생활서비스시설_공원_1083","ZON216","생활서비스시설_공원"," "," ","어린이공원(활주로)"," ","",""
"112054","생활서비스시설_공원_1084","ZON216","생활서비스시설_공원"," "," ","기타공원(발산역주변녹지)"," ","",""
"112055","생활서비스시설_공원_1085","ZON216","생활서비스시설_공원"," "," ","어린이공원(효심)"," ","",""
"112056","생활서비스시설_공원_1087","ZON216","생활서비스시설_공원"," "," ","어린이공원(장미)"," ","",""
"112057","생활서비스시설_공원_1088","ZON216","생활서비스시설_공원"," "," ","어린이공원(능안)"," ","",""
"112058","생활서비스시설_공원_1090","ZON216","생활서비스시설_공원"," "," ","어린이공원(호돌이)"," ","",""
"112059","생활서비스시설_공원_1092","ZON216","생활서비스시설_공원"," "," ","어린이공원(노을)"," ","",""
"112060","생활서비스시설_공원_1093","ZON216","생활서비스시설_공원"," "," ","어린이공원(염창어린이공원)"," ","",""
"112023","생활서비스시설_공원_0892","ZON216","생활서비스시설_공원"," "," ","어린이공원(은행나무)"," ","",""
"112061","생활서비스시설_공원_1094","ZON216","생활서비스시설_공원"," "," ","기타공원(원당)"," ","",""
"112062","생활서비스시설_공원_1095","ZON216","생활서비스시설_공원"," "," ","근린공원(원당)"," ","",""
"112063","생활서비스시설_공원_1096","ZON216","생활서비스시설_공원"," "," ","어린이공원(솔뫼)"," ","",""
"112064","생활서비스시설_공원_1098","ZON216","생활서비스시설_공원"," "," ","어린이공원(메아리)"," ","",""
"112065","생활서비스시설_공원_1099","ZON216","생활서비스시설_공원"," "," ","어린이공원(버들)"," ","",""
"112066","생활서비스시설_공원_1001","ZON216","생활서비스시설_공원"," "," ","어린이공원(정목)"," ","",""
"112067","생활서비스시설_공원_1005","ZON216","생활서비스시설_공원"," "," ","어린이공원(꽃동산)"," ","",""
"112068","생활서비스시설_공원_1007","ZON216","생활서비스시설_공원"," "," ","어린이공원(곰달래)"," ","",""
"112069","생활서비스시설_공원_1011","ZON216","생활서비스시설_공원"," "," ","근린공원(목마)"," ","",""
"112070","생활서비스시설_공원_1012","ZON216","생활서비스시설_공원"," "," ","근린공원(신월)"," ","",""
"112071","생활서비스시설_공원_1016","ZON216","생활서비스시설_공원"," "," ","어린이공원(금실)"," ","",""
"112072","생활서비스시설_공원_1021","ZON216","생활서비스시설_공원"," "," ","마을마당(목4동)"," ","",""
"112073","생활서비스시설_공원_1023","ZON216","생활서비스시설_공원"," "," ","근린공원(넘은들)"," ","",""
"112074","생활서비스시설_공원_1028","ZON216","생활서비스시설_공원"," "," ","근린공원(계남<시공원>)"," ","",""
"112075","생활서비스시설_공원_1029","ZON216","생활서비스시설_공원"," "," ","근린공원(빠리)"," ","",""
"112076","생활서비스시설_공원_0874","ZON216","생활서비스시설_공원"," "," ","도시자연공원((인왕산)<시공원>)"," ","",""
"112077","생활서비스시설_공원_0876","ZON216","생활서비스시설_공원"," "," ","하천(불광천)"," ","",""
"112078","생활서비스시설_공원_0883","ZON216","생활서비스시설_공원"," "," ","어린이공원(도화소)"," ","",""
"112079","생활서비스시설_공원_0884","ZON216","생활서비스시설_공원"," "," ","마을마당(대흥동)"," ","",""
"112080","생활서비스시설_공원_0903","ZON216","생활서비스시설_공원"," "," ","어린이공원(샘터)"," ","",""
"112081","생활서비스시설_공원_0905","ZON216","생활서비스시설_공원"," "," ","어린이공원(중동소)"," ","",""
"112082","생활서비스시설_공원_0906","ZON216","생활서비스시설_공원"," "," ","어린이공원(애오개)"," ","",""
"112083","생활서비스시설_공원_0909","ZON216","생활서비스시설_공원"," "," ","어린이공원(동교)"," ","",""
"112084","생활서비스시설_공원_0911","ZON216","생활서비스시설_공원"," "," ","마을마당(연화소공원)"," ","",""
"112085","생활서비스시설_공원_0912","ZON216","생활서비스시설_공원"," "," ","어린이공원(개나리)"," ","",""
"112086","생활서비스시설_공원_0914","ZON216","생활서비스시설_공원"," "," ","어린이공원(대흥)"," ","",""
"112087","생활서비스시설_공원_0915","ZON216","생활서비스시설_공원"," "," ","묘지공원(외국인<시공원>)"," ","",""
"112088","생활서비스시설_공원_0917","ZON216","생활서비스시설_공원"," "," ","어린이공원(큰길)"," ","",""
"112089","생활서비스시설_공원_0918","ZON216","생활서비스시설_공원"," "," ","어린이공원(삼개)"," ","",""
"112090","생활서비스시설_공원_0920","ZON216","생활서비스시설_공원"," "," ","어린이공원(중동)"," ","",""
"112091","생활서비스시설_공원_0921","ZON216","생활서비스시설_공원"," "," ","어린이공원(휴먼빌공원)"," ","",""
"112092","생활서비스시설_공원_0923","ZON216","생활서비스시설_공원"," "," ","마을마당(중동)"," ","",""
"112093","생활서비스시설_공원_0924","ZON216","생활서비스시설_공원"," "," ","소공원(상수동정자마당)"," ","",""
"112094","생활서비스시설_공원_0926","ZON216","생활서비스시설_공원"," "," ","어린이공원(윗잔다리)"," ","",""
"112095","생활서비스시설_공원_0927","ZON216","생활서비스시설_공원"," "," ","어린이공원(잔다리)"," ","",""
"112096","생활서비스시설_공원_0928","ZON216","생활서비스시설_공원"," "," ","어린이공원(다솜)"," ","",""
"112097","생활서비스시설_공원_0930","ZON216","생활서비스시설_공원"," "," ","어린이공원(느티나무)"," ","",""
"112098","생활서비스시설_공원_0931","ZON216","생활서비스시설_공원"," "," ","어린이공원(쌍둥이)"," ","",""
"112099","생활서비스시설_공원_0933","ZON216","생활서비스시설_공원"," "," ","어린이공원(남도)"," ","",""
"112100","생활서비스시설_공원_0934","ZON216","생활서비스시설_공원"," "," ","어린이공원(푸른)"," ","",""
"112101","생활서비스시설_공원_0936","ZON216","생활서비스시설_공원"," "," ","어린이공원(모세미)"," ","",""
"112102","생활서비스시설_공원_0937","ZON216","생활서비스시설_공원"," "," ","어린이공원(넓은들)"," ","",""
"112103","생활서비스시설_공원_0939","ZON216","생활서비스시설_공원"," "," ","마을마당(신정4)"," ","",""
"112104","생활서비스시설_공원_0940","ZON216","생활서비스시설_공원"," "," ","마을마당(신정1)"," ","",""
"112105","생활서비스시설_공원_0941","ZON216","생활서비스시설_공원"," "," ","어린이공원(꽃사과)"," ","",""
"112106","생활서비스시설_공원_0943","ZON216","생활서비스시설_공원"," "," ","어린이공원(신오)"," ","",""
"112107","생활서비스시설_공원_0944","ZON216","생활서비스시설_공원"," "," ","어린이공원(은하수)"," ","",""
"112108","생활서비스시설_공원_0946","ZON216","생활서비스시설_공원"," "," ","어린이공원(양명)"," ","",""
"112109","생활서비스시설_공원_0947","ZON216","생활서비스시설_공원"," "," ","어린이공원(태양)"," ","",""
"112110","생활서비스시설_공원_0948","ZON216","생활서비스시설_공원"," "," ","어린이공원(신월)"," ","",""
"112111","생활서비스시설_공원_0950","ZON216","생활서비스시설_공원"," "," ","어린이공원(오구)"," ","",""
"112112","생활서비스시설_공원_0722","ZON216","생활서비스시설_공원"," "," ","어린이공원(샛말)"," ","",""
"112113","생활서비스시설_공원_0724","ZON216","생활서비스시설_공원"," "," ","어린이공원(민들래)"," ","",""
"112114","생활서비스시설_공원_0725","ZON216","생활서비스시설_공원"," "," ","근린공원(비석골)"," ","",""
"112115","생활서비스시설_공원_0731","ZON216","생활서비스시설_공원"," "," ","어린이공원(포수동)"," ","",""
"112116","생활서비스시설_공원_0735","ZON216","생활서비스시설_공원"," "," ","마을마당(불광동)"," ","",""
"112117","생활서비스시설_공원_0737","ZON216","생활서비스시설_공원"," "," ","도시자연공원(북한산(시공원))"," ","",""
"112118","생활서비스시설_공원_0742","ZON216","생활서비스시설_공원"," "," ","어린이공원(눌뫼)"," ","",""
"112119","생활서비스시설_공원_0744","ZON216","생활서비스시설_공원"," "," ","어린이공원(길마)"," ","",""
"112120","생활서비스시설_공원_0749","ZON216","생활서비스시설_공원"," "," ","어린이공원(연신)"," ","",""
"112121","생활서비스시설_공원_0752","ZON216","생활서비스시설_공원"," "," ","어린이공원(관동)"," ","",""
"112122","생활서비스시설_공원_0756","ZON216","생활서비스시설_공원"," "," ","마을마당(불광위령탑)"," ","",""
"112123","생활서비스시설_공원_0759","ZON216","생활서비스시설_공원"," "," ","마을마당(응암1동)"," ","",""
"112124","생활서비스시설_공원_0763","ZON216","생활서비스시설_공원"," "," ","어린이공원(새락골)"," ","",""
"112125","생활서비스시설_공원_0766","ZON216","생활서비스시설_공원"," "," ","어린이공원(가람)"," ","",""
"112126","생활서비스시설_공원_0767","ZON216","생활서비스시설_공원"," "," ","근린공원(불광<시공원>)"," ","",""
"112127","생활서비스시설_공원_0768","ZON216","생활서비스시설_공원"," "," ","근린공원((백련)<시공원>)"," ","",""
"112128","생활서비스시설_공원_0771","ZON216","생활서비스시설_공원"," "," ","도시자연공원((북한산)<시공원>)"," ","",""
"112129","생활서비스시설_공원_0778","ZON216","생활서비스시설_공원"," "," ","마을마당(쌈지마당)"," ","",""
"112130","생활서비스시설_공원_0781","ZON216","생활서비스시설_공원"," "," ","마을마당(살구나무)"," ","",""
"112131","생활서비스시설_공원_0784","ZON216","생활서비스시설_공원"," "," ","기타공원(연신내물빛)"," ","",""
"112132","생활서비스시설_공원_0786","ZON216","생활서비스시설_공원"," "," ","어린이공원(요산)"," ","",""
"112133","생활서비스시설_공원_0790","ZON216","생활서비스시설_공원"," "," ","어린이공원(거북이)"," ","",""
"112134","생활서비스시설_공원_0794","ZON216","생활서비스시설_공원"," "," ","어린이공원(시루메)"," ","",""
"112135","생활서비스시설_공원_0796","ZON216","생활서비스시설_공원"," "," ","근린공원(녹번서)"," ","",""
"112136","생활서비스시설_공원_0798","ZON216","생활서비스시설_공원"," "," ","마을마당(조리)"," ","",""
"112137","생활서비스시설_공원_0801","ZON216","생활서비스시설_공원"," "," ","마을마당(한울타리)"," ","",""
"112138","생활서비스시설_공원_0802","ZON216","생활서비스시설_공원"," "," ","마을마당(만우)"," ","",""
"112139","생활서비스시설_공원_0942","ZON216","생활서비스시설_공원"," "," ","어린이공원(꿈나무)"," ","",""
"112140","생활서비스시설_공원_0945","ZON216","생활서비스시설_공원"," "," ","어린이공원(당곡)"," ","",""
"112141","생활서비스시설_공원_0949","ZON216","생활서비스시설_공원"," "," ","어린이공원(영도)"," ","",""
"112142","생활서비스시설_공원_0952","ZON216","생활서비스시설_공원"," "," ","어린이공원(해태)"," ","",""
"112143","생활서비스시설_공원_0956","ZON216","생활서비스시설_공원"," "," ","마을마당(신월7동)"," ","",""
"112144","생활서비스시설_공원_0957","ZON216","생활서비스시설_공원"," "," ","근린공원(목동)"," ","",""
"112145","생활서비스시설_공원_0963","ZON216","생활서비스시설_공원"," "," ","어린이공원(신세계)"," ","",""
"112146","생활서비스시설_공원_0970","ZON216","생활서비스시설_공원"," "," ","근린공원(신트리)"," ","",""
"112147","생활서비스시설_공원_0972","ZON216","생활서비스시설_공원"," "," ","근린공원(용왕산<시공원>)"," ","",""
"112148","생활서비스시설_공원_0973","ZON216","생활서비스시설_공원"," "," ","기타공원(장수공원)"," ","",""
"112149","생활서비스시설_공원_0976","ZON216","생활서비스시설_공원"," "," ","근린공원(칼산<시공원>)"," ","",""
"112150","생활서비스시설_공원_0978","ZON216","생활서비스시설_공원"," "," ","근린공원(양천)"," ","",""
"112151","생활서비스시설_공원_0981","ZON216","생활서비스시설_공원"," "," ","근린공원(곰달래)"," ","",""
"112152","생활서비스시설_공원_0987","ZON216","생활서비스시설_공원"," "," ","어린이공원(홍익)"," ","",""
"112153","생활서비스시설_공원_0991","ZON216","생활서비스시설_공원"," "," ","어린이공원(달님)"," ","",""
"112154","생활서비스시설_공원_0994","ZON216","생활서비스시설_공원"," "," ","어린이공원(무지개)"," ","",""
"112155","생활서비스시설_공원_0998","ZON216","생활서비스시설_공원"," "," ","근린공원(독서)"," ","",""
"112156","생활서비스시설_공원_1002","ZON216","생활서비스시설_공원"," "," ","어린이공원(앞산)"," ","",""
"112157","생활서비스시설_공원_1003","ZON216","생활서비스시설_공원"," "," ","어린이공원(진달래)"," ","",""
"112158","생활서비스시설_공원_1004","ZON216","생활서비스시설_공원"," "," ","어린이공원(신대)"," ","",""
"112159","생활서비스시설_공원_1006","ZON216","생활서비스시설_공원"," "," ","마을마당(신정2)"," ","",""
"112160","생활서비스시설_공원_1008","ZON216","생활서비스시설_공원"," "," ","어린이공원(호돌이)"," ","",""
"112161","생활서비스시설_공원_1009","ZON216","생활서비스시설_공원"," "," ","어린이공원(안산)"," ","",""
"112162","생활서비스시설_공원_1010","ZON216","생활서비스시설_공원"," "," ","어린이공원(돌다리)"," ","",""
"112163","생활서비스시설_공원_1013","ZON216","생활서비스시설_공원"," "," ","어린이공원(개나리)"," ","",""
"112164","생활서비스시설_공원_1014","ZON216","생활서비스시설_공원"," "," ","어린이공원(등촌)"," ","",""
"112165","생활서비스시설_공원_1015","ZON216","생활서비스시설_공원"," "," ","어린이공원(꿈동산)"," ","",""
"112166","생활서비스시설_공원_1017","ZON216","생활서비스시설_공원"," "," ","어린이공원(신장)"," ","",""
"112167","생활서비스시설_공원_1018","ZON216","생활서비스시설_공원"," "," ","어린이공원(아랫말)"," ","",""
"112168","생활서비스시설_공원_1019","ZON216","생활서비스시설_공원"," "," ","어린이공원(마장)"," ","",""
"112169","생활서비스시설_공원_1020","ZON216","생활서비스시설_공원"," "," ","어린이공원(백석)"," ","",""
"112170","생활서비스시설_공원_1022","ZON216","생활서비스시설_공원"," "," ","어린이공원(신정)"," ","",""
"112171","생활서비스시설_공원_1024","ZON216","생활서비스시설_공원"," "," ","어린이공원(강신)"," ","",""
"112172","생활서비스시설_공원_1025","ZON216","생활서비스시설_공원"," "," ","어린이공원(강월)"," ","",""
"112173","생활서비스시설_공원_1026","ZON216","생활서비스시설_공원"," "," ","기타공원(미관광장)"," ","",""
"112174","생활서비스시설_공원_1027","ZON216","생활서비스시설_공원"," "," ","어린이공원(기린)"," ","",""
"112175","생활서비스시설_공원_1030","ZON216","생활서비스시설_공원"," "," ","어린이공원(경인)"," ","",""
"112176","생활서비스시설_공원_0484","ZON216","생활서비스시설_공원"," "," ","어린이공원(삼선)"," ","",""
"112177","생활서비스시설_공원_0486","ZON216","생활서비스시설_공원"," "," ","근린공원(개운산<시공원>)"," ","",""
"112178","생활서비스시설_공원_0490","ZON216","생활서비스시설_공원"," "," ","어린이공원(미아)"," ","",""
"112179","생활서비스시설_공원_0493","ZON216","생활서비스시설_공원"," "," ","어린이공원(샛강)"," ","",""
"112180","생활서비스시설_공원_0320","ZON216","생활서비스시설_공원"," "," ","어린이공원(보림)"," ","",""
"112181","생활서비스시설_공원_0322","ZON216","생활서비스시설_공원"," "," ","마을마당(다솜)"," ","",""
"112182","생활서비스시설_공원_0324","ZON216","생활서비스시설_공원"," "," ","어린이공원(이삭)"," ","",""
"112183","생활서비스시설_공원_0325","ZON216","생활서비스시설_공원"," "," ","어린이공원(안골)"," ","",""
"112184","생활서비스시설_공원_0326","ZON216","생활서비스시설_공원"," "," ","어린이공원(한내)"," ","",""
"112185","생활서비스시설_공원_0328","ZON216","생활서비스시설_공원"," "," ","어린이공원(미리내)"," ","",""
"112186","생활서비스시설_공원_0329","ZON216","생활서비스시설_공원"," "," ","어린이공원(용머리)"," ","",""
"112187","생활서비스시설_공원_0331","ZON216","생활서비스시설_공원"," "," ","마을마당(답십리1동)"," ","",""
"112188","생활서비스시설_공원_0333","ZON216","생활서비스시설_공원"," "," ","어린이공원(동산)"," ","",""
"112189","생활서비스시설_공원_0334","ZON216","생활서비스시설_공원"," "," ","어린이공원(섬들)"," ","",""
"112190","생활서비스시설_공원_0336","ZON216","생활서비스시설_공원"," "," ","어린이공원(까치)"," ","",""
"112191","생활서비스시설_공원_0337","ZON216","생활서비스시설_공원"," "," ","어린이공원(새싹)"," ","",""
"112192","생활서비스시설_공원_0339","ZON216","생활서비스시설_공원"," "," ","어린이공원(먹골)"," ","",""
"112193","생활서비스시설_공원_0340","ZON216","생활서비스시설_공원"," "," ","어린이공원(본동)"," ","",""
"112194","생활서비스시설_공원_0342","ZON216","생활서비스시설_공원"," "," ","어린이공원(사랑)"," ","",""
"112195","생활서비스시설_공원_0343","ZON216","생활서비스시설_공원"," "," ","어린이공원(양지)"," ","",""
"112196","생활서비스시설_공원_0344","ZON216","생활서비스시설_공원"," "," ","어린이공원(이화)"," ","",""
"112197","생활서비스시설_공원_0346","ZON216","생활서비스시설_공원"," "," ","기타(묵2동 체육공원)"," ","",""
"112198","생활서비스시설_공원_0348","ZON216","생활서비스시설_공원"," "," ","어린이공원(봉황)"," ","",""
"112199","생활서비스시설_공원_0349","ZON216","생활서비스시설_공원"," "," ","마을마당(면목역공원)"," ","",""
"112200","생활서비스시설_공원_0402","ZON216","생활서비스시설_공원"," "," ","어린이공원(꽃동산)"," ","",""
"112201","생활서비스시설_공원_0403","ZON216","생활서비스시설_공원"," "," ","기타공원(월곡1동경로당옆쉼터)"," ","",""
"112202","생활서비스시설_공원_0405","ZON216","생활서비스시설_공원"," "," ","기타공원(월곡1동녹지쉼터)"," ","",""
"112666","생활서비스시설_공원_1303","ZON216","생활서비스시설_공원"," "," ","마을마당(신길3)"," ","",""
"112667","생활서비스시설_공원_1305","ZON216","생활서비스시설_공원"," "," ","마을마당(도림1)"," ","",""
"112668","생활서비스시설_공원_1450","ZON216","생활서비스시설_공원"," "," ","근린공원((상도)<시공원>)"," ","",""
"112669","생활서비스시설_공원_1456","ZON216","생활서비스시설_공원"," "," ","어린이공원(명달리)"," ","",""
"112670","생활서비스시설_공원_1459","ZON216","생활서비스시설_공원"," "," ","근린공원(용허리)"," ","",""
"112671","생활서비스시설_공원_1482","ZON216","생활서비스시설_공원"," "," ","어린이공원(종열)"," ","",""
"112672","생활서비스시설_공원_1486","ZON216","생활서비스시설_공원"," "," ","어린이공원(장미)"," ","",""
"112673","생활서비스시설_공원_1489","ZON216","생활서비스시설_공원"," "," ","어린이공원(초롱)"," ","",""
"112674","생활서비스시설_공원_1492","ZON216","생활서비스시설_공원"," "," ","소공원(방배동)"," ","",""
"112675","생활서비스시설_공원_1495","ZON216","생활서비스시설_공원"," "," ","근린공원(고인돌)"," ","",""
"112676","생활서비스시설_공원_1439","ZON216","생활서비스시설_공원"," "," ","어린이공원(난우)"," ","",""
"112677","생활서비스시설_공원_1443","ZON216","생활서비스시설_공원"," "," ","어린이공원(해태)"," ","",""
"112678","생활서비스시설_공원_1446","ZON216","생활서비스시설_공원"," "," ","어린이공원(원당)"," ","",""
"112679","생활서비스시설_공원_1449","ZON216","생활서비스시설_공원"," "," ","어린이공원(신화)"," ","",""
"112680","생활서비스시설_공원_1608","ZON216","생활서비스시설_공원"," "," ","근린공원(달터<시공원>)"," ","",""
"112681","생활서비스시설_공원_1613","ZON216","생활서비스시설_공원"," "," ","근린공원(늘벚)"," ","",""
"112682","생활서비스시설_공원_1614","ZON216","생활서비스시설_공원"," "," ","근린공원(선?정릉)"," ","",""
"112683","생활서비스시설_공원_1621","ZON216","생활서비스시설_공원"," "," ","어린이공원(일원느티나무)"," ","",""
"112684","생활서비스시설_공원_1624","ZON216","생활서비스시설_공원"," "," ","어린이공원(압구정목련)"," ","",""
"112663","생활서비스시설_공원_1875","ZON216","생활서비스시설_공원"," "," ","근린공원(서울숲)"," ","",""
"112664","생활서비스시설_공원_1298","ZON216","생활서비스시설_공원"," "," ","어린이공원(영등포1동)"," ","",""
"112665","생활서비스시설_공원_1302","ZON216","생활서비스시설_공원"," "," ","소공원(홈타운앞공원)"," ","",""
"112945","생활서비스시설_공원_1370","ZON216","생활서비스시설_공원"," "," ","마을마당(신림2동)"," ","",""
"112946","생활서비스시설_공원_1372","ZON216","생활서비스시설_공원"," "," ","어린이공원(미림)"," ","",""
"112947","생활서비스시설_공원_1373","ZON216","생활서비스시설_공원"," "," ","어린이공원(모래내)"," ","",""
"112948","생활서비스시설_공원_1375","ZON216","생활서비스시설_공원"," "," ","마을마당(봉천6동)"," ","",""
"112949","생활서비스시설_공원_1376","ZON216","생활서비스시설_공원"," "," ","어린이공원(약수암)"," ","",""
"112943","생활서비스시설_공원_1368","ZON216","생활서비스시설_공원"," "," ","어린이공원(군아파트)"," ","",""
"112944","생활서비스시설_공원_1369","ZON216","생활서비스시설_공원"," "," ","어린이공원(삼육)"," ","",""
"112950","생활서비스시설_공원_1377","ZON216","생활서비스시설_공원"," "," ","어린이공원(국지)"," ","",""
"112951","생활서비스시설_공원_1379","ZON216","생활서비스시설_공원"," "," ","어린이공원(봉림)"," ","",""
"112952","생활서비스시설_공원_1380","ZON216","생활서비스시설_공원"," "," ","어린이공원(서원)"," ","",""
"112953","생활서비스시설_공원_1382","ZON216","생활서비스시설_공원"," "," ","어린이공원(용담)"," ","",""
"112954","생활서비스시설_공원_1383","ZON216","생활서비스시설_공원"," "," ","어린이공원(송학)"," ","",""
"112955","생활서비스시설_공원_1385","ZON216","생활서비스시설_공원"," "," ","어린이공원(약수)"," ","",""
"112956","생활서비스시설_공원_1386","ZON216","생활서비스시설_공원"," "," ","마을마당(신림본동3)"," ","",""
"112957","생활서비스시설_공원_1387","ZON216","생활서비스시설_공원"," "," ","어린이공원(청룡)"," ","",""
"112958","생활서비스시설_공원_1389","ZON216","생활서비스시설_공원"," "," ","어린이공원(밤골)"," ","",""
"112959","생활서비스시설_공원_1390","ZON216","생활서비스시설_공원"," "," ","어린이공원(약수)"," ","",""
"112960","생활서비스시설_공원_1391","ZON216","생활서비스시설_공원"," "," ","어린이공원(학다리)"," ","",""
"112961","생활서비스시설_공원_1392","ZON216","생활서비스시설_공원"," "," ","어린이공원(장군봉)"," ","",""
"112962","생활서비스시설_공원_1393","ZON216","생활서비스시설_공원"," "," ","어린이공원(태양)"," ","",""
"112963","생활서비스시설_공원_1394","ZON216","생활서비스시설_공원"," "," ","어린이공원(색동)"," ","",""
"112964","생활서비스시설_공원_1395","ZON216","생활서비스시설_공원"," "," ","어린이공원(오성)"," ","",""
"112965","생활서비스시설_공원_1396","ZON216","생활서비스시설_공원"," "," ","어린이공원(사우촌)"," ","",""
"112966","생활서비스시설_공원_1397","ZON216","생활서비스시설_공원"," "," ","어린이공원(국회단지)"," ","",""
"112967","생활서비스시설_공원_1398","ZON216","생활서비스시설_공원"," "," ","어린이공원(연주대)"," ","",""
"112968","생활서비스시설_공원_1399","ZON216","생활서비스시설_공원"," "," ","어린이공원(당곡)"," ","",""
"112969","생활서비스시설_공원_1400","ZON216","생활서비스시설_공원"," "," ","마을마당(마을마당)"," ","",""
"112970","생활서비스시설_공원_1301","ZON216","생활서비스시설_공원"," "," ","어린이공원(대림)"," ","",""
"112971","생활서비스시설_공원_1304","ZON216","생활서비스시설_공원"," "," ","광장(신길광장)"," ","",""
"112972","생활서비스시설_공원_1306","ZON216","생활서비스시설_공원"," "," ","마을마당(신길3동)"," ","",""
"112973","생활서비스시설_공원_1309","ZON216","생활서비스시설_공원"," "," ","마을마당(가칭)당산2공원)"," ","",""
"112974","생활서비스시설_공원_1312","ZON216","생활서비스시설_공원"," "," ","어린이공원(중앙)"," ","",""
"112975","생활서비스시설_공원_1315","ZON216","생활서비스시설_공원"," "," ","근린공원(양화폭포)"," ","",""
"112976","생활서비스시설_공원_1316","ZON216","생활서비스시설_공원"," "," ","근린공원(메낙골)"," ","",""
"112977","생활서비스시설_공원_1320","ZON216","생활서비스시설_공원"," "," ","마을마당(양지)"," ","",""
"112978","생활서비스시설_공원_1324","ZON216","생활서비스시설_공원"," "," ","기타공원(사당동휴게쉼터1)"," ","",""
"112979","생활서비스시설_공원_1329","ZON216","생활서비스시설_공원"," "," ","어린이공원(반달)"," ","",""
"112980","생활서비스시설_공원_1333","ZON216","생활서비스시설_공원"," "," ","마을마당(사당)"," ","",""
"112981","생활서비스시설_공원_1335","ZON216","생활서비스시설_공원"," "," ","근린공원(동작주차)"," ","",""
"112982","생활서비스시설_공원_1339","ZON216","생활서비스시설_공원"," "," ","어린이공원(꿈동산)"," ","",""
"112983","생활서비스시설_공원_1341","ZON216","생활서비스시설_공원"," "," ","근린공원(3.1)"," ","",""
"112984","생활서비스시설_공원_1345","ZON216","생활서비스시설_공원"," "," ","어린이공원(은하수)"," ","",""
"112985","생활서비스시설_공원_1347","ZON216","생활서비스시설_공원"," "," ","어린이공원(본동)"," ","",""
"112986","생활서비스시설_공원_1352","ZON216","생활서비스시설_공원"," "," ","근린공원(까치산<시공원>)"," ","",""
"112987","생활서비스시설_공원_1355","ZON216","생활서비스시설_공원"," "," ","근린공원(용봉정)"," ","",""
"112988","생활서비스시설_공원_1356","ZON216","생활서비스시설_공원"," "," ","묘지공원(사육신<시공원>)"," ","",""
"112989","생활서비스시설_공원_1403","ZON216","생활서비스시설_공원"," "," ","어린이공원(새숲)"," ","",""
"112990","생활서비스시설_공원_1404","ZON216","생활서비스시설_공원"," "," ","어린이공원(봉천)"," ","",""
"112991","생활서비스시설_공원_1221","ZON216","생활서비스시설_공원"," "," ","마을마당(구로1동1)"," ","",""
"112992","생활서비스시설_공원_1224","ZON216","생활서비스시설_공원"," "," ","마을마당(오류2동2)"," ","",""
"112993","생활서비스시설_공원_1225","ZON216","생활서비스시설_공원"," "," ","마을마당(가리봉2동)"," ","",""
"112994","생활서비스시설_공원_1226","ZON216","생활서비스시설_공원"," "," ","어린이공원(애경)"," ","",""
"112995","생활서비스시설_공원_1227","ZON216","생활서비스시설_공원"," "," ","어린이공원(파랑새)"," ","",""
"112996","생활서비스시설_공원_1229","ZON216","생활서비스시설_공원"," "," ","어린이공원(진달래)"," ","",""
"112997","생활서비스시설_공원_1230","ZON216","생활서비스시설_공원"," "," ","어린이공원(남서울)"," ","",""
"112998","생활서비스시설_공원_1232","ZON216","생활서비스시설_공원"," "," ","어린이공원(은행)"," ","",""
"112999","생활서비스시설_공원_1233","ZON216","생활서비스시설_공원"," "," ","근린공원(독산)"," ","",""
"113000","생활서비스시설_공원_1234","ZON216","생활서비스시설_공원"," "," ","어린이공원(두산)"," ","",""
"113001","생활서비스시설_공원_1236","ZON216","생활서비스시설_공원"," "," ","광장(삼성체육공원(시흥4동다목적광장))"," ","",""
"113002","생활서비스시설_공원_1238","ZON216","생활서비스시설_공원"," "," ","어린이공원(별장길)"," ","",""
"113003","생활서비스시설_공원_1239","ZON216","생활서비스시설_공원"," "," ","어린이공원(무지개)"," ","",""
"113004","생활서비스시설_공원_1240","ZON216","생활서비스시설_공원"," "," ","마을마당(말뫼)"," ","",""
"113005","생활서비스시설_공원_1242","ZON216","생활서비스시설_공원"," "," ","어린이공원(장미)"," ","",""
"113006","생활서비스시설_공원_1244","ZON216","생활서비스시설_공원"," "," ","어린이공원(신흥)"," ","",""
"113007","생활서비스시설_공원_1245","ZON216","생활서비스시설_공원"," "," ","어린이공원(쌈지)"," ","",""
"113008","생활서비스시설_공원_1247","ZON216","생활서비스시설_공원"," "," ","어린이공원(까치)"," ","",""
"113009","생활서비스시설_공원_1248","ZON216","생활서비스시설_공원"," "," ","어린이공원(느티나무)"," ","",""
"113010","생활서비스시설_공원_1249","ZON216","생활서비스시설_공원"," "," ","어린이공원(구룡)"," ","",""
"113011","생활서비스시설_공원_1251","ZON216","생활서비스시설_공원"," "," ","어린이공원(소망)"," ","",""
"113012","생활서비스시설_공원_1252","ZON216","생활서비스시설_공원"," "," ","어린이공원(무궁화)"," ","",""
"113013","생활서비스시설_공원_1254","ZON216","생활서비스시설_공원"," "," ","어린이공원(반수)"," ","",""
"113014","생활서비스시설_공원_1185","ZON216","생활서비스시설_공원"," "," ","마을마당(개봉2동)"," ","",""
"113015","생활서비스시설_공원_1187","ZON216","생활서비스시설_공원"," "," ","어린이공원(가린열)"," ","",""
"113016","생활서비스시설_공원_1188","ZON216","생활서비스시설_공원"," "," ","어린이공원(도레미)"," ","",""
"113017","생활서비스시설_공원_1189","ZON216","생활서비스시설_공원"," "," ","마을마당(구로5동)"," ","",""
"113018","생활서비스시설_공원_1190","ZON216","생활서비스시설_공원"," "," ","마을마당(구로2동3)"," ","",""
"113019","생활서비스시설_공원_1192","ZON216","생활서비스시설_공원"," "," ","마을마당(고척1동1)"," ","",""
"113020","생활서비스시설_공원_1194","ZON216","생활서비스시설_공원"," "," ","마을마당(고척1동3)"," ","",""
"113021","생활서비스시설_공원_1196","ZON216","생활서비스시설_공원"," "," ","마을마당(구로1동3)"," ","",""
"113022","생활서비스시설_공원_1197","ZON216","생활서비스시설_공원"," "," ","마을마당(개봉3동)"," ","",""
"113023","생활서비스시설_공원_1198","ZON216","생활서비스시설_공원"," "," ","마을마당(오류2동1)"," ","",""
"113024","생활서비스시설_공원_1199","ZON216","생활서비스시설_공원"," "," ","마을마당(개봉1동8)"," ","",""
"113025","생활서비스시설_공원_1200","ZON216","생활서비스시설_공원"," "," ","어린이공원(신도림동)"," ","",""
"113026","생활서비스시설_공원_1101","ZON216","생활서비스시설_공원"," "," ","어린이공원(이수)"," ","",""
"113027","생활서비스시설_공원_1103","ZON216","생활서비스시설_공원"," "," ","어린이공원(코끼리)"," ","",""
"113028","생활서비스시설_공원_1106","ZON216","생활서비스시설_공원"," "," ","어린이공원(백석)"," ","",""
"113029","생활서비스시설_공원_1110","ZON216","생활서비스시설_공원"," "," ","어린이공원(바탕골)"," ","",""
"113030","생활서비스시설_공원_1114","ZON216","생활서비스시설_공원"," "," ","어린이공원(두레)"," ","",""
"113031","생활서비스시설_공원_1117","ZON216","생활서비스시설_공원"," "," ","어린이공원(더부리)"," ","",""
"113032","생활서비스시설_공원_1120","ZON216","생활서비스시설_공원"," "," ","어린이공원(화곡1주구1)"," ","",""
"113033","생활서비스시설_공원_1123","ZON216","생활서비스시설_공원"," "," ","근린공원(꿩고개<시공원>)"," ","",""
"113034","생활서비스시설_공원_1126","ZON216","생활서비스시설_공원"," "," ","근린공원(까치산)"," ","",""
"113035","생활서비스시설_공원_1127","ZON216","생활서비스시설_공원"," "," ","근린공원(방화)"," ","",""
"113036","생활서비스시설_공원_1128","ZON216","생활서비스시설_공원"," "," ","근린공원(궁산<시공원>)"," ","",""
"113037","생활서비스시설_공원_1136","ZON216","생활서비스시설_공원"," "," ","마을마당(백석)"," ","",""
"113038","생활서비스시설_공원_1139","ZON216","생활서비스시설_공원"," "," ","기타공원(꿈돌이)"," ","",""
"113039","생활서비스시설_공원_1145","ZON216","생활서비스시설_공원"," "," ","어린이공원(월정)"," ","",""
"113040","생활서비스시설_공원_1149","ZON216","생활서비스시설_공원"," "," ","근린공원(봉제산<시공원>)"," ","",""
"113041","생활서비스시설_공원_1153","ZON216","생활서비스시설_공원"," "," ","기타공원(화곡동자투리)"," ","",""
"113042","생활서비스시설_공원_1157","ZON216","생활서비스시설_공원"," "," ","어린이공원(아름)"," ","",""
"113043","생활서비스시설_공원_1161","ZON216","생활서비스시설_공원"," "," ","마을마당(은행나무)"," ","",""
"113044","생활서비스시설_공원_1165","ZON216","생활서비스시설_공원"," "," ","마을마당(고척1동2)"," ","",""
"113045","생활서비스시설_공원_1168","ZON216","생활서비스시설_공원"," "," ","마을마당(오류1동4)"," ","",""
"113046","생활서비스시설_공원_1172","ZON216","생활서비스시설_공원"," "," ","어린이공원(희망)"," ","",""
"113047","생활서비스시설_공원_1176","ZON216","생활서비스시설_공원"," "," ","어린이공원(온수)"," ","",""
"113048","생활서비스시설_공원_1178","ZON216","생활서비스시설_공원"," "," ","어린이공원(삭새)"," ","",""
"113049","생활서비스시설_공원_1183","ZON216","생활서비스시설_공원"," "," ","마을마당(궁동)"," ","",""
"113050","생활서비스시설_공원_1186","ZON216","생활서비스시설_공원"," "," ","마을마당(구로본동2)"," ","",""
"113051","생활서비스시설_공원_1191","ZON216","생활서비스시설_공원"," "," ","마을마당(개봉1동7)"," ","",""
"113052","생활서비스시설_공원_1193","ZON216","생활서비스시설_공원"," "," ","마을마당(개봉1동2)"," ","",""
"113053","생활서비스시설_공원_1195","ZON216","생활서비스시설_공원"," "," ","근린공원(고척<시공원>)"," ","",""
"113054","생활서비스시설_공원_1202","ZON216","생활서비스시설_공원"," "," ","어린이공원(절골)"," ","",""
"113055","생활서비스시설_공원_1203","ZON216","생활서비스시설_공원"," "," ","마을마당(개봉1동6)"," ","",""
"113056","생활서비스시설_공원_1204","ZON216","생활서비스시설_공원"," "," ","마을마당(오류1동5(텃골))"," ","",""
"113057","생활서비스시설_공원_1206","ZON216","생활서비스시설_공원"," "," ","마을마당(오류1동1)"," ","",""
"113058","생활서비스시설_공원_1207","ZON216","생활서비스시설_공원"," "," ","어린이공원(화원)"," ","",""
"113059","생활서비스시설_공원_1208","ZON216","생활서비스시설_공원"," "," ","마을마당(구로2동1)"," ","",""
"113060","생활서비스시설_공원_1210","ZON216","생활서비스시설_공원"," "," ","마을마당(고척2동)"," ","",""
"113061","생활서비스시설_공원_1211","ZON216","생활서비스시설_공원"," "," ","어린이공원(능골)"," ","",""
"113062","생활서비스시설_공원_1213","ZON216","생활서비스시설_공원"," "," ","마을마당(개봉1동5)"," ","",""
"113063","생활서비스시설_공원_1214","ZON216","생활서비스시설_공원"," "," ","마을마당(구로1동2)"," ","",""
"113064","생활서비스시설_공원_1215","ZON216","생활서비스시설_공원"," "," ","어린이공원(소막골)"," ","",""
"113065","생활서비스시설_공원_1217","ZON216","생활서비스시설_공원"," "," ","마을마당(가리봉1동)"," ","",""
"113066","생활서비스시설_공원_1218","ZON216","생활서비스시설_공원"," "," ","마을마당(구로6동1)"," ","",""
"113067","생활서비스시설_공원_1220","ZON216","생활서비스시설_공원"," "," ","마을마당(오류1동7)"," ","",""
"113068","생활서비스시설_공원_1307","ZON216","생활서비스시설_공원"," "," ","마을마당(신길4동)"," ","",""
"113069","생활서비스시설_공원_1308","ZON216","생활서비스시설_공원"," "," ","마을마당(여의도동)"," ","",""
"113070","생활서비스시설_공원_1310","ZON216","생활서비스시설_공원"," "," ","마을마당(양평2동)"," ","",""
"113071","생활서비스시설_공원_1311","ZON216","생활서비스시설_공원"," "," ","어린이공원(두암)"," ","",""
"113072","생활서비스시설_공원_1313","ZON216","생활서비스시설_공원"," "," ","어린이공원(서강)"," ","",""
"113073","생활서비스시설_공원_1314","ZON216","생활서비스시설_공원"," "," ","어린이공원(양남)"," ","",""
"113074","생활서비스시설_공원_1317","ZON216","생활서비스시설_공원"," "," ","마을마당(신길6)"," ","",""
"113075","생활서비스시설_공원_1318","ZON216","생활서비스시설_공원"," "," ","마을마당(양평동)"," ","",""
"113076","생활서비스시설_공원_1319","ZON216","생활서비스시설_공원"," "," ","마을마당(신길7동)"," ","",""
"113077","생활서비스시설_공원_1321","ZON216","생활서비스시설_공원"," "," ","어린이공원(별님)"," ","",""
"113078","생활서비스시설_공원_1322","ZON216","생활서비스시설_공원"," "," ","어린이공원(개나리)"," ","",""
"113079","생활서비스시설_공원_1323","ZON216","생활서비스시설_공원"," "," ","어린이공원(꿈돌이)"," ","",""
"113080","생활서비스시설_공원_1325","ZON216","생활서비스시설_공원"," "," ","어린이공원(청명)"," ","",""
"113081","생활서비스시설_공원_1326","ZON216","생활서비스시설_공원"," "," ","어린이공원(해당화)"," ","",""
"113082","생활서비스시설_공원_1327","ZON216","생활서비스시설_공원"," "," ","기타공원(사당동휴게쉼터1)"," ","",""
"113083","생활서비스시설_공원_1328","ZON216","생활서비스시설_공원"," "," ","어린이공원(옹달샘)"," ","",""
"113084","생활서비스시설_공원_1330","ZON216","생활서비스시설_공원"," "," ","기타공원(이수정쉼터)"," ","",""
"113085","생활서비스시설_공원_1331","ZON216","생활서비스시설_공원"," "," ","근린공원(노량진<시공원>)"," ","",""
"113086","생활서비스시설_공원_1332","ZON216","생활서비스시설_공원"," "," ","마을마당(훼미리쉼터)"," ","",""
"113087","생활서비스시설_공원_1334","ZON216","생활서비스시설_공원"," "," ","마을마당(상도)"," ","",""
"113088","생활서비스시설_공원_1336","ZON216","생활서비스시설_공원"," "," ","기타공원(늘푸른쉼터)"," ","",""
"113089","생활서비스시설_공원_1337","ZON216","생활서비스시설_공원"," "," ","어린이공원(까치)"," ","",""
"113090","생활서비스시설_공원_1338","ZON216","생활서비스시설_공원"," "," ","어린이공원(늘푸른)"," ","",""
"113091","생활서비스시설_공원_1340","ZON216","생활서비스시설_공원"," "," ","어린이공원(장미)"," ","",""
"113092","생활서비스시설_공원_1342","ZON216","생활서비스시설_공원"," "," ","어린이공원(산새)"," ","",""
"113093","생활서비스시설_공원_1343","ZON216","생활서비스시설_공원"," "," ","어린이공원(새벽)"," ","",""
"113094","생활서비스시설_공원_1344","ZON216","생활서비스시설_공원"," "," ","어린이공원(샛별)"," ","",""
"113095","생활서비스시설_공원_1346","ZON216","생활서비스시설_공원"," "," ","어린이공원(동산)"," ","",""
"113096","생활서비스시설_공원_1496","ZON216","생활서비스시설_공원"," "," ","도시자연공원(대모산<시공원>)"," ","",""
"113097","생활서비스시설_공원_1497","ZON216","생활서비스시설_공원"," "," ","도시자연공원(인능산1<시공원>)"," ","",""
"113098","생활서비스시설_공원_1502","ZON216","생활서비스시설_공원"," "," ","어린이공원(새싹)"," ","",""
"113099","생활서비스시설_공원_1504","ZON216","생활서비스시설_공원"," "," ","어린이공원(미륵)"," ","",""
"113100","생활서비스시설_공원_1505","ZON216","생활서비스시설_공원"," "," ","어린이공원(예술)"," ","",""
"113101","생활서비스시설_공원_1506","ZON216","생활서비스시설_공원"," "," ","어린이공원(개뜰)"," ","",""
"113102","생활서비스시설_공원_1507","ZON216","생활서비스시설_공원"," "," ","어린이공원(동문)"," ","",""
"113103","생활서비스시설_공원_1508","ZON216","생활서비스시설_공원"," "," ","마을마당(뽕나무공원)"," ","",""
"113104","생활서비스시설_공원_1510","ZON216","생활서비스시설_공원"," "," ","어린이공원(장안)"," ","",""
"113105","생활서비스시설_공원_1511","ZON216","생활서비스시설_공원"," "," ","어린이공원(양재)"," ","",""
"113106","생활서비스시설_공원_1513","ZON216","생활서비스시설_공원"," "," ","근린공원(마방)"," ","",""
"113107","생활서비스시설_공원_1514","ZON216","생활서비스시설_공원"," "," ","어린이공원(잔디)"," ","",""
"113108","생활서비스시설_공원_1516","ZON216","생활서비스시설_공원"," "," ","어린이공원(싸리재)"," ","",""
"113109","생활서비스시설_공원_1517","ZON216","생활서비스시설_공원"," "," ","어린이공원(아름)"," ","",""
"113149","생활서비스시설_공원_1575","ZON216","생활서비스시설_공원"," "," ","어린이공원(예지)"," ","",""
"113110","생활서비스시설_공원_1518","ZON216","생활서비스시설_공원"," "," ","어린이공원(횃불)"," ","",""
"113111","생활서비스시설_공원_1520","ZON216","생활서비스시설_공원"," "," ","어린이공원(까치)"," ","",""
"113112","생활서비스시설_공원_1521","ZON216","생활서비스시설_공원"," "," ","어린이공원(서래)"," ","",""
"113113","생활서비스시설_공원_1523","ZON216","생활서비스시설_공원"," "," ","어린이공원(버들)"," ","",""
"113114","생활서비스시설_공원_1525","ZON216","생활서비스시설_공원"," "," ","어린이공원(사도감)"," ","",""
"113115","생활서비스시설_공원_1526","ZON216","생활서비스시설_공원"," "," ","마을마당(서초3동)"," ","",""
"113116","생활서비스시설_공원_1527","ZON216","생활서비스시설_공원"," "," ","어린이공원(본마을)"," ","",""
"113117","생활서비스시설_공원_1528","ZON216","생활서비스시설_공원"," "," ","어린이공원(가꿀)"," ","",""
"113118","생활서비스시설_공원_1530","ZON216","생활서비스시설_공원"," "," ","어린이공원(샛별)"," ","",""
"113119","생활서비스시설_공원_1531","ZON216","생활서비스시설_공원"," "," ","어린이공원(새터)"," ","",""
"113120","생활서비스시설_공원_1532","ZON216","생활서비스시설_공원"," "," ","어린이공원(두둑재)"," ","",""
"113121","생활서비스시설_공원_1535","ZON216","생활서비스시설_공원"," "," ","어린이공원(느티나무)"," ","",""
"113122","생활서비스시설_공원_1536","ZON216","생활서비스시설_공원"," "," ","어린이공원(미도)"," ","",""
"113123","생활서비스시설_공원_1538","ZON216","생활서비스시설_공원"," "," ","어린이공원(송동)"," ","",""
"113124","생활서비스시설_공원_1540","ZON216","생활서비스시설_공원"," "," ","어린이공원(색동)"," ","",""
"113125","생활서비스시설_공원_1541","ZON216","생활서비스시설_공원"," "," ","어린이공원(구룡)"," ","",""
"113126","생활서비스시설_공원_1542","ZON216","생활서비스시설_공원"," "," ","어린이공원(반원)"," ","",""
"113127","생활서비스시설_공원_1543","ZON216","생활서비스시설_공원"," "," ","어린이공원(안산)"," ","",""
"113128","생활서비스시설_공원_1544","ZON216","생활서비스시설_공원"," "," ","어린이공원(한수)"," ","",""
"113129","생활서비스시설_공원_1546","ZON216","생활서비스시설_공원"," "," ","소공원(반포본동)"," ","",""
"113130","생활서비스시설_공원_1547","ZON216","생활서비스시설_공원"," "," ","어린이공원(윗샘)"," ","",""
"113131","생활서비스시설_공원_1549","ZON216","생활서비스시설_공원"," "," ","어린이공원(안골)"," ","",""
"113132","생활서비스시설_공원_1551","ZON216","생활서비스시설_공원"," "," ","근린공원(서래골)"," ","",""
"113133","생활서비스시설_공원_1552","ZON216","생활서비스시설_공원"," "," ","근린공원(명달)"," ","",""
"113134","생활서비스시설_공원_1553","ZON216","생활서비스시설_공원"," "," ","어린이공원(청두)"," ","",""
"113135","생활서비스시설_공원_1555","ZON216","생활서비스시설_공원"," "," ","어린이공원(쉼터)"," ","",""
"113136","생활서비스시설_공원_1556","ZON216","생활서비스시설_공원"," "," ","도시자연공원(우면산<시공원>)"," ","",""
"113137","생활서비스시설_공원_1558","ZON216","생활서비스시설_공원"," "," ","어린이공원(동덕)"," ","",""
"113138","생활서비스시설_공원_1559","ZON216","생활서비스시설_공원"," "," ","어린이공원(세화)"," ","",""
"113139","생활서비스시설_공원_1560","ZON216","생활서비스시설_공원"," "," ","어린이공원(동산)"," ","",""
"113140","생활서비스시설_공원_1562","ZON216","생활서비스시설_공원"," "," ","근린공원(사평리)"," ","",""
"113141","생활서비스시설_공원_1563","ZON216","생활서비스시설_공원"," "," ","마을마당(양재동)"," ","",""
"113142","생활서비스시설_공원_1564","ZON216","생활서비스시설_공원"," "," ","어린이공원(주흥)"," ","",""
"113143","생활서비스시설_공원_1566","ZON216","생활서비스시설_공원"," "," ","어린이공원(푸른)"," ","",""
"113144","생활서비스시설_공원_1567","ZON216","생활서비스시설_공원"," "," ","어린이공원(신중)"," ","",""
"113145","생활서비스시설_공원_1568","ZON216","생활서비스시설_공원"," "," ","어린이공원(안뜰)"," ","",""
"113146","생활서비스시설_공원_1570","ZON216","생활서비스시설_공원"," "," ","어린이공원(아래샘)"," ","",""
"113147","생활서비스시설_공원_1571","ZON216","생활서비스시설_공원"," "," ","어린이공원(역삼개나리)"," ","",""
"113148","생활서비스시설_공원_1573","ZON216","생활서비스시설_공원"," "," ","근린공원(도산)"," ","",""
"113150","생활서비스시설_공원_1863","ZON216","생활서비스시설_공원"," "," ","강변공원(이촌지구)"," ","",""
"112279","생활서비스시설_공원_0671","ZON216","생활서비스시설_공원"," "," ","근린공원(충숙)"," ","",""
"112280","생활서비스시설_공원_0676","ZON216","생활서비스시설_공원"," "," ","마을마당(중계1동소공원)"," ","",""
"112281","생활서비스시설_공원_0680","ZON216","생활서비스시설_공원"," "," ","어린이공원(두루미)"," ","",""
"112282","생활서비스시설_공원_0684","ZON216","생활서비스시설_공원"," "," ","어린이공원(개나리)"," ","",""
"112283","생활서비스시설_공원_0688","ZON216","생활서비스시설_공원"," "," ","근린공원(가재울)"," ","",""
"112284","생활서비스시설_공원_0691","ZON216","생활서비스시설_공원"," "," ","어린이공원(중현)"," ","",""
"112285","생활서비스시설_공원_0694","ZON216","생활서비스시설_공원"," "," ","근린공원(한내)"," ","",""
"112286","생활서비스시설_공원_0698","ZON216","생활서비스시설_공원"," "," ","어린이공원(나래)"," ","",""
"112287","생활서비스시설_공원_0700","ZON216","생활서비스시설_공원"," "," ","마을마당(쌈지마당)"," ","",""
"112288","생활서비스시설_공원_0703","ZON216","생활서비스시설_공원"," "," ","도시자연공원(불암산<시공원>)"," ","",""
"112289","생활서비스시설_공원_0704","ZON216","생활서비스시설_공원"," "," ","근린공원(마들)"," ","",""
"112290","생활서비스시설_공원_0706","ZON216","생활서비스시설_공원"," "," ","어린이공원(연촌)"," ","",""
"112291","생활서비스시설_공원_0707","ZON216","생활서비스시설_공원"," "," ","근린공원(노해)"," ","",""
"112292","생활서비스시설_공원_0709","ZON216","생활서비스시설_공원"," "," ","어린이공원(돌곶이)"," ","",""
"112293","생활서비스시설_공원_0710","ZON216","생활서비스시설_공원"," "," ","어린이공원(불암)"," ","",""
"112294","생활서비스시설_공원_0713","ZON216","생활서비스시설_공원"," "," ","어린이공원(철쭉)"," ","",""
"112295","생활서비스시설_공원_0714","ZON216","생활서비스시설_공원"," "," ","어린이공원(새마을)"," ","",""
"112296","생활서비스시설_공원_0715","ZON216","생활서비스시설_공원"," "," ","어린이공원(하계)"," ","",""
"112297","생활서비스시설_공원_0716","ZON216","생활서비스시설_공원"," "," ","어린이공원(엄지)"," ","",""
"112298","생활서비스시설_공원_0718","ZON216","생활서비스시설_공원"," "," ","어린이공원(광석)"," ","",""
"112299","생활서비스시설_공원_0719","ZON216","생활서비스시설_공원"," "," ","근린공원(달맞이)"," ","",""
"112300","생활서비스시설_공원_0720","ZON216","생활서비스시설_공원"," "," ","근린공원(갈말)"," ","",""
"112301","생활서비스시설_공원_0721","ZON216","생활서비스시설_공원"," "," ","어린이공원(샛별)"," ","",""
"112302","생활서비스시설_공원_0723","ZON216","생활서비스시설_공원"," "," ","근린공원(골마을)"," ","",""
"112303","생활서비스시설_공원_0726","ZON216","생활서비스시설_공원"," "," ","어린이공원(무지개)"," ","",""
"112304","생활서비스시설_공원_0727","ZON216","생활서비스시설_공원"," "," ","어린이공원(새나라공원)"," ","",""
"112305","생활서비스시설_공원_0728","ZON216","생활서비스시설_공원"," "," ","어린이공원(연천내)"," ","",""
"112306","생활서비스시설_공원_0729","ZON216","생활서비스시설_공원"," "," ","어린이공원(역말)"," ","",""
"112307","생활서비스시설_공원_0730","ZON216","생활서비스시설_공원"," "," ","어린이공원(응암)"," ","",""
"112308","생활서비스시설_공원_0732","ZON216","생활서비스시설_공원"," "," ","어린이공원(박석)"," ","",""
"112309","생활서비스시설_공원_0733","ZON216","생활서비스시설_공원"," "," ","마을마당(역촌2동)"," ","",""
"112310","생활서비스시설_공원_0734","ZON216","생활서비스시설_공원"," "," ","마을마당(역촌동)"," ","",""
"112311","생활서비스시설_공원_0736","ZON216","생활서비스시설_공원"," "," ","도시자연공원(북한산(시공원))"," ","",""
"112312","생활서비스시설_공원_0738","ZON216","생활서비스시설_공원"," "," ","도시자연공원(북한산(시공원))"," ","",""
"112313","생활서비스시설_공원_0739","ZON216","생활서비스시설_공원"," "," ","도시자연공원(북한산(시공원))"," ","",""
"112314","생활서비스시설_공원_0545","ZON216","생활서비스시설_공원"," "," ","어린이공원(밤골)"," ","",""
"113151","생활서비스시설_공원_1864","ZON216","생활서비스시설_공원"," "," ","강변공원(양화지구)"," ","",""
"113152","생활서비스시설_공원_1865","ZON216","생활서비스시설_공원"," "," ","강변공원(광나루지구)"," ","",""
"113153","생활서비스시설_공원_1868","ZON216","생활서비스시설_공원"," "," ","강변공원((뚝섬지구))"," ","",""
"113154","생활서비스시설_공원_1869","ZON216","생활서비스시설_공원"," "," ","강변공원(강서지구)"," ","",""
"113155","생활서비스시설_공원_1870","ZON216","생활서비스시설_공원"," "," ","강변공원(난지지구)"," ","",""
"113156","생활서비스시설_공원_1872","ZON216","생활서비스시설_공원"," "," ","근린공원(영등포)"," ","",""
"113157","생활서비스시설_공원_1877","ZON216","생활서비스시설_공원"," "," ","기타공원(서울숲)"," ","",""
"113158","생활서비스시설_공원_1878","ZON216","생활서비스시설_공원"," "," ","근린공원((응봉))"," ","",""
"113159","생활서비스시설_공원_1879","ZON216","생활서비스시설_공원"," "," ","근린공원(보라매)"," ","",""
"113160","생활서비스시설_공원_1883","ZON216","생활서비스시설_공원"," "," ","기타공원(용산공원)"," ","",""
"113161","생활서비스시설_공원_1885","ZON216","생활서비스시설_공원"," "," ","광장(광화문열린마당)"," ","",""
"113162","생활서비스시설_공원_1887","ZON216","생활서비스시설_공원"," "," ","광장(서울광장)"," ","",""
"113163","생활서비스시설_공원_1888","ZON216","생활서비스시설_공원"," "," ","기타공원(올림픽공원)"," ","",""
"113164","생활서비스시설_공원_1849","ZON216","생활서비스시설_공원"," "," ","근린공원(샛마을)"," ","",""
"113165","생활서비스시설_공원_1850","ZON216","생활서비스시설_공원"," "," ","도시자연공원((청계산)<서울대공원>)"," ","",""
"113166","생활서비스시설_공원_1851","ZON216","생활서비스시설_공원"," "," ","근린공원(서울대공원)"," ","",""
"113167","생활서비스시설_공원_1852","ZON216","생활서비스시설_공원"," "," ","기타공원(월드컵)"," ","",""
"113168","생활서비스시설_공원_1853","ZON216","생활서비스시설_공원"," "," ","근린공원(여의도)"," ","",""
"112315","생활서비스시설_공원_0547","ZON216","생활서비스시설_공원"," "," ","어린이공원(소망)"," ","",""
"112316","생활서비스시설_공원_0548","ZON216","생활서비스시설_공원"," "," ","어린이공원(학골)"," ","",""
"112317","생활서비스시설_공원_0549","ZON216","생활서비스시설_공원"," "," ","어린이공원(해태)"," ","",""
"112318","생활서비스시설_공원_0551","ZON216","생활서비스시설_공원"," "," ","마을마당(도봉1동1)"," ","",""
"112319","생활서비스시설_공원_0552","ZON216","생활서비스시설_공원"," "," ","어린이공원(창골)"," ","",""
"112320","생활서비스시설_공원_0554","ZON216","생활서비스시설_공원"," "," ","어린이공원(뒷말)"," ","",""
"112321","생활서비스시설_공원_0555","ZON216","생활서비스시설_공원"," "," ","어린이공원(창고개)"," ","",""
"112322","생활서비스시설_공원_0557","ZON216","생활서비스시설_공원"," "," ","어린이공원(달내)"," ","",""
"112323","생활서비스시설_공원_0558","ZON216","생활서비스시설_공원"," "," ","어린이공원(꽃동네)"," ","",""
"112324","생활서비스시설_공원_0560","ZON216","생활서비스시설_공원"," "," ","근린공원((초안산)<시공원>)"," ","",""
"112325","생활서비스시설_공원_0561","ZON216","생활서비스시설_공원"," "," ","어린이공원(미화)"," ","",""
"112326","생활서비스시설_공원_0562","ZON216","생활서비스시설_공원"," "," ","어린이공원(누원)"," ","",""
"112327","생활서비스시설_공원_0564","ZON216","생활서비스시설_공원"," "," ","근린공원(월천)"," ","",""
"112328","생활서비스시설_공원_0566","ZON216","생활서비스시설_공원"," "," ","마을마당(방학1동)"," ","",""
"112329","생활서비스시설_공원_0567","ZON216","생활서비스시설_공원"," "," ","마을마당(쌍문4동2)"," ","",""
"112330","생활서비스시설_공원_0568","ZON216","생활서비스시설_공원"," "," ","어린이공원(개나리)"," ","",""
"112331","생활서비스시설_공원_0570","ZON216","생활서비스시설_공원"," "," ","어린이공원(유만)"," ","",""
"112332","생활서비스시설_공원_0571","ZON216","생활서비스시설_공원"," "," ","마을마당(쌍문2동)"," ","",""
"112333","생활서비스시설_공원_0573","ZON216","생활서비스시설_공원"," "," ","어린이공원(무지개)"," ","",""
"112334","생활서비스시설_공원_0574","ZON216","생활서비스시설_공원"," "," ","어린이공원(사슴)"," ","",""
"112335","생활서비스시설_공원_0576","ZON216","생활서비스시설_공원"," "," ","어린이공원(샘말)"," ","",""
"112336","생활서비스시설_공원_0577","ZON216","생활서비스시설_공원"," "," ","소공원(창동공원)"," ","",""
"112337","생활서비스시설_공원_0578","ZON216","생활서비스시설_공원"," "," ","소공원(방학동공원)"," ","",""
"112338","생활서비스시설_공원_0580","ZON216","생활서비스시설_공원"," "," ","어린이공원(효자)"," ","",""
"112339","생활서비스시설_공원_0581","ZON216","생활서비스시설_공원"," "," ","어린이공원(모랫)"," ","",""
"112340","생활서비스시설_공원_0582","ZON216","생활서비스시설_공원"," "," ","어린이공원(뱃골)"," ","",""
"112341","생활서비스시설_공원_0585","ZON216","생활서비스시설_공원"," "," ","소공원(방학사거리친수공간)"," ","",""
"112342","생활서비스시설_공원_0586","ZON216","생활서비스시설_공원"," "," ","어린이공원(둥근달)"," ","",""
"112343","생활서비스시설_공원_0588","ZON216","생활서비스시설_공원"," "," ","어린이공원(반석)"," ","",""
"112344","생활서비스시설_공원_0590","ZON216","생활서비스시설_공원"," "," ","어린이공원(무수)"," ","",""
"112345","생활서비스시설_공원_0592","ZON216","생활서비스시설_공원"," "," ","어린이공원(샛별)"," ","",""
"112346","생활서비스시설_공원_0593","ZON216","생활서비스시설_공원"," "," ","어린이공원(창원)"," ","",""
"112347","생활서비스시설_공원_0594","ZON216","생활서비스시설_공원"," "," ","어린이공원(물방울)"," ","",""
"112348","생활서비스시설_공원_0596","ZON216","생활서비스시설_공원"," "," ","어린이공원(호돌이)"," ","",""
"112349","생활서비스시설_공원_0597","ZON216","생활서비스시설_공원"," "," ","어린이공원(새싹)"," ","",""
"112350","생활서비스시설_공원_0598","ZON216","생활서비스시설_공원"," "," ","어린이공원(매봉)"," ","",""
"112351","생활서비스시설_공원_0600","ZON216","생활서비스시설_공원"," "," ","어린이공원(각심)"," ","",""
"112352","생활서비스시설_공원_0502","ZON216","생활서비스시설_공원"," "," ","마을마당(쌈지)"," ","",""
"112353","생활서비스시설_공원_0504","ZON216","생활서비스시설_공원"," "," ","근린공원(솔밭)"," ","",""
"112354","생활서비스시설_공원_0507","ZON216","생활서비스시설_공원"," "," ","마을마당(흰구름)"," ","",""
"112355","생활서비스시설_공원_0510","ZON216","생활서비스시설_공원"," "," ","어린이공원(소귀)"," ","",""
"113169","생활서비스시설_공원_1854","ZON216","생활서비스시설_공원"," "," ","근린공원(월드컵)"," ","",""
"113170","생활서비스시설_공원_1855","ZON216","생활서비스시설_공원"," "," ","문화공원(서서울호수)"," ","",""
"113171","생활서비스시설_공원_1856","ZON216","생활서비스시설_공원"," "," ","근린공원(독립)"," ","",""
"113172","생활서비스시설_공원_1857","ZON216","생활서비스시설_공원"," "," ","근린공원(푸른수목원)"," ","",""
"113173","생활서비스시설_공원_1859","ZON216","생활서비스시설_공원"," "," ","강변공원(잠실지구)"," ","",""
"113174","생활서비스시설_공원_1860","ZON216","생활서비스시설_공원"," "," ","강변공원((광나루지구))"," ","",""
"112356","생활서비스시설_공원_0514","ZON216","생활서비스시설_공원"," "," ","마을마당(소귀골)"," ","",""
"112357","생활서비스시설_공원_0518","ZON216","생활서비스시설_공원"," "," ","마을마당(인수)"," ","",""
"112358","생활서비스시설_공원_0521","ZON216","생활서비스시설_공원"," "," ","어린이공원(논골)"," ","",""
"112359","생활서비스시설_공원_0524","ZON216","생활서비스시설_공원"," "," ","어린이공원(미아도심소)"," ","",""
"112360","생활서비스시설_공원_0527","ZON216","생활서비스시설_공원"," "," ","강변공원(우이천)"," ","",""
"112361","생활서비스시설_공원_0530","ZON216","생활서비스시설_공원"," "," ","어린이공원(벌말)"," ","",""
"112362","생활서비스시설_공원_0532","ZON216","생활서비스시설_공원"," "," ","어린이공원(솔샘)"," ","",""
"112363","생활서비스시설_공원_0534","ZON216","생활서비스시설_공원"," "," ","어린이공원(으뜸)"," ","",""
"112364","생활서비스시설_공원_0538","ZON216","생활서비스시설_공원"," "," ","마을마당(수유1동1마을공원)"," ","",""
"112365","생활서비스시설_공원_0541","ZON216","생활서비스시설_공원"," "," ","마을마당(도봉1동2)"," ","",""
"112366","생활서비스시설_공원_0546","ZON216","생활서비스시설_공원"," "," ","어린이공원(은행나무)"," ","",""
"112367","생활서비스시설_공원_0550","ZON216","생활서비스시설_공원"," "," ","마을마당(방학3동)"," ","",""
"112368","생활서비스시설_공원_0553","ZON216","생활서비스시설_공원"," "," ","어린이공원(대창)"," ","",""
"112369","생활서비스시설_공원_0556","ZON216","생활서비스시설_공원"," "," ","어린이공원(무궁화)"," ","",""
"112370","생활서비스시설_공원_0559","ZON216","생활서비스시설_공원"," "," ","어린이공원(새동네)"," ","",""
"112371","생활서비스시설_공원_0563","ZON216","생활서비스시설_공원"," "," ","어린이공원(노해)"," ","",""
"112372","생활서비스시설_공원_0565","ZON216","생활서비스시설_공원"," "," ","기타공원(도봉산역만남의광장)"," ","",""
"112373","생활서비스시설_공원_0569","ZON216","생활서비스시설_공원"," "," ","소공원(창3동 마을공원)"," ","",""
"112374","생활서비스시설_공원_0572","ZON216","생활서비스시설_공원"," "," ","마을마당(쌍문4동1)"," ","",""
"112375","생활서비스시설_공원_0575","ZON216","생활서비스시설_공원"," "," ","어린이공원(생잇들)"," ","",""
"112376","생활서비스시설_공원_0496","ZON216","생활서비스시설_공원"," "," ","어린이공원(버드나무)"," ","",""
"112377","생활서비스시설_공원_0498","ZON216","생활서비스시설_공원"," "," ","어린이공원(미루나무)"," ","",""
"112378","생활서비스시설_공원_0500","ZON216","생활서비스시설_공원"," "," ","어린이공원(보등골)"," ","",""
"112379","생활서비스시설_공원_0503","ZON216","생활서비스시설_공원"," "," ","어린이공원(푸른)"," ","",""
"112380","생활서비스시설_공원_0505","ZON216","생활서비스시설_공원"," "," ","어린이공원(색동)"," ","",""
"112381","생활서비스시설_공원_0506","ZON216","생활서비스시설_공원"," "," ","마을마당(삼산길)"," ","",""
"112382","생활서비스시설_공원_0508","ZON216","생활서비스시설_공원"," "," ","어린이공원(플라타너스)"," ","",""
"112383","생활서비스시설_공원_0509","ZON216","생활서비스시설_공원"," "," ","어린이공원(새싹)"," ","",""
"112384","생활서비스시설_공원_0511","ZON216","생활서비스시설_공원"," "," ","어린이공원(무너미)"," ","",""
"112385","생활서비스시설_공원_0512","ZON216","생활서비스시설_공원"," "," ","마을마당(궁터길)"," ","",""
"112386","생활서비스시설_공원_0513","ZON216","생활서비스시설_공원"," "," ","도시자연공원((북한산)<시공원>)"," ","",""
"112387","생활서비스시설_공원_0515","ZON216","생활서비스시설_공원"," "," ","어린이공원(은모루)"," ","",""
"112388","생활서비스시설_공원_0516","ZON216","생활서비스시설_공원"," "," ","근린공원(오동<시공원>)"," ","",""
"112389","생활서비스시설_공원_0517","ZON216","생활서비스시설_공원"," "," ","마을마당(삼각산)"," ","",""
"112390","생활서비스시설_공원_0519","ZON216","생활서비스시설_공원"," "," ","어린이공원(빨래골)"," ","",""
"112391","생활서비스시설_공원_0520","ZON216","생활서비스시설_공원"," "," ","마을마당(큰마을길)"," ","",""
"112392","생활서비스시설_공원_0522","ZON216","생활서비스시설_공원"," "," ","어린이공원(번남)"," ","",""
"112393","생활서비스시설_공원_0523","ZON216","생활서비스시설_공원"," "," ","어린이공원(한빛)"," ","",""
"112394","생활서비스시설_공원_0525","ZON216","생활서비스시설_공원"," "," ","어린이공원(응달마을)"," ","",""
"112395","생활서비스시설_공원_0526","ZON216","생활서비스시설_공원"," "," ","어린이공원(청암)"," ","",""
"113175","생활서비스시설_공원_1717","ZON216","생활서비스시설_공원"," "," ","강변공원(성내천)"," ","",""
"113176","생활서비스시설_공원_1725","ZON216","생활서비스시설_공원"," "," ","어린이공원(반딧불)"," ","",""
"113177","생활서비스시설_공원_1730","ZON216","생활서비스시설_공원"," "," ","어린이공원(거여2)"," ","",""
"113178","생활서비스시설_공원_1734","ZON216","생활서비스시설_공원"," "," ","근린공원(방이)"," ","",""
"113179","생활서비스시설_공원_1738","ZON216","생활서비스시설_공원"," "," ","근린공원(가락)"," ","",""
"113180","생활서비스시설_공원_1741","ZON216","생활서비스시설_공원"," "," ","어린이공원(개나리)"," ","",""
"113181","생활서비스시설_공원_1745","ZON216","생활서비스시설_공원"," "," ","근린공원(잠실)"," ","",""
"113182","생활서비스시설_공원_1748","ZON216","생활서비스시설_공원"," "," ","어린이공원(거여)"," ","",""
"113183","생활서비스시설_공원_1751","ZON216","생활서비스시설_공원"," "," ","어린이공원(안골)"," ","",""
"113184","생활서비스시설_공원_1772","ZON216","생활서비스시설_공원"," "," ","근린공원(아시아)"," ","",""
"113185","생활서비스시설_공원_1777","ZON216","생활서비스시설_공원"," "," ","어린이공원(가야금)"," ","",""
"113186","생활서비스시설_공원_1779","ZON216","생활서비스시설_공원"," "," ","근린공원(천마<시공원>)"," ","",""
"113187","생활서비스시설_공원_1783","ZON216","생활서비스시설_공원"," "," ","어린이공원(천일골목)"," ","",""
"113188","생활서비스시설_공원_1786","ZON216","생활서비스시설_공원"," "," ","어린이공원(말우물)"," ","",""
"113189","생활서비스시설_공원_1792","ZON216","생활서비스시설_공원"," "," ","마을마당(분토골)"," ","",""
"113190","생활서비스시설_공원_1794","ZON216","생활서비스시설_공원"," "," ","근린공원(까치)"," ","",""
"113191","생활서비스시설_공원_1752","ZON216","생활서비스시설_공원"," "," ","강변공원(탄천)"," ","",""
"113192","생활서비스시설_공원_1763","ZON216","생활서비스시설_공원"," "," ","근린공원(풍납)"," ","",""
"113193","생활서비스시설_공원_1769","ZON216","생활서비스시설_공원"," "," ","어린이공원(팔각정)"," ","",""
"113194","생활서비스시설_공원_1799","ZON216","생활서비스시설_공원"," "," ","어린이공원(천호3동)"," ","",""
"113195","생활서비스시설_공원_1802","ZON216","생활서비스시설_공원"," "," ","어린이공원(천호삼거리)"," ","",""
"113196","생활서비스시설_공원_1803","ZON216","생활서비스시설_공원"," "," ","어린이공원(무궁화)"," ","",""
"113197","생활서비스시설_공원_1804","ZON216","생활서비스시설_공원"," "," ","어린이공원(혜림)"," ","",""
"113198","생활서비스시설_공원_1805","ZON216","생활서비스시설_공원"," "," ","어린이공원(보람)"," ","",""
"113199","생활서비스시설_공원_1807","ZON216","생활서비스시설_공원"," "," ","어린이공원(성심)"," ","",""
"113200","생활서비스시설_공원_1808","ZON216","생활서비스시설_공원"," "," ","근린공원(동자)"," ","",""
"113201","생활서비스시설_공원_1810","ZON216","생활서비스시설_공원"," "," ","어린이공원(광나루)"," ","",""
"113202","생활서비스시설_공원_1811","ZON216","생활서비스시설_공원"," "," ","마을마당(천호동)"," ","",""
"112396","생활서비스시설_공원_0528","ZON216","생활서비스시설_공원"," "," ","마을마당(미아2동)"," ","",""
"112397","생활서비스시설_공원_0529","ZON216","생활서비스시설_공원"," "," ","소공원(수유1지구)"," ","",""
"112398","생활서비스시설_공원_0531","ZON216","생활서비스시설_공원"," "," ","어린이공원(하늘)"," ","",""
"112399","생활서비스시설_공원_0533","ZON216","생활서비스시설_공원"," "," ","마을마당(체류지)"," ","",""
"112400","생활서비스시설_공원_0535","ZON216","생활서비스시설_공원"," "," ","어린이공원(오패)"," ","",""
"112401","생활서비스시설_공원_0536","ZON216","생활서비스시설_공원"," "," ","어린이공원(세일)"," ","",""
"112402","생활서비스시설_공원_0537","ZON216","생활서비스시설_공원"," "," ","마을마당(무궁화공원)"," ","",""
"112403","생활서비스시설_공원_0539","ZON216","생활서비스시설_공원"," "," ","어린이공원(방학)"," ","",""
"112404","생활서비스시설_공원_0540","ZON216","생활서비스시설_공원"," "," ","마을마당(쌍문1동)"," ","",""
"112405","생활서비스시설_공원_0542","ZON216","생활서비스시설_공원"," "," ","어린이공원(갈대밭)"," ","",""
"112406","생활서비스시설_공원_0543","ZON216","생활서비스시설_공원"," "," ","어린이공원(서원)"," ","",""
"112407","생활서비스시설_공원_0544","ZON216","생활서비스시설_공원"," "," ","어린이공원(다람쥐)"," ","",""
"112408","생활서비스시설_공원_0637","ZON216","생활서비스시설_공원"," "," ","어린이공원(벼루)"," ","",""
"112409","생활서비스시설_공원_0638","ZON216","생활서비스시설_공원"," "," ","근린공원(갈울)"," ","",""
"112410","생활서비스시설_공원_0639","ZON216","생활서비스시설_공원"," "," ","어린이공원(상록수)"," ","",""
"112411","생활서비스시설_공원_0640","ZON216","생활서비스시설_공원"," "," ","어린이공원(백합)"," ","",""
"112412","생활서비스시설_공원_0642","ZON216","생활서비스시설_공원"," "," ","근린공원(온수)"," ","",""
"112413","생활서비스시설_공원_0643","ZON216","생활서비스시설_공원"," "," ","마을마당(나누리)"," ","",""
"112414","생활서비스시설_공원_0644","ZON216","생활서비스시설_공원"," "," ","어린이공원(봉숭아)"," ","",""
"112415","생활서비스시설_공원_0645","ZON216","생활서비스시설_공원"," "," ","근린공원(삿갓봉)"," ","",""
"112416","생활서비스시설_공원_0646","ZON216","생활서비스시설_공원"," "," ","근린공원(상계)"," ","",""
"112417","생활서비스시설_공원_0647","ZON216","생활서비스시설_공원"," "," ","어린이공원(무궁화)"," ","",""
"112418","생활서비스시설_공원_0648","ZON216","생활서비스시설_공원"," "," ","어린이공원(은하수)"," ","",""
"112419","생활서비스시설_공원_0649","ZON216","생활서비스시설_공원"," "," ","어린이공원(늘푸른)"," ","",""
"112420","생활서비스시설_공원_0650","ZON216","생활서비스시설_공원"," "," ","근린공원(양지)"," ","",""
"112421","생활서비스시설_공원_0651","ZON216","생활서비스시설_공원"," "," ","어린이공원(온곡)"," ","",""
"112422","생활서비스시설_공원_0653","ZON216","생활서비스시설_공원"," "," ","근린공원(원터)"," ","",""
"112423","생활서비스시설_공원_0654","ZON216","생활서비스시설_공원"," "," ","어린이공원(꿈나라)"," ","",""
"112424","생활서비스시설_공원_0655","ZON216","생활서비스시설_공원"," "," ","어린이공원(한아름)"," ","",""
"112425","생활서비스시설_공원_0657","ZON216","생활서비스시설_공원"," "," ","어린이공원(갓바위)"," ","",""
"112426","생활서비스시설_공원_0658","ZON216","생활서비스시설_공원"," "," ","마을마당(공릉2)"," ","",""
"112427","생활서비스시설_공원_0660","ZON216","생활서비스시설_공원"," "," ","마을마당(오장골)"," ","",""
"112428","생활서비스시설_공원_0661","ZON216","생활서비스시설_공원"," "," ","어린이공원(비둘기)"," ","",""
"112429","생활서비스시설_공원_0662","ZON216","생활서비스시설_공원"," "," ","어린이공원(기린)"," ","",""
"112430","생활서비스시설_공원_0664","ZON216","생활서비스시설_공원"," "," ","어린이공원(국화)"," ","",""
"112431","생활서비스시설_공원_0665","ZON216","생활서비스시설_공원"," "," ","어린이공원(감나무)"," ","",""
"112432","생활서비스시설_공원_0667","ZON216","생활서비스시설_공원"," "," ","어린이공원(신창)"," ","",""
"112433","생활서비스시설_공원_0668","ZON216","생활서비스시설_공원"," "," ","어린이공원(당현)"," ","",""
"112434","생활서비스시설_공원_0669","ZON216","생활서비스시설_공원"," "," ","어린이공원(이화)"," ","",""
"112435","생활서비스시설_공원_0672","ZON216","생활서비스시설_공원"," "," ","어린이공원(배꽃)"," ","",""
"112436","생활서비스시설_공원_0673","ZON216","생활서비스시설_공원"," "," ","어린이공원(연지)"," ","",""
"112437","생활서비스시설_공원_0674","ZON216","생활서비스시설_공원"," "," ","어린이공원(목련)"," ","",""
"112685","생활서비스시설_공원_1627","ZON216","생활서비스시설_공원"," "," ","근린공원(대치)"," ","",""
"112686","생활서비스시설_공원_1630","ZON216","생활서비스시설_공원"," "," ","근린공원(개포동)"," ","",""
"112687","생활서비스시설_공원_1632","ZON216","생활서비스시설_공원"," "," ","근린공원(개포)"," ","",""
"112688","생활서비스시설_공원_1636","ZON216","생활서비스시설_공원"," "," ","어린이공원(일원비둘기)"," ","",""
"112689","생활서비스시설_공원_1639","ZON216","생활서비스시설_공원"," "," ","어린이공원(역삼은행나무)"," ","",""
"112690","생활서비스시설_공원_1644","ZON216","생활서비스시설_공원"," "," ","어린이공원(학동)"," ","",""
"112691","생활서비스시설_공원_1646","ZON216","생활서비스시설_공원"," "," ","근린공원(역삼)"," ","",""
"112692","생활서비스시설_공원_1649","ZON216","생활서비스시설_공원"," "," ","근린공원(학여울)"," ","",""
"112693","생활서비스시설_공원_1650","ZON216","생활서비스시설_공원"," "," ","마을마당(양재천)"," ","",""
"112694","생활서비스시설_공원_1653","ZON216","생활서비스시설_공원"," "," ","어린이공원(대치은행나무)"," ","",""
"112695","생활서비스시설_공원_1655","ZON216","생활서비스시설_공원"," "," ","근린공원(포이)"," ","",""
"112696","생활서비스시설_공원_1657","ZON216","생활서비스시설_공원"," "," ","근린공원(독골)"," ","",""
"112697","생활서비스시설_공원_1658","ZON216","생활서비스시설_공원"," "," ","마을마당(탄천)"," ","",""
"112698","생활서비스시설_공원_1663","ZON216","생활서비스시설_공원"," "," ","어린이공원(아래방죽마을)"," ","",""
"112699","생활서비스시설_공원_1666","ZON216","생활서비스시설_공원"," "," ","근린공원(탄천)"," ","",""
"112700","생활서비스시설_공원_1667","ZON216","생활서비스시설_공원"," "," ","도시자연공원((대모산)<시공원>)"," ","",""
"112701","생활서비스시설_공원_1675","ZON216","생활서비스시설_공원"," "," ","어린이공원(새싹)"," ","",""
"112702","생활서비스시설_공원_1678","ZON216","생활서비스시설_공원"," "," ","근린공원(개농)"," ","",""
"112703","생활서비스시설_공원_1682","ZON216","생활서비스시설_공원"," "," ","어린이공원(아랫바람)"," ","",""
"112704","생활서비스시설_공원_1686","ZON216","생활서비스시설_공원"," "," ","근린공원(거여)"," ","",""
"112705","생활서비스시설_공원_1690","ZON216","생활서비스시설_공원"," "," ","어린이공원(미정)"," ","",""
"112706","생활서비스시설_공원_1693","ZON216","생활서비스시설_공원"," "," ","어린이공원(오동나무)"," ","",""
"112707","생활서비스시설_공원_1697","ZON216","생활서비스시설_공원"," "," ","어린이공원(샛팽이)"," ","",""
"112708","생활서비스시설_공원_1701","ZON216","생활서비스시설_공원"," "," ","어린이공원(호돌이)"," ","",""
"112709","생활서비스시설_공원_1702","ZON216","생활서비스시설_공원"," "," ","어린이공원(새말)"," ","",""
"112710","생활서비스시설_공원_1704","ZON216","생활서비스시설_공원"," "," ","어린이공원(나루터)"," ","",""
"112711","생활서비스시설_공원_1705","ZON216","생활서비스시설_공원"," "," ","어린이공원(남천)"," ","",""
"112712","생활서비스시설_공원_1706","ZON216","생활서비스시설_공원"," "," ","근린공원(벚꽃)"," ","",""
"112713","생활서비스시설_공원_1708","ZON216","생활서비스시설_공원"," "," ","근린공원(목련)"," ","",""
"112714","생활서비스시설_공원_1709","ZON216","생활서비스시설_공원"," "," ","어린이공원(희망)"," ","",""
"112715","생활서비스시설_공원_1711","ZON216","생활서비스시설_공원"," "," ","근린공원(숯내)"," ","",""
"112716","생활서비스시설_공원_1712","ZON216","생활서비스시설_공원"," "," ","근린공원(태양)"," ","",""
"112717","생활서비스시설_공원_1713","ZON216","생활서비스시설_공원"," "," ","어린이공원(아랑)"," ","",""
"112718","생활서비스시설_공원_1718","ZON216","생활서비스시설_공원"," "," ","어린이공원(개미)"," ","",""
"112719","생활서비스시설_공원_1719","ZON216","생활서비스시설_공원"," "," ","어린이공원(샛별)"," ","",""
"112720","생활서비스시설_공원_1720","ZON216","생활서비스시설_공원"," "," ","근린공원(새내)"," ","",""
"112721","생활서비스시설_공원_1721","ZON216","생활서비스시설_공원"," "," ","어린이공원(비석거리)"," ","",""
"112722","생활서비스시설_공원_1722","ZON216","생활서비스시설_공원"," "," ","어린이공원(배밭)"," ","",""
"113203","생활서비스시설_공원_1812","ZON216","생활서비스시설_공원"," "," ","어린이공원(고분다리)"," ","",""
"113204","생활서비스시설_공원_1814","ZON216","생활서비스시설_공원"," "," ","어린이공원(은하수)"," ","",""
"113205","생활서비스시설_공원_1816","ZON216","생활서비스시설_공원"," "," ","근린공원(샘터)"," ","",""
"113206","생활서비스시설_공원_1820","ZON216","생활서비스시설_공원"," "," ","근린공원(방죽)"," ","",""
"113207","생활서비스시설_공원_1822","ZON216","생활서비스시설_공원"," "," ","마을마당(명일골)"," ","",""
"113208","생활서비스시설_공원_1823","ZON216","생활서비스시설_공원"," "," ","어린이공원(선린)"," ","",""
"113209","생활서비스시설_공원_1824","ZON216","생활서비스시설_공원"," "," ","어린이공원(성안)"," ","",""
"113210","생활서비스시설_공원_1825","ZON216","생활서비스시설_공원"," "," ","어린이공원(볕우물)"," ","",""
"113211","생활서비스시설_공원_1827","ZON216","생활서비스시설_공원"," "," ","어린이공원(천호큰골목)"," ","",""
"113212","생활서비스시설_공원_1829","ZON216","생활서비스시설_공원"," "," ","어린이공원(천암)"," ","",""
"113213","생활서비스시설_공원_1830","ZON216","생활서비스시설_공원"," "," ","어린이공원(까치)"," ","",""
"113214","생활서비스시설_공원_1831","ZON216","생활서비스시설_공원"," "," ","어린이공원(염주골)"," ","",""
"113215","생활서비스시설_공원_1833","ZON216","생활서비스시설_공원"," "," ","어린이공원(하늬)"," ","",""
"113216","생활서비스시설_공원_1834","ZON216","생활서비스시설_공원"," "," ","어린이공원(곰돌이)"," ","",""
"113217","생활서비스시설_공원_1835","ZON216","생활서비스시설_공원"," "," ","마을마당(성내동)"," ","",""
"113218","생활서비스시설_공원_1838","ZON216","생활서비스시설_공원"," "," ","어린이공원(샛별)"," ","",""
"113219","생활서비스시설_공원_1839","ZON216","생활서비스시설_공원"," "," ","마을마당(명일역)"," ","",""
"113220","생활서비스시설_공원_1840","ZON216","생활서비스시설_공원"," "," ","어린이공원(새누리)"," ","",""
"113221","생활서비스시설_공원_1841","ZON216","생활서비스시설_공원"," "," ","어린이공원(고명)"," ","",""
"113222","생활서비스시설_공원_1842","ZON216","생활서비스시설_공원"," "," ","어린이공원(동자)"," ","",""
"113223","생활서비스시설_공원_1843","ZON216","생활서비스시설_공원"," "," ","어린이공원(구암)"," ","",""
"113224","생활서비스시설_공원_1845","ZON216","생활서비스시설_공원"," "," ","마을마당(길동)"," ","",""
"113225","생활서비스시설_공원_1846","ZON216","생활서비스시설_공원"," "," ","어린이공원(진달래)"," ","",""
"113226","생활서비스시설_공원_1847","ZON216","생활서비스시설_공원"," "," ","어린이공원(천일)"," ","",""
"113227","생활서비스시설_공원_1873","ZON216","생활서비스시설_공원"," "," ","근린공원(천호)"," ","",""
"113228","생활서비스시설_공원_1874","ZON216","생활서비스시설_공원"," "," ","근린공원(시민의숲)"," ","",""
"113229","생활서비스시설_공원_1876","ZON216","생활서비스시설_공원"," "," ","근린공원(서울숲(뚝섬))"," ","",""
"113230","생활서비스시설_공원_1880","ZON216","생활서비스시설_공원"," "," ","근린공원(훈련원)"," ","",""
"113231","생활서비스시설_공원_1881","ZON216","생활서비스시설_공원"," "," ","도시자연공원(남산)"," ","",""
"113232","생활서비스시설_공원_1882","ZON216","생활서비스시설_공원"," "," ","근린공원(낙산)"," ","",""
"113233","생활서비스시설_공원_1884","ZON216","생활서비스시설_공원"," "," ","근린공원(간데메)"," ","",""
"113234","생활서비스시설_공원_1886","ZON216","생활서비스시설_공원"," "," ","근린공원(나들이공원)"," ","",""
"113235","생활서비스시설_공원_1801","ZON216","생활서비스시설_공원"," "," ","어린이공원(희망)"," ","",""
"113236","생활서비스시설_공원_1806","ZON216","생활서비스시설_공원"," "," ","어린이공원(화랑)"," ","",""
"112438","생활서비스시설_공원_0675","ZON216","생활서비스시설_공원"," "," ","어린이공원(월계)"," ","",""
"112439","생활서비스시설_공원_0677","ZON216","생활서비스시설_공원"," "," ","마을마당(양지마을마당)"," ","",""
"112440","생활서비스시설_공원_0678","ZON216","생활서비스시설_공원"," "," ","마을마당(월계2)"," ","",""
"112441","생활서비스시설_공원_0679","ZON216","생활서비스시설_공원"," "," ","어린이공원(참새)"," ","",""
"112442","생활서비스시설_공원_0681","ZON216","생활서비스시설_공원"," "," ","어린이공원(꿈나무)"," ","",""
"112443","생활서비스시설_공원_0682","ZON216","생활서비스시설_공원"," "," ","어린이공원(샘터)"," ","",""
"112444","생활서비스시설_공원_0683","ZON216","생활서비스시설_공원"," "," ","어린이공원(산철쭉)"," ","",""
"112445","생활서비스시설_공원_0685","ZON216","생활서비스시설_공원"," "," ","어린이공원(삼들)"," ","",""
"112446","생활서비스시설_공원_0686","ZON216","생활서비스시설_공원"," "," ","어린이공원(햇빛)"," ","",""
"112447","생활서비스시설_공원_0687","ZON216","생활서비스시설_공원"," "," ","어린이공원(개미)"," ","",""
"112448","생활서비스시설_공원_0689","ZON216","생활서비스시설_공원"," "," ","어린이공원(갈월)"," ","",""
"112449","생활서비스시설_공원_0690","ZON216","생활서비스시설_공원"," "," ","어린이공원(안골)"," ","",""
"112450","생활서비스시설_공원_0692","ZON216","생활서비스시설_공원"," "," ","근린공원(한글비)"," ","",""
"112451","생활서비스시설_공원_0693","ZON216","생활서비스시설_공원"," "," ","근린공원(당현천)"," ","",""
"112452","생활서비스시설_공원_0695","ZON216","생활서비스시설_공원"," "," ","어린이공원(물보라)"," ","",""
"112453","생활서비스시설_공원_0696","ZON216","생활서비스시설_공원"," "," ","마을마당(안산)"," ","",""
"112454","생활서비스시설_공원_0697","ZON216","생활서비스시설_공원"," "," ","마을마당(상계10)"," ","",""
"112455","생활서비스시설_공원_0699","ZON216","생활서비스시설_공원"," "," ","마을마당(상계1)"," ","",""
"112456","생활서비스시설_공원_0601","ZON216","생활서비스시설_공원"," "," ","어린이공원(다람쥐)"," ","",""
"112457","생활서비스시설_공원_0604","ZON216","생활서비스시설_공원"," "," ","어린이공원(청솔)"," ","",""
"112458","생활서비스시설_공원_0608","ZON216","생활서비스시설_공원"," "," ","어린이공원(송림)"," ","",""
"112459","생활서비스시설_공원_0612","ZON216","생활서비스시설_공원"," "," ","마을마당(공릉3동소공원)"," ","",""
"112460","생활서비스시설_공원_0616","ZON216","생활서비스시설_공원"," "," ","어린이공원(앵무새)"," ","",""
"112461","생활서비스시설_공원_0619","ZON216","생활서비스시설_공원"," "," ","어린이공원(꽃사슴)"," ","",""
"112462","생활서비스시설_공원_0622","ZON216","생활서비스시설_공원"," "," ","어린이공원(희망)"," ","",""
"112463","생활서비스시설_공원_0626","ZON216","생활서비스시설_공원"," "," ","어린이공원(종달새)"," ","",""
"112464","생활서비스시설_공원_0629","ZON216","생활서비스시설_공원"," "," ","어린이공원(코스모스)"," ","",""
"112465","생활서비스시설_공원_0633","ZON216","생활서비스시설_공원"," "," ","어린이공원(옹달샘)"," ","",""
"112466","생활서비스시설_공원_0701","ZON216","생활서비스시설_공원"," "," ","어린이공원(들국화)"," ","",""
"112467","생활서비스시설_공원_0641","ZON216","생활서비스시설_공원"," "," ","근린공원(초안산<시공원>)"," ","",""
"112468","생활서비스시설_공원_0652","ZON216","생활서비스시설_공원"," "," ","어린이공원(솜다리)"," ","",""
"112469","생활서비스시설_공원_0656","ZON216","생활서비스시설_공원"," "," ","어린이공원(달빛)"," ","",""
"112470","생활서비스시설_공원_0659","ZON216","생활서비스시설_공원"," "," ","어린이공원(뻐꾸기)"," ","",""
"112471","생활서비스시설_공원_0663","ZON216","생활서비스시설_공원"," "," ","마을마당(상계3)"," ","",""
"112472","생활서비스시설_공원_0666","ZON216","생활서비스시설_공원"," "," ","어린이공원(나팔꽃)"," ","",""
"112473","생활서비스시설_공원_0893","ZON216","생활서비스시설_공원"," "," ","마을마당(서강나루)"," ","",""
"112474","생활서비스시설_공원_0894","ZON216","생활서비스시설_공원"," "," ","어린이공원(창전)"," ","",""
"112475","생활서비스시설_공원_0895","ZON216","생활서비스시설_공원"," "," ","어린이공원(복사꽃)"," ","",""
"112476","생활서비스시설_공원_0896","ZON216","생활서비스시설_공원"," "," ","마을마당(당인동)"," ","",""
"112477","생활서비스시설_공원_0897","ZON216","생활서비스시설_공원"," "," ","어린이공원(성황당)"," ","",""
"112478","생활서비스시설_공원_0898","ZON216","생활서비스시설_공원"," "," ","어린이공원(서교)"," ","",""
"112479","생활서비스시설_공원_0899","ZON216","생활서비스시설_공원"," "," ","어린이공원(염리)"," ","",""
"112480","생활서비스시설_공원_0900","ZON216","생활서비스시설_공원"," "," ","어린이공원(와우)"," ","",""
"112723","생활서비스시설_공원_1723","ZON216","생활서비스시설_공원"," "," ","근린공원(오금<시공원>)"," ","",""
"112724","생활서비스시설_공원_1724","ZON216","생활서비스시설_공원"," "," ","어린이공원(솔밭)"," ","",""
"112725","생활서비스시설_공원_1726","ZON216","생활서비스시설_공원"," "," ","근린공원(장지<시공원>)"," ","",""
"112726","생활서비스시설_공원_1727","ZON216","생활서비스시설_공원"," "," ","마을마당(풍납)"," ","",""
"112727","생활서비스시설_공원_1728","ZON216","생활서비스시설_공원"," "," ","어린이공원(한샘)"," ","",""
"112728","생활서비스시설_공원_1729","ZON216","생활서비스시설_공원"," "," ","어린이공원(큰바위)"," ","",""
"112729","생활서비스시설_공원_1731","ZON216","생활서비스시설_공원"," "," ","어린이공원(가락골)"," ","",""
"112730","생활서비스시설_공원_1732","ZON216","생활서비스시설_공원"," "," ","어린이공원(봉우리)"," ","",""
"112731","생활서비스시설_공원_1733","ZON216","생활서비스시설_공원"," "," ","근린공원(신천교통)"," ","",""
"112732","생활서비스시설_공원_1735","ZON216","생활서비스시설_공원"," "," ","어린이공원(영풍)"," ","",""
"112733","생활서비스시설_공원_1736","ZON216","생활서비스시설_공원"," "," ","근린공원(건너말)"," ","",""
"112734","생활서비스시설_공원_1737","ZON216","생활서비스시설_공원"," "," ","어린이공원(뽕밭)"," ","",""
"112735","생활서비스시설_공원_1739","ZON216","생활서비스시설_공원"," "," ","근린공원(훼밀리)"," ","",""
"112736","생활서비스시설_공원_1740","ZON216","생활서비스시설_공원"," "," ","어린이공원(복숭아)"," ","",""
"112737","생활서비스시설_공원_1743","ZON216","생활서비스시설_공원"," "," ","어린이공원(쌀섬)"," ","",""
"112738","생활서비스시설_공원_1744","ZON216","생활서비스시설_공원"," "," ","근린공원(삼전)"," ","",""
"112739","생활서비스시설_공원_1746","ZON216","생활서비스시설_공원"," "," ","어린이공원(방잇골)"," ","",""
"112740","생활서비스시설_공원_1747","ZON216","생활서비스시설_공원"," "," ","근린공원(누에머리)"," ","",""
"112741","생활서비스시설_공원_1749","ZON216","생활서비스시설_공원"," "," ","어린이공원(잔버들)"," ","",""
"112742","생활서비스시설_공원_1357","ZON216","생활서비스시설_공원"," "," ","근린공원(상도<시공원>)"," ","",""
"112743","생활서비스시설_공원_1360","ZON216","생활서비스시설_공원"," "," ","어린이공원(참새)"," ","",""
"112744","생활서비스시설_공원_1362","ZON216","생활서비스시설_공원"," "," ","어린이공원(햇님)"," ","",""
"112745","생활서비스시설_공원_1366","ZON216","생활서비스시설_공원"," "," ","어린이공원(양산)"," ","",""
"112746","생활서비스시설_공원_1371","ZON216","생활서비스시설_공원"," "," ","마을마당(신림5동)"," ","",""
"112747","생활서비스시설_공원_1374","ZON216","생활서비스시설_공원"," "," ","어린이공원(목화)"," ","",""
"112748","생활서비스시설_공원_1378","ZON216","생활서비스시설_공원"," "," ","어린이공원(신봉)"," ","",""
"112749","생활서비스시설_공원_1381","ZON216","생활서비스시설_공원"," "," ","어린이공원(남강)"," ","",""
"112750","생활서비스시설_공원_1384","ZON216","생활서비스시설_공원"," "," ","어린이공원(청룡)"," ","",""
"112751","생활서비스시설_공원_1388","ZON216","생활서비스시설_공원"," "," ","어린이공원(까치)"," ","",""
"112752","생활서비스시설_공원_1405","ZON216","생활서비스시설_공원"," "," ","마을마당(봉천3동)"," ","",""
"112753","생활서비스시설_공원_1406","ZON216","생활서비스시설_공원"," "," ","어린이공원(해바라기)"," ","",""
"112754","생활서비스시설_공원_1408","ZON216","생활서비스시설_공원"," "," ","어린이공원(난곡)"," ","",""
"112755","생활서비스시설_공원_1410","ZON216","생활서비스시설_공원"," "," ","어린이공원(국사봉)"," ","",""
"112756","생활서비스시설_공원_1413","ZON216","생활서비스시설_공원"," "," ","어린이공원(충효)"," ","",""
"112757","생활서비스시설_공원_1414","ZON216","생활서비스시설_공원"," "," ","도시자연공원(관악산<시공원>)"," ","",""
"112758","생활서비스시설_공원_1415","ZON216","생활서비스시설_공원"," "," ","어린이공원(미성)"," ","",""
"112759","생활서비스시설_공원_1416","ZON216","생활서비스시설_공원"," "," ","마을마당(신림13동)"," ","",""
"112760","생활서비스시설_공원_1417","ZON216","생활서비스시설_공원"," "," ","어린이공원(대협)"," ","",""
"112761","생활서비스시설_공원_1418","ZON216","생활서비스시설_공원"," "," ","마을마당(신림본동1)"," ","",""
"112762","생활서비스시설_공원_1420","ZON216","생활서비스시설_공원"," "," ","어린이공원(호박골)"," ","",""
"112763","생활서비스시설_공원_1421","ZON216","생활서비스시설_공원"," "," ","어린이공원(상록)"," ","",""
"112764","생활서비스시설_공원_1422","ZON216","생활서비스시설_공원"," "," ","어린이공원(승방돌)"," ","",""
"112765","생활서비스시설_공원_1424","ZON216","생활서비스시설_공원"," "," ","어린이공원(서광)"," ","",""
"112766","생활서비스시설_공원_1425","ZON216","생활서비스시설_공원"," "," ","어린이공원(도덕)"," ","",""
"113237","생활서비스시설_공원_1858","ZON216","생활서비스시설_공원"," "," ","강변공원(망원지구)"," ","",""
"113238","생활서비스시설_공원_1866","ZON216","생활서비스시설_공원"," "," ","강변공원(잠원지구)"," ","",""
"113239","생활서비스시설_공원_1867","ZON216","생활서비스시설_공원"," "," ","강변공원(여의도지구)"," ","",""
"113240","생활서비스시설_공원_1871","ZON216","생활서비스시설_공원"," "," ","도시자연공원((일자산)<길동생태공원>)"," ","",""
"113241","생활서비스시설_공원_1809","ZON216","생활서비스시설_공원"," "," ","근린공원(두레)"," ","",""
"113242","생활서비스시설_공원_1813","ZON216","생활서비스시설_공원"," "," ","마을마당(둔촌동)"," ","",""
"113243","생활서비스시설_공원_1815","ZON216","생활서비스시설_공원"," "," ","어린이공원(꿈나래)"," ","",""
"113244","생활서비스시설_공원_1817","ZON216","생활서비스시설_공원"," "," ","어린이공원(게내)"," ","",""
"113245","생활서비스시설_공원_1818","ZON216","생활서비스시설_공원"," "," ","근린공원(명일<시공원>)"," ","",""
"113246","생활서비스시설_공원_1819","ZON216","생활서비스시설_공원"," "," ","도시자연공원(일자산<시공원>)"," ","",""
"113247","생활서비스시설_공원_1861","ZON216","생활서비스시설_공원"," "," ","강변공원(뚝섬지구)"," ","",""
"112481","생활서비스시설_공원_0803","ZON216","생활서비스시설_공원"," "," ","어린이공원(북가좌정원지구)"," ","",""
"112482","생활서비스시설_공원_0808","ZON216","생활서비스시설_공원"," "," ","어린이공원(신가)"," ","",""
"112483","생활서비스시설_공원_0811","ZON216","생활서비스시설_공원"," "," ","근린공원(창천)"," ","",""
"112484","생활서비스시설_공원_0814","ZON216","생활서비스시설_공원"," "," ","마을마당(창천동골목공원)"," ","",""
"112485","생활서비스시설_공원_0820","ZON216","생활서비스시설_공원"," "," ","어린이공원(연가)"," ","",""
"112486","생활서비스시설_공원_0824","ZON216","생활서비스시설_공원"," "," ","마을마당(답동)"," ","",""
"112487","생활서비스시설_공원_1580","ZON216","생활서비스시설_공원"," "," ","어린이공원(논현소나무)"," ","",""
"112488","생활서비스시설_공원_1581","ZON216","생활서비스시설_공원"," "," ","어린이공원(압구정은행나무)"," ","",""
"112489","생활서비스시설_공원_1583","ZON216","생활서비스시설_공원"," "," ","근린공원(학동)"," ","",""
"112490","생활서비스시설_공원_1584","ZON216","생활서비스시설_공원"," "," ","마을마당(포이동)"," ","",""
"112491","생활서비스시설_공원_1587","ZON216","생활서비스시설_공원"," "," ","어린이공원(도곡까치)"," ","",""
"112492","생활서비스시설_공원_1588","ZON216","생활서비스시설_공원"," "," ","어린이공원(개포)"," ","",""
"112493","생활서비스시설_공원_1589","ZON216","생활서비스시설_공원"," "," ","어린이공원(신사무궁화)"," ","",""
"112494","생활서비스시설_공원_1590","ZON216","생활서비스시설_공원"," "," ","어린이공원(한마음)"," ","",""
"112495","생활서비스시설_공원_1591","ZON216","생활서비스시설_공원"," "," ","어린이공원(역삼까치)"," ","",""
"112496","생활서비스시설_공원_1593","ZON216","생활서비스시설_공원"," "," ","어린이공원(수서까치)"," ","",""
"112497","생활서비스시설_공원_1594","ZON216","생활서비스시설_공원"," "," ","어린이공원(일원까치)"," ","",""
"112498","생활서비스시설_공원_1596","ZON216","생활서비스시설_공원"," "," ","어린이공원(수서목련)"," ","",""
"112499","생활서비스시설_공원_1597","ZON216","생활서비스시설_공원"," "," ","어린이공원(역삼장미)"," ","",""
"112500","생활서비스시설_공원_1598","ZON216","생활서비스시설_공원"," "," ","어린이공원(일원상록수)"," ","",""
"112501","생활서비스시설_공원_1599","ZON216","생활서비스시설_공원"," "," ","어린이공원(수서개나리)"," ","",""
"112502","생활서비스시설_공원_1501","ZON216","생활서비스시설_공원"," "," ","어린이공원(암산)"," ","",""
"112503","생활서비스시설_공원_1503","ZON216","생활서비스시설_공원"," "," ","근린공원(서리풀<시공원>)"," ","",""
"112504","생활서비스시설_공원_1509","ZON216","생활서비스시설_공원"," "," ","어린이공원(하명달)"," ","",""
"112505","생활서비스시설_공원_1512","ZON216","생활서비스시설_공원"," "," ","어린이공원(방현)"," ","",""
"112506","생활서비스시설_공원_1576","ZON216","생활서비스시설_공원"," "," ","마을마당(싸리고개)"," ","",""
"112507","생활서비스시설_공원_1577","ZON216","생활서비스시설_공원"," "," ","근린공원(배밭)"," ","",""
"112508","생활서비스시설_공원_1579","ZON216","생활서비스시설_공원"," "," ","어린이공원(역삼소나무)"," ","",""
"112509","생활서비스시설_공원_1255","ZON216","생활서비스시설_공원"," "," ","어린이공원(동산)"," ","",""
"112510","생활서비스시설_공원_1257","ZON216","생활서비스시설_공원"," "," ","도시자연공원((관악산)<시공원>)"," ","",""
"112511","생활서비스시설_공원_1258","ZON216","생활서비스시설_공원"," "," ","어린이공원(정훈)"," ","",""
"112512","생활서비스시설_공원_1259","ZON216","생활서비스시설_공원"," "," ","어린이공원(옥계)"," ","",""
"112513","생활서비스시설_공원_1260","ZON216","생활서비스시설_공원"," "," ","어린이공원(참새)"," ","",""
"112514","생활서비스시설_공원_1262","ZON216","생활서비스시설_공원"," "," ","어린이공원(산장)"," ","",""
"112515","생활서비스시설_공원_1263","ZON216","생활서비스시설_공원"," "," ","어린이공원(다람쥐)"," ","",""
"112516","생활서비스시설_공원_1264","ZON216","생활서비스시설_공원"," "," ","어린이공원(한사랑)"," ","",""
"112517","생활서비스시설_공원_1266","ZON216","생활서비스시설_공원"," "," ","어린이공원(꾸러기)"," ","",""
"112518","생활서비스시설_공원_1267","ZON216","생활서비스시설_공원"," "," ","마을마당(모아래)"," ","",""
"112519","생활서비스시설_공원_1270","ZON216","생활서비스시설_공원"," "," ","어린이공원(조마)"," ","",""
"112520","생활서비스시설_공원_1271","ZON216","생활서비스시설_공원"," "," ","어린이공원(단군)"," ","",""
"112521","생활서비스시설_공원_1272","ZON216","생활서비스시설_공원"," "," ","어린이공원(남문)"," ","",""
"112522","생활서비스시설_공원_1273","ZON216","생활서비스시설_공원"," "," ","어린이공원(비둘기)"," ","",""
"112523","생활서비스시설_공원_1276","ZON216","생활서비스시설_공원"," "," ","어린이공원(다사랑)"," ","",""
"112524","생활서비스시설_공원_1278","ZON216","생활서비스시설_공원"," "," ","어린이공원(신우)"," ","",""
"112769","생활서비스시설_공원_1429","ZON216","생활서비스시설_공원"," "," ","어린이공원(금천)"," ","",""
"112770","생활서비스시설_공원_1431","ZON216","생활서비스시설_공원"," "," ","어린이공원(신라)"," ","",""
"112771","생활서비스시설_공원_1432","ZON216","생활서비스시설_공원"," "," ","마을마당(봉천본동)"," ","",""
"112772","생활서비스시설_공원_1434","ZON216","생활서비스시설_공원"," "," ","어린이공원(탑골)"," ","",""
"112773","생활서비스시설_공원_1435","ZON216","생활서비스시설_공원"," "," ","어린이공원(일선)"," ","",""
"112774","생활서비스시설_공원_1437","ZON216","생활서비스시설_공원"," "," ","어린이공원(남부)"," ","",""
"112775","생활서비스시설_공원_1438","ZON216","생활서비스시설_공원"," "," ","어린이공원(비안)"," ","",""
"112776","생활서비스시설_공원_1440","ZON216","생활서비스시설_공원"," "," ","어린이공원(영락)"," ","",""
"112777","생활서비스시설_공원_1441","ZON216","생활서비스시설_공원"," "," ","어린이공원(쑥고개)"," ","",""
"112778","생활서비스시설_공원_1442","ZON216","생활서비스시설_공원"," "," ","어린이공원(교체)"," ","",""
"112779","생활서비스시설_공원_1444","ZON216","생활서비스시설_공원"," "," ","어린이공원(은천)"," ","",""
"112780","생활서비스시설_공원_1742","ZON216","생활서비스시설_공원"," "," ","어린이공원(임금샘)"," ","",""
"112781","생활서비스시설_공원_1445","ZON216","생활서비스시설_공원"," "," ","어린이공원(합실)"," ","",""
"112782","생활서비스시설_공원_1447","ZON216","생활서비스시설_공원"," "," ","어린이공원(인헌)"," ","",""
"112783","생활서비스시설_공원_1448","ZON216","생활서비스시설_공원"," "," ","어린이공원(한라)"," ","",""
"112784","생활서비스시설_공원_1451","ZON216","생활서비스시설_공원"," "," ","어린이공원(서릿개)"," ","",""
"112785","생활서비스시설_공원_1452","ZON216","생활서비스시설_공원"," "," ","어린이공원(잿말)"," ","",""
"112786","생활서비스시설_공원_1453","ZON216","생활서비스시설_공원"," "," ","어린이공원(만남)"," ","",""
"112787","생활서비스시설_공원_1454","ZON216","생활서비스시설_공원"," "," ","어린이공원(점말)"," ","",""
"112788","생활서비스시설_공원_1455","ZON216","생활서비스시설_공원"," "," ","어린이공원(언구비)"," ","",""
"112789","생활서비스시설_공원_1457","ZON216","생활서비스시설_공원"," "," ","근린공원(방아다리2)"," ","",""
"112790","생활서비스시설_공원_1458","ZON216","생활서비스시설_공원"," "," ","어린이공원(식유촌)"," ","",""
"112791","생활서비스시설_공원_1460","ZON216","생활서비스시설_공원"," "," ","어린이공원(뒷벌)"," ","",""
"112792","생활서비스시설_공원_1461","ZON216","생활서비스시설_공원"," "," ","어린이공원(능안)"," ","",""
"112793","생활서비스시설_공원_1462","ZON216","생활서비스시설_공원"," "," ","어린이공원(당골)"," ","",""
"112794","생활서비스시설_공원_1463","ZON216","생활서비스시설_공원"," "," ","근린공원(잠원)"," ","",""
"112795","생활서비스시설_공원_1464","ZON216","생활서비스시설_공원"," "," ","어린이공원(신반포)"," ","",""
"112796","생활서비스시설_공원_1465","ZON216","생활서비스시설_공원"," "," ","어린이공원(반일)"," ","",""
"112797","생활서비스시설_공원_1466","ZON216","생활서비스시설_공원"," "," ","어린이공원(파랑새)"," ","",""
"112798","생활서비스시설_공원_1467","ZON216","생활서비스시설_공원"," "," ","어린이공원(상명달)"," ","",""
"112799","생활서비스시설_공원_1468","ZON216","생활서비스시설_공원"," "," ","어린이공원(너른골)"," ","",""
"112800","생활서비스시설_공원_1469","ZON216","생활서비스시설_공원"," "," ","어린이공원(용말)"," ","",""
"112801","생활서비스시설_공원_1470","ZON216","생활서비스시설_공원"," "," ","어린이공원(계리)"," ","",""
"112802","생활서비스시설_공원_1471","ZON216","생활서비스시설_공원"," "," ","어린이공원(돌샘)"," ","",""
"112803","생활서비스시설_공원_1472","ZON216","생활서비스시설_공원"," "," ","어린이공원(고무래)"," ","",""
"112804","생활서비스시설_공원_1473","ZON216","생활서비스시설_공원"," "," ","어린이공원(남태령)"," ","",""
"112805","생활서비스시설_공원_1474","ZON216","생활서비스시설_공원"," "," ","소공원(반포본동)"," ","",""
"112806","생활서비스시설_공원_1475","ZON216","생활서비스시설_공원"," "," ","어린이공원(세원)"," ","",""
"112807","생활서비스시설_공원_1476","ZON216","생활서비스시설_공원"," "," ","어린이공원(서원)"," ","",""
"112808","생활서비스시설_공원_1477","ZON216","생활서비스시설_공원"," "," ","마을마당(방배2동)"," ","",""
"112767","생활서비스시설_공원_1426","ZON216","생활서비스시설_공원"," "," ","마을마당(신림7동)"," ","",""
"112768","생활서비스시설_공원_1428","ZON216","생활서비스시설_공원"," "," ","마을마당(신림본동2)"," ","",""
"113248","생활서비스시설_공원_1862","ZON216","생활서비스시설_공원"," "," ","근린공원(선유도공원)"," ","",""
"112525","생활서비스시설_공원_1279","ZON216","생활서비스시설_공원"," "," ","마을마당(신길6)"," ","",""
"112526","생활서비스시설_공원_1280","ZON216","생활서비스시설_공원"," "," ","마을마당(신길3동)"," ","",""
"112527","생활서비스시설_공원_1281","ZON216","생활서비스시설_공원"," "," ","마을마당(신길2)"," ","",""
"112528","생활서비스시설_공원_1283","ZON216","생활서비스시설_공원"," "," ","마을마당(도림2)"," ","",""
"112529","생활서비스시설_공원_1284","ZON216","생활서비스시설_공원"," "," ","어린이공원(산성)"," ","",""
"112530","생활서비스시설_공원_1286","ZON216","생활서비스시설_공원"," "," ","근린공원(대림)"," ","",""
"112531","생활서비스시설_공원_1287","ZON216","생활서비스시설_공원"," "," ","어린이공원(강마을)"," ","",""
"112532","생활서비스시설_공원_1289","ZON216","생활서비스시설_공원"," "," ","마을마당(당산2동)"," ","",""
"112533","생활서비스시설_공원_1290","ZON216","생활서비스시설_공원"," "," ","마을마당(당산동)"," ","",""
"112534","생활서비스시설_공원_1291","ZON216","생활서비스시설_공원"," "," ","마을마당(신길6)"," ","",""
"112535","생활서비스시설_공원_1293","ZON216","생활서비스시설_공원"," "," ","근린공원(자매)"," ","",""
"112536","생활서비스시설_공원_1295","ZON216","생활서비스시설_공원"," "," ","어린이공원(양평)"," ","",""
"112537","생활서비스시설_공원_1297","ZON216","생활서비스시설_공원"," "," ","어린이공원(동심)"," ","",""
"112538","생활서비스시설_공원_1299","ZON216","생활서비스시설_공원"," "," ","어린이공원(평화)"," ","",""
"112539","생활서비스시설_공원_1300","ZON216","생활서비스시설_공원"," "," ","어린이공원(원지)"," ","",""
"112540","생활서비스시설_공원_1201","ZON216","생활서비스시설_공원"," "," ","어린이공원(구로리)"," ","",""
"112541","생활서비스시설_공원_1205","ZON216","생활서비스시설_공원"," "," ","어린이공원(꿈마을)"," ","",""
"112542","생활서비스시설_공원_1209","ZON216","생활서비스시설_공원"," "," ","마을마당(신도림동)"," ","",""
"112543","생활서비스시설_공원_1212","ZON216","생활서비스시설_공원"," "," ","마을마당(개봉본동)"," ","",""
"112544","생활서비스시설_공원_1216","ZON216","생활서비스시설_공원"," "," ","어린이공원(오금)"," ","",""
"112545","생활서비스시설_공원_1219","ZON216","생활서비스시설_공원"," "," ","마을마당(구로3동2)"," ","",""
"112546","생활서비스시설_공원_1222","ZON216","생활서비스시설_공원"," "," ","어린이공원(골목)"," ","",""
"112547","생활서비스시설_공원_1223","ZON216","생활서비스시설_공원"," "," ","근린공원((계남)<시공원>)"," ","",""
"112548","생활서비스시설_공원_1228","ZON216","생활서비스시설_공원"," "," ","어린이공원(푸른골)"," ","",""
"112549","생활서비스시설_공원_1231","ZON216","생활서비스시설_공원"," "," ","어린이공원(꿈나무)"," ","",""
"112550","생활서비스시설_공원_1235","ZON216","생활서비스시설_공원"," "," ","어린이공원(효봉)"," ","",""
"112551","생활서비스시설_공원_1237","ZON216","생활서비스시설_공원"," "," ","어린이공원(해태)"," ","",""
"112552","생활서비스시설_공원_1241","ZON216","생활서비스시설_공원"," "," ","마을마당(능골)"," ","",""
"112553","생활서비스시설_공원_1243","ZON216","생활서비스시설_공원"," "," ","광장(독산본동다목적광장)"," ","",""
"112554","생활서비스시설_공원_1246","ZON216","생활서비스시설_공원"," "," ","어린이공원(무아래)"," ","",""
"112555","생활서비스시설_공원_1250","ZON216","생활서비스시설_공원"," "," ","어린이공원(새재미)"," ","",""
"112556","생활서비스시설_공원_1253","ZON216","생활서비스시설_공원"," "," ","어린이공원(골말)"," ","",""
"112557","생활서비스시설_공원_1256","ZON216","생활서비스시설_공원"," "," ","어린이공원(목화)"," ","",""
"112558","생활서비스시설_공원_1261","ZON216","생활서비스시설_공원"," "," ","어린이공원(송록)"," ","",""
"112815","생활서비스시설_공원_1485","ZON216","생활서비스시설_공원"," "," ","어린이공원(정문)"," ","",""
"112816","생활서비스시설_공원_1487","ZON216","생활서비스시설_공원"," "," ","어린이공원(원촌)"," ","",""
"112817","생활서비스시설_공원_1488","ZON216","생활서비스시설_공원"," "," ","어린이공원(바우뫼)"," ","",""
"112818","생활서비스시설_공원_1490","ZON216","생활서비스시설_공원"," "," ","어린이공원(마산말)"," ","",""
"112819","생활서비스시설_공원_1491","ZON216","생활서비스시설_공원"," "," ","근린공원(양재)"," ","",""
"112820","생활서비스시설_공원_1493","ZON216","생활서비스시설_공원"," "," ","마을마당(잠원동)"," ","",""
"112821","생활서비스시설_공원_1494","ZON216","생활서비스시설_공원"," "," ","어린이공원(교대)"," ","",""
"112822","생활서비스시설_공원_1498","ZON216","생활서비스시설_공원"," "," ","어린이공원(효자)"," ","",""
"112823","생활서비스시설_공원_1499","ZON216","생활서비스시설_공원"," "," ","어린이공원(비석)"," ","",""
"112824","생활서비스시설_공원_1500","ZON216","생활서비스시설_공원"," "," ","어린이공원(홍씨마을)"," ","",""
"112825","생활서비스시설_공원_1401","ZON216","생활서비스시설_공원"," "," ","어린이공원(무궁화)"," ","",""
"112826","생활서비스시설_공원_1402","ZON216","생활서비스시설_공원"," "," ","마을마당(신림6동)"," ","",""
"112827","생활서비스시설_공원_1407","ZON216","생활서비스시설_공원"," "," ","어린이공원(백설)"," ","",""
"112809","생활서비스시설_공원_1478","ZON216","생활서비스시설_공원"," "," ","근린공원(방아다리1)"," ","",""
"112810","생활서비스시설_공원_1479","ZON216","생활서비스시설_공원"," "," ","어린이공원(늘푸른)"," ","",""
"112811","생활서비스시설_공원_1480","ZON216","생활서비스시설_공원"," "," ","어린이공원(분토골)"," ","",""
"112812","생활서비스시설_공원_1481","ZON216","생활서비스시설_공원"," "," ","어린이공원(염곡)"," ","",""
"112813","생활서비스시설_공원_1483","ZON216","생활서비스시설_공원"," "," ","어린이공원(궁현)"," ","",""
"112814","생활서비스시설_공원_1484","ZON216","생활서비스시설_공원"," "," ","마을마당(서초동)"," ","",""
"112828","생활서비스시설_공원_1409","ZON216","생활서비스시설_공원"," "," ","근린공원((까치산)<시공원>)"," ","",""
"112829","생활서비스시설_공원_1411","ZON216","생활서비스시설_공원"," "," ","근린공원(신림)"," ","",""
"112830","생활서비스시설_공원_1412","ZON216","생활서비스시설_공원"," "," ","근린공원(장군봉<시공원>)"," ","",""
"112831","생활서비스시설_공원_1419","ZON216","생활서비스시설_공원"," "," ","어린이공원(보명)"," ","",""
"112832","생활서비스시설_공원_1423","ZON216","생활서비스시설_공원"," "," ","어린이공원(남현)"," ","",""
"112833","생활서비스시설_공원_1427","ZON216","생활서비스시설_공원"," "," ","어린이공원(예촌)"," ","",""
"112834","생활서비스시설_공원_1430","ZON216","생활서비스시설_공원"," "," ","어린이공원(선봉)"," ","",""
"112835","생활서비스시설_공원_1433","ZON216","생활서비스시설_공원"," "," ","어린이공원(새싹)"," ","",""
"112836","생활서비스시설_공원_1436","ZON216","생활서비스시설_공원"," "," ","어린이공원(문성)"," ","",""
"112837","생활서비스시설_공원_1696","ZON216","생활서비스시설_공원"," "," ","근린공원(백토)"," ","",""
"112838","생활서비스시설_공원_1698","ZON216","생활서비스시설_공원"," "," ","어린이공원(호순이)"," ","",""
"112839","생활서비스시설_공원_1699","ZON216","생활서비스시설_공원"," "," ","어린이공원(용마)"," ","",""
"112840","생활서비스시설_공원_1700","ZON216","생활서비스시설_공원"," "," ","어린이공원(중대)"," ","",""
"112841","생활서비스시설_공원_1601","ZON216","생활서비스시설_공원"," "," ","어린이공원(개포은행나무)"," ","",""
"112559","생활서비스시설_공원_1265","ZON216","생활서비스시설_공원"," "," ","어린이공원(부장천)"," ","",""
"112560","생활서비스시설_공원_1268","ZON216","생활서비스시설_공원"," "," ","어린이공원(철쭉)"," ","",""
"112561","생활서비스시설_공원_1269","ZON216","생활서비스시설_공원"," "," ","강변공원(금천한내(안양천))"," ","",""
"112562","생활서비스시설_공원_1274","ZON216","생활서비스시설_공원"," "," ","근린공원(문래)"," ","",""
"112563","생활서비스시설_공원_1275","ZON216","생활서비스시설_공원"," "," ","마을마당(신길3동)"," ","",""
"112564","생활서비스시설_공원_1277","ZON216","생활서비스시설_공원"," "," ","근린공원(신길)"," ","",""
"112565","생활서비스시설_공원_1282","ZON216","생활서비스시설_공원"," "," ","근린공원(당산)"," ","",""
"112566","생활서비스시설_공원_1285","ZON216","생활서비스시설_공원"," "," ","마을마당(신길2)"," ","",""
"112567","생활서비스시설_공원_1288","ZON216","생활서비스시설_공원"," "," ","마을마당(신길1)"," ","",""
"112568","생활서비스시설_공원_1292","ZON216","생활서비스시설_공원"," "," ","어린이공원(고추말)"," ","",""
"112569","생활서비스시설_공원_1294","ZON216","생활서비스시설_공원"," "," ","어린이공원(자유)"," ","",""
"112570","생활서비스시설_공원_1296","ZON216","생활서비스시설_공원"," "," ","어린이공원(신일)"," ","",""
"112571","생활서비스시설_공원_1537","ZON216","생활서비스시설_공원"," "," ","어린이공원(새쟁이)"," ","",""
"112572","생활서비스시설_공원_1539","ZON216","생활서비스시설_공원"," "," ","도시자연공원(인능산3<시공원>)"," ","",""
"112573","생활서비스시설_공원_1545","ZON216","생활서비스시설_공원"," "," ","도시자연공원(인능산2<시공원>)"," ","",""
"112574","생활서비스시설_공원_1548","ZON216","생활서비스시설_공원"," "," ","근린공원(신동)"," ","",""
"112575","생활서비스시설_공원_1550","ZON216","생활서비스시설_공원"," "," ","도시자연공원(청계산<시공원>)"," ","",""
"112576","생활서비스시설_공원_1554","ZON216","생활서비스시설_공원"," "," ","어린이공원(새말)"," ","",""
"112577","생활서비스시설_공원_1557","ZON216","생활서비스시설_공원"," "," ","어린이공원(언남)"," ","",""
"112578","생활서비스시설_공원_1561","ZON216","생활서비스시설_공원"," "," ","어린이공원(원터)"," ","",""
"112579","생활서비스시설_공원_1565","ZON216","생활서비스시설_공원"," "," ","어린이공원(나리)"," ","",""
"112580","생활서비스시설_공원_1569","ZON216","생활서비스시설_공원"," "," ","어린이공원(청룡)"," ","",""
"112581","생활서비스시설_공원_1572","ZON216","생활서비스시설_공원"," "," ","어린이공원(일원새싹)"," ","",""
"112582","생활서비스시설_공원_1574","ZON216","생활서비스시설_공원"," "," ","어린이공원(못골)"," ","",""
"112583","생활서비스시설_공원_1578","ZON216","생활서비스시설_공원"," "," ","마을마당(은곡)"," ","",""
"112584","생활서비스시설_공원_1582","ZON216","생활서비스시설_공원"," "," ","근린공원(신사)"," ","",""
"112585","생활서비스시설_공원_1585","ZON216","생활서비스시설_공원"," "," ","어린이공원(삼성까치)"," ","",""
"112848","생활서비스시설_공원_1758","ZON216","생활서비스시설_공원"," "," ","근린공원(두댐이)"," ","",""
"112849","생활서비스시설_공원_1759","ZON216","생활서비스시설_공원"," "," ","어린이공원(수정)"," ","",""
"112850","생활서비스시설_공원_1760","ZON216","생활서비스시설_공원"," "," ","어린이공원(초록)"," ","",""
"112851","생활서비스시설_공원_1761","ZON216","생활서비스시설_공원"," "," ","근린공원(개나리)"," ","",""
"112852","생활서비스시설_공원_1762","ZON216","생활서비스시설_공원"," "," ","근린공원(한양)"," ","",""
"112853","생활서비스시설_공원_1764","ZON216","생활서비스시설_공원"," "," ","어린이공원(석촌)"," ","",""
"112854","생활서비스시설_공원_1765","ZON216","생활서비스시설_공원"," "," ","근린공원(송파나루<시공원>)"," ","",""
"112855","생활서비스시설_공원_1766","ZON216","생활서비스시설_공원"," "," ","어린이공원(아랫말)"," ","",""
"112856","생활서비스시설_공원_1767","ZON216","생활서비스시설_공원"," "," ","어린이공원(돌무데기)"," ","",""
"112842","생활서비스시설_공원_1602","ZON216","생활서비스시설_공원"," "," ","어린이공원(논현은행나무)"," ","",""
"112843","생활서비스시설_공원_1603","ZON216","생활서비스시설_공원"," "," ","근린공원(한솔)"," ","",""
"112844","생활서비스시설_공원_1754","ZON216","생활서비스시설_공원"," "," ","어린이공원(벌말)"," ","",""
"112845","생활서비스시설_공원_1755","ZON216","생활서비스시설_공원"," "," ","근린공원(송파)"," ","",""
"112846","생활서비스시설_공원_1756","ZON216","생활서비스시설_공원"," "," ","근린공원(마천)"," ","",""
"112847","생활서비스시설_공원_1757","ZON216","생활서비스시설_공원"," "," ","어린이공원(평화)"," ","",""
"112857","생활서비스시설_공원_1768","ZON216","생활서비스시설_공원"," "," ","어린이공원(삼전)"," ","",""
"112858","생활서비스시설_공원_1770","ZON216","생활서비스시설_공원"," "," ","어린이공원(꿈나무)"," ","",""
"112859","생활서비스시설_공원_1771","ZON216","생활서비스시설_공원"," "," ","어린이공원(삼학사)"," ","",""
"112860","생활서비스시설_공원_1773","ZON216","생활서비스시설_공원"," "," ","어린이공원(곰말)"," ","",""
"112861","생활서비스시설_공원_1774","ZON216","생활서비스시설_공원"," "," ","어린이공원(무궁화)"," ","",""
"112862","생활서비스시설_공원_1775","ZON216","생활서비스시설_공원"," "," ","어린이공원(새마을)"," ","",""
"112863","생활서비스시설_공원_1776","ZON216","생활서비스시설_공원"," "," ","마을마당(송파2동)"," ","",""
"112864","생활서비스시설_공원_1778","ZON216","생활서비스시설_공원"," "," ","어린이공원(안산골)"," ","",""
"112865","생활서비스시설_공원_1780","ZON216","생활서비스시설_공원"," "," ","마을마당(삼전동)"," ","",""
"112866","생활서비스시설_공원_1781","ZON216","생활서비스시설_공원"," "," ","어린이공원(천사)"," ","",""
"112867","생활서비스시설_공원_1782","ZON216","생활서비스시설_공원"," "," ","근린공원(상일)"," ","",""
"112868","생활서비스시설_공원_1784","ZON216","생활서비스시설_공원"," "," ","어린이공원(달님)"," ","",""
"112869","생활서비스시설_공원_1785","ZON216","생활서비스시설_공원"," "," ","어린이공원(안말)"," ","",""
"112870","생활서비스시설_공원_1787","ZON216","생활서비스시설_공원"," "," ","근린공원(암사동)"," ","",""
"112871","생활서비스시설_공원_1788","ZON216","생활서비스시설_공원"," "," ","어린이공원(샘물)"," ","",""
"112872","생활서비스시설_공원_1789","ZON216","생활서비스시설_공원"," "," ","어린이공원(무지개)"," ","",""
"112873","생활서비스시설_공원_1790","ZON216","생활서비스시설_공원"," "," ","어린이공원(광진)"," ","",""
"112874","생활서비스시설_공원_1791","ZON216","생활서비스시설_공원"," "," ","어린이공원(한우물)"," ","",""
"112875","생활서비스시설_공원_1793","ZON216","생활서비스시설_공원"," "," ","어린이공원(동산)"," ","",""
"112876","생활서비스시설_공원_1795","ZON216","생활서비스시설_공원"," "," ","어린이공원(둔촌)"," ","",""
"112877","생활서비스시설_공원_1796","ZON216","생활서비스시설_공원"," "," ","어린이공원(미리내)"," ","",""
"112878","생활서비스시설_공원_1797","ZON216","생활서비스시설_공원"," "," ","근린공원(송림)"," ","",""
"112879","생활서비스시설_공원_1798","ZON216","생활서비스시설_공원"," "," ","어린이공원(명우)"," ","",""
"112880","생활서비스시설_공원_1800","ZON216","생활서비스시설_공원"," "," ","어린이공원(방아다리)"," ","",""
"112881","생활서비스시설_공원_1703","ZON216","생활서비스시설_공원"," "," ","어린이공원(옛동산)"," ","",""
"112882","생활서비스시설_공원_1707","ZON216","생활서비스시설_공원"," "," ","어린이공원(늘봄)"," ","",""
"112883","생활서비스시설_공원_1710","ZON216","생활서비스시설_공원"," "," ","근린공원(방이동고분)"," ","",""
"112884","생활서비스시설_공원_1714","ZON216","생활서비스시설_공원"," "," ","어린이공원(훙이)"," ","",""
"112586","생활서비스시설_공원_1586","ZON216","생활서비스시설_공원"," "," ","근린공원(한티)"," ","",""
"112587","생활서비스시설_공원_1592","ZON216","생활서비스시설_공원"," "," ","어린이공원(일원진달래)"," ","",""
"112588","생활서비스시설_공원_1595","ZON216","생활서비스시설_공원"," "," ","근린공원(개포서)"," ","",""
"112589","생활서비스시설_공원_1600","ZON216","생활서비스시설_공원"," "," ","어린이공원(신사까치)"," ","",""
"112590","생활서비스시설_공원_1604","ZON216","생활서비스시설_공원"," "," ","어린이공원(논현개나리)"," ","",""
"112591","생활서비스시설_공원_1605","ZON216","생활서비스시설_공원"," "," ","근린공원(대청)"," ","",""
"112592","생활서비스시설_공원_1606","ZON216","생활서비스시설_공원"," "," ","어린이공원(윗반고개)"," ","",""
"112593","생활서비스시설_공원_1607","ZON216","생활서비스시설_공원"," "," ","어린이공원(아랫반고개)"," ","",""
"112594","생활서비스시설_공원_1609","ZON216","생활서비스시설_공원"," "," ","어린이공원(신사개나리)"," ","",""
"112595","생활서비스시설_공원_1610","ZON216","생활서비스시설_공원"," "," ","마을마당(대치동)"," ","",""
"112596","생활서비스시설_공원_1611","ZON216","생활서비스시설_공원"," "," ","어린이공원(신사목련)"," ","",""
"112597","생활서비스시설_공원_1612","ZON216","생활서비스시설_공원"," "," ","어린이공원(수서은행나무)"," ","",""
"112598","생활서비스시설_공원_1615","ZON216","생활서비스시설_공원"," "," ","어린이공원(신사은행나무)"," ","",""
"112599","생활서비스시설_공원_1616","ZON216","생활서비스시설_공원"," "," ","어린이공원(도곡목련)"," ","",""
"112600","생활서비스시설_공원_1617","ZON216","생활서비스시설_공원"," "," ","어린이공원(일원소나무)"," ","",""
"112601","생활서비스시설_공원_1618","ZON216","생활서비스시설_공원"," "," ","어린이공원(궁마을)"," ","",""
"112602","생활서비스시설_공원_1619","ZON216","생활서비스시설_공원"," "," ","어린이공원(역삼무궁화)"," ","",""
"112603","생활서비스시설_공원_1620","ZON216","생활서비스시설_공원"," "," ","어린이공원(논현까치)"," ","",""
"112604","생활서비스시설_공원_1622","ZON216","생활서비스시설_공원"," "," ","근린공원(봉은)"," ","",""
"112605","생활서비스시설_공원_1623","ZON216","생활서비스시설_공원"," "," ","마을마당(율현동)"," ","",""
"112606","생활서비스시설_공원_1625","ZON216","생활서비스시설_공원"," "," ","근린공원(늘푸른)"," ","",""
"112607","생활서비스시설_공원_1626","ZON216","생활서비스시설_공원"," "," ","마을마당(개포동)"," ","",""
"112608","생활서비스시설_공원_1628","ZON216","생활서비스시설_공원"," "," ","어린이공원(개포목련)"," ","",""
"112609","생활서비스시설_공원_1629","ZON216","생활서비스시설_공원"," "," ","어린이공원(삼성목련)"," ","",""
"112610","생활서비스시설_공원_1631","ZON216","생활서비스시설_공원"," "," ","근린공원(청담)"," ","",""
"112611","생활서비스시설_공원_1633","ZON216","생활서비스시설_공원"," "," ","어린이공원(일원목련)"," ","",""
"112612","생활서비스시설_공원_1634","ZON216","생활서비스시설_공원"," "," ","근린공원(청룡)"," ","",""
"112613","생활서비스시설_공원_1635","ZON216","생활서비스시설_공원"," "," ","어린이공원(일원은행나무)"," ","",""
"112614","생활서비스시설_공원_1637","ZON216","생활서비스시설_공원"," "," ","어린이공원(청담목련)"," ","",""
"112615","생활서비스시설_공원_1645","ZON216","생활서비스시설_공원"," "," ","어린이공원(일원개나리)"," ","",""
"112616","생활서비스시설_공원_1647","ZON216","생활서비스시설_공원"," "," ","근린공원(삼성은행나무)"," ","",""
"112617","생활서비스시설_공원_1648","ZON216","생활서비스시설_공원"," "," ","어린이공원(개포까치)"," ","",""
"112618","생활서비스시설_공원_1651","ZON216","생활서비스시설_공원"," "," ","어린이공원(은곡마을)"," ","",""
"112619","생활서비스시설_공원_1652","ZON216","생활서비스시설_공원"," "," ","어린이공원(충현)"," ","",""
"112620","생활서비스시설_공원_1654","ZON216","생활서비스시설_공원"," "," ","어린이공원(논현목련)"," ","",""
"112621","생활서비스시설_공원_1656","ZON216","생활서비스시설_공원"," "," ","근린공원(청수)"," ","",""
"112622","생활서비스시설_공원_1659","ZON216","생활서비스시설_공원"," "," ","어린이공원(일원장미)"," ","",""
"112623","생활서비스시설_공원_1660","ZON216","생활서비스시설_공원"," "," ","근린공원(대진)"," ","",""
"112624","생활서비스시설_공원_1661","ZON216","생활서비스시설_공원"," "," ","어린이공원(청담은행나무)"," ","",""
"112885","생활서비스시설_공원_1715","ZON216","생활서비스시설_공원"," "," ","근린공원(백제초기적석총)"," ","",""
"112886","생활서비스시설_공원_1716","ZON216","생활서비스시설_공원"," "," ","기타공원(올림픽공원)"," ","",""
"112887","생활서비스시설_공원_1750","ZON216","생활서비스시설_공원"," "," ","어린이공원(동호수)"," ","",""
"112888","생활서비스시설_공원_1753","ZON216","생활서비스시설_공원"," "," ","어린이공원(삼밭나루)"," ","",""
"112889","생활서비스시설_공원_1515","ZON216","생활서비스시설_공원"," "," ","어린이공원(코아)"," ","",""
"112890","생활서비스시설_공원_1519","ZON216","생활서비스시설_공원"," "," ","근린공원(명주)"," ","",""
"112891","생활서비스시설_공원_1522","ZON216","생활서비스시설_공원"," "," ","마을마당(방배2동)"," ","",""
"112892","생활서비스시설_공원_1524","ZON216","생활서비스시설_공원"," "," ","근린공원(반포)"," ","",""
"112893","생활서비스시설_공원_1529","ZON216","생활서비스시설_공원"," "," ","어린이공원(노고지리)"," ","",""
"112894","생활서비스시설_공원_1533","ZON216","생활서비스시설_공원"," "," ","근린공원(바우뫼)"," ","",""
"112895","생활서비스시설_공원_1534","ZON216","생활서비스시설_공원"," "," ","근린공원(양재천)"," ","",""
"112896","생활서비스시설_공원_0913","ZON216","생활서비스시설_공원"," "," ","하천(홍제천)"," ","",""
"112897","생활서비스시설_공원_0916","ZON216","생활서비스시설_공원"," "," ","마을마당(밤섬)"," ","",""
"112898","생활서비스시설_공원_0919","ZON216","생활서비스시설_공원"," "," ","어린이공원(성사천)"," ","",""
"112899","생활서비스시설_공원_0922","ZON216","생활서비스시설_공원"," "," ","소공원(쌈지마당)"," ","",""
"112900","생활서비스시설_공원_0925","ZON216","생활서비스시설_공원"," "," ","마을마당(현석동)"," ","",""
"112901","생활서비스시설_공원_0929","ZON216","생활서비스시설_공원"," "," ","어린이공원(두리)"," ","",""
"112902","생활서비스시설_공원_0932","ZON216","생활서비스시설_공원"," "," ","어린이공원(홍익)"," ","",""
"112903","생활서비스시설_공원_0935","ZON216","생활서비스시설_공원"," "," ","기타공원(오목수변공원)"," ","",""
"112904","생활서비스시설_공원_0938","ZON216","생활서비스시설_공원"," "," ","기타공원(신월1동휴게공간)"," ","",""
"112905","생활서비스시설_공원_1036","ZON216","생활서비스시설_공원"," "," ","기타공원(가양동자투리)"," ","",""
"112906","생활서비스시설_공원_1038","ZON216","생활서비스시설_공원"," "," ","어린이공원(샛별)"," ","",""
"112907","생활서비스시설_공원_1041","ZON216","생활서비스시설_공원"," "," ","어린이공원(다솔)"," ","",""
"112908","생활서비스시설_공원_1043","ZON216","생활서비스시설_공원"," "," ","어린이공원(무지개)"," ","",""
"112909","생활서비스시설_공원_1046","ZON216","생활서비스시설_공원"," "," ","근린공원(서낭당)"," ","",""
"112910","생활서비스시설_공원_1050","ZON216","생활서비스시설_공원"," "," ","어린이공원(능말)"," ","",""
"112911","생활서비스시설_공원_1054","ZON216","생활서비스시설_공원"," "," ","어린이공원(초롱)"," ","",""
"112912","생활서비스시설_공원_1057","ZON216","생활서비스시설_공원"," "," ","어린이공원(새싹)"," ","",""
"112913","생활서비스시설_공원_1059","ZON216","생활서비스시설_공원"," "," ","어린이공원(부석)"," ","",""
"112914","생활서비스시설_공원_1062","ZON216","생활서비스시설_공원"," "," ","체육공원(마곡(미조성))"," ","",""
"112915","생활서비스시설_공원_1065","ZON216","생활서비스시설_공원"," "," ","어린이공원(쌈지)"," ","",""
"112916","생활서비스시설_공원_1070","ZON216","생활서비스시설_공원"," "," ","기타공원(참새)"," ","",""
"112917","생활서비스시설_공원_1073","ZON216","생활서비스시설_공원"," "," ","어린이공원(까치산)"," ","",""
"112626","생활서비스시설_공원_1664","ZON216","생활서비스시설_공원"," "," ","어린이공원(윗방죽마을)"," ","",""
"112627","생활서비스시설_공원_1665","ZON216","생활서비스시설_공원"," "," ","어린이공원(대치목련)"," ","",""
"112628","생활서비스시설_공원_1668","ZON216","생활서비스시설_공원"," "," ","마을마당(장미)"," ","",""
"112629","생활서비스시설_공원_1669","ZON216","생활서비스시설_공원"," "," ","어린이공원(부렴)"," ","",""
"112630","생활서비스시설_공원_1670","ZON216","생활서비스시설_공원"," "," ","어린이공원(몽촌)"," ","",""
"112631","생활서비스시설_공원_1671","ZON216","생활서비스시설_공원"," "," ","어린이공원(비둘기)"," ","",""
"112632","생활서비스시설_공원_1672","ZON216","생활서비스시설_공원"," "," ","어린이공원(돌마리)"," ","",""
"112633","생활서비스시설_공원_1638","ZON216","생활서비스시설_공원"," "," ","어린이공원(대치까치)"," ","",""
"112634","생활서비스시설_공원_1640","ZON216","생활서비스시설_공원"," "," ","마을마당(역삼동)"," ","",""
"112635","생활서비스시설_공원_1641","ZON216","생활서비스시설_공원"," "," ","마을마당(반고개)"," ","",""
"112636","생활서비스시설_공원_1642","ZON216","생활서비스시설_공원"," "," ","어린이공원(개포개나리)"," ","",""
"112637","생활서비스시설_공원_1643","ZON216","생활서비스시설_공원"," "," ","어린이공원(논현무궁화)"," ","",""
"112638","생활서비스시설_공원_1673","ZON216","생활서비스시설_공원"," "," ","근린공원(송이)"," ","",""
"112639","생활서비스시설_공원_1674","ZON216","생활서비스시설_공원"," "," ","어린이공원(투구봉)"," ","",""
"112640","생활서비스시설_공원_1676","ZON216","생활서비스시설_공원"," "," ","어린이공원(큰솔)"," ","",""
"112641","생활서비스시설_공원_1677","ZON216","생활서비스시설_공원"," "," ","어린이공원(방죽)"," ","",""
"112642","생활서비스시설_공원_1679","ZON216","생활서비스시설_공원"," "," ","어린이공원(삼밭)"," ","",""
"112643","생활서비스시설_공원_1680","ZON216","생활서비스시설_공원"," "," ","어린이공원(거여1)"," ","",""
"112644","생활서비스시설_공원_1681","ZON216","생활서비스시설_공원"," "," ","어린이공원(섬굴)"," ","",""
"112645","생활서비스시설_공원_1683","ZON216","생활서비스시설_공원"," "," ","근린공원(동산)"," ","",""
"112646","생활서비스시설_공원_1684","ZON216","생활서비스시설_공원"," "," ","근린공원(연화)"," ","",""
"112647","생활서비스시설_공원_1685","ZON216","생활서비스시설_공원"," "," ","어린이공원(진달래)"," ","",""
"112648","생활서비스시설_공원_1687","ZON216","생활서비스시설_공원"," "," ","어린이공원(굴렁쇠)"," ","",""
"112649","생활서비스시설_공원_1688","ZON216","생활서비스시설_공원"," "," ","근린공원(웃말)"," ","",""
"112650","생활서비스시설_공원_1689","ZON216","생활서비스시설_공원"," "," ","어린이공원(오봉산)"," ","",""
"112651","생활서비스시설_공원_1691","ZON216","생활서비스시설_공원"," "," ","어린이공원(삼전도비)"," ","",""
"112652","생활서비스시설_공원_1692","ZON216","생활서비스시설_공원"," "," ","마을마당(송파1동)"," ","",""
"112653","생활서비스시설_공원_1694","ZON216","생활서비스시설_공원"," "," ","어린이공원(능골)"," ","",""
"112654","생활서비스시설_공원_1695","ZON216","생활서비스시설_공원"," "," ","어린이공원(윗바람)"," ","",""
"112655","생활서비스시설_공원_1821","ZON216","생활서비스시설_공원"," "," ","근린공원(원터)"," ","",""
"112656","생활서비스시설_공원_1826","ZON216","생활서비스시설_공원"," "," ","어린이공원(파랑새)"," ","",""
"112657","생활서비스시설_공원_1828","ZON216","생활서비스시설_공원"," "," ","어린이공원(새장터)"," ","",""
"112658","생활서비스시설_공원_1832","ZON216","생활서비스시설_공원"," "," ","근린공원(성내)"," ","",""
"112659","생활서비스시설_공원_1836","ZON216","생활서비스시설_공원"," "," ","어린이공원(성내천)"," ","",""
"112660","생활서비스시설_공원_1837","ZON216","생활서비스시설_공원"," "," ","근린공원(동명)"," ","",""
"112661","생활서비스시설_공원_1844","ZON216","생활서비스시설_공원"," "," ","어린이공원(선사)"," ","",""
"112662","생활서비스시설_공원_1848","ZON216","생활서비스시설_공원"," "," ","마을마당(명일동)"," ","",""
"112625","생활서비스시설_공원_1662","ZON216","생활서비스시설_공원"," "," ","어린이공원(쟁골)"," ","",""
"112918","생활서비스시설_공원_1077","ZON216","생활서비스시설_공원"," "," ","근린공원(우장<시공원>)"," ","",""
"112919","생활서비스시설_공원_1078","ZON216","생활서비스시설_공원"," "," ","근린공원(염창<시공원>)"," ","",""
"112920","생활서비스시설_공원_1082","ZON216","생활서비스시설_공원"," "," ","어린이공원(은하수)"," ","",""
"112921","생활서비스시설_공원_1086","ZON216","생활서비스시설_공원"," "," ","어린이공원(풀피리)"," ","",""
"112922","생활서비스시설_공원_1089","ZON216","생활서비스시설_공원"," "," ","어린이공원(등마루)"," ","",""
"112923","생활서비스시설_공원_1091","ZON216","생활서비스시설_공원"," "," ","근린공원(공암나루)"," ","",""
"112924","생활서비스시설_공원_1097","ZON216","생활서비스시설_공원"," "," ","어린이공원(새말)"," ","",""
"112925","생활서비스시설_공원_1100","ZON216","생활서비스시설_공원"," "," ","어린이공원(돌샘)"," ","",""
"112926","생활서비스시설_공원_1102","ZON216","생활서비스시설_공원"," "," ","어린이공원(푸르매)"," ","",""
"112927","생활서비스시설_공원_1104","ZON216","생활서비스시설_공원"," "," ","어린이공원(백연)"," ","",""
"112928","생활서비스시설_공원_1105","ZON216","생활서비스시설_공원"," "," ","어린이공원(모태)"," ","",""
"112929","생활서비스시설_공원_1107","ZON216","생활서비스시설_공원"," "," ","어린이공원(하마터)"," ","",""
"112930","생활서비스시설_공원_1348","ZON216","생활서비스시설_공원"," "," ","어린이공원(새싹)"," ","",""
"112931","생활서비스시설_공원_1349","ZON216","생활서비스시설_공원"," "," ","어린이공원(토끼)"," ","",""
"112932","생활서비스시설_공원_1350","ZON216","생활서비스시설_공원"," "," ","묘지공원(현충<시공원>)"," ","",""
"112933","생활서비스시설_공원_1351","ZON216","생활서비스시설_공원"," "," ","어린이공원(노루)"," ","",""
"112934","생활서비스시설_공원_1353","ZON216","생활서비스시설_공원"," "," ","기타공원(절고개공원)"," ","",""
"112935","생활서비스시설_공원_1354","ZON216","생활서비스시설_공원"," "," ","어린이공원(물새)"," ","",""
"112936","생활서비스시설_공원_1358","ZON216","생활서비스시설_공원"," "," ","기타공원(상도동쌈지마당)"," ","",""
"112937","생활서비스시설_공원_1359","ZON216","생활서비스시설_공원"," "," ","기타공원(배수지공원)"," ","",""
"112938","생활서비스시설_공원_1361","ZON216","생활서비스시설_공원"," "," ","어린이공원(제비)"," ","",""
"112939","생활서비스시설_공원_1363","ZON216","생활서비스시설_공원"," "," ","어린이공원(난우)"," ","",""
"112940","생활서비스시설_공원_1364","ZON216","생활서비스시설_공원"," "," ","어린이공원(새들)"," ","",""
"112941","생활서비스시설_공원_1365","ZON216","생활서비스시설_공원"," "," ","어린이공원(미도)"," ","",""
"112942","생활서비스시설_공원_1367","ZON216","생활서비스시설_공원"," "," ","어린이공원(장미)"," ","",""