h3_index,상권업종대분류명,store_count
8930e034493ffff,과학·기술,1
8930e034493ffff,소매,1
8930e034493ffff,수리·개인,2
8930e03449bffff,과학·기술,2
8930e03449bffff,소매,2
8930e03449bffff,음식,8
8930e036003ffff,과학·기술,16
8930e036003ffff,교육,15
8930e036003ffff,보건의료,3
8930e036003ffff,부동산,6
8930e036003ffff,소매,21
8930e036003ffff,수리·개인,13
8930e036003ffff,숙박,2
8930e036003ffff,시설관리·임대,7
8930e036003ffff,예술·스포츠,5
8930e036003ffff,음식,91
8930e036007ffff,과학·기술,9
8930e036007ffff,교육,2
8930e036007ffff,부동산,4
8930e036007ffff,소매,7
8930e036007ffff,수리·개인,16
8930e036007ffff,시설관리·임대,3
8930e036007ffff,예술·스포츠,2
8930e036007ffff,음식,26
8930e03600bffff,과학·기술,21
8930e03600bffff,교육,4
8930e03600bffff,보건의료,6
8930e03600bffff,부동산,3
8930e03600bffff,소매,14
8930e03600bffff,수리·개인,13
8930e03600bffff,시설관리·임대,6
8930e03600bffff,예술·스포츠,3
8930e03600bffff,음식,21
8930e03600fffff,과학·기술,13
8930e03600fffff,교육,10
8930e03600fffff,보건의료,5
8930e03600fffff,부동산,6
8930e03600fffff,소매,17
8930e03600fffff,수리·개인,12
8930e03600fffff,숙박,3
8930e03600fffff,시설관리·임대,8
8930e03600fffff,예술·스포츠,11
8930e03600fffff,음식,32
8930e036013ffff,과학·기술,2
8930e036013ffff,교육,1
8930e036013ffff,부동산,2
8930e036013ffff,소매,1
8930e036013ffff,예술·스포츠,1
8930e036017ffff,과학·기술,1
8930e036017ffff,교육,4
8930e036017ffff,보건의료,1
8930e036017ffff,부동산,3
8930e036017ffff,소매,10
8930e036017ffff,수리·개인,10
8930e036017ffff,숙박,1
8930e036017ffff,시설관리·임대,2
8930e036017ffff,예술·스포츠,3
8930e036017ffff,음식,9
8930e03601bffff,과학·기술,3
8930e03601bffff,교육,12
8930e03601bffff,보건의료,1
8930e03601bffff,부동산,1
8930e03601bffff,소매,2
8930e03601bffff,수리·개인,6
8930e03601bffff,시설관리·임대,1
8930e03601bffff,예술·스포츠,2
8930e03601bffff,음식,22
8930e036023ffff,과학·기술,4
8930e036023ffff,교육,6
8930e036023ffff,보건의료,20
8930e036023ffff,부동산,4
8930e036023ffff,소매,54
8930e036023ffff,수리·개인,16
8930e036023ffff,시설관리·임대,3
8930e036023ffff,예술·스포츠,7
8930e036023ffff,음식,41
8930e036027ffff,과학·기술,4
8930e036027ffff,교육,13
8930e036027ffff,부동산,2
8930e036027ffff,소매,22
8930e036027ffff,수리·개인,21
8930e036027ffff,예술·스포츠,1
8930e036027ffff,음식,14
8930e03602bffff,과학·기술,9
8930e03602bffff,교육,9
8930e03602bffff,보건의료,1
8930e03602bffff,부동산,7
8930e03602bffff,소매,79
8930e03602bffff,수리·개인,32
8930e03602bffff,시설관리·임대,4
8930e03602bffff,예술·스포츠,3
8930e03602bffff,음식,42
8930e03602fffff,과학·기술,4
8930e03602fffff,소매,9
8930e03602fffff,수리·개인,7
8930e03602fffff,시설관리·임대,1
8930e03602fffff,음식,1
8930e036033ffff,과학·기술,7
8930e036033ffff,교육,1
8930e036033ffff,소매,8
8930e036033ffff,수리·개인,5
8930e036033ffff,시설관리·임대,3
8930e036033ffff,음식,4
8930e036037ffff,과학·기술,5
8930e036037ffff,교육,6
8930e036037ffff,보건의료,2
8930e036037ffff,부동산,3
8930e036037ffff,소매,15
8930e036037ffff,수리·개인,14
8930e036037ffff,숙박,1
8930e036037ffff,예술·스포츠,3
8930e036037ffff,음식,21
8930e03603bffff,과학·기술,3
8930e03603bffff,교육,2
8930e03603bffff,부동산,1
8930e03603bffff,소매,7
8930e03603bffff,수리·개인,4
8930e03603bffff,시설관리·임대,1
8930e036047ffff,과학·기술,1
8930e036047ffff,보건의료,1
8930e036047ffff,부동산,1
8930e036047ffff,소매,7
8930e036047ffff,수리·개인,2
8930e036047ffff,시설관리·임대,2
8930e036047ffff,음식,10
8930e03604fffff,음식,1
8930e036053ffff,과학·기술,5
8930e036053ffff,부동산,3
8930e036053ffff,소매,4
8930e036053ffff,수리·개인,5
8930e036053ffff,시설관리·임대,4
8930e036053ffff,예술·스포츠,1
8930e036053ffff,음식,6
8930e036057ffff,소매,1
8930e036057ffff,수리·개인,1
8930e036057ffff,음식,2
8930e03605bffff,과학·기술,5
8930e03605bffff,부동산,1
8930e03605bffff,소매,4
8930e03605bffff,수리·개인,7
8930e03605bffff,시설관리·임대,3
8930e03605bffff,음식,7
8930e036063ffff,과학·기술,7
8930e036063ffff,교육,19
8930e036063ffff,보건의료,43
8930e036063ffff,부동산,6
8930e036063ffff,소매,67
8930e036063ffff,수리·개인,15
8930e036063ffff,숙박,6
8930e036063ffff,시설관리·임대,3
8930e036063ffff,예술·스포츠,29
8930e036063ffff,음식,152
8930e036067ffff,과학·기술,5
8930e036067ffff,교육,5
8930e036067ffff,보건의료,4
8930e036067ffff,부동산,5
8930e036067ffff,소매,27
8930e036067ffff,수리·개인,18
8930e036067ffff,숙박,1
8930e036067ffff,시설관리·임대,1
8930e036067ffff,예술·스포츠,2
8930e036067ffff,음식,22
8930e03606bffff,과학·기술,79
8930e03606bffff,교육,16
8930e03606bffff,보건의료,12
8930e03606bffff,부동산,4
8930e03606bffff,소매,55
8930e03606bffff,수리·개인,27
8930e03606bffff,시설관리·임대,11
8930e03606bffff,예술·스포츠,14
8930e03606bffff,음식,47
8930e03606fffff,과학·기술,4
8930e03606fffff,교육,4
8930e03606fffff,부동산,6
8930e03606fffff,소매,27
8930e03606fffff,수리·개인,25
8930e03606fffff,시설관리·임대,4
8930e03606fffff,예술·스포츠,9
8930e03606fffff,음식,49
8930e036073ffff,과학·기술,7
8930e036073ffff,교육,1
8930e036073ffff,보건의료,7
8930e036073ffff,부동산,6
8930e036073ffff,소매,28
8930e036073ffff,수리·개인,13
8930e036073ffff,숙박,3
8930e036073ffff,시설관리·임대,2
8930e036073ffff,예술·스포츠,10
8930e036073ffff,음식,76
8930e036077ffff,과학·기술,9
8930e036077ffff,교육,3
8930e036077ffff,보건의료,7
8930e036077ffff,부동산,5
8930e036077ffff,소매,93
8930e036077ffff,수리·개인,16
8930e036077ffff,숙박,3
8930e036077ffff,시설관리·임대,8
8930e036077ffff,예술·스포츠,9
8930e036077ffff,음식,43
8930e03607bffff,교육,2
8930e03607bffff,소매,4
8930e03607bffff,수리·개인,2
8930e03607bffff,숙박,3
8930e03607bffff,음식,4
8930e036083ffff,과학·기술,6
8930e036083ffff,교육,4
8930e036083ffff,보건의료,2
8930e036083ffff,부동산,4
8930e036083ffff,소매,12
8930e036083ffff,수리·개인,13
8930e036083ffff,숙박,2
8930e036083ffff,시설관리·임대,1
8930e036083ffff,예술·스포츠,2
8930e036083ffff,음식,17
8930e036087ffff,과학·기술,2
8930e036087ffff,교육,7
8930e036087ffff,보건의료,1
8930e036087ffff,부동산,3
8930e036087ffff,소매,32
8930e036087ffff,수리·개인,10
8930e036087ffff,숙박,4
8930e036087ffff,시설관리·임대,1
8930e036087ffff,예술·스포츠,5
8930e036087ffff,음식,32
8930e03608bffff,과학·기술,1
8930e03608bffff,교육,1
8930e03608bffff,소매,3
8930e03608bffff,수리·개인,1
8930e03608bffff,음식,1
8930e03608fffff,교육,2
8930e03608fffff,부동산,1
8930e03608fffff,소매,2
8930e03608fffff,수리·개인,3
8930e03608fffff,숙박,1
8930e03608fffff,시설관리·임대,3
8930e03608fffff,예술·스포츠,1
8930e03608fffff,음식,4
8930e036093ffff,과학·기술,3
8930e036093ffff,교육,2
8930e036093ffff,보건의료,1
8930e036093ffff,부동산,1
8930e036093ffff,소매,10
8930e036093ffff,수리·개인,2
8930e036093ffff,시설관리·임대,1
8930e036093ffff,예술·스포츠,4
8930e036093ffff,음식,16
8930e036097ffff,과학·기술,6
8930e036097ffff,교육,1
8930e036097ffff,부동산,3
8930e036097ffff,소매,9
8930e036097ffff,수리·개인,8
8930e036097ffff,숙박,4
8930e036097ffff,시설관리·임대,4
8930e036097ffff,예술·스포츠,1
8930e036097ffff,음식,12
8930e03609bffff,과학·기술,71
8930e03609bffff,교육,18
8930e03609bffff,보건의료,1
8930e03609bffff,부동산,9
8930e03609bffff,소매,18
8930e03609bffff,수리·개인,11
8930e03609bffff,시설관리·임대,14
8930e03609bffff,예술·스포츠,4
8930e03609bffff,음식,25
8930e0360a3ffff,과학·기술,10
8930e0360a3ffff,교육,3
8930e0360a3ffff,보건의료,1
8930e0360a3ffff,부동산,1
8930e0360a3ffff,소매,17
8930e0360a3ffff,수리·개인,13
8930e0360a3ffff,숙박,1
8930e0360a3ffff,시설관리·임대,2
8930e0360a3ffff,예술·스포츠,5
8930e0360a3ffff,음식,46
8930e0360a7ffff,과학·기술,12
8930e0360a7ffff,교육,8
8930e0360a7ffff,보건의료,3
8930e0360a7ffff,부동산,5
8930e0360a7ffff,소매,30
8930e0360a7ffff,수리·개인,23
8930e0360a7ffff,숙박,4
8930e0360a7ffff,시설관리·임대,3
8930e0360a7ffff,예술·스포츠,8
8930e0360a7ffff,음식,45
8930e0360abffff,과학·기술,5
8930e0360abffff,교육,13
8930e0360abffff,부동산,6
8930e0360abffff,소매,20
8930e0360abffff,수리·개인,20
8930e0360abffff,시설관리·임대,3
8930e0360abffff,예술·스포츠,1
8930e0360abffff,음식,16
8930e0360afffff,과학·기술,6
8930e0360afffff,교육,7
8930e0360afffff,보건의료,13
8930e0360afffff,부동산,4
8930e0360afffff,소매,44
8930e0360afffff,수리·개인,25
8930e0360afffff,시설관리·임대,1
8930e0360afffff,예술·스포츠,19
8930e0360afffff,음식,69
8930e0360b3ffff,과학·기술,16
8930e0360b3ffff,교육,5
8930e0360b3ffff,보건의료,15
8930e0360b3ffff,부동산,7
8930e0360b3ffff,소매,64
8930e0360b3ffff,수리·개인,32
8930e0360b3ffff,숙박,2
8930e0360b3ffff,시설관리·임대,6
8930e0360b3ffff,예술·스포츠,15
8930e0360b3ffff,음식,55
8930e0360b7ffff,교육,3
8930e0360b7ffff,부동산,4
8930e0360b7ffff,소매,18
8930e0360b7ffff,수리·개인,16
8930e0360b7ffff,시설관리·임대,5
8930e0360b7ffff,예술·스포츠,15
8930e0360b7ffff,음식,73
8930e0360bbffff,과학·기술,9
8930e0360bbffff,교육,8
8930e0360bbffff,보건의료,4
8930e0360bbffff,부동산,4
8930e0360bbffff,소매,20
8930e0360bbffff,수리·개인,11
8930e0360bbffff,숙박,1
8930e0360bbffff,시설관리·임대,9
8930e0360bbffff,예술·스포츠,5
8930e0360bbffff,음식,37
8930e0360c7ffff,과학·기술,2
8930e0360c7ffff,부동산,5
8930e0360c7ffff,소매,1
8930e0360c7ffff,수리·개인,2
8930e0360c7ffff,숙박,1
8930e0360c7ffff,음식,10
8930e0360cbffff,교육,3
8930e0360cbffff,보건의료,1
8930e0360cbffff,부동산,3
8930e0360cbffff,소매,5
8930e0360cbffff,수리·개인,7
8930e0360cbffff,시설관리·임대,1
8930e0360cbffff,예술·스포츠,2
8930e0360cbffff,음식,10
8930e0360d7ffff,과학·기술,1
8930e0360d7ffff,교육,4
8930e0360d7ffff,부동산,3
8930e0360d7ffff,소매,1
8930e0360d7ffff,수리·개인,3
8930e0360d7ffff,예술·스포츠,2
8930e0360d7ffff,음식,6
8930e0360dbffff,과학·기술,1
8930e0360dbffff,소매,1
8930e0360dbffff,수리·개인,1
8930e0360dbffff,시설관리·임대,1
8930e0360dbffff,음식,1
8930e036107ffff,교육,1
8930e036107ffff,수리·개인,1
8930e036107ffff,예술·스포츠,1
8930e036107ffff,음식,1
8930e03610bffff,과학·기술,1
8930e03610bffff,소매,1
8930e03610bffff,수리·개인,1
8930e03610bffff,시설관리·임대,3
8930e03610fffff,과학·기술,4
8930e03610fffff,교육,1
8930e03610fffff,보건의료,1
8930e03610fffff,부동산,2
8930e03610fffff,소매,8
8930e03610fffff,수리·개인,5
8930e03610fffff,시설관리·임대,1
8930e03610fffff,예술·스포츠,1
8930e03610fffff,음식,7
8930e036117ffff,과학·기술,1
8930e03611bffff,예술·스포츠,1
8930e036123ffff,과학·기술,5
8930e036123ffff,교육,2
8930e036123ffff,소매,4
8930e036123ffff,수리·개인,6
8930e036123ffff,시설관리·임대,1
8930e03612fffff,교육,3
8930e03612fffff,수리·개인,1
8930e03612fffff,시설관리·임대,1
8930e036133ffff,과학·기술,6
8930e036133ffff,교육,4
8930e036133ffff,보건의료,1
8930e036133ffff,부동산,8
8930e036133ffff,소매,45
8930e036133ffff,수리·개인,19
8930e036133ffff,시설관리·임대,4
8930e036133ffff,예술·스포츠,5
8930e036133ffff,음식,26
8930e036137ffff,과학·기술,5
8930e036137ffff,교육,4
8930e036137ffff,소매,6
8930e036137ffff,수리·개인,1
8930e036137ffff,시설관리·임대,2
8930e036137ffff,예술·스포츠,1
8930e036137ffff,음식,3
8930e03613bffff,과학·기술,1
8930e03613bffff,교육,1
8930e03613bffff,부동산,1
8930e03613bffff,소매,9
8930e03613bffff,수리·개인,15
8930e03613bffff,시설관리·임대,1
8930e03613bffff,음식,2
8930e036147ffff,과학·기술,5
8930e036147ffff,교육,1
8930e036147ffff,소매,8
8930e036147ffff,수리·개인,4
8930e036147ffff,시설관리·임대,3
8930e036147ffff,음식,1
8930e036153ffff,과학·기술,2
8930e036153ffff,교육,5
8930e036153ffff,보건의료,2
8930e036153ffff,부동산,3
8930e036153ffff,소매,14
8930e036153ffff,수리·개인,6
8930e036153ffff,시설관리·임대,1
8930e036153ffff,예술·스포츠,2
8930e036153ffff,음식,7
8930e03615bffff,시설관리·임대,1
8930e036163ffff,교육,10
8930e036163ffff,보건의료,3
8930e036163ffff,부동산,4
8930e036163ffff,소매,7
8930e036163ffff,수리·개인,6
8930e036163ffff,시설관리·임대,1
8930e036163ffff,예술·스포츠,1
8930e036163ffff,음식,6
8930e036167ffff,과학·기술,1
8930e036173ffff,과학·기술,2
8930e036173ffff,교육,10
8930e036173ffff,보건의료,4
8930e036173ffff,부동산,1
8930e036173ffff,소매,19
8930e036173ffff,수리·개인,9
8930e036173ffff,시설관리·임대,5
8930e036173ffff,예술·스포츠,5
8930e036173ffff,음식,20
8930e036177ffff,과학·기술,1
8930e036177ffff,소매,1
8930e036177ffff,수리·개인,1
8930e036177ffff,예술·스포츠,2
8930e036177ffff,음식,14
8930e03617bffff,과학·기술,1
8930e03617bffff,교육,8
8930e03617bffff,보건의료,2
8930e03617bffff,부동산,3
8930e03617bffff,소매,5
8930e03617bffff,수리·개인,4
8930e03617bffff,시설관리·임대,1
8930e03617bffff,예술·스포츠,1
8930e036183ffff,과학·기술,1
8930e036183ffff,교육,1
8930e036183ffff,수리·개인,2
8930e036187ffff,과학·기술,9
8930e036187ffff,교육,5
8930e036187ffff,부동산,2
8930e036187ffff,소매,16
8930e036187ffff,수리·개인,7
8930e036187ffff,시설관리·임대,2
8930e036187ffff,예술·스포츠,1
8930e036187ffff,음식,7
8930e03618bffff,과학·기술,1
8930e03618bffff,수리·개인,2
8930e03618bffff,시설관리·임대,1
8930e036193ffff,음식,1
8930e036197ffff,과학·기술,1
8930e036197ffff,교육,4
8930e036197ffff,부동산,2
8930e036197ffff,소매,10
8930e036197ffff,수리·개인,6
8930e036197ffff,음식,4
8930e0361a3ffff,과학·기술,8
8930e0361a3ffff,교육,14
8930e0361a3ffff,보건의료,29
8930e0361a3ffff,부동산,11
8930e0361a3ffff,소매,60
8930e0361a3ffff,수리·개인,28
8930e0361a3ffff,시설관리·임대,1
8930e0361a3ffff,예술·스포츠,13
8930e0361a3ffff,음식,67
8930e0361a7ffff,교육,1
8930e0361a7ffff,소매,3
8930e0361a7ffff,수리·개인,5
8930e0361a7ffff,시설관리·임대,2
8930e0361abffff,과학·기술,5
8930e0361abffff,교육,14
8930e0361abffff,보건의료,8
8930e0361abffff,부동산,4
8930e0361abffff,소매,28
8930e0361abffff,수리·개인,17
8930e0361abffff,시설관리·임대,1
8930e0361abffff,예술·스포츠,11
8930e0361abffff,음식,31
8930e0361afffff,과학·기술,4
8930e0361afffff,교육,3
8930e0361afffff,부동산,1
8930e0361afffff,소매,10
8930e0361afffff,수리·개인,12
8930e0361afffff,시설관리·임대,5
8930e0361afffff,음식,6
8930e0361b3ffff,과학·기술,9
8930e0361b3ffff,교육,20
8930e0361b3ffff,보건의료,9
8930e0361b3ffff,부동산,2
8930e0361b3ffff,소매,50
8930e0361b3ffff,수리·개인,25
8930e0361b3ffff,시설관리·임대,3
8930e0361b3ffff,예술·스포츠,10
8930e0361b3ffff,음식,61
8930e0361b7ffff,과학·기술,4
8930e0361b7ffff,교육,4
8930e0361b7ffff,부동산,1
8930e0361b7ffff,소매,4
8930e0361b7ffff,수리·개인,5
8930e0361b7ffff,시설관리·임대,2
8930e0361bbffff,과학·기술,4
8930e0361bbffff,교육,3
8930e0361bbffff,보건의료,4
8930e0361bbffff,부동산,4
8930e0361bbffff,소매,14
8930e0361bbffff,수리·개인,11
8930e0361bbffff,숙박,1
8930e0361bbffff,시설관리·임대,2
8930e0361bbffff,예술·스포츠,2
8930e0361bbffff,음식,21
8930e0361c3ffff,과학·기술,2
8930e0361c3ffff,소매,2
8930e0361c3ffff,음식,2
8930e0361c7ffff,소매,2
8930e0361cbffff,교육,8
8930e0361cbffff,보건의료,1
8930e0361cbffff,소매,1
8930e0361cbffff,수리·개인,3
8930e0361cbffff,예술·스포츠,2
8930e0361cbffff,음식,4
8930e0361d3ffff,과학·기술,4
8930e0361d3ffff,교육,7
8930e0361d3ffff,부동산,2
8930e0361d3ffff,소매,10
8930e0361d3ffff,수리·개인,7
8930e0361d3ffff,시설관리·임대,2
8930e0361d3ffff,음식,2
8930e0361d7ffff,소매,1
8930e0361d7ffff,음식,1
8930e0361dbffff,과학·기술,5
8930e0361dbffff,교육,2
8930e0361dbffff,보건의료,2
8930e0361dbffff,부동산,2
8930e0361dbffff,소매,21
8930e0361dbffff,수리·개인,12
8930e0361dbffff,시설관리·임대,2
8930e0361dbffff,음식,8
8930e036223ffff,과학·기술,6
8930e036223ffff,교육,6
8930e036223ffff,보건의료,2
8930e036223ffff,부동산,4
8930e036223ffff,소매,15
8930e036223ffff,수리·개인,18
8930e036223ffff,시설관리·임대,5
8930e036223ffff,예술·스포츠,3
8930e036223ffff,음식,11
8930e036227ffff,과학·기술,1
8930e036227ffff,교육,4
8930e036227ffff,부동산,1
8930e036227ffff,소매,3
8930e036227ffff,수리·개인,2
8930e036227ffff,시설관리·임대,1
8930e036227ffff,음식,7
8930e03622bffff,과학·기술,8
8930e03622bffff,보건의료,1
8930e03622bffff,소매,9
8930e03622bffff,수리·개인,4
8930e03622bffff,시설관리·임대,2
8930e03622bffff,음식,2
8930e036233ffff,과학·기술,6
8930e036233ffff,소매,10
8930e036233ffff,수리·개인,1
8930e036233ffff,시설관리·임대,9
8930e036233ffff,음식,2
8930e036237ffff,과학·기술,17
8930e036237ffff,교육,3
8930e036237ffff,보건의료,3
8930e036237ffff,부동산,5
8930e036237ffff,소매,30
8930e036237ffff,수리·개인,16
8930e036237ffff,시설관리·임대,3
8930e036237ffff,예술·스포츠,8
8930e036237ffff,음식,39
8930e036267ffff,과학·기술,3
8930e036267ffff,보건의료,3
8930e036267ffff,부동산,1
8930e036267ffff,소매,5
8930e036267ffff,수리·개인,3
8930e036267ffff,예술·스포츠,2
8930e036267ffff,음식,27
8930e0362a3ffff,음식,1
8930e0362a7ffff,과학·기술,10
8930e0362a7ffff,교육,19
8930e0362a7ffff,보건의료,2
8930e0362a7ffff,부동산,8
8930e0362a7ffff,소매,25
8930e0362a7ffff,수리·개인,13
8930e0362a7ffff,시설관리·임대,3
8930e0362a7ffff,예술·스포츠,6
8930e0362a7ffff,음식,17
8930e0362afffff,과학·기술,2
8930e0362afffff,부동산,1
8930e0362afffff,소매,8
8930e0362afffff,수리·개인,2
8930e0362afffff,시설관리·임대,5
8930e0362afffff,예술·스포츠,1
8930e0362afffff,음식,13
8930e0362b7ffff,과학·기술,2
8930e0362b7ffff,교육,6
8930e0362b7ffff,부동산,4
8930e0362b7ffff,소매,6
8930e0362b7ffff,수리·개인,2
8930e0362b7ffff,시설관리·임대,3
8930e0362b7ffff,음식,4
8930e036307ffff,과학·기술,1
8930e036307ffff,교육,1
8930e036307ffff,소매,1
8930e036307ffff,수리·개인,1
8930e036313ffff,과학·기술,3
8930e036313ffff,교육,7
8930e036313ffff,보건의료,1
8930e036313ffff,부동산,4
8930e036313ffff,소매,8
8930e036313ffff,수리·개인,13
8930e036313ffff,예술·스포츠,2
8930e036313ffff,음식,11
8930e036317ffff,과학·기술,8
8930e036317ffff,교육,30
8930e036317ffff,보건의료,6
8930e036317ffff,부동산,3
8930e036317ffff,소매,31
8930e036317ffff,수리·개인,19
8930e036317ffff,시설관리·임대,16
8930e036317ffff,예술·스포츠,3
8930e036317ffff,음식,21
8930e03631bffff,음식,2
8930e036333ffff,과학·기술,1
8930e036333ffff,교육,10
8930e036333ffff,보건의료,1
8930e036333ffff,부동산,5
8930e036333ffff,소매,2
8930e036333ffff,수리·개인,5
8930e036333ffff,음식,3
8930e03633bffff,과학·기술,1
8930e03633bffff,음식,1
8930e036353ffff,과학·기술,2
8930e036353ffff,교육,1
8930e03635bffff,과학·기술,1
8930e036383ffff,과학·기술,4
8930e036383ffff,교육,2
8930e036383ffff,부동산,1
8930e036383ffff,소매,11
8930e036383ffff,수리·개인,7
8930e036383ffff,시설관리·임대,6
8930e036383ffff,예술·스포츠,1
8930e036383ffff,음식,11
8930e03638bffff,과학·기술,4
8930e03638bffff,교육,13
8930e03638bffff,보건의료,22
8930e03638bffff,부동산,5
8930e03638bffff,소매,79
8930e03638bffff,수리·개인,34
8930e03638bffff,시설관리·임대,1
8930e03638bffff,예술·스포츠,24
8930e03638bffff,음식,83
8930e03638fffff,과학·기술,2
8930e03638fffff,교육,8
8930e03638fffff,부동산,2
8930e03638fffff,소매,14
8930e03638fffff,수리·개인,15
8930e03638fffff,시설관리·임대,3
8930e03638fffff,음식,14
8930e036393ffff,과학·기술,1
8930e036393ffff,교육,9
8930e036393ffff,부동산,1
8930e036393ffff,소매,17
8930e036393ffff,수리·개인,13
8930e036393ffff,예술·스포츠,1
8930e036393ffff,음식,10
8930e03639bffff,과학·기술,15
8930e03639bffff,교육,3
8930e03639bffff,보건의료,3
8930e03639bffff,부동산,8
8930e03639bffff,소매,34
8930e03639bffff,수리·개인,16
8930e03639bffff,시설관리·임대,4
8930e03639bffff,예술·스포츠,13
8930e03639bffff,음식,46
8930e0363abffff,과학·기술,2
8930e0363abffff,교육,5
8930e0363abffff,부동산,4
8930e0363abffff,소매,6
8930e0363abffff,수리·개인,5
8930e0363abffff,시설관리·임대,4
8930e0363abffff,예술·스포츠,2
8930e0363abffff,음식,3
8930e0363bbffff,과학·기술,2
8930e0363bbffff,교육,5
8930e0363bbffff,소매,4
8930e0363bbffff,수리·개인,5
8930e0363bbffff,시설관리·임대,1
8930e0363bbffff,음식,2
8930e0363c3ffff,과학·기술,2
8930e0363c3ffff,교육,2
8930e0363c3ffff,소매,5
8930e0363c3ffff,수리·개인,1
8930e0363c3ffff,시설관리·임대,1
8930e0363c7ffff,과학·기술,9
8930e0363c7ffff,교육,5
8930e0363c7ffff,부동산,5
8930e0363c7ffff,소매,14
8930e0363c7ffff,수리·개인,13
8930e0363c7ffff,시설관리·임대,5
8930e0363c7ffff,음식,11
8930e0363cbffff,소매,2
8930e0363cbffff,수리·개인,2
8930e0363cbffff,시설관리·임대,1
8930e0363cfffff,교육,1
8930e0363cfffff,소매,1
8930e0363cfffff,수리·개인,2
8930e0363cfffff,시설관리·임대,1
8930e0363d3ffff,과학·기술,10
8930e0363d3ffff,교육,24
8930e0363d3ffff,보건의료,2
8930e0363d3ffff,부동산,4
8930e0363d3ffff,소매,25
8930e0363d3ffff,수리·개인,13
8930e0363d3ffff,시설관리·임대,3
8930e0363d3ffff,예술·스포츠,5
8930e0363d3ffff,음식,24
8930e0363d7ffff,과학·기술,6
8930e0363d7ffff,교육,4
8930e0363d7ffff,부동산,4
8930e0363d7ffff,소매,16
8930e0363d7ffff,수리·개인,23
8930e0363d7ffff,시설관리·임대,3
8930e0363d7ffff,예술·스포츠,4
8930e0363d7ffff,음식,17
8930e0363dbffff,과학·기술,3
8930e0363dbffff,교육,5
8930e0363dbffff,부동산,4
8930e0363dbffff,소매,14
8930e0363dbffff,수리·개인,13
8930e0363dbffff,시설관리·임대,4
8930e0363dbffff,예술·스포츠,2
8930e0363dbffff,음식,18
8930e036407ffff,과학·기술,150
8930e036407ffff,교육,8
8930e036407ffff,부동산,13
8930e036407ffff,소매,17
8930e036407ffff,수리·개인,7
8930e036407ffff,숙박,2
8930e036407ffff,시설관리·임대,16
8930e036407ffff,예술·스포츠,3
8930e036407ffff,음식,23
8930e03640fffff,과학·기술,3
8930e03640fffff,부동산,4
8930e03640fffff,소매,3
8930e03640fffff,수리·개인,1
8930e03640fffff,시설관리·임대,2
8930e03640fffff,예술·스포츠,2
8930e03640fffff,음식,1
8930e036417ffff,과학·기술,25
8930e036417ffff,교육,4
8930e036417ffff,부동산,1
8930e036417ffff,소매,5
8930e036417ffff,시설관리·임대,5
8930e036417ffff,음식,4
8930e036423ffff,과학·기술,54
8930e036423ffff,교육,2
8930e036423ffff,부동산,11
8930e036423ffff,소매,21
8930e036423ffff,수리·개인,16
8930e036423ffff,숙박,2
8930e036423ffff,시설관리·임대,8
8930e036423ffff,예술·스포츠,6
8930e036423ffff,음식,12
8930e036427ffff,과학·기술,97
8930e036427ffff,교육,5
8930e036427ffff,보건의료,3
8930e036427ffff,부동산,3
8930e036427ffff,소매,41
8930e036427ffff,수리·개인,17
8930e036427ffff,숙박,2
8930e036427ffff,시설관리·임대,11
8930e036427ffff,예술·스포츠,4
8930e036427ffff,음식,31
8930e03642bffff,과학·기술,70
8930e03642bffff,교육,8
8930e03642bffff,보건의료,1
8930e03642bffff,부동산,4
8930e03642bffff,소매,13
8930e03642bffff,수리·개인,9
8930e03642bffff,숙박,1
8930e03642bffff,시설관리·임대,17
8930e03642bffff,예술·스포츠,4
8930e03642bffff,음식,4
8930e03642fffff,과학·기술,8
8930e03642fffff,교육,2
8930e03642fffff,부동산,1
8930e03642fffff,소매,10
8930e03642fffff,수리·개인,13
8930e03642fffff,예술·스포츠,1
8930e03642fffff,음식,3
8930e036433ffff,과학·기술,167
8930e036433ffff,교육,10
8930e036433ffff,부동산,9
8930e036433ffff,소매,27
8930e036433ffff,수리·개인,2
8930e036433ffff,시설관리·임대,42
8930e036433ffff,예술·스포츠,3
8930e036433ffff,음식,24
8930e036437ffff,과학·기술,72
8930e036437ffff,교육,3
8930e036437ffff,부동산,6
8930e036437ffff,소매,23
8930e036437ffff,수리·개인,11
8930e036437ffff,시설관리·임대,9
8930e036437ffff,예술·스포츠,1
8930e036437ffff,음식,29
8930e03643bffff,과학·기술,173
8930e03643bffff,교육,7
8930e03643bffff,부동산,8
8930e03643bffff,소매,34
8930e03643bffff,수리·개인,6
8930e03643bffff,숙박,2
8930e03643bffff,시설관리·임대,20
8930e03643bffff,예술·스포츠,2
8930e03643bffff,음식,24
8930e036467ffff,과학·기술,372
8930e036467ffff,교육,25
8930e036467ffff,보건의료,6
8930e036467ffff,부동산,31
8930e036467ffff,소매,58
8930e036467ffff,수리·개인,21
8930e036467ffff,시설관리·임대,50
8930e036467ffff,예술·스포츠,5
8930e036467ffff,음식,84
8930e03646fffff,과학·기술,1
8930e03646fffff,소매,1
8930e03646fffff,수리·개인,1
8930e036477ffff,과학·기술,69
8930e036477ffff,교육,1
8930e036477ffff,부동산,4
8930e036477ffff,소매,11
8930e036477ffff,수리·개인,3
8930e036477ffff,시설관리·임대,14
8930e036477ffff,음식,19
8930e036487ffff,과학·기술,348
8930e036487ffff,교육,18
8930e036487ffff,보건의료,3
8930e036487ffff,부동산,23
8930e036487ffff,소매,61
8930e036487ffff,수리·개인,11
8930e036487ffff,숙박,3
8930e036487ffff,시설관리·임대,56
8930e036487ffff,예술·스포츠,6
8930e036487ffff,음식,63
8930e03648fffff,과학·기술,13
8930e03648fffff,교육,3
8930e03648fffff,부동산,5
8930e03648fffff,소매,3
8930e03648fffff,수리·개인,2
8930e03648fffff,시설관리·임대,8
8930e03648fffff,예술·스포츠,1
8930e036497ffff,과학·기술,22
8930e036497ffff,교육,2
8930e036497ffff,부동산,1
8930e036497ffff,소매,8
8930e036497ffff,수리·개인,3
8930e036497ffff,시설관리·임대,7
8930e036497ffff,음식,3
8930e0364a3ffff,과학·기술,500
8930e0364a3ffff,교육,39
8930e0364a3ffff,보건의료,14
8930e0364a3ffff,부동산,54
8930e0364a3ffff,소매,104
8930e0364a3ffff,수리·개인,35
8930e0364a3ffff,숙박,2
8930e0364a3ffff,시설관리·임대,67
8930e0364a3ffff,예술·스포츠,12
8930e0364a3ffff,음식,114
8930e0364a7ffff,과학·기술,275
8930e0364a7ffff,교육,26
8930e0364a7ffff,보건의료,3
8930e0364a7ffff,부동산,28
8930e0364a7ffff,소매,261
8930e0364a7ffff,수리·개인,19
8930e0364a7ffff,시설관리·임대,40
8930e0364a7ffff,예술·스포츠,10
8930e0364a7ffff,음식,46
8930e0364abffff,과학·기술,134
8930e0364abffff,교육,7
8930e0364abffff,보건의료,5
8930e0364abffff,부동산,17
8930e0364abffff,소매,31
8930e0364abffff,수리·개인,6
8930e0364abffff,시설관리·임대,23
8930e0364abffff,예술·스포츠,2
8930e0364abffff,음식,51
8930e0364afffff,과학·기술,126
8930e0364afffff,교육,11
8930e0364afffff,보건의료,1
8930e0364afffff,부동산,7
8930e0364afffff,소매,34
8930e0364afffff,수리·개인,5
8930e0364afffff,시설관리·임대,15
8930e0364afffff,예술·스포츠,2
8930e0364afffff,음식,27
8930e0364b3ffff,과학·기술,227
8930e0364b3ffff,교육,14
8930e0364b3ffff,보건의료,15
8930e0364b3ffff,부동산,26
8930e0364b3ffff,소매,44
8930e0364b3ffff,수리·개인,10
8930e0364b3ffff,시설관리·임대,28
8930e0364b3ffff,예술·스포츠,3
8930e0364b3ffff,음식,104
8930e0364b7ffff,과학·기술,145
8930e0364b7ffff,교육,18
8930e0364b7ffff,보건의료,10
8930e0364b7ffff,부동산,20
8930e0364b7ffff,소매,45
8930e0364b7ffff,수리·개인,25
8930e0364b7ffff,숙박,2
8930e0364b7ffff,시설관리·임대,10
8930e0364b7ffff,예술·스포츠,15
8930e0364b7ffff,음식,116
8930e0364bbffff,과학·기술,287
8930e0364bbffff,교육,17
8930e0364bbffff,보건의료,1
8930e0364bbffff,부동산,26
8930e0364bbffff,소매,60
8930e0364bbffff,수리·개인,11
8930e0364bbffff,시설관리·임대,43
8930e0364bbffff,예술·스포츠,3
8930e0364bbffff,음식,76
8930e036503ffff,과학·기술,22
8930e036503ffff,교육,2
8930e036503ffff,소매,3
8930e036503ffff,수리·개인,5
8930e036503ffff,숙박,2
8930e036503ffff,시설관리·임대,5
8930e036503ffff,음식,1
8930e036507ffff,과학·기술,14
8930e036507ffff,교육,2
8930e036507ffff,부동산,5
8930e036507ffff,소매,27
8930e036507ffff,수리·개인,17
8930e036507ffff,숙박,5
8930e036507ffff,시설관리·임대,11
8930e036507ffff,예술·스포츠,11
8930e036507ffff,음식,34
8930e03650bffff,과학·기술,45
8930e03650bffff,교육,2
8930e03650bffff,보건의료,7
8930e03650bffff,부동산,2
8930e03650bffff,소매,30
8930e03650bffff,수리·개인,13
8930e03650bffff,숙박,3
8930e03650bffff,시설관리·임대,8
8930e03650bffff,예술·스포츠,13
8930e03650bffff,음식,46
8930e03650fffff,과학·기술,15
8930e03650fffff,교육,5
8930e03650fffff,부동산,4
8930e03650fffff,소매,9
8930e03650fffff,수리·개인,9
8930e03650fffff,숙박,1
8930e03650fffff,시설관리·임대,2
8930e03650fffff,예술·스포츠,3
8930e03650fffff,음식,4
8930e036513ffff,과학·기술,93
8930e036513ffff,교육,15
8930e036513ffff,보건의료,1
8930e036513ffff,부동산,9
8930e036513ffff,소매,21
8930e036513ffff,수리·개인,10
8930e036513ffff,시설관리·임대,21
8930e036513ffff,예술·스포츠,2
8930e036513ffff,음식,27
8930e036517ffff,과학·기술,173
8930e036517ffff,교육,27
8930e036517ffff,보건의료,20
8930e036517ffff,부동산,17
8930e036517ffff,소매,55
8930e036517ffff,수리·개인,33
8930e036517ffff,숙박,13
8930e036517ffff,시설관리·임대,27
8930e036517ffff,예술·스포츠,19
8930e036517ffff,음식,96
8930e03651bffff,과학·기술,12
8930e03651bffff,교육,1
8930e03651bffff,보건의료,1
8930e03651bffff,부동산,3
8930e03651bffff,소매,18
8930e03651bffff,수리·개인,10
8930e03651bffff,숙박,6
8930e03651bffff,시설관리·임대,4
8930e03651bffff,예술·스포츠,3
8930e03651bffff,음식,38
8930e036523ffff,과학·기술,4
8930e036523ffff,교육,6
8930e036523ffff,보건의료,3
8930e036523ffff,부동산,4
8930e036523ffff,소매,35
8930e036523ffff,수리·개인,17
8930e036523ffff,숙박,1
8930e036523ffff,시설관리·임대,3
8930e036523ffff,예술·스포츠,5
8930e036523ffff,음식,33
8930e036527ffff,과학·기술,11
8930e036527ffff,교육,11
8930e036527ffff,보건의료,5
8930e036527ffff,부동산,9
8930e036527ffff,소매,21
8930e036527ffff,수리·개인,17
8930e036527ffff,숙박,2
8930e036527ffff,시설관리·임대,7
8930e036527ffff,예술·스포츠,8
8930e036527ffff,음식,22
8930e03652bffff,과학·기술,8
8930e03652bffff,교육,6
8930e03652bffff,부동산,2
8930e03652bffff,소매,14
8930e03652bffff,수리·개인,5
8930e03652bffff,시설관리·임대,2
8930e03652bffff,음식,8
8930e03652fffff,과학·기술,17
8930e03652fffff,교육,7
8930e03652fffff,부동산,3
8930e03652fffff,소매,27
8930e03652fffff,수리·개인,24
8930e03652fffff,시설관리·임대,13
8930e03652fffff,예술·스포츠,2
8930e03652fffff,음식,5
8930e036533ffff,과학·기술,14
8930e036533ffff,교육,2
8930e036533ffff,부동산,1
8930e036533ffff,소매,42
8930e036533ffff,수리·개인,9
8930e036533ffff,시설관리·임대,7
8930e036533ffff,예술·스포츠,4
8930e036533ffff,음식,52
8930e036537ffff,과학·기술,7
8930e036537ffff,교육,7
8930e036537ffff,부동산,9
8930e036537ffff,소매,6
8930e036537ffff,수리·개인,22
8930e036537ffff,숙박,3
8930e036537ffff,시설관리·임대,5
8930e036537ffff,예술·스포츠,4
8930e036537ffff,음식,33
8930e03653bffff,과학·기술,9
8930e03653bffff,교육,9
8930e03653bffff,보건의료,12
8930e03653bffff,부동산,7
8930e03653bffff,소매,45
8930e03653bffff,수리·개인,17
8930e03653bffff,숙박,1
8930e03653bffff,시설관리·임대,4
8930e03653bffff,예술·스포츠,18
8930e03653bffff,음식,69
8930e036543ffff,과학·기술,18
8930e036543ffff,교육,3
8930e036543ffff,부동산,14
8930e036543ffff,소매,18
8930e036543ffff,수리·개인,16
8930e036543ffff,숙박,3
8930e036543ffff,시설관리·임대,1
8930e036543ffff,예술·스포츠,9
8930e036543ffff,음식,34
8930e036547ffff,과학·기술,8
8930e036547ffff,교육,4
8930e036547ffff,보건의료,5
8930e036547ffff,부동산,5
8930e036547ffff,소매,25
8930e036547ffff,수리·개인,13
8930e036547ffff,시설관리·임대,5
8930e036547ffff,예술·스포츠,3
8930e036547ffff,음식,18
8930e03654bffff,과학·기술,108
8930e03654bffff,교육,9
8930e03654bffff,보건의료,7
8930e03654bffff,부동산,5
8930e03654bffff,소매,38
8930e03654bffff,수리·개인,21
8930e03654bffff,숙박,3
8930e03654bffff,시설관리·임대,14
8930e03654bffff,예술·스포츠,4
8930e03654bffff,음식,36
8930e03654fffff,과학·기술,16
8930e03654fffff,교육,4
8930e03654fffff,보건의료,21
8930e03654fffff,부동산,4
8930e03654fffff,소매,29
8930e03654fffff,수리·개인,13
8930e03654fffff,숙박,4
8930e03654fffff,시설관리·임대,7
8930e03654fffff,예술·스포츠,21
8930e03654fffff,음식,50
8930e036553ffff,과학·기술,6
8930e036553ffff,교육,3
8930e036553ffff,보건의료,5
8930e036553ffff,부동산,2
8930e036553ffff,소매,13
8930e036553ffff,수리·개인,8
8930e036553ffff,시설관리·임대,5
8930e036553ffff,예술·스포츠,5
8930e036553ffff,음식,19
8930e036557ffff,과학·기술,2
8930e036557ffff,교육,2
8930e036557ffff,부동산,4
8930e036557ffff,소매,16
8930e036557ffff,수리·개인,11
8930e036557ffff,숙박,1
8930e036557ffff,시설관리·임대,3
8930e036557ffff,예술·스포츠,3
8930e036557ffff,음식,22
8930e03655bffff,과학·기술,8
8930e03655bffff,교육,1
8930e03655bffff,부동산,8
8930e03655bffff,소매,18
8930e03655bffff,수리·개인,14
8930e03655bffff,숙박,2
8930e03655bffff,시설관리·임대,3
8930e03655bffff,예술·스포츠,5
8930e03655bffff,음식,24
8930e036563ffff,과학·기술,5
8930e036563ffff,교육,7
8930e036563ffff,보건의료,5
8930e036563ffff,부동산,6
8930e036563ffff,소매,41
8930e036563ffff,수리·개인,23
8930e036563ffff,숙박,1
8930e036563ffff,시설관리·임대,6
8930e036563ffff,예술·스포츠,11
8930e036563ffff,음식,46
8930e036567ffff,과학·기술,1
8930e036567ffff,소매,1
8930e036567ffff,예술·스포츠,1
8930e03656bffff,과학·기술,6
8930e03656bffff,교육,9
8930e03656bffff,보건의료,1
8930e03656bffff,부동산,4
8930e03656bffff,소매,26
8930e03656bffff,수리·개인,13
8930e03656bffff,숙박,2
8930e03656bffff,시설관리·임대,2
8930e03656bffff,예술·스포츠,8
8930e03656bffff,음식,29
8930e03656fffff,과학·기술,5
8930e03656fffff,교육,2
8930e03656fffff,소매,7
8930e03656fffff,수리·개인,3
8930e03656fffff,음식,1
8930e036573ffff,과학·기술,4
8930e036573ffff,교육,4
8930e036573ffff,보건의료,1
8930e036573ffff,부동산,7
8930e036573ffff,소매,66
8930e036573ffff,수리·개인,26
8930e036573ffff,시설관리·임대,5
8930e036573ffff,예술·스포츠,2
8930e036573ffff,음식,42
8930e036577ffff,과학·기술,7
8930e036577ffff,교육,1
8930e036577ffff,부동산,4
8930e036577ffff,소매,15
8930e036577ffff,수리·개인,15
8930e036577ffff,숙박,3
8930e036577ffff,시설관리·임대,4
8930e036577ffff,예술·스포츠,6
8930e036577ffff,음식,35
8930e03657bffff,과학·기술,7
8930e03657bffff,교육,3
8930e03657bffff,보건의료,6
8930e03657bffff,부동산,3
8930e03657bffff,소매,53
8930e03657bffff,수리·개인,14
8930e03657bffff,숙박,2
8930e03657bffff,시설관리·임대,3
8930e03657bffff,예술·스포츠,12
8930e03657bffff,음식,75
8930e036583ffff,과학·기술,365
8930e036583ffff,교육,43
8930e036583ffff,보건의료,10
8930e036583ffff,부동산,32
8930e036583ffff,소매,102
8930e036583ffff,수리·개인,21
8930e036583ffff,시설관리·임대,74
8930e036583ffff,예술·스포츠,8
8930e036583ffff,음식,83
8930e036587ffff,과학·기술,128
8930e036587ffff,교육,20
8930e036587ffff,보건의료,3
8930e036587ffff,부동산,9
8930e036587ffff,소매,41
8930e036587ffff,수리·개인,5
8930e036587ffff,시설관리·임대,16
8930e036587ffff,예술·스포츠,6
8930e036587ffff,음식,48
8930e03658bffff,과학·기술,148
8930e03658bffff,교육,25
8930e03658bffff,보건의료,4
8930e03658bffff,부동산,15
8930e03658bffff,소매,35
8930e03658bffff,수리·개인,10
8930e03658bffff,숙박,2
8930e03658bffff,시설관리·임대,26
8930e03658bffff,예술·스포츠,2
8930e03658bffff,음식,40
8930e03658fffff,과학·기술,278
8930e03658fffff,교육,24
8930e03658fffff,보건의료,10
8930e03658fffff,부동산,20
8930e03658fffff,소매,55
8930e03658fffff,수리·개인,18
8930e03658fffff,숙박,1
8930e03658fffff,시설관리·임대,35
8930e03658fffff,예술·스포츠,5
8930e03658fffff,음식,111
8930e036593ffff,과학·기술,11
8930e036593ffff,교육,10
8930e036593ffff,보건의료,3
8930e036593ffff,부동산,13
8930e036593ffff,소매,16
8930e036593ffff,수리·개인,11
8930e036593ffff,예술·스포츠,4
8930e036593ffff,음식,42
8930e036597ffff,과학·기술,87
8930e036597ffff,교육,13
8930e036597ffff,보건의료,1
8930e036597ffff,부동산,8
8930e036597ffff,소매,23
8930e036597ffff,수리·개인,9
8930e036597ffff,시설관리·임대,14
8930e036597ffff,예술·스포츠,2
8930e036597ffff,음식,25
8930e03659bffff,과학·기술,23
8930e03659bffff,교육,11
8930e03659bffff,보건의료,1
8930e03659bffff,부동산,1
8930e03659bffff,소매,12
8930e03659bffff,수리·개인,5
8930e03659bffff,시설관리·임대,6
8930e03659bffff,예술·스포츠,4
8930e03659bffff,음식,34
8930e0365a3ffff,과학·기술,4
8930e0365a3ffff,교육,4
8930e0365a3ffff,부동산,2
8930e0365a3ffff,소매,9
8930e0365a3ffff,수리·개인,7
8930e0365a3ffff,시설관리·임대,1
8930e0365a3ffff,예술·스포츠,1
8930e0365a3ffff,음식,6
8930e0365a7ffff,과학·기술,15
8930e0365a7ffff,교육,1
8930e0365a7ffff,보건의료,3
8930e0365a7ffff,부동산,8
8930e0365a7ffff,소매,27
8930e0365a7ffff,수리·개인,11
8930e0365a7ffff,숙박,2
8930e0365a7ffff,시설관리·임대,4
8930e0365a7ffff,예술·스포츠,1
8930e0365a7ffff,음식,29
8930e0365abffff,과학·기술,26
8930e0365abffff,교육,12
8930e0365abffff,보건의료,17
8930e0365abffff,부동산,7
8930e0365abffff,소매,63
8930e0365abffff,수리·개인,44
8930e0365abffff,숙박,11
8930e0365abffff,시설관리·임대,11
8930e0365abffff,예술·스포츠,56
8930e0365abffff,음식,190
8930e0365afffff,과학·기술,5
8930e0365afffff,교육,3
8930e0365afffff,보건의료,9
8930e0365afffff,부동산,5
8930e0365afffff,소매,19
8930e0365afffff,수리·개인,14
8930e0365afffff,숙박,1
8930e0365afffff,시설관리·임대,2
8930e0365afffff,예술·스포츠,9
8930e0365afffff,음식,27
8930e0365b3ffff,과학·기술,8
8930e0365b3ffff,보건의료,3
8930e0365b3ffff,부동산,4
8930e0365b3ffff,소매,19
8930e0365b3ffff,수리·개인,15
8930e0365b3ffff,숙박,1
8930e0365b3ffff,시설관리·임대,9
8930e0365b3ffff,예술·스포츠,21
8930e0365b3ffff,음식,34
8930e0365b7ffff,과학·기술,10
8930e0365b7ffff,교육,8
8930e0365b7ffff,부동산,10
8930e0365b7ffff,소매,30
8930e0365b7ffff,수리·개인,29
8930e0365b7ffff,시설관리·임대,2
8930e0365b7ffff,예술·스포츠,11
8930e0365b7ffff,음식,21
8930e0365bbffff,과학·기술,130
8930e0365bbffff,교육,14
8930e0365bbffff,보건의료,4
8930e0365bbffff,부동산,11
8930e0365bbffff,소매,50
8930e0365bbffff,수리·개인,10
8930e0365bbffff,시설관리·임대,22
8930e0365bbffff,예술·스포츠,5
8930e0365bbffff,음식,104
8930e0365c3ffff,과학·기술,10
8930e0365c3ffff,교육,4
8930e0365c3ffff,보건의료,2
8930e0365c3ffff,부동산,4
8930e0365c3ffff,소매,21
8930e0365c3ffff,수리·개인,17
8930e0365c3ffff,숙박,22
8930e0365c3ffff,시설관리·임대,6
8930e0365c3ffff,예술·스포츠,21
8930e0365c3ffff,음식,76
8930e0365c7ffff,과학·기술,93
8930e0365c7ffff,교육,2
8930e0365c7ffff,보건의료,3
8930e0365c7ffff,부동산,3
8930e0365c7ffff,소매,22
8930e0365c7ffff,수리·개인,6
8930e0365c7ffff,숙박,2
8930e0365c7ffff,시설관리·임대,16
8930e0365c7ffff,예술·스포츠,1
8930e0365c7ffff,음식,31
8930e0365cbffff,과학·기술,161
8930e0365cbffff,교육,9
8930e0365cbffff,보건의료,5
8930e0365cbffff,부동산,18
8930e0365cbffff,소매,27
8930e0365cbffff,수리·개인,23
8930e0365cbffff,숙박,2
8930e0365cbffff,시설관리·임대,6
8930e0365cbffff,예술·스포츠,6
8930e0365cbffff,음식,67
8930e0365cfffff,과학·기술,5
8930e0365cfffff,교육,4
8930e0365cfffff,보건의료,5
8930e0365cfffff,부동산,7
8930e0365cfffff,소매,40
8930e0365cfffff,수리·개인,24
8930e0365cfffff,숙박,8
8930e0365cfffff,시설관리·임대,6
8930e0365cfffff,예술·스포츠,17
8930e0365cfffff,음식,74
8930e0365d3ffff,과학·기술,105
8930e0365d3ffff,교육,5
8930e0365d3ffff,보건의료,3
8930e0365d3ffff,부동산,15
8930e0365d3ffff,소매,65
8930e0365d3ffff,수리·개인,30
8930e0365d3ffff,숙박,14
8930e0365d3ffff,시설관리·임대,20
8930e0365d3ffff,예술·스포츠,23
8930e0365d3ffff,음식,102
8930e0365d7ffff,과학·기술,27
8930e0365d7ffff,교육,7
8930e0365d7ffff,보건의료,3
8930e0365d7ffff,부동산,4
8930e0365d7ffff,소매,28
8930e0365d7ffff,수리·개인,17
8930e0365d7ffff,숙박,7
8930e0365d7ffff,시설관리·임대,3
8930e0365d7ffff,예술·스포츠,5
8930e0365d7ffff,음식,14
8930e0365dbffff,과학·기술,238
8930e0365dbffff,교육,4
8930e0365dbffff,보건의료,2
8930e0365dbffff,부동산,2
8930e0365dbffff,소매,254
8930e0365dbffff,수리·개인,20
8930e0365dbffff,숙박,2
8930e0365dbffff,시설관리·임대,6
8930e0365dbffff,예술·스포츠,3
8930e0365dbffff,음식,52
8930e036627ffff,과학·기술,2
8930e036627ffff,교육,4
8930e036627ffff,소매,7
8930e036627ffff,수리·개인,7
8930e036627ffff,시설관리·임대,1
8930e036627ffff,예술·스포츠,1
8930e036627ffff,음식,7
8930e03688bffff,과학·기술,2
8930e03688bffff,교육,1
8930e03688bffff,소매,11
8930e03688bffff,수리·개인,4
8930e03688bffff,시설관리·임대,4
8930e03688bffff,음식,54
8930e03689bffff,교육,2
8930e03689bffff,소매,2
8930e03689bffff,수리·개인,1
8930e03689bffff,음식,10
8930e0368a7ffff,소매,1
8930e0368afffff,교육,1
8930e0368afffff,음식,1
8930e0368d3ffff,수리·개인,1
8930e0368d3ffff,숙박,1
8930e0368d7ffff,음식,1
8930e036903ffff,교육,1
8930e036903ffff,시설관리·임대,2
8930e036907ffff,과학·기술,1
8930e036907ffff,교육,3
8930e036907ffff,소매,2
8930e036913ffff,과학·기술,7
8930e036913ffff,교육,2
8930e036913ffff,소매,8
8930e036913ffff,수리·개인,4
8930e036913ffff,숙박,1
8930e036913ffff,시설관리·임대,3
8930e036913ffff,예술·스포츠,2
8930e036913ffff,음식,6
8930e036917ffff,과학·기술,3
8930e036917ffff,교육,1
8930e036917ffff,소매,3
8930e036917ffff,음식,1
8930e03691bffff,과학·기술,4
8930e03691bffff,교육,1
8930e03691bffff,소매,6
8930e03691bffff,수리·개인,4
8930e03691bffff,숙박,3
8930e03691bffff,시설관리·임대,2
8930e036923ffff,교육,1
8930e036923ffff,부동산,1
8930e036923ffff,소매,1
8930e036923ffff,시설관리·임대,1
8930e036927ffff,과학·기술,2
8930e036927ffff,교육,2
8930e036927ffff,소매,8
8930e036927ffff,수리·개인,5
8930e036927ffff,시설관리·임대,1
8930e036927ffff,음식,2
8930e036933ffff,과학·기술,6
8930e036933ffff,교육,1
8930e036933ffff,부동산,2
8930e036933ffff,소매,8
8930e036933ffff,수리·개인,5
8930e036933ffff,시설관리·임대,1
8930e036933ffff,음식,10
8930e036937ffff,과학·기술,7
8930e036937ffff,교육,5
8930e036937ffff,부동산,1
8930e036937ffff,소매,9
8930e036937ffff,수리·개인,7
8930e036937ffff,숙박,1
8930e036937ffff,시설관리·임대,6
8930e036937ffff,예술·스포츠,2
8930e036983ffff,과학·기술,12
8930e036983ffff,교육,17
8930e036983ffff,보건의료,12
8930e036983ffff,부동산,8
8930e036983ffff,소매,40
8930e036983ffff,수리·개인,22
8930e036983ffff,시설관리·임대,4
8930e036983ffff,예술·스포츠,7
8930e036983ffff,음식,36
8930e036987ffff,교육,1
8930e036987ffff,소매,2
8930e036987ffff,수리·개인,1
8930e036987ffff,숙박,1
8930e03698bffff,과학·기술,16
8930e03698bffff,교육,20
8930e03698bffff,보건의료,13
8930e03698bffff,부동산,15
8930e03698bffff,소매,86
8930e03698bffff,수리·개인,33
8930e03698bffff,숙박,2
8930e03698bffff,시설관리·임대,2
8930e03698bffff,예술·스포츠,11
8930e03698bffff,음식,87
8930e03698fffff,과학·기술,10
8930e03698fffff,교육,6
8930e03698fffff,부동산,3
8930e03698fffff,소매,5
8930e03698fffff,수리·개인,8
8930e03698fffff,숙박,2
8930e03698fffff,시설관리·임대,6
8930e03698fffff,예술·스포츠,1
8930e03698fffff,음식,7
8930e036993ffff,과학·기술,31
8930e036993ffff,교육,10
8930e036993ffff,보건의료,6
8930e036993ffff,부동산,11
8930e036993ffff,소매,29
8930e036993ffff,수리·개인,21
8930e036993ffff,숙박,4
8930e036993ffff,시설관리·임대,7
8930e036993ffff,예술·스포츠,14
8930e036993ffff,음식,29
8930e03699bffff,과학·기술,25
8930e03699bffff,교육,21
8930e03699bffff,보건의료,18
8930e03699bffff,부동산,15
8930e03699bffff,소매,42
8930e03699bffff,수리·개인,41
8930e03699bffff,숙박,2
8930e03699bffff,시설관리·임대,4
8930e03699bffff,예술·스포츠,25
8930e03699bffff,음식,83
8930e0369a3ffff,과학·기술,12
8930e0369a3ffff,교육,10
8930e0369a3ffff,부동산,2
8930e0369a3ffff,소매,15
8930e0369a3ffff,수리·개인,5
8930e0369a3ffff,숙박,1
8930e0369a3ffff,시설관리·임대,4
8930e0369a3ffff,예술·스포츠,2
8930e0369a3ffff,음식,6
8930e0369a7ffff,과학·기술,18
8930e0369a7ffff,교육,13
8930e0369a7ffff,보건의료,9
8930e0369a7ffff,부동산,10
8930e0369a7ffff,소매,24
8930e0369a7ffff,수리·개인,30
8930e0369a7ffff,숙박,5
8930e0369a7ffff,시설관리·임대,4
8930e0369a7ffff,예술·스포츠,7
8930e0369a7ffff,음식,51
8930e0369abffff,과학·기술,12
8930e0369abffff,교육,8
8930e0369abffff,부동산,1
8930e0369abffff,소매,4
8930e0369abffff,수리·개인,4
8930e0369abffff,숙박,4
8930e0369abffff,시설관리·임대,1
8930e0369abffff,예술·스포츠,3
8930e0369abffff,음식,2
8930e0369afffff,과학·기술,21
8930e0369afffff,교육,19
8930e0369afffff,보건의료,16
8930e0369afffff,부동산,12
8930e0369afffff,소매,38
8930e0369afffff,수리·개인,24
8930e0369afffff,시설관리·임대,8
8930e0369afffff,예술·스포츠,8
8930e0369afffff,음식,55
8930e0369b3ffff,과학·기술,8
8930e0369b3ffff,교육,5
8930e0369b3ffff,부동산,3
8930e0369b3ffff,소매,9
8930e0369b3ffff,수리·개인,4
8930e0369b3ffff,숙박,1
8930e0369b3ffff,시설관리·임대,1
8930e0369b3ffff,음식,4
8930e0369b7ffff,과학·기술,10
8930e0369b7ffff,부동산,2
8930e0369b7ffff,소매,7
8930e0369b7ffff,수리·개인,7
8930e0369b7ffff,시설관리·임대,1
8930e0369b7ffff,음식,1
8930e0369bbffff,과학·기술,6
8930e0369bbffff,교육,2
8930e0369bbffff,부동산,1
8930e0369bbffff,소매,6
8930e0369bbffff,수리·개인,6
8930e0369bbffff,숙박,1
8930e0369bbffff,시설관리·임대,2
8930e0369bbffff,음식,1
8930e0369c7ffff,과학·기술,5
8930e0369c7ffff,교육,5
8930e0369c7ffff,보건의료,1
8930e0369c7ffff,부동산,5
8930e0369c7ffff,소매,17
8930e0369c7ffff,수리·개인,7
8930e0369c7ffff,시설관리·임대,2
8930e0369c7ffff,예술·스포츠,1
8930e0369c7ffff,음식,4
8930e0369cbffff,소매,1
8930e0369cbffff,음식,1
8930e0369cfffff,과학·기술,2
8930e0369cfffff,소매,1
8930e0369d3ffff,교육,1
8930e0369d3ffff,음식,2
8930e0369d7ffff,과학·기술,4
8930e0369d7ffff,교육,2
8930e0369d7ffff,소매,3
8930e0369d7ffff,수리·개인,2
8930e0369d7ffff,시설관리·임대,1
8930e0369d7ffff,예술·스포츠,2
8930e036c03ffff,과학·기술,5
8930e036c03ffff,교육,15
8930e036c03ffff,보건의료,2
8930e036c03ffff,부동산,6
8930e036c03ffff,소매,17
8930e036c03ffff,수리·개인,9
8930e036c03ffff,숙박,3
8930e036c03ffff,시설관리·임대,6
8930e036c03ffff,예술·스포츠,2
8930e036c03ffff,음식,10
8930e036c07ffff,과학·기술,9
8930e036c07ffff,교육,6
8930e036c07ffff,보건의료,4
8930e036c07ffff,부동산,8
8930e036c07ffff,소매,27
8930e036c07ffff,수리·개인,18
8930e036c07ffff,시설관리·임대,2
8930e036c07ffff,예술·스포츠,16
8930e036c07ffff,음식,52
8930e036c0bffff,과학·기술,16
8930e036c0bffff,교육,22
8930e036c0bffff,보건의료,32
8930e036c0bffff,부동산,6
8930e036c0bffff,소매,64
8930e036c0bffff,수리·개인,14
8930e036c0bffff,숙박,10
8930e036c0bffff,시설관리·임대,9
8930e036c0bffff,예술·스포츠,21
8930e036c0bffff,음식,63
8930e036c0fffff,과학·기술,8
8930e036c0fffff,교육,10
8930e036c0fffff,소매,8
8930e036c0fffff,수리·개인,8
8930e036c0fffff,숙박,9
8930e036c0fffff,시설관리·임대,5
8930e036c0fffff,예술·스포츠,6
8930e036c0fffff,음식,8
8930e036c13ffff,과학·기술,12
8930e036c13ffff,교육,5
8930e036c13ffff,보건의료,2
8930e036c13ffff,부동산,2
8930e036c13ffff,소매,11
8930e036c13ffff,수리·개인,3
8930e036c13ffff,숙박,2
8930e036c13ffff,시설관리·임대,4
8930e036c13ffff,예술·스포츠,4
8930e036c13ffff,음식,8
8930e036c17ffff,과학·기술,14
8930e036c17ffff,교육,4
8930e036c17ffff,부동산,2
8930e036c17ffff,소매,16
8930e036c17ffff,수리·개인,10
8930e036c17ffff,숙박,1
8930e036c17ffff,시설관리·임대,4
8930e036c17ffff,예술·스포츠,2
8930e036c17ffff,음식,13
8930e036c1bffff,과학·기술,5
8930e036c1bffff,교육,4
8930e036c1bffff,부동산,2
8930e036c1bffff,소매,12
8930e036c1bffff,수리·개인,11
8930e036c1bffff,숙박,2
8930e036c1bffff,시설관리·임대,3
8930e036c1bffff,예술·스포츠,1
8930e036c1bffff,음식,9
8930e036c23ffff,과학·기술,3
8930e036c23ffff,교육,1
8930e036c23ffff,부동산,1
8930e036c23ffff,소매,6
8930e036c23ffff,수리·개인,2
8930e036c23ffff,숙박,1
8930e036c23ffff,시설관리·임대,1
8930e036c27ffff,과학·기술,4
8930e036c27ffff,교육,1
8930e036c27ffff,소매,8
8930e036c27ffff,수리·개인,3
8930e036c27ffff,음식,1
8930e036c2bffff,과학·기술,1
8930e036c2bffff,교육,1
8930e036c2bffff,숙박,17
8930e036c2bffff,시설관리·임대,3
8930e036c2bffff,예술·스포츠,1
8930e036c33ffff,과학·기술,3
8930e036c33ffff,교육,1
8930e036c33ffff,소매,5
8930e036c33ffff,수리·개인,5
8930e036c33ffff,숙박,1
8930e036c33ffff,시설관리·임대,3
8930e036c33ffff,음식,3
8930e036c37ffff,과학·기술,3
8930e036c37ffff,교육,7
8930e036c37ffff,보건의료,4
8930e036c37ffff,부동산,16
8930e036c37ffff,소매,8
8930e036c37ffff,수리·개인,12
8930e036c37ffff,예술·스포츠,4
8930e036c37ffff,음식,23
8930e036c3bffff,과학·기술,9
8930e036c3bffff,교육,3
8930e036c3bffff,부동산,4
8930e036c3bffff,소매,9
8930e036c3bffff,수리·개인,11
8930e036c3bffff,숙박,13
8930e036c3bffff,시설관리·임대,5
8930e036c3bffff,예술·스포츠,2
8930e036c3bffff,음식,5
8930e036c43ffff,과학·기술,14
8930e036c43ffff,교육,4
8930e036c43ffff,부동산,3
8930e036c43ffff,소매,35
8930e036c43ffff,수리·개인,15
8930e036c43ffff,숙박,11
8930e036c43ffff,시설관리·임대,4
8930e036c43ffff,예술·스포츠,2
8930e036c43ffff,음식,22
8930e036c47ffff,과학·기술,13
8930e036c47ffff,교육,26
8930e036c47ffff,부동산,10
8930e036c47ffff,소매,39
8930e036c47ffff,수리·개인,16
8930e036c47ffff,숙박,49
8930e036c47ffff,시설관리·임대,11
8930e036c47ffff,예술·스포츠,40
8930e036c47ffff,음식,79
8930e036c4bffff,과학·기술,5
8930e036c4bffff,교육,4
8930e036c4bffff,부동산,4
8930e036c4bffff,소매,11
8930e036c4bffff,수리·개인,9
8930e036c4bffff,숙박,1
8930e036c4bffff,시설관리·임대,3
8930e036c4bffff,예술·스포츠,1
8930e036c4bffff,음식,8
8930e036c4fffff,과학·기술,3
8930e036c4fffff,교육,3
8930e036c4fffff,부동산,1
8930e036c4fffff,소매,5
8930e036c4fffff,수리·개인,3
8930e036c4fffff,숙박,26
8930e036c4fffff,시설관리·임대,4
8930e036c4fffff,예술·스포츠,4
8930e036c4fffff,음식,2
8930e036c53ffff,과학·기술,2
8930e036c53ffff,교육,1
8930e036c53ffff,부동산,6
8930e036c53ffff,소매,5
8930e036c53ffff,수리·개인,9
8930e036c53ffff,숙박,1
8930e036c53ffff,시설관리·임대,5
8930e036c57ffff,과학·기술,11
8930e036c57ffff,교육,5
8930e036c57ffff,보건의료,1
8930e036c57ffff,부동산,7
8930e036c57ffff,소매,64
8930e036c57ffff,수리·개인,15
8930e036c57ffff,숙박,4
8930e036c57ffff,시설관리·임대,2
8930e036c57ffff,예술·스포츠,3
8930e036c57ffff,음식,26
8930e036c5bffff,과학·기술,1
8930e036c5bffff,교육,2
8930e036c5bffff,보건의료,2
8930e036c5bffff,부동산,7
8930e036c5bffff,소매,8
8930e036c5bffff,수리·개인,8
8930e036c5bffff,시설관리·임대,2
8930e036c5bffff,음식,2
8930e036c63ffff,과학·기술,12
8930e036c63ffff,교육,16
8930e036c63ffff,보건의료,1
8930e036c63ffff,부동산,12
8930e036c63ffff,소매,19
8930e036c63ffff,수리·개인,19
8930e036c63ffff,숙박,8
8930e036c63ffff,시설관리·임대,1
8930e036c63ffff,예술·스포츠,15
8930e036c63ffff,음식,51
8930e036c67ffff,과학·기술,5
8930e036c67ffff,교육,7
8930e036c67ffff,부동산,4
8930e036c67ffff,소매,5
8930e036c67ffff,수리·개인,8
8930e036c67ffff,숙박,2
8930e036c67ffff,시설관리·임대,8
8930e036c67ffff,음식,4
8930e036c6bffff,과학·기술,8
8930e036c6bffff,교육,4
8930e036c6bffff,부동산,3
8930e036c6bffff,소매,7
8930e036c6bffff,수리·개인,7
8930e036c6bffff,숙박,14
8930e036c6bffff,시설관리·임대,5
8930e036c6bffff,예술·스포츠,4
8930e036c6bffff,음식,6
8930e036c6fffff,과학·기술,1
8930e036c6fffff,교육,9
8930e036c6fffff,부동산,4
8930e036c6fffff,소매,3
8930e036c6fffff,수리·개인,2
8930e036c6fffff,예술·스포츠,2
8930e036c6fffff,음식,1
8930e036c73ffff,과학·기술,14
8930e036c73ffff,교육,18
8930e036c73ffff,보건의료,7
8930e036c73ffff,부동산,7
8930e036c73ffff,소매,34
8930e036c73ffff,수리·개인,24
8930e036c73ffff,숙박,7
8930e036c73ffff,시설관리·임대,6
8930e036c73ffff,예술·스포츠,32
8930e036c73ffff,음식,114
8930e036c77ffff,과학·기술,8
8930e036c77ffff,교육,9
8930e036c77ffff,부동산,9
8930e036c77ffff,소매,20
8930e036c77ffff,수리·개인,11
8930e036c77ffff,숙박,20
8930e036c77ffff,시설관리·임대,7
8930e036c77ffff,예술·스포츠,16
8930e036c77ffff,음식,43
8930e036c7bffff,과학·기술,9
8930e036c7bffff,교육,5
8930e036c7bffff,보건의료,1
8930e036c7bffff,부동산,5
8930e036c7bffff,소매,32
8930e036c7bffff,수리·개인,31
8930e036c7bffff,숙박,21
8930e036c7bffff,시설관리·임대,8
8930e036c7bffff,예술·스포츠,20
8930e036c7bffff,음식,81
8930e036c83ffff,과학·기술,23
8930e036c83ffff,교육,6
8930e036c83ffff,보건의료,9
8930e036c83ffff,부동산,6
8930e036c83ffff,소매,28
8930e036c83ffff,수리·개인,21
8930e036c83ffff,숙박,3
8930e036c83ffff,시설관리·임대,3
8930e036c83ffff,예술·스포츠,13
8930e036c83ffff,음식,93
8930e036c87ffff,과학·기술,9
8930e036c87ffff,교육,6
8930e036c87ffff,부동산,1
8930e036c87ffff,소매,3
8930e036c87ffff,수리·개인,6
8930e036c87ffff,숙박,11
8930e036c87ffff,시설관리·임대,1
8930e036c87ffff,예술·스포츠,1
8930e036c8bffff,과학·기술,21
8930e036c8bffff,교육,8
8930e036c8bffff,부동산,5
8930e036c8bffff,소매,21
8930e036c8bffff,수리·개인,17
8930e036c8bffff,숙박,4
8930e036c8bffff,시설관리·임대,7
8930e036c8bffff,예술·스포츠,1
8930e036c8bffff,음식,20
8930e036c8fffff,과학·기술,13
8930e036c8fffff,교육,11
8930e036c8fffff,보건의료,3
8930e036c8fffff,부동산,5
8930e036c8fffff,소매,14
8930e036c8fffff,수리·개인,10
8930e036c8fffff,숙박,7
8930e036c8fffff,시설관리·임대,2
8930e036c8fffff,예술·스포츠,11
8930e036c8fffff,음식,23
8930e036c93ffff,과학·기술,37
8930e036c93ffff,교육,20
8930e036c93ffff,보건의료,17
8930e036c93ffff,부동산,14
8930e036c93ffff,소매,124
8930e036c93ffff,수리·개인,42
8930e036c93ffff,숙박,10
8930e036c93ffff,시설관리·임대,18
8930e036c93ffff,예술·스포츠,33
8930e036c93ffff,음식,201
8930e036c97ffff,과학·기술,68
8930e036c97ffff,교육,30
8930e036c97ffff,보건의료,40
8930e036c97ffff,부동산,17
8930e036c97ffff,소매,205
8930e036c97ffff,수리·개인,58
8930e036c97ffff,숙박,13
8930e036c97ffff,시설관리·임대,18
8930e036c97ffff,예술·스포츠,50
8930e036c97ffff,음식,161
8930e036c9bffff,과학·기술,18
8930e036c9bffff,교육,18
8930e036c9bffff,보건의료,4
8930e036c9bffff,부동산,6
8930e036c9bffff,소매,41
8930e036c9bffff,수리·개인,30
8930e036c9bffff,숙박,4
8930e036c9bffff,시설관리·임대,6
8930e036c9bffff,예술·스포츠,9
8930e036c9bffff,음식,69
8930e036ca3ffff,과학·기술,9
8930e036ca3ffff,교육,2
8930e036ca3ffff,부동산,1
8930e036ca3ffff,소매,2
8930e036ca3ffff,수리·개인,5
8930e036ca3ffff,음식,1
8930e036ca7ffff,과학·기술,16
8930e036ca7ffff,교육,17
8930e036ca7ffff,보건의료,9
8930e036ca7ffff,부동산,21
8930e036ca7ffff,소매,39
8930e036ca7ffff,수리·개인,41
8930e036ca7ffff,시설관리·임대,8
8930e036ca7ffff,예술·스포츠,19
8930e036ca7ffff,음식,96
8930e036cabffff,과학·기술,4
8930e036cabffff,교육,2
8930e036cabffff,보건의료,1
8930e036cabffff,부동산,1
8930e036cabffff,소매,3
8930e036cabffff,수리·개인,2
8930e036cabffff,숙박,3
8930e036cabffff,시설관리·임대,2
8930e036cabffff,음식,1
8930e036cafffff,과학·기술,10
8930e036cafffff,교육,1
8930e036cafffff,부동산,1
8930e036cafffff,소매,5
8930e036cafffff,수리·개인,11
8930e036cafffff,시설관리·임대,1
8930e036cafffff,음식,9
8930e036cb3ffff,과학·기술,10
8930e036cb3ffff,교육,6
8930e036cb3ffff,부동산,1
8930e036cb3ffff,소매,13
8930e036cb3ffff,수리·개인,4
8930e036cb3ffff,숙박,1
8930e036cb3ffff,시설관리·임대,3
8930e036cb3ffff,예술·스포츠,2
8930e036cb3ffff,음식,8
8930e036cb7ffff,과학·기술,23
8930e036cb7ffff,교육,12
8930e036cb7ffff,부동산,2
8930e036cb7ffff,소매,26
8930e036cb7ffff,수리·개인,31
8930e036cb7ffff,시설관리·임대,4
8930e036cb7ffff,예술·스포츠,7
8930e036cb7ffff,음식,76
8930e036cbbffff,소매,1
8930e036cbbffff,숙박,2
8930e036cbbffff,시설관리·임대,2
8930e036cc3ffff,음식,1
8930e036cc7ffff,과학·기술,1
8930e036cc7ffff,부동산,2
8930e036cc7ffff,소매,5
8930e036cc7ffff,시설관리·임대,1
8930e036cc7ffff,음식,5
8930e036cd3ffff,과학·기술,2
8930e036cd3ffff,교육,1
8930e036cd3ffff,소매,5
8930e036cd3ffff,수리·개인,2
8930e036cd3ffff,시설관리·임대,1
8930e036cd3ffff,음식,1
8930e036cd7ffff,과학·기술,4
8930e036cd7ffff,교육,4
8930e036cd7ffff,소매,2
8930e036cd7ffff,수리·개인,3
8930e036cd7ffff,시설관리·임대,1
8930e036cdbffff,과학·기술,2
8930e036cdbffff,교육,1
8930e036cdbffff,소매,1
8930e036d03ffff,과학·기술,9
8930e036d03ffff,교육,15
8930e036d03ffff,보건의료,41
8930e036d03ffff,부동산,12
8930e036d03ffff,소매,56
8930e036d03ffff,수리·개인,42
8930e036d03ffff,숙박,5
8930e036d03ffff,시설관리·임대,3
8930e036d03ffff,예술·스포츠,21
8930e036d03ffff,음식,145
8930e036d07ffff,과학·기술,11
8930e036d07ffff,교육,10
8930e036d07ffff,보건의료,12
8930e036d07ffff,부동산,9
8930e036d07ffff,소매,70
8930e036d07ffff,수리·개인,27
8930e036d07ffff,숙박,1
8930e036d07ffff,시설관리·임대,8
8930e036d07ffff,예술·스포츠,2
8930e036d07ffff,음식,60
8930e036d0bffff,과학·기술,30
8930e036d0bffff,교육,19
8930e036d0bffff,보건의료,30
8930e036d0bffff,부동산,11
8930e036d0bffff,소매,40
8930e036d0bffff,수리·개인,51
8930e036d0bffff,숙박,9
8930e036d0bffff,시설관리·임대,8
8930e036d0bffff,예술·스포츠,24
8930e036d0bffff,음식,184
8930e036d0fffff,과학·기술,32
8930e036d0fffff,교육,16
8930e036d0fffff,보건의료,9
8930e036d0fffff,부동산,8
8930e036d0fffff,소매,38
8930e036d0fffff,수리·개인,32
8930e036d0fffff,숙박,4
8930e036d0fffff,시설관리·임대,9
8930e036d0fffff,예술·스포츠,11
8930e036d0fffff,음식,73
8930e036d13ffff,과학·기술,6
8930e036d13ffff,교육,5
8930e036d13ffff,부동산,7
8930e036d13ffff,소매,16
8930e036d13ffff,수리·개인,11
8930e036d13ffff,숙박,1
8930e036d13ffff,시설관리·임대,5
8930e036d13ffff,예술·스포츠,1
8930e036d13ffff,음식,7
8930e036d17ffff,과학·기술,15
8930e036d17ffff,교육,10
8930e036d17ffff,보건의료,7
8930e036d17ffff,부동산,7
8930e036d17ffff,소매,27
8930e036d17ffff,수리·개인,19
8930e036d17ffff,숙박,2
8930e036d17ffff,시설관리·임대,1
8930e036d17ffff,예술·스포츠,4
8930e036d17ffff,음식,33
8930e036d1bffff,과학·기술,63
8930e036d1bffff,교육,38
8930e036d1bffff,보건의료,22
8930e036d1bffff,부동산,24
8930e036d1bffff,소매,86
8930e036d1bffff,수리·개인,48
8930e036d1bffff,숙박,5
8930e036d1bffff,시설관리·임대,14
8930e036d1bffff,예술·스포츠,37
8930e036d1bffff,음식,93
8930e036d23ffff,과학·기술,3
8930e036d23ffff,교육,11
8930e036d23ffff,보건의료,3
8930e036d23ffff,부동산,4
8930e036d23ffff,소매,11
8930e036d23ffff,수리·개인,4
8930e036d23ffff,시설관리·임대,1
8930e036d23ffff,예술·스포츠,1
8930e036d23ffff,음식,4
8930e036d2bffff,과학·기술,8
8930e036d2bffff,교육,2
8930e036d2bffff,부동산,1
8930e036d2bffff,소매,4
8930e036d2bffff,수리·개인,5
8930e036d2bffff,숙박,4
8930e036d2bffff,시설관리·임대,5
8930e036d2bffff,음식,3
8930e036d2fffff,과학·기술,1
8930e036d2fffff,소매,1
8930e036d2fffff,시설관리·임대,1
8930e036d2fffff,음식,1
8930e036d33ffff,과학·기술,5
8930e036d33ffff,교육,4
8930e036d33ffff,부동산,1
8930e036d33ffff,소매,7
8930e036d33ffff,수리·개인,5
8930e036d33ffff,음식,4
8930e036d37ffff,교육,1
8930e036d37ffff,소매,2
8930e036d3bffff,과학·기술,11
8930e036d3bffff,교육,6
8930e036d3bffff,부동산,1
8930e036d3bffff,소매,4
8930e036d3bffff,수리·개인,4
8930e036d3bffff,숙박,2
8930e036d3bffff,시설관리·임대,2
8930e036d3bffff,예술·스포츠,1
8930e036d3bffff,음식,1
8930e036d43ffff,과학·기술,3
8930e036d43ffff,부동산,1
8930e036d43ffff,시설관리·임대,1
8930e036d47ffff,과학·기술,13
8930e036d47ffff,교육,10
8930e036d47ffff,보건의료,2
8930e036d47ffff,부동산,5
8930e036d47ffff,소매,12
8930e036d47ffff,수리·개인,10
8930e036d47ffff,숙박,3
8930e036d47ffff,시설관리·임대,6
8930e036d47ffff,예술·스포츠,4
8930e036d47ffff,음식,36
8930e036d4bffff,교육,1
8930e036d4fffff,과학·기술,3
8930e036d4fffff,교육,5
8930e036d4fffff,부동산,1
8930e036d4fffff,소매,4
8930e036d4fffff,수리·개인,1
8930e036d4fffff,숙박,4
8930e036d4fffff,시설관리·임대,2
8930e036d4fffff,음식,14
8930e036d53ffff,과학·기술,11
8930e036d53ffff,교육,5
8930e036d53ffff,소매,6
8930e036d53ffff,수리·개인,8
8930e036d53ffff,시설관리·임대,1
8930e036d53ffff,예술·스포츠,4
8930e036d53ffff,음식,8
8930e036d57ffff,과학·기술,23
8930e036d57ffff,교육,20
8930e036d57ffff,부동산,9
8930e036d57ffff,소매,15
8930e036d57ffff,수리·개인,16
8930e036d57ffff,숙박,5
8930e036d57ffff,시설관리·임대,7
8930e036d57ffff,예술·스포츠,9
8930e036d57ffff,음식,34
8930e036d63ffff,과학·기술,5
8930e036d63ffff,교육,4
8930e036d63ffff,보건의료,1
8930e036d63ffff,부동산,4
8930e036d63ffff,소매,6
8930e036d63ffff,수리·개인,3
8930e036d63ffff,숙박,2
8930e036d63ffff,시설관리·임대,2
8930e036d63ffff,예술·스포츠,5
8930e036d63ffff,음식,50
8930e036d67ffff,과학·기술,17
8930e036d67ffff,교육,24
8930e036d67ffff,보건의료,7
8930e036d67ffff,부동산,8
8930e036d67ffff,소매,34
8930e036d67ffff,수리·개인,36
8930e036d67ffff,숙박,1
8930e036d67ffff,시설관리·임대,6
8930e036d67ffff,예술·스포츠,14
8930e036d67ffff,음식,63
8930e036d6bffff,교육,1
8930e036d6bffff,부동산,1
8930e036d6bffff,소매,2
8930e036d6bffff,예술·스포츠,1
8930e036d6fffff,과학·기술,9
8930e036d6fffff,교육,9
8930e036d6fffff,부동산,1
8930e036d6fffff,소매,9
8930e036d6fffff,수리·개인,3
8930e036d6fffff,숙박,2
8930e036d6fffff,시설관리·임대,2
8930e036d6fffff,예술·스포츠,2
8930e036d6fffff,음식,4
8930e036d73ffff,과학·기술,26
8930e036d73ffff,교육,15
8930e036d73ffff,보건의료,2
8930e036d73ffff,부동산,2
8930e036d73ffff,소매,34
8930e036d73ffff,수리·개인,24
8930e036d73ffff,숙박,1
8930e036d73ffff,시설관리·임대,4
8930e036d73ffff,예술·스포츠,7
8930e036d73ffff,음식,157
8930e036d77ffff,과학·기술,23
8930e036d77ffff,교육,22
8930e036d77ffff,보건의료,4
8930e036d77ffff,부동산,8
8930e036d77ffff,소매,41
8930e036d77ffff,수리·개인,34
8930e036d77ffff,숙박,4
8930e036d77ffff,시설관리·임대,10
8930e036d77ffff,예술·스포츠,12
8930e036d77ffff,음식,98
8930e036d7bffff,과학·기술,4
8930e036d7bffff,교육,1
8930e036d7bffff,소매,3
8930e036d7bffff,수리·개인,1
8930e036d7bffff,숙박,6
8930e036d7bffff,시설관리·임대,1
8930e036d7bffff,음식,1
8930e036d83ffff,과학·기술,4
8930e036d83ffff,교육,34
8930e036d83ffff,보건의료,7
8930e036d83ffff,부동산,10
8930e036d83ffff,소매,14
8930e036d83ffff,수리·개인,6
8930e036d83ffff,시설관리·임대,1
8930e036d83ffff,예술·스포츠,1
8930e036d83ffff,음식,8
8930e036d87ffff,과학·기술,1
8930e036d87ffff,교육,4
8930e036d87ffff,소매,4
8930e036d87ffff,수리·개인,4
8930e036d87ffff,예술·스포츠,1
8930e036d87ffff,음식,7
8930e036d8bffff,과학·기술,11
8930e036d8bffff,교육,12
8930e036d8bffff,보건의료,19
8930e036d8bffff,부동산,6
8930e036d8bffff,소매,22
8930e036d8bffff,수리·개인,16
8930e036d8bffff,시설관리·임대,2
8930e036d8bffff,예술·스포츠,4
8930e036d8bffff,음식,42
8930e036d8fffff,과학·기술,2
8930e036d8fffff,교육,7
8930e036d8fffff,부동산,8
8930e036d8fffff,소매,6
8930e036d8fffff,수리·개인,12
8930e036d8fffff,시설관리·임대,1
8930e036d8fffff,예술·스포츠,1
8930e036d8fffff,음식,11
8930e036d93ffff,과학·기술,2
8930e036d93ffff,교육,4
8930e036d93ffff,부동산,4
8930e036d93ffff,소매,6
8930e036d93ffff,수리·개인,7
8930e036d93ffff,예술·스포츠,1
8930e036d93ffff,음식,1
8930e036d97ffff,과학·기술,2
8930e036d97ffff,예술·스포츠,1
8930e036d9bffff,과학·기술,3
8930e036d9bffff,교육,41
8930e036d9bffff,보건의료,16
8930e036d9bffff,부동산,4
8930e036d9bffff,소매,30
8930e036d9bffff,수리·개인,10
8930e036d9bffff,시설관리·임대,2
8930e036d9bffff,예술·스포츠,12
8930e036d9bffff,음식,38
8930e036da3ffff,과학·기술,6
8930e036da3ffff,교육,20
8930e036da3ffff,부동산,2
8930e036da3ffff,소매,13
8930e036da3ffff,수리·개인,7
8930e036da3ffff,시설관리·임대,5
8930e036da3ffff,예술·스포츠,1
8930e036da3ffff,음식,12
8930e036da7ffff,과학·기술,3
8930e036da7ffff,교육,1
8930e036da7ffff,소매,6
8930e036da7ffff,수리·개인,4
8930e036da7ffff,숙박,1
8930e036da7ffff,시설관리·임대,1
8930e036dabffff,과학·기술,18
8930e036dabffff,교육,23
8930e036dabffff,보건의료,10
8930e036dabffff,부동산,15
8930e036dabffff,소매,35
8930e036dabffff,수리·개인,31
8930e036dabffff,시설관리·임대,7
8930e036dabffff,예술·스포츠,6
8930e036dabffff,음식,47
8930e036dafffff,과학·기술,11
8930e036dafffff,교육,28
8930e036dafffff,보건의료,4
8930e036dafffff,부동산,11
8930e036dafffff,소매,23
8930e036dafffff,수리·개인,38
8930e036dafffff,숙박,3
8930e036dafffff,시설관리·임대,2
8930e036dafffff,예술·스포츠,11
8930e036dafffff,음식,63
8930e036db3ffff,교육,1
8930e036db3ffff,수리·개인,1
8930e036db3ffff,음식,1
8930e036db7ffff,과학·기술,5
8930e036db7ffff,교육,17
8930e036db7ffff,보건의료,3
8930e036db7ffff,부동산,13
8930e036db7ffff,소매,11
8930e036db7ffff,수리·개인,12
8930e036db7ffff,시설관리·임대,2
8930e036db7ffff,예술·스포츠,4
8930e036db7ffff,음식,9
8930e036dbbffff,과학·기술,1
8930e036dbbffff,소매,1
8930e036dbbffff,수리·개인,3
8930e036dbbffff,시설관리·임대,1
8930e036dc3ffff,과학·기술,35
8930e036dc3ffff,교육,17
8930e036dc3ffff,보건의료,2
8930e036dc3ffff,부동산,12
8930e036dc3ffff,소매,54
8930e036dc3ffff,수리·개인,26
8930e036dc3ffff,숙박,3
8930e036dc3ffff,시설관리·임대,9
8930e036dc3ffff,예술·스포츠,12
8930e036dc3ffff,음식,80
8930e036dc7ffff,과학·기술,21
8930e036dc7ffff,교육,25
8930e036dc7ffff,보건의료,1
8930e036dc7ffff,부동산,3
8930e036dc7ffff,소매,26
8930e036dc7ffff,수리·개인,30
8930e036dc7ffff,숙박,7
8930e036dc7ffff,시설관리·임대,6
8930e036dc7ffff,예술·스포츠,12
8930e036dc7ffff,음식,19
8930e036dcbffff,과학·기술,9
8930e036dcbffff,교육,21
8930e036dcbffff,보건의료,5
8930e036dcbffff,부동산,10
8930e036dcbffff,소매,22
8930e036dcbffff,수리·개인,25
8930e036dcbffff,숙박,5
8930e036dcbffff,시설관리·임대,3
8930e036dcbffff,예술·스포츠,7
8930e036dcbffff,음식,45
8930e036dcfffff,과학·기술,27
8930e036dcfffff,교육,10
8930e036dcfffff,보건의료,5
8930e036dcfffff,부동산,10
8930e036dcfffff,소매,27
8930e036dcfffff,수리·개인,29
8930e036dcfffff,숙박,5
8930e036dcfffff,시설관리·임대,6
8930e036dcfffff,예술·스포츠,11
8930e036dcfffff,음식,45
8930e036dd3ffff,과학·기술,19
8930e036dd3ffff,교육,16
8930e036dd3ffff,보건의료,18
8930e036dd3ffff,부동산,20
8930e036dd3ffff,소매,28
8930e036dd3ffff,수리·개인,21
8930e036dd3ffff,숙박,2
8930e036dd3ffff,시설관리·임대,12
8930e036dd3ffff,예술·스포츠,9
8930e036dd3ffff,음식,64
8930e036dd7ffff,과학·기술,10
8930e036dd7ffff,교육,11
8930e036dd7ffff,보건의료,2
8930e036dd7ffff,부동산,7
8930e036dd7ffff,소매,20
8930e036dd7ffff,수리·개인,16
8930e036dd7ffff,숙박,7
8930e036dd7ffff,시설관리·임대,3
8930e036dd7ffff,예술·스포츠,9
8930e036dd7ffff,음식,45
8930e036ddbffff,과학·기술,19
8930e036ddbffff,교육,23
8930e036ddbffff,보건의료,17
8930e036ddbffff,부동산,13
8930e036ddbffff,소매,82
8930e036ddbffff,수리·개인,22
8930e036ddbffff,숙박,2
8930e036ddbffff,시설관리·임대,7
8930e036ddbffff,예술·스포츠,12
8930e036ddbffff,음식,100
8930e036e83ffff,과학·기술,2
8930e036e83ffff,교육,3
8930e036e83ffff,수리·개인,1
8930e036e83ffff,시설관리·임대,2
8930e036e83ffff,음식,1
8930e036e87ffff,부동산,2
8930e036e87ffff,소매,1
8930e036e87ffff,시설관리·임대,1
8930e036e8bffff,소매,1
8930e036e93ffff,교육,2
8930e036e93ffff,보건의료,1
8930e036e93ffff,부동산,2
8930e036e93ffff,소매,2
8930e036e93ffff,수리·개인,6
8930e036e93ffff,시설관리·임대,1
8930e036e93ffff,예술·스포츠,1
8930e036e93ffff,음식,3
8930e036e97ffff,음식,1
8930e036e9bffff,소매,1
8930e036e9bffff,수리·개인,3
8930e036e9bffff,시설관리·임대,1
8930e036e9bffff,예술·스포츠,2
8930e036e9bffff,음식,2
8930e036eb3ffff,과학·기술,1
8930e036eb3ffff,소매,1
8930e036eb3ffff,수리·개인,1
8930e036eb3ffff,숙박,1
8930e036eb7ffff,과학·기술,7
8930e036eb7ffff,교육,5
8930e036eb7ffff,소매,8
8930e036eb7ffff,수리·개인,3
8930e036eb7ffff,숙박,26
8930e036eb7ffff,시설관리·임대,5
8930e036eb7ffff,예술·스포츠,4
8930e036ebbffff,부동산,1
8930e0a504bffff,시설관리·임대,1
8930e0a5073ffff,소매,1
8930e0a5077ffff,소매,1
8930e0a5077ffff,수리·개인,1
8930e0a5077ffff,음식,1
8930e0a507bffff,교육,2
8930e0a507bffff,소매,1
8930e0a507bffff,시설관리·임대,1
8930e0a507bffff,음식,2
8930e0a5223ffff,소매,5
8930e0a5223ffff,수리·개인,1
8930e0a5227ffff,과학·기술,13
8930e0a5227ffff,교육,3
8930e0a5227ffff,보건의료,6
8930e0a5227ffff,부동산,6
8930e0a5227ffff,소매,22
8930e0a5227ffff,수리·개인,11
8930e0a5227ffff,숙박,1
8930e0a5227ffff,시설관리·임대,8
8930e0a5227ffff,예술·스포츠,6
8930e0a5227ffff,음식,42
8930e0a522fffff,과학·기술,1
8930e0a522fffff,교육,1
8930e0a522fffff,보건의료,1
8930e0a522fffff,부동산,1
8930e0a522fffff,소매,3
8930e0a522fffff,수리·개인,1
8930e0a522fffff,시설관리·임대,3
8930e0a522fffff,예술·스포츠,1
8930e0a522fffff,음식,6
8930e0a5233ffff,부동산,1
8930e0a5233ffff,소매,8
8930e0a5233ffff,수리·개인,1
8930e0a5237ffff,소매,3
8930e0a5237ffff,수리·개인,1
8930e0a5237ffff,음식,1
8930e0a523bffff,보건의료,1
8930e0a523bffff,소매,92
8930e0a523bffff,수리·개인,4
8930e0a523bffff,숙박,1
8930e0a523bffff,시설관리·임대,2
8930e0a523bffff,예술·스포츠,1
8930e0a523bffff,음식,51
8930e0a524fffff,과학·기술,1
8930e0a524fffff,보건의료,3
8930e0a524fffff,소매,3
8930e0a524fffff,시설관리·임대,3
8930e0a524fffff,음식,2
8930e0a526bffff,교육,2
8930e0a526bffff,소매,102
8930e0a526bffff,음식,12
8930e0a5287ffff,소매,5
8930e0a5287ffff,음식,3
8930e0a528fffff,소매,4
8930e0a5297ffff,소매,1
8930e0a52a3ffff,과학·기술,1
8930e0a52a3ffff,소매,1
8930e0a52a3ffff,수리·개인,1
8930e0a52a3ffff,숙박,1
8930e0a52a7ffff,과학·기술,2
8930e0a52a7ffff,소매,3
8930e0a52a7ffff,숙박,2
8930e0a52a7ffff,예술·스포츠,1
8930e0a52afffff,수리·개인,1
8930e0a52afffff,시설관리·임대,2
8930e0a52afffff,음식,1
8930e0a52b7ffff,교육,1
8930e0a52b7ffff,부동산,1
8930e0a52b7ffff,소매,1
8930e0a52b7ffff,시설관리·임대,1
8930e0a52bbffff,소매,1
8930e0a5303ffff,과학·기술,2
8930e0a5303ffff,교육,1
8930e0a5303ffff,보건의료,1
8930e0a5303ffff,소매,3
8930e0a5303ffff,수리·개인,3
8930e0a5303ffff,음식,6
8930e0a5307ffff,과학·기술,1
8930e0a530bffff,과학·기술,1
8930e0a530bffff,교육,1
8930e0a530bffff,부동산,2
8930e0a530bffff,소매,5
8930e0a530bffff,수리·개인,2
8930e0a530bffff,예술·스포츠,1
8930e0a530bffff,음식,4
8930e0a530fffff,과학·기술,4
8930e0a530fffff,교육,2
8930e0a530fffff,소매,4
8930e0a530fffff,수리·개인,2
8930e0a530fffff,시설관리·임대,5
8930e0a530fffff,음식,7
8930e0a5313ffff,교육,1
8930e0a5313ffff,부동산,1
8930e0a5313ffff,소매,2
8930e0a5313ffff,시설관리·임대,1
8930e0a531bffff,과학·기술,13
8930e0a531bffff,교육,25
8930e0a531bffff,보건의료,10
8930e0a531bffff,부동산,7
8930e0a531bffff,소매,32
8930e0a531bffff,수리·개인,19
8930e0a531bffff,시설관리·임대,6
8930e0a531bffff,예술·스포츠,12
8930e0a531bffff,음식,56
8930e0a5333ffff,예술·스포츠,1
8930e0a533bffff,소매,1
8930e0a533bffff,수리·개인,2
8930e0a533bffff,음식,1
8930e0a5343ffff,과학·기술,6
8930e0a5343ffff,교육,8
8930e0a5343ffff,보건의료,32
8930e0a5343ffff,부동산,6
8930e0a5343ffff,소매,90
8930e0a5343ffff,수리·개인,23
8930e0a5343ffff,숙박,1
8930e0a5343ffff,시설관리·임대,2
8930e0a5343ffff,예술·스포츠,19
8930e0a5343ffff,음식,75
8930e0a5347ffff,과학·기술,20
8930e0a5347ffff,교육,17
8930e0a5347ffff,보건의료,6
8930e0a5347ffff,부동산,10
8930e0a5347ffff,소매,36
8930e0a5347ffff,수리·개인,30
8930e0a5347ffff,숙박,1
8930e0a5347ffff,시설관리·임대,12
8930e0a5347ffff,예술·스포츠,15
8930e0a5347ffff,음식,26
8930e0a534bffff,과학·기술,9
8930e0a534bffff,교육,7
8930e0a534bffff,보건의료,2
8930e0a534bffff,부동산,3
8930e0a534bffff,소매,67
8930e0a534bffff,수리·개인,20
8930e0a534bffff,숙박,1
8930e0a534bffff,시설관리·임대,5
8930e0a534bffff,예술·스포츠,7
8930e0a534bffff,음식,40
8930e0a534fffff,과학·기술,8
8930e0a534fffff,교육,9
8930e0a534fffff,부동산,8
8930e0a534fffff,소매,16
8930e0a534fffff,수리·개인,24
8930e0a534fffff,시설관리·임대,2
8930e0a534fffff,예술·스포츠,3
8930e0a534fffff,음식,13
8930e0a5353ffff,과학·기술,5
8930e0a5353ffff,교육,6
8930e0a5353ffff,보건의료,1
8930e0a5353ffff,부동산,4
8930e0a5353ffff,소매,13
8930e0a5353ffff,수리·개인,10
8930e0a5353ffff,숙박,1
8930e0a5353ffff,시설관리·임대,2
8930e0a5353ffff,예술·스포츠,5
8930e0a5353ffff,음식,20
8930e0a5357ffff,과학·기술,9
8930e0a5357ffff,교육,7
8930e0a5357ffff,보건의료,6
8930e0a5357ffff,부동산,3
8930e0a5357ffff,소매,18
8930e0a5357ffff,수리·개인,17
8930e0a5357ffff,시설관리·임대,2
8930e0a5357ffff,예술·스포츠,2
8930e0a5357ffff,음식,22
8930e0a535bffff,과학·기술,4
8930e0a535bffff,교육,6
8930e0a535bffff,보건의료,1
8930e0a535bffff,부동산,6
8930e0a535bffff,소매,17
8930e0a535bffff,수리·개인,23
8930e0a535bffff,숙박,4
8930e0a535bffff,시설관리·임대,2
8930e0a535bffff,예술·스포츠,7
8930e0a535bffff,음식,30
8930e0a5363ffff,과학·기술,5
8930e0a5363ffff,교육,5
8930e0a5363ffff,부동산,3
8930e0a5363ffff,소매,6
8930e0a5363ffff,수리·개인,14
8930e0a5363ffff,숙박,1
8930e0a5363ffff,시설관리·임대,4
8930e0a5363ffff,예술·스포츠,3
8930e0a5363ffff,음식,9
8930e0a5367ffff,소매,1
8930e0a536bffff,과학·기술,5
8930e0a536bffff,교육,10
8930e0a536bffff,보건의료,1
8930e0a536bffff,부동산,4
8930e0a536bffff,소매,7
8930e0a536bffff,수리·개인,4
8930e0a536bffff,음식,8
8930e0a536fffff,과학·기술,10
8930e0a536fffff,교육,20
8930e0a536fffff,보건의료,1
8930e0a536fffff,부동산,5
8930e0a536fffff,소매,13
8930e0a536fffff,수리·개인,15
8930e0a536fffff,시설관리·임대,5
8930e0a536fffff,예술·스포츠,6
8930e0a536fffff,음식,27
8930e0a5373ffff,소매,2
8930e0a5373ffff,수리·개인,2
8930e0a5373ffff,시설관리·임대,2
8930e0a5373ffff,예술·스포츠,2
8930e0a5373ffff,음식,1
8930e0a537bffff,과학·기술,7
8930e0a537bffff,교육,11
8930e0a537bffff,보건의료,3
8930e0a537bffff,부동산,5
8930e0a537bffff,소매,12
8930e0a537bffff,수리·개인,17
8930e0a537bffff,시설관리·임대,3
8930e0a537bffff,예술·스포츠,7
8930e0a537bffff,음식,25
8930e0a5383ffff,소매,1
8930e0a5393ffff,음식,1
8930e0a53afffff,소매,2
8930e0a53bbffff,소매,1
8930e0a53c7ffff,교육,1
8930e0a53c7ffff,수리·개인,1
8930e0a53c7ffff,숙박,3
8930e0a53cfffff,과학·기술,3
8930e0a53cfffff,교육,2
8930e0a53cfffff,부동산,3
8930e0a53cfffff,소매,6
8930e0a53cfffff,수리·개인,7
8930e0a53cfffff,시설관리·임대,1
8930e0a53cfffff,음식,1
8930e0a5a43ffff,교육,1
8930e0a5a43ffff,소매,2
8930e0a5a43ffff,수리·개인,1
8930e0a5a43ffff,시설관리·임대,1
8930e0a5a47ffff,예술·스포츠,1
8930e0a5a4bffff,과학·기술,121
8930e0a5a4bffff,교육,1
8930e0a5a4bffff,보건의료,9
8930e0a5a4bffff,부동산,8
8930e0a5a4bffff,소매,35
8930e0a5a4bffff,수리·개인,20
8930e0a5a4bffff,시설관리·임대,20
8930e0a5a4bffff,예술·스포츠,5
8930e0a5a4bffff,음식,53
8930e0a5a4fffff,과학·기술,1
8930e0a5a4fffff,교육,2
8930e0a5a4fffff,소매,8
8930e0a5a4fffff,수리·개인,2
8930e0a5a4fffff,예술·스포츠,2
8930e0a5a4fffff,음식,7
8930e0a5a53ffff,교육,4
8930e0a5a53ffff,보건의료,1
8930e0a5a53ffff,부동산,2
8930e0a5a53ffff,소매,2
8930e0a5a53ffff,수리·개인,2
8930e0a5a53ffff,예술·스포츠,1
8930e0a5a53ffff,음식,1
8930e0a5a57ffff,부동산,1
8930e0a5a57ffff,소매,2
8930e0a5a57ffff,수리·개인,1
8930e0a5a57ffff,음식,1
8930e0a5a5bffff,과학·기술,1
8930e0a5a5bffff,소매,3
8930e0a5a5bffff,수리·개인,2
8930e0a5a5bffff,시설관리·임대,6
8930e0a5a5bffff,예술·스포츠,1
8930e0a5a5bffff,음식,1
8930e0a5a6bffff,과학·기술,1
8930e0a5a6bffff,부동산,5
8930e0a5a6bffff,수리·개인,3
8930e0a5a6bffff,예술·스포츠,1
8930e0a5a6bffff,음식,2
8930e0a5a7bffff,과학·기술,1
8930e0a5a7bffff,교육,2
8930e0a5a7bffff,부동산,2
8930e0a5a7bffff,소매,2
8930e0a5a7bffff,수리·개인,3
8930e0a5a7bffff,음식,5
8930e0a5ac3ffff,수리·개인,1
8930e0a5acbffff,과학·기술,2
8930e0a5acbffff,교육,11
8930e0a5acbffff,보건의료,6
8930e0a5acbffff,부동산,10
8930e0a5acbffff,소매,17
8930e0a5acbffff,수리·개인,13
8930e0a5acbffff,시설관리·임대,4
8930e0a5acbffff,예술·스포츠,2
8930e0a5acbffff,음식,14
8930e0a5adbffff,수리·개인,1
8930e0a5b23ffff,수리·개인,1
8930e0a5b27ffff,과학·기술,9
8930e0a5b27ffff,교육,23
8930e0a5b27ffff,보건의료,5
8930e0a5b27ffff,부동산,6
8930e0a5b27ffff,소매,16
8930e0a5b27ffff,수리·개인,5
8930e0a5b27ffff,시설관리·임대,2
8930e0a5b27ffff,예술·스포츠,4
8930e0a5b27ffff,음식,9
8930e0a5b2bffff,소매,1
8930e0a5b2bffff,예술·스포츠,1
8930e0a5b2fffff,과학·기술,4
8930e0a5b2fffff,교육,40
8930e0a5b2fffff,보건의료,1
8930e0a5b2fffff,부동산,1
8930e0a5b2fffff,소매,5
8930e0a5b2fffff,수리·개인,4
8930e0a5b2fffff,음식,4
8930e0a5b37ffff,과학·기술,1
8930e0a5b37ffff,교육,1
8930e0a5b37ffff,소매,3
8930e0a5b37ffff,수리·개인,4
8930e0a5b37ffff,음식,2
8930e0ac067ffff,수리·개인,1
8930e0ac06fffff,수리·개인,1
8930e0ac06fffff,시설관리·임대,1
8930e0ac06fffff,음식,2
8930e0ac10fffff,소매,1
8930e0ac12bffff,과학·기술,1
8930e0ac12bffff,소매,3
8930e0ac12bffff,수리·개인,2
8930e0ac12bffff,음식,1
8930e0ac12fffff,소매,1
8930e0ac12fffff,시설관리·임대,1
8930e0ac12fffff,음식,1
8930e0ac133ffff,교육,2
8930e0ac133ffff,수리·개인,2
8930e0ac137ffff,수리·개인,1
8930e0ac13bffff,수리·개인,1
8930e0ac13bffff,음식,1
8930e0ac143ffff,소매,1
8930e0ac147ffff,소매,1
8930e0ac14bffff,시설관리·임대,1
8930e0ac14fffff,과학·기술,1
8930e0ac14fffff,소매,1
8930e0ac14fffff,수리·개인,1
8930e0ac14fffff,음식,1
8930e0ac163ffff,음식,3
8930e0ac16bffff,교육,1
8930e0ac16bffff,소매,1
8930e0ac16bffff,수리·개인,1
8930e0ac16bffff,음식,1
8930e0ac17bffff,소매,2
8930e0ac17bffff,음식,2
8930e0ac187ffff,과학·기술,1
8930e0ac187ffff,소매,1
8930e0ac187ffff,수리·개인,1
8930e0ac18fffff,교육,1
8930e0ac1a3ffff,소매,1
8930e0ac1abffff,과학·기술,1
8930e0ac1abffff,소매,1
8930e0ac1abffff,수리·개인,2
8930e0ac1afffff,과학·기술,4
8930e0ac1afffff,교육,27
8930e0ac1afffff,보건의료,7
8930e0ac1afffff,소매,15
8930e0ac1afffff,수리·개인,5
8930e0ac1afffff,예술·스포츠,6
8930e0ac1afffff,음식,18
8930e0ac1bbffff,교육,1
8930e0ac1bbffff,부동산,2
8930e0ac1bbffff,소매,2
8930e0ac1bbffff,수리·개인,2
8930e0ac1bbffff,시설관리·임대,1
8930e0ac1bbffff,예술·스포츠,2
8930e0ac1bbffff,음식,7
8930e0ac303ffff,과학·기술,4
8930e0ac303ffff,교육,6
8930e0ac303ffff,부동산,1
8930e0ac303ffff,소매,2
8930e0ac303ffff,수리·개인,2
8930e0ac303ffff,숙박,1
8930e0ac303ffff,시설관리·임대,1
8930e0ac303ffff,예술·스포츠,2
8930e0ac303ffff,음식,12
8930e0ac313ffff,과학·기술,2
8930e0ac313ffff,교육,3
8930e0ac313ffff,부동산,2
8930e0ac313ffff,소매,4
8930e0ac313ffff,수리·개인,7
8930e0ac313ffff,숙박,1
8930e0ac313ffff,시설관리·임대,2
8930e0ac313ffff,예술·스포츠,1
8930e0ac313ffff,음식,7
8930e0ac317ffff,과학·기술,1
8930e0ac317ffff,보건의료,1
8930e0ac317ffff,소매,3
8930e0ac317ffff,수리·개인,2
8930e0ac317ffff,숙박,1
8930e0ac317ffff,시설관리·임대,2
8930e0ac317ffff,음식,1
8930e0ac31bffff,교육,2
8930e0ac31bffff,소매,2
8930e0ac31bffff,음식,3
8930e0ac323ffff,과학·기술,1
8930e0ac323ffff,교육,5
8930e0ac323ffff,부동산,3
8930e0ac323ffff,소매,3
8930e0ac323ffff,수리·개인,7
8930e0ac323ffff,예술·스포츠,1
8930e0ac323ffff,음식,5
8930e0ac327ffff,소매,4
8930e0ac327ffff,수리·개인,2
8930e0ac327ffff,시설관리·임대,2
8930e0ac327ffff,음식,4
8930e0ac32fffff,과학·기술,1
8930e0ac32fffff,소매,4
8930e0ac32fffff,수리·개인,2
8930e0ac32fffff,숙박,1
8930e0ac32fffff,시설관리·임대,1
8930e0ac333ffff,과학·기술,2
8930e0ac333ffff,소매,7
8930e0ac333ffff,수리·개인,1
8930e0ac333ffff,시설관리·임대,1
8930e0ac333ffff,예술·스포츠,2
8930e0ac333ffff,음식,3
8930e0ac337ffff,소매,1
8930e0ac337ffff,수리·개인,2
8930e0ac337ffff,시설관리·임대,1
8930e0ac337ffff,음식,1
8930e0ac33bffff,과학·기술,2
8930e0ac33bffff,교육,2
8930e0ac33bffff,소매,5
8930e0ac33bffff,수리·개인,2
8930e0ac33bffff,시설관리·임대,1
8930e0ac33bffff,음식,4
8930e0ac343ffff,교육,8
8930e0ac343ffff,부동산,1
8930e0ac343ffff,소매,3
8930e0ac343ffff,수리·개인,3
8930e0ac343ffff,예술·스포츠,5
8930e0ac343ffff,음식,9
8930e0ac347ffff,소매,1
8930e0ac347ffff,예술·스포츠,1
8930e0ac347ffff,음식,5
8930e0ac34bffff,과학·기술,4
8930e0ac34bffff,교육,25
8930e0ac34bffff,보건의료,8
8930e0ac34bffff,부동산,3
8930e0ac34bffff,소매,8
8930e0ac34bffff,수리·개인,8
8930e0ac34bffff,예술·스포츠,5
8930e0ac34bffff,음식,13
8930e0ac34fffff,과학·기술,4
8930e0ac34fffff,교육,31
8930e0ac34fffff,보건의료,3
8930e0ac34fffff,부동산,4
8930e0ac34fffff,소매,11
8930e0ac34fffff,수리·개인,10
8930e0ac34fffff,시설관리·임대,1
8930e0ac34fffff,예술·스포츠,3
8930e0ac34fffff,음식,7
8930e0ac353ffff,교육,1
8930e0ac353ffff,소매,6
8930e0ac353ffff,수리·개인,3
8930e0ac353ffff,음식,16
8930e0ac35bffff,과학·기술,1
8930e0ac35bffff,교육,1
8930e0ac35bffff,부동산,4
8930e0ac35bffff,소매,2
8930e0ac35bffff,수리·개인,3
8930e0ac35bffff,음식,7
8930e0ac36bffff,소매,1
8930e0ac373ffff,소매,1
8930e0ac383ffff,과학·기술,2
8930e0ac387ffff,과학·기술,1
8930e0ac387ffff,교육,6
8930e0ac387ffff,소매,1
8930e0ac387ffff,수리·개인,3
8930e0ac387ffff,시설관리·임대,1
8930e0ac387ffff,음식,3
8930e0ac38bffff,과학·기술,8
8930e0ac38bffff,교육,1
8930e0ac38bffff,보건의료,4
8930e0ac38bffff,부동산,4
8930e0ac38bffff,소매,17
8930e0ac38bffff,수리·개인,3
8930e0ac38bffff,시설관리·임대,2
8930e0ac38bffff,예술·스포츠,1
8930e0ac38bffff,음식,18
8930e0ac38fffff,과학·기술,4
8930e0ac38fffff,교육,2
8930e0ac38fffff,보건의료,1
8930e0ac38fffff,부동산,3
8930e0ac38fffff,소매,12
8930e0ac38fffff,수리·개인,4
8930e0ac38fffff,예술·스포츠,4
8930e0ac38fffff,음식,20
8930e0ac393ffff,과학·기술,2
8930e0ac393ffff,소매,2
8930e0ac393ffff,수리·개인,1
8930e0ac393ffff,음식,1
8930e0ac397ffff,교육,3
8930e0ac397ffff,부동산,1
8930e0ac397ffff,소매,6
8930e0ac397ffff,수리·개인,1
8930e0ac397ffff,예술·스포츠,1
8930e0ac397ffff,음식,7
8930e0ac39bffff,교육,2
8930e0ac39bffff,소매,2
8930e0ac39bffff,수리·개인,2
8930e0ac39bffff,시설관리·임대,1
8930e0ac39bffff,음식,2
8930e0ac3a3ffff,과학·기술,5
8930e0ac3a3ffff,교육,5
8930e0ac3a3ffff,보건의료,2
8930e0ac3a3ffff,부동산,1
8930e0ac3a3ffff,소매,3
8930e0ac3a3ffff,수리·개인,4
8930e0ac3a3ffff,시설관리·임대,2
8930e0ac3a3ffff,음식,6
8930e0ac3a7ffff,과학·기술,3
8930e0ac3a7ffff,교육,5
8930e0ac3a7ffff,소매,8
8930e0ac3a7ffff,수리·개인,6
8930e0ac3a7ffff,시설관리·임대,1
8930e0ac3a7ffff,예술·스포츠,1
8930e0ac3a7ffff,음식,5
8930e0ac3abffff,과학·기술,1
8930e0ac3abffff,교육,1
8930e0ac3abffff,부동산,1
8930e0ac3abffff,소매,4
8930e0ac3abffff,수리·개인,1
8930e0ac3abffff,시설관리·임대,2
8930e0ac3abffff,음식,1
8930e0ac3afffff,과학·기술,3
8930e0ac3afffff,교육,8
8930e0ac3afffff,부동산,2
8930e0ac3afffff,소매,10
8930e0ac3afffff,수리·개인,9
8930e0ac3afffff,시설관리·임대,3
8930e0ac3afffff,예술·스포츠,1
8930e0ac3afffff,음식,7
8930e0ac3b3ffff,소매,2
8930e0ac3b3ffff,수리·개인,1
8930e0ac3b3ffff,음식,1
8930e0ac3b7ffff,과학·기술,4
8930e0ac3b7ffff,교육,12
8930e0ac3b7ffff,보건의료,1
8930e0ac3b7ffff,부동산,4
8930e0ac3b7ffff,소매,22
8930e0ac3b7ffff,수리·개인,13
8930e0ac3b7ffff,예술·스포츠,5
8930e0ac3b7ffff,음식,21
8930e0ac3bbffff,과학·기술,1
8930e0ac3bbffff,교육,1
8930e0ac3bbffff,소매,1
8930e0ac3bbffff,음식,1
8930e0ac3cbffff,과학·기술,2
8930e0ac3cbffff,교육,1
8930e0ac3cbffff,소매,1
8930e0ac3cbffff,수리·개인,1
8930e0ac3cfffff,소매,4
8930e0ac3d7ffff,과학·기술,1
8930e0ac3d7ffff,교육,1
8930e0ac3d7ffff,소매,2
8930e0ac3d7ffff,수리·개인,1
8930e0ac3d7ffff,음식,3
8930e0ac803ffff,과학·기술,6
8930e0ac803ffff,교육,11
8930e0ac803ffff,보건의료,9
8930e0ac803ffff,부동산,3
8930e0ac803ffff,소매,45
8930e0ac803ffff,수리·개인,26
8930e0ac803ffff,시설관리·임대,1
8930e0ac803ffff,예술·스포츠,7
8930e0ac803ffff,음식,49
8930e0ac807ffff,소매,2
8930e0ac807ffff,시설관리·임대,2
8930e0ac807ffff,음식,1
8930e0ac80bffff,과학·기술,10
8930e0ac80bffff,교육,9
8930e0ac80bffff,보건의료,2
8930e0ac80bffff,부동산,6
8930e0ac80bffff,소매,17
8930e0ac80bffff,수리·개인,10
8930e0ac80bffff,시설관리·임대,6
8930e0ac80bffff,예술·스포츠,8
8930e0ac80bffff,음식,25
8930e0ac80fffff,과학·기술,3
8930e0ac80fffff,교육,1
8930e0ac80fffff,보건의료,1
8930e0ac80fffff,부동산,1
8930e0ac80fffff,소매,14
8930e0ac80fffff,수리·개인,4
8930e0ac80fffff,숙박,5
8930e0ac80fffff,시설관리·임대,3
8930e0ac80fffff,예술·스포츠,10
8930e0ac80fffff,음식,47
8930e0ac813ffff,과학·기술,9
8930e0ac813ffff,교육,7
8930e0ac813ffff,보건의료,5
8930e0ac813ffff,부동산,4
8930e0ac813ffff,소매,18
8930e0ac813ffff,수리·개인,9
8930e0ac813ffff,시설관리·임대,7
8930e0ac813ffff,예술·스포츠,2
8930e0ac813ffff,음식,15
8930e0ac817ffff,과학·기술,3
8930e0ac817ffff,교육,14
8930e0ac817ffff,부동산,3
8930e0ac817ffff,소매,10
8930e0ac817ffff,수리·개인,6
8930e0ac817ffff,시설관리·임대,1
8930e0ac817ffff,예술·스포츠,4
8930e0ac817ffff,음식,8
8930e0ac81bffff,과학·기술,8
8930e0ac81bffff,교육,6
8930e0ac81bffff,보건의료,8
8930e0ac81bffff,부동산,3
8930e0ac81bffff,소매,16
8930e0ac81bffff,수리·개인,10
8930e0ac81bffff,숙박,1
8930e0ac81bffff,시설관리·임대,2
8930e0ac81bffff,음식,13
8930e0ac823ffff,소매,1
8930e0ac827ffff,과학·기술,27
8930e0ac827ffff,교육,2
8930e0ac827ffff,부동산,6
8930e0ac827ffff,소매,15
8930e0ac827ffff,수리·개인,3
8930e0ac827ffff,시설관리·임대,11
8930e0ac827ffff,예술·스포츠,2
8930e0ac827ffff,음식,7
8930e0ac82fffff,과학·기술,15
8930e0ac82fffff,교육,1
8930e0ac82fffff,부동산,1
8930e0ac82fffff,소매,3
8930e0ac82fffff,수리·개인,1
8930e0ac82fffff,시설관리·임대,5
8930e0ac82fffff,음식,2
8930e0ac833ffff,교육,8
8930e0ac833ffff,소매,9
8930e0ac833ffff,수리·개인,7
8930e0ac833ffff,시설관리·임대,1
8930e0ac833ffff,예술·스포츠,3
8930e0ac833ffff,음식,5
8930e0ac837ffff,소매,5
8930e0ac837ffff,수리·개인,1
8930e0ac837ffff,음식,1
8930e0ac83bffff,수리·개인,3
8930e0ac83bffff,시설관리·임대,1
8930e0ac83bffff,음식,1
8930e0ac843ffff,과학·기술,12
8930e0ac843ffff,교육,8
8930e0ac843ffff,보건의료,2
8930e0ac843ffff,부동산,1
8930e0ac843ffff,소매,14
8930e0ac843ffff,수리·개인,9
8930e0ac843ffff,시설관리·임대,3
8930e0ac843ffff,예술·스포츠,6
8930e0ac843ffff,음식,9
8930e0ac847ffff,과학·기술,8
8930e0ac847ffff,교육,24
8930e0ac847ffff,보건의료,8
8930e0ac847ffff,소매,60
8930e0ac847ffff,수리·개인,29
8930e0ac847ffff,시설관리·임대,6
8930e0ac847ffff,예술·스포츠,10
8930e0ac847ffff,음식,23
8930e0ac84bffff,과학·기술,1
8930e0ac84bffff,교육,2
8930e0ac84bffff,보건의료,2
8930e0ac84bffff,부동산,1
8930e0ac84bffff,소매,26
8930e0ac84bffff,수리·개인,7
8930e0ac84bffff,숙박,1
8930e0ac84bffff,시설관리·임대,1
8930e0ac84bffff,예술·스포츠,2
8930e0ac84bffff,음식,24
8930e0ac84fffff,과학·기술,1
8930e0ac84fffff,교육,6
8930e0ac84fffff,보건의료,2
8930e0ac84fffff,부동산,2
8930e0ac84fffff,소매,4
8930e0ac84fffff,수리·개인,5
8930e0ac84fffff,음식,3
8930e0ac853ffff,과학·기술,1
8930e0ac853ffff,교육,3
8930e0ac853ffff,보건의료,5
8930e0ac853ffff,소매,11
8930e0ac853ffff,수리·개인,4
8930e0ac853ffff,예술·스포츠,1
8930e0ac853ffff,음식,27
8930e0ac857ffff,과학·기술,9
8930e0ac857ffff,교육,1
8930e0ac857ffff,부동산,1
8930e0ac857ffff,소매,13
8930e0ac857ffff,수리·개인,5
8930e0ac857ffff,시설관리·임대,3
8930e0ac857ffff,예술·스포츠,2
8930e0ac857ffff,음식,5
8930e0ac85bffff,과학·기술,8
8930e0ac85bffff,교육,8
8930e0ac85bffff,보건의료,10
8930e0ac85bffff,부동산,4
8930e0ac85bffff,소매,27
8930e0ac85bffff,수리·개인,18
8930e0ac85bffff,숙박,1
8930e0ac85bffff,시설관리·임대,5
8930e0ac85bffff,예술·스포츠,9
8930e0ac85bffff,음식,47
8930e0ac867ffff,과학·기술,3
8930e0ac86fffff,과학·기술,2
8930e0ac86fffff,교육,12
8930e0ac86fffff,보건의료,5
8930e0ac86fffff,부동산,4
8930e0ac86fffff,소매,16
8930e0ac86fffff,수리·개인,5
8930e0ac86fffff,시설관리·임대,1
8930e0ac86fffff,예술·스포츠,4
8930e0ac86fffff,음식,22
8930e0ac873ffff,과학·기술,3
8930e0ac873ffff,교육,1
8930e0ac873ffff,보건의료,2
8930e0ac873ffff,부동산,1
8930e0ac873ffff,소매,16
8930e0ac873ffff,수리·개인,7
8930e0ac873ffff,숙박,1
8930e0ac873ffff,시설관리·임대,2
8930e0ac873ffff,예술·스포츠,8
8930e0ac873ffff,음식,49
8930e0ac877ffff,과학·기술,1
8930e0ac877ffff,교육,4
8930e0ac877ffff,소매,4
8930e0ac877ffff,수리·개인,1
8930e0ac877ffff,숙박,1
8930e0ac877ffff,시설관리·임대,1
8930e0ac877ffff,예술·스포츠,3
8930e0ac877ffff,음식,5
8930e0ac87bffff,소매,2
8930e0ac87bffff,음식,1
8930e0ac883ffff,음식,1
8930e0ac887ffff,과학·기술,1
8930e0ac887ffff,부동산,2
8930e0ac887ffff,소매,3
8930e0ac887ffff,수리·개인,2
8930e0ac887ffff,시설관리·임대,1
8930e0ac88bffff,과학·기술,1
8930e0ac88bffff,교육,13
8930e0ac88bffff,보건의료,5
8930e0ac88bffff,부동산,4
8930e0ac88bffff,소매,18
8930e0ac88bffff,수리·개인,11
8930e0ac88bffff,숙박,1
8930e0ac88bffff,시설관리·임대,1
8930e0ac88bffff,예술·스포츠,13
8930e0ac88bffff,음식,41
8930e0ac88fffff,과학·기술,2
8930e0ac88fffff,교육,13
8930e0ac88fffff,보건의료,2
8930e0ac88fffff,부동산,6
8930e0ac88fffff,소매,19
8930e0ac88fffff,수리·개인,10
8930e0ac88fffff,예술·스포츠,7
8930e0ac88fffff,음식,12
8930e0ac897ffff,과학·기술,2
8930e0ac897ffff,교육,8
8930e0ac897ffff,보건의료,2
8930e0ac897ffff,부동산,2
8930e0ac897ffff,수리·개인,4
8930e0ac897ffff,음식,2
8930e0ac89bffff,부동산,1
8930e0ac8a3ffff,과학·기술,2
8930e0ac8a3ffff,교육,4
8930e0ac8a3ffff,부동산,3
8930e0ac8a3ffff,소매,12
8930e0ac8a3ffff,수리·개인,11
8930e0ac8a3ffff,시설관리·임대,1
8930e0ac8a3ffff,음식,9
8930e0ac8a7ffff,과학·기술,3
8930e0ac8a7ffff,소매,1
8930e0ac8a7ffff,음식,2
8930e0ac8abffff,과학·기술,2
8930e0ac8abffff,교육,1
8930e0ac8abffff,보건의료,1
8930e0ac8abffff,소매,2
8930e0ac8abffff,수리·개인,2
8930e0ac8abffff,예술·스포츠,5
8930e0ac8abffff,음식,4
8930e0ac8afffff,과학·기술,1
8930e0ac8afffff,교육,3
8930e0ac8afffff,부동산,5
8930e0ac8afffff,소매,2
8930e0ac8afffff,수리·개인,6
8930e0ac8afffff,예술·스포츠,1
8930e0ac8afffff,음식,5
8930e0ac8b7ffff,부동산,1
8930e0ac8b7ffff,소매,1
8930e0ac8bbffff,과학·기술,5
8930e0ac8bbffff,교육,4
8930e0ac8bbffff,보건의료,4
8930e0ac8bbffff,부동산,1
8930e0ac8bbffff,소매,21
8930e0ac8bbffff,수리·개인,18
8930e0ac8bbffff,시설관리·임대,4
8930e0ac8bbffff,예술·스포츠,5
8930e0ac8bbffff,음식,26
8930e0ac8c3ffff,과학·기술,6
8930e0ac8c3ffff,교육,7
8930e0ac8c3ffff,부동산,10
8930e0ac8c3ffff,소매,8
8930e0ac8c3ffff,수리·개인,10
8930e0ac8c3ffff,시설관리·임대,1
8930e0ac8c3ffff,예술·스포츠,2
8930e0ac8c3ffff,음식,3
8930e0ac8c7ffff,과학·기술,3
8930e0ac8c7ffff,교육,8
8930e0ac8c7ffff,보건의료,1
8930e0ac8c7ffff,부동산,3
8930e0ac8c7ffff,소매,3
8930e0ac8c7ffff,수리·개인,7
8930e0ac8c7ffff,숙박,1
8930e0ac8c7ffff,시설관리·임대,2
8930e0ac8c7ffff,예술·스포츠,4
8930e0ac8c7ffff,음식,7
8930e0ac8cbffff,과학·기술,5
8930e0ac8cbffff,교육,5
8930e0ac8cbffff,소매,17
8930e0ac8cbffff,수리·개인,9
8930e0ac8cbffff,시설관리·임대,1
8930e0ac8cbffff,예술·스포츠,1
8930e0ac8cbffff,음식,8
8930e0ac8cfffff,과학·기술,3
8930e0ac8cfffff,교육,6
8930e0ac8cfffff,소매,6
8930e0ac8cfffff,수리·개인,4
8930e0ac8cfffff,숙박,1
8930e0ac8cfffff,시설관리·임대,3
8930e0ac8cfffff,예술·스포츠,2
8930e0ac8cfffff,음식,17
8930e0ac8d3ffff,과학·기술,8
8930e0ac8d3ffff,교육,1
8930e0ac8d3ffff,부동산,2
8930e0ac8d3ffff,소매,20
8930e0ac8d3ffff,수리·개인,11
8930e0ac8d3ffff,시설관리·임대,3
8930e0ac8d3ffff,예술·스포츠,1
8930e0ac8d3ffff,음식,7
8930e0ac8d7ffff,과학·기술,3
8930e0ac8d7ffff,교육,31
8930e0ac8d7ffff,보건의료,4
8930e0ac8d7ffff,부동산,1
8930e0ac8d7ffff,소매,19
8930e0ac8d7ffff,수리·개인,17
8930e0ac8d7ffff,시설관리·임대,4
8930e0ac8d7ffff,예술·스포츠,3
8930e0ac8d7ffff,음식,18
8930e0ac8dbffff,과학·기술,6
8930e0ac8dbffff,부동산,2
8930e0ac8dbffff,소매,3
8930e0ac8dbffff,수리·개인,3
8930e0ac8dbffff,시설관리·임대,1
8930e0ac8dbffff,음식,8
8930e0ac903ffff,과학·기술,1
8930e0ac903ffff,교육,7
8930e0ac903ffff,보건의료,1
8930e0ac903ffff,부동산,1
8930e0ac903ffff,소매,1
8930e0ac903ffff,수리·개인,4
8930e0ac903ffff,예술·스포츠,1
8930e0ac903ffff,음식,12
8930e0ac907ffff,교육,6
8930e0ac907ffff,부동산,2
8930e0ac907ffff,소매,3
8930e0ac907ffff,수리·개인,5
8930e0ac907ffff,음식,3
8930e0ac90bffff,과학·기술,4
8930e0ac90bffff,교육,1
8930e0ac90bffff,부동산,2
8930e0ac90bffff,소매,3
8930e0ac90bffff,수리·개인,2
8930e0ac90bffff,예술·스포츠,1
8930e0ac90bffff,음식,4
8930e0ac90fffff,교육,8
8930e0ac90fffff,보건의료,3
8930e0ac90fffff,부동산,6
8930e0ac90fffff,소매,6
8930e0ac90fffff,수리·개인,9
8930e0ac90fffff,예술·스포츠,3
8930e0ac90fffff,음식,8
8930e0ac913ffff,과학·기술,4
8930e0ac913ffff,교육,1
8930e0ac913ffff,부동산,3
8930e0ac913ffff,소매,3
8930e0ac913ffff,수리·개인,2
8930e0ac913ffff,시설관리·임대,1
8930e0ac913ffff,예술·스포츠,3
8930e0ac913ffff,음식,2
8930e0ac917ffff,교육,1
8930e0ac917ffff,예술·스포츠,1
8930e0ac917ffff,음식,1
8930e0ac91bffff,과학·기술,8
8930e0ac91bffff,교육,6
8930e0ac91bffff,부동산,1
8930e0ac91bffff,소매,5
8930e0ac91bffff,수리·개인,1
8930e0ac91bffff,시설관리·임대,4
8930e0ac91bffff,예술·스포츠,1
8930e0ac91bffff,음식,9
8930e0ac923ffff,과학·기술,1
8930e0ac923ffff,교육,3
8930e0ac923ffff,부동산,1
8930e0ac923ffff,소매,1
8930e0ac923ffff,수리·개인,1
8930e0ac923ffff,음식,6
8930e0ac927ffff,과학·기술,28
8930e0ac927ffff,교육,13
8930e0ac927ffff,보건의료,2
8930e0ac927ffff,부동산,1
8930e0ac927ffff,소매,21
8930e0ac927ffff,수리·개인,7
8930e0ac927ffff,숙박,1
8930e0ac927ffff,시설관리·임대,5
8930e0ac927ffff,예술·스포츠,3
8930e0ac927ffff,음식,103
8930e0ac92bffff,소매,12
8930e0ac92bffff,음식,9
8930e0ac92fffff,과학·기술,11
8930e0ac92fffff,교육,8
8930e0ac92fffff,부동산,2
8930e0ac92fffff,소매,7
8930e0ac92fffff,수리·개인,2
8930e0ac92fffff,시설관리·임대,7
8930e0ac92fffff,예술·스포츠,1
8930e0ac92fffff,음식,13
8930e0ac933ffff,과학·기술,41
8930e0ac933ffff,교육,12
8930e0ac933ffff,부동산,4
8930e0ac933ffff,소매,25
8930e0ac933ffff,수리·개인,14
8930e0ac933ffff,시설관리·임대,18
8930e0ac933ffff,예술·스포츠,1
8930e0ac933ffff,음식,2
8930e0ac937ffff,과학·기술,7
8930e0ac937ffff,교육,4
8930e0ac937ffff,부동산,1
8930e0ac937ffff,소매,24
8930e0ac937ffff,수리·개인,13
8930e0ac937ffff,시설관리·임대,11
8930e0ac937ffff,예술·스포츠,1
8930e0ac937ffff,음식,42
8930e0ac93bffff,과학·기술,3
8930e0ac93bffff,교육,1
8930e0ac93bffff,보건의료,13
8930e0ac93bffff,부동산,1
8930e0ac93bffff,소매,19
8930e0ac93bffff,수리·개인,17
8930e0ac93bffff,예술·스포츠,7
8930e0ac93bffff,음식,90
8930e0ac943ffff,과학·기술,29
8930e0ac943ffff,교육,2
8930e0ac943ffff,보건의료,1
8930e0ac943ffff,부동산,6
8930e0ac943ffff,소매,26
8930e0ac943ffff,수리·개인,4
8930e0ac943ffff,시설관리·임대,9
8930e0ac943ffff,예술·스포츠,3
8930e0ac943ffff,음식,10
8930e0ac947ffff,과학·기술,4
8930e0ac947ffff,교육,72
8930e0ac947ffff,보건의료,11
8930e0ac947ffff,부동산,7
8930e0ac947ffff,소매,19
8930e0ac947ffff,수리·개인,22
8930e0ac947ffff,시설관리·임대,9
8930e0ac947ffff,예술·스포츠,10
8930e0ac947ffff,음식,28
8930e0ac94bffff,과학·기술,18
8930e0ac94bffff,교육,4
8930e0ac94bffff,보건의료,1
8930e0ac94bffff,부동산,2
8930e0ac94bffff,소매,12
8930e0ac94bffff,수리·개인,5
8930e0ac94bffff,숙박,1
8930e0ac94bffff,시설관리·임대,4
8930e0ac94bffff,예술·스포츠,1
8930e0ac94bffff,음식,8
8930e0ac94fffff,과학·기술,5
8930e0ac94fffff,교육,2
8930e0ac94fffff,보건의료,8
8930e0ac94fffff,부동산,2
8930e0ac94fffff,소매,11
8930e0ac94fffff,수리·개인,6
8930e0ac94fffff,숙박,4
8930e0ac94fffff,시설관리·임대,4
8930e0ac94fffff,예술·스포츠,13
8930e0ac94fffff,음식,25
8930e0ac953ffff,과학·기술,11
8930e0ac953ffff,교육,10
8930e0ac953ffff,보건의료,11
8930e0ac953ffff,부동산,3
8930e0ac953ffff,소매,19
8930e0ac953ffff,수리·개인,9
8930e0ac953ffff,시설관리·임대,2
8930e0ac953ffff,예술·스포츠,13
8930e0ac953ffff,음식,31
8930e0ac957ffff,과학·기술,4
8930e0ac957ffff,교육,3
8930e0ac957ffff,부동산,3
8930e0ac957ffff,소매,12
8930e0ac957ffff,수리·개인,12
8930e0ac957ffff,시설관리·임대,1
8930e0ac957ffff,예술·스포츠,2
8930e0ac957ffff,음식,12
8930e0ac95bffff,과학·기술,70
8930e0ac95bffff,교육,15
8930e0ac95bffff,부동산,9
8930e0ac95bffff,소매,56
8930e0ac95bffff,수리·개인,22
8930e0ac95bffff,숙박,1
8930e0ac95bffff,시설관리·임대,20
8930e0ac95bffff,예술·스포츠,3
8930e0ac95bffff,음식,31
8930e0ac963ffff,과학·기술,2
8930e0ac963ffff,교육,16
8930e0ac963ffff,보건의료,2
8930e0ac963ffff,부동산,4
8930e0ac963ffff,소매,7
8930e0ac963ffff,수리·개인,7
8930e0ac963ffff,시설관리·임대,1
8930e0ac963ffff,예술·스포츠,2
8930e0ac963ffff,음식,14
8930e0ac967ffff,과학·기술,37
8930e0ac967ffff,교육,19
8930e0ac967ffff,보건의료,15
8930e0ac967ffff,부동산,15
8930e0ac967ffff,소매,438
8930e0ac967ffff,수리·개인,60
8930e0ac967ffff,시설관리·임대,15
8930e0ac967ffff,예술·스포츠,10
8930e0ac967ffff,음식,160
8930e0ac96bffff,과학·기술,14
8930e0ac96bffff,교육,4
8930e0ac96bffff,보건의료,2
8930e0ac96bffff,부동산,5
8930e0ac96bffff,소매,16
8930e0ac96bffff,수리·개인,11
8930e0ac96bffff,시설관리·임대,8
8930e0ac96bffff,예술·스포츠,5
8930e0ac96bffff,음식,35
8930e0ac96fffff,과학·기술,3
8930e0ac96fffff,교육,5
8930e0ac96fffff,보건의료,1
8930e0ac96fffff,부동산,5
8930e0ac96fffff,소매,12
8930e0ac96fffff,수리·개인,2
8930e0ac96fffff,숙박,6
8930e0ac96fffff,시설관리·임대,2
8930e0ac96fffff,예술·스포츠,22
8930e0ac96fffff,음식,53
8930e0ac973ffff,과학·기술,5
8930e0ac973ffff,교육,6
8930e0ac973ffff,보건의료,6
8930e0ac973ffff,부동산,2
8930e0ac973ffff,소매,8
8930e0ac973ffff,수리·개인,14
8930e0ac973ffff,숙박,1
8930e0ac973ffff,시설관리·임대,3
8930e0ac973ffff,예술·스포츠,3
8930e0ac973ffff,음식,40
8930e0ac977ffff,과학·기술,1
8930e0ac977ffff,소매,89
8930e0ac977ffff,시설관리·임대,2
8930e0ac977ffff,음식,23
8930e0ac97bffff,과학·기술,3
8930e0ac97bffff,교육,4
8930e0ac97bffff,보건의료,2
8930e0ac97bffff,부동산,7
8930e0ac97bffff,소매,1
8930e0ac97bffff,수리·개인,7
8930e0ac97bffff,숙박,1
8930e0ac97bffff,시설관리·임대,1
8930e0ac97bffff,예술·스포츠,2
8930e0ac97bffff,음식,8
8930e0ac98bffff,과학·기술,1
8930e0ac98bffff,교육,5
8930e0ac98bffff,부동산,1
8930e0ac98bffff,소매,6
8930e0ac98bffff,수리·개인,2
8930e0ac98bffff,시설관리·임대,1
8930e0ac993ffff,과학·기술,10
8930e0ac993ffff,교육,5
8930e0ac993ffff,부동산,3
8930e0ac993ffff,소매,18
8930e0ac993ffff,수리·개인,15
8930e0ac993ffff,예술·스포츠,6
8930e0ac993ffff,음식,10
8930e0ac99bffff,교육,1
8930e0ac99bffff,소매,1
8930e0ac99bffff,수리·개인,1
8930e0ac9a3ffff,과학·기술,151
8930e0ac9a3ffff,교육,27
8930e0ac9a3ffff,보건의료,4
8930e0ac9a3ffff,부동산,10
8930e0ac9a3ffff,소매,23
8930e0ac9a3ffff,수리·개인,14
8930e0ac9a3ffff,시설관리·임대,23
8930e0ac9a3ffff,예술·스포츠,3
8930e0ac9a3ffff,음식,38
8930e0ac9a7ffff,과학·기술,18
8930e0ac9a7ffff,교육,30
8930e0ac9a7ffff,보건의료,14
8930e0ac9a7ffff,부동산,5
8930e0ac9a7ffff,소매,18
8930e0ac9a7ffff,수리·개인,12
8930e0ac9a7ffff,숙박,1
8930e0ac9a7ffff,시설관리·임대,5
8930e0ac9a7ffff,예술·스포츠,14
8930e0ac9a7ffff,음식,38
8930e0ac9abffff,과학·기술,56
8930e0ac9abffff,교육,8
8930e0ac9abffff,부동산,8
8930e0ac9abffff,소매,16
8930e0ac9abffff,수리·개인,11
8930e0ac9abffff,시설관리·임대,17
8930e0ac9abffff,예술·스포츠,1
8930e0ac9abffff,음식,11
8930e0ac9afffff,과학·기술,54
8930e0ac9afffff,교육,11
8930e0ac9afffff,보건의료,4
8930e0ac9afffff,부동산,3
8930e0ac9afffff,소매,19
8930e0ac9afffff,수리·개인,13
8930e0ac9afffff,숙박,2
8930e0ac9afffff,시설관리·임대,18
8930e0ac9afffff,예술·스포츠,13
8930e0ac9afffff,음식,44
8930e0ac9b3ffff,과학·기술,3
8930e0ac9b3ffff,교육,14
8930e0ac9b3ffff,보건의료,1
8930e0ac9b3ffff,부동산,5
8930e0ac9b3ffff,소매,11
8930e0ac9b3ffff,수리·개인,6
8930e0ac9b3ffff,예술·스포츠,1
8930e0ac9b3ffff,음식,4
8930e0ac9b7ffff,과학·기술,63
8930e0ac9b7ffff,교육,6
8930e0ac9b7ffff,부동산,3
8930e0ac9b7ffff,소매,18
8930e0ac9b7ffff,수리·개인,14
8930e0ac9b7ffff,시설관리·임대,4
8930e0ac9b7ffff,예술·스포츠,1
8930e0ac9b7ffff,음식,20
8930e0ac9bbffff,과학·기술,4
8930e0ac9bbffff,교육,1
8930e0ac9bbffff,부동산,1
8930e0ac9bbffff,소매,3
8930e0ac9bbffff,수리·개인,3
8930e0ac9bbffff,시설관리·임대,1
8930e0ac9bbffff,예술·스포츠,1
8930e0ac9c7ffff,과학·기술,1
8930e0ac9c7ffff,수리·개인,1
8930e0ac9c7ffff,음식,1
8930e0ac9cbffff,수리·개인,3
8930e0ac9cfffff,과학·기술,7
8930e0ac9cfffff,교육,2
8930e0ac9cfffff,부동산,2
8930e0ac9cfffff,소매,7
8930e0ac9cfffff,수리·개인,2
8930e0ac9cfffff,예술·스포츠,4
8930e0ac9cfffff,음식,19
8930e0ac9d3ffff,교육,1
8930e0ac9d3ffff,소매,1
8930e0ac9dbffff,과학·기술,1
8930e0ac9dbffff,소매,4
8930e0ac9dbffff,수리·개인,1
8930e0ac9dbffff,시설관리·임대,3
8930e0ac9dbffff,음식,1
8930e0aca27ffff,음식,1
8930e0aca83ffff,과학·기술,7
8930e0aca83ffff,교육,45
8930e0aca83ffff,보건의료,4
8930e0aca83ffff,부동산,3
8930e0aca83ffff,소매,20
8930e0aca83ffff,수리·개인,27
8930e0aca83ffff,숙박,1
8930e0aca83ffff,시설관리·임대,2
8930e0aca83ffff,예술·스포츠,1
8930e0aca83ffff,음식,34
8930e0aca87ffff,과학·기술,1
8930e0aca87ffff,교육,8
8930e0aca87ffff,부동산,5
8930e0aca87ffff,소매,6
8930e0aca87ffff,수리·개인,6
8930e0aca87ffff,예술·스포츠,1
8930e0aca87ffff,음식,5
8930e0aca8bffff,과학·기술,8
8930e0aca8bffff,교육,4
8930e0aca8bffff,보건의료,7
8930e0aca8bffff,부동산,3
8930e0aca8bffff,소매,29
8930e0aca8bffff,수리·개인,20
8930e0aca8bffff,시설관리·임대,6
8930e0aca8bffff,예술·스포츠,10
8930e0aca8bffff,음식,54
8930e0aca8fffff,교육,3
8930e0aca8fffff,부동산,2
8930e0aca8fffff,소매,2
8930e0aca8fffff,수리·개인,4
8930e0aca8fffff,시설관리·임대,1
8930e0aca8fffff,음식,7
8930e0aca93ffff,과학·기술,3
8930e0aca93ffff,교육,19
8930e0aca93ffff,보건의료,15
8930e0aca93ffff,부동산,5
8930e0aca93ffff,소매,50
8930e0aca93ffff,수리·개인,24
8930e0aca93ffff,숙박,1
8930e0aca93ffff,시설관리·임대,3
8930e0aca93ffff,예술·스포츠,9
8930e0aca93ffff,음식,39
8930e0aca97ffff,과학·기술,7
8930e0aca97ffff,교육,18
8930e0aca97ffff,보건의료,21
8930e0aca97ffff,부동산,6
8930e0aca97ffff,소매,25
8930e0aca97ffff,수리·개인,10
8930e0aca97ffff,예술·스포츠,14
8930e0aca97ffff,음식,54
8930e0aca9bffff,과학·기술,5
8930e0aca9bffff,교육,8
8930e0aca9bffff,보건의료,5
8930e0aca9bffff,부동산,8
8930e0aca9bffff,소매,31
8930e0aca9bffff,수리·개인,21
8930e0aca9bffff,시설관리·임대,3
8930e0aca9bffff,예술·스포츠,5
8930e0aca9bffff,음식,32
8930e0acac3ffff,교육,5
8930e0acac3ffff,부동산,1
8930e0acac3ffff,소매,12
8930e0acac3ffff,수리·개인,9
8930e0acac3ffff,시설관리·임대,2
8930e0acac3ffff,음식,8
8930e0acad3ffff,과학·기술,3
8930e0acad3ffff,교육,9
8930e0acad3ffff,보건의료,2
8930e0acad3ffff,부동산,8
8930e0acad3ffff,소매,13
8930e0acad3ffff,수리·개인,16
8930e0acad3ffff,시설관리·임대,1
8930e0acad3ffff,예술·스포츠,2
8930e0acad3ffff,음식,11
8930e0acad7ffff,과학·기술,9
8930e0acad7ffff,교육,7
8930e0acad7ffff,보건의료,7
8930e0acad7ffff,부동산,3
8930e0acad7ffff,소매,34
8930e0acad7ffff,수리·개인,27
8930e0acad7ffff,시설관리·임대,1
8930e0acad7ffff,예술·스포츠,8
8930e0acad7ffff,음식,54
8930e0acadbffff,과학·기술,3
8930e0acadbffff,교육,3
8930e0acadbffff,부동산,1
8930e0acadbffff,소매,3
8930e0acadbffff,수리·개인,4
8930e0acadbffff,시설관리·임대,2
8930e0acb03ffff,과학·기술,9
8930e0acb03ffff,소매,22
8930e0acb03ffff,수리·개인,10
8930e0acb03ffff,숙박,1
8930e0acb03ffff,시설관리·임대,3
8930e0acb03ffff,예술·스포츠,1
8930e0acb03ffff,음식,2
8930e0acb07ffff,과학·기술,16
8930e0acb07ffff,교육,2
8930e0acb07ffff,보건의료,12
8930e0acb07ffff,소매,33
8930e0acb07ffff,수리·개인,2
8930e0acb07ffff,숙박,1
8930e0acb07ffff,시설관리·임대,5
8930e0acb07ffff,예술·스포츠,4
8930e0acb07ffff,음식,48
8930e0acb0bffff,과학·기술,6
8930e0acb0bffff,부동산,3
8930e0acb0bffff,소매,7
8930e0acb0bffff,수리·개인,3
8930e0acb0bffff,숙박,1
8930e0acb0bffff,시설관리·임대,1
8930e0acb0bffff,음식,4
8930e0acb0fffff,과학·기술,9
8930e0acb0fffff,교육,1
8930e0acb0fffff,보건의료,24
8930e0acb0fffff,부동산,8
8930e0acb0fffff,소매,78
8930e0acb0fffff,수리·개인,23
8930e0acb0fffff,숙박,25
8930e0acb0fffff,시설관리·임대,3
8930e0acb0fffff,예술·스포츠,17
8930e0acb0fffff,음식,84
8930e0acb13ffff,교육,3
8930e0acb13ffff,부동산,3
8930e0acb13ffff,소매,6
8930e0acb13ffff,수리·개인,2
8930e0acb13ffff,음식,3
8930e0acb17ffff,과학·기술,4
8930e0acb17ffff,교육,1
8930e0acb17ffff,보건의료,2
8930e0acb17ffff,부동산,2
8930e0acb17ffff,소매,23
8930e0acb17ffff,수리·개인,7
8930e0acb17ffff,숙박,1
8930e0acb17ffff,시설관리·임대,5
8930e0acb17ffff,예술·스포츠,5
8930e0acb17ffff,음식,14
8930e0acb23ffff,과학·기술,5
8930e0acb23ffff,교육,6
8930e0acb23ffff,부동산,4
8930e0acb23ffff,소매,42
8930e0acb23ffff,수리·개인,29
8930e0acb23ffff,시설관리·임대,8
8930e0acb23ffff,예술·스포츠,9
8930e0acb23ffff,음식,26
8930e0acb27ffff,과학·기술,12
8930e0acb27ffff,교육,7
8930e0acb27ffff,보건의료,2
8930e0acb27ffff,부동산,8
8930e0acb27ffff,소매,39
8930e0acb27ffff,수리·개인,15
8930e0acb27ffff,숙박,2
8930e0acb27ffff,시설관리·임대,9
8930e0acb27ffff,예술·스포츠,14
8930e0acb27ffff,음식,37
8930e0acb2bffff,과학·기술,6
8930e0acb2bffff,교육,5
8930e0acb2bffff,보건의료,7
8930e0acb2bffff,부동산,5
8930e0acb2bffff,소매,52
8930e0acb2bffff,수리·개인,14
8930e0acb2bffff,숙박,8
8930e0acb2bffff,예술·스포츠,10
8930e0acb2bffff,음식,38
8930e0acb2fffff,과학·기술,10
8930e0acb2fffff,교육,14
8930e0acb2fffff,보건의료,23
8930e0acb2fffff,부동산,4
8930e0acb2fffff,소매,56
8930e0acb2fffff,수리·개인,15
8930e0acb2fffff,숙박,6
8930e0acb2fffff,시설관리·임대,4
8930e0acb2fffff,예술·스포츠,26
8930e0acb2fffff,음식,66
8930e0acb33ffff,과학·기술,23
8930e0acb33ffff,교육,5
8930e0acb33ffff,보건의료,3
8930e0acb33ffff,부동산,4
8930e0acb33ffff,소매,19
8930e0acb33ffff,수리·개인,5
8930e0acb33ffff,시설관리·임대,11
8930e0acb33ffff,예술·스포츠,5
8930e0acb33ffff,음식,37
8930e0acb37ffff,과학·기술,41
8930e0acb37ffff,교육,2
8930e0acb37ffff,보건의료,13
8930e0acb37ffff,부동산,4
8930e0acb37ffff,소매,23
8930e0acb37ffff,수리·개인,8
8930e0acb37ffff,시설관리·임대,3
8930e0acb37ffff,예술·스포츠,5
8930e0acb37ffff,음식,70
8930e0acb3bffff,과학·기술,5
8930e0acb3bffff,교육,1
8930e0acb3bffff,보건의료,6
8930e0acb3bffff,부동산,6
8930e0acb3bffff,소매,97
8930e0acb3bffff,수리·개인,16
8930e0acb3bffff,숙박,7
8930e0acb3bffff,시설관리·임대,3
8930e0acb3bffff,예술·스포츠,6
8930e0acb3bffff,음식,51
8930e0acb43ffff,과학·기술,233
8930e0acb43ffff,교육,13
8930e0acb43ffff,보건의료,1
8930e0acb43ffff,부동산,17
8930e0acb43ffff,소매,42
8930e0acb43ffff,수리·개인,8
8930e0acb43ffff,숙박,1
8930e0acb43ffff,시설관리·임대,40
8930e0acb43ffff,예술·스포츠,1
8930e0acb43ffff,음식,41
8930e0acb47ffff,과학·기술,40
8930e0acb47ffff,교육,2
8930e0acb47ffff,부동산,3
8930e0acb47ffff,소매,12
8930e0acb47ffff,수리·개인,3
8930e0acb47ffff,숙박,1
8930e0acb47ffff,시설관리·임대,7
8930e0acb47ffff,음식,11
8930e0acb4bffff,과학·기술,402
8930e0acb4bffff,교육,17
8930e0acb4bffff,부동산,16
8930e0acb4bffff,소매,37
8930e0acb4bffff,수리·개인,5
8930e0acb4bffff,시설관리·임대,33
8930e0acb4bffff,음식,31
8930e0acb4fffff,과학·기술,200
8930e0acb4fffff,교육,19
8930e0acb4fffff,보건의료,7
8930e0acb4fffff,부동산,18
8930e0acb4fffff,소매,34
8930e0acb4fffff,수리·개인,10
8930e0acb4fffff,시설관리·임대,27
8930e0acb4fffff,예술·스포츠,5
8930e0acb4fffff,음식,64
8930e0acb53ffff,과학·기술,1
8930e0acb53ffff,부동산,2
8930e0acb53ffff,소매,3
8930e0acb53ffff,수리·개인,2
8930e0acb53ffff,예술·스포츠,1
8930e0acb53ffff,음식,2
8930e0acb57ffff,과학·기술,1
8930e0acb57ffff,수리·개인,4
8930e0acb5bffff,과학·기술,94
8930e0acb5bffff,교육,3
8930e0acb5bffff,부동산,4
8930e0acb5bffff,소매,14
8930e0acb5bffff,수리·개인,11
8930e0acb5bffff,시설관리·임대,11
8930e0acb5bffff,예술·스포츠,1
8930e0acb5bffff,음식,8
8930e0acb63ffff,과학·기술,8
8930e0acb63ffff,교육,3
8930e0acb63ffff,보건의료,7
8930e0acb63ffff,부동산,9
8930e0acb63ffff,소매,43
8930e0acb63ffff,수리·개인,18
8930e0acb63ffff,숙박,10
8930e0acb63ffff,시설관리·임대,30
8930e0acb63ffff,예술·스포츠,14
8930e0acb63ffff,음식,63
8930e0acb67ffff,과학·기술,5
8930e0acb67ffff,교육,4
8930e0acb67ffff,부동산,4
8930e0acb67ffff,소매,25
8930e0acb67ffff,수리·개인,19
8930e0acb67ffff,숙박,6
8930e0acb67ffff,시설관리·임대,10
8930e0acb67ffff,예술·스포츠,5
8930e0acb67ffff,음식,52
8930e0acb6bffff,과학·기술,101
8930e0acb6bffff,교육,11
8930e0acb6bffff,보건의료,2
8930e0acb6bffff,부동산,10
8930e0acb6bffff,소매,37
8930e0acb6bffff,수리·개인,23
8930e0acb6bffff,숙박,9
8930e0acb6bffff,시설관리·임대,23
8930e0acb6bffff,예술·스포츠,13
8930e0acb6bffff,음식,100
8930e0acb6fffff,과학·기술,6
8930e0acb6fffff,교육,6
8930e0acb6fffff,보건의료,2
8930e0acb6fffff,부동산,4
8930e0acb6fffff,소매,32
8930e0acb6fffff,수리·개인,14
8930e0acb6fffff,숙박,1
8930e0acb6fffff,시설관리·임대,9
8930e0acb6fffff,예술·스포츠,17
8930e0acb6fffff,음식,38
8930e0acb73ffff,과학·기술,4
8930e0acb73ffff,부동산,5
8930e0acb73ffff,소매,33
8930e0acb73ffff,수리·개인,25
8930e0acb73ffff,시설관리·임대,2
8930e0acb73ffff,예술·스포츠,4
8930e0acb73ffff,음식,33
8930e0acb77ffff,과학·기술,6
8930e0acb77ffff,교육,2
8930e0acb77ffff,보건의료,2
8930e0acb77ffff,부동산,4
8930e0acb77ffff,소매,75
8930e0acb77ffff,수리·개인,17
8930e0acb77ffff,숙박,3
8930e0acb77ffff,시설관리·임대,5
8930e0acb77ffff,예술·스포츠,13
8930e0acb77ffff,음식,84
8930e0acb7bffff,과학·기술,9
8930e0acb7bffff,교육,3
8930e0acb7bffff,부동산,4
8930e0acb7bffff,소매,6
8930e0acb7bffff,수리·개인,10
8930e0acb7bffff,숙박,1
8930e0acb7bffff,시설관리·임대,4
8930e0acb7bffff,음식,7
8930e0acb83ffff,교육,5
8930e0acb83ffff,부동산,1
8930e0acb83ffff,소매,4
8930e0acb83ffff,수리·개인,5
8930e0acb83ffff,예술·스포츠,1
8930e0acb83ffff,음식,5
8930e0acb87ffff,교육,1
8930e0acb8bffff,교육,1
8930e0acb8bffff,부동산,1
8930e0acb8bffff,소매,5
8930e0acb8bffff,예술·스포츠,1
8930e0acb8bffff,음식,5
8930e0acb8fffff,교육,1
8930e0acb8fffff,부동산,1
8930e0acb8fffff,소매,2
8930e0acb8fffff,수리·개인,2
8930e0acb8fffff,예술·스포츠,1
8930e0acb97ffff,과학·기술,51
8930e0acb97ffff,교육,2
8930e0acb97ffff,보건의료,2
8930e0acb97ffff,부동산,17
8930e0acb97ffff,소매,79
8930e0acb97ffff,수리·개인,15
8930e0acb97ffff,시설관리·임대,9
8930e0acb97ffff,예술·스포츠,1
8930e0acb97ffff,음식,70
8930e0acb9bffff,교육,8
8930e0acb9bffff,보건의료,1
8930e0acb9bffff,소매,7
8930e0acb9bffff,수리·개인,7
8930e0acb9bffff,시설관리·임대,1
8930e0acb9bffff,예술·스포츠,4
8930e0acb9bffff,음식,18
8930e0acba3ffff,과학·기술,8
8930e0acba3ffff,교육,10
8930e0acba3ffff,보건의료,2
8930e0acba3ffff,부동산,3
8930e0acba3ffff,소매,27
8930e0acba3ffff,수리·개인,19
8930e0acba3ffff,시설관리·임대,4
8930e0acba3ffff,예술·스포츠,7
8930e0acba3ffff,음식,39
8930e0acba7ffff,과학·기술,17
8930e0acba7ffff,교육,3
8930e0acba7ffff,보건의료,2
8930e0acba7ffff,부동산,1
8930e0acba7ffff,소매,17
8930e0acba7ffff,수리·개인,21
8930e0acba7ffff,시설관리·임대,4
8930e0acba7ffff,예술·스포츠,3
8930e0acba7ffff,음식,30
8930e0acbabffff,과학·기술,11
8930e0acbabffff,교육,2
8930e0acbabffff,보건의료,1
8930e0acbabffff,부동산,2
8930e0acbabffff,소매,20
8930e0acbabffff,수리·개인,16
8930e0acbabffff,숙박,1
8930e0acbabffff,시설관리·임대,4
8930e0acbabffff,예술·스포츠,4
8930e0acbabffff,음식,21
8930e0acbafffff,과학·기술,13
8930e0acbafffff,교육,3
8930e0acbafffff,부동산,2
8930e0acbafffff,소매,19
8930e0acbafffff,수리·개인,7
8930e0acbafffff,시설관리·임대,1
8930e0acbafffff,예술·스포츠,1
8930e0acbafffff,음식,18
8930e0acbb3ffff,과학·기술,9
8930e0acbb3ffff,교육,5
8930e0acbb3ffff,보건의료,7
8930e0acbb3ffff,부동산,2
8930e0acbb3ffff,소매,114
8930e0acbb3ffff,수리·개인,12
8930e0acbb3ffff,숙박,1
8930e0acbb3ffff,시설관리·임대,4
8930e0acbb3ffff,예술·스포츠,2
8930e0acbb3ffff,음식,51
8930e0acbb7ffff,과학·기술,11
8930e0acbb7ffff,교육,7
8930e0acbb7ffff,보건의료,4
8930e0acbb7ffff,부동산,8
8930e0acbb7ffff,소매,15
8930e0acbb7ffff,수리·개인,8
8930e0acbb7ffff,숙박,2
8930e0acbb7ffff,시설관리·임대,8
8930e0acbb7ffff,예술·스포츠,10
8930e0acbb7ffff,음식,38
8930e0acbbbffff,과학·기술,4
8930e0acbbbffff,교육,4
8930e0acbbbffff,보건의료,1
8930e0acbbbffff,부동산,7
8930e0acbbbffff,소매,11
8930e0acbbbffff,수리·개인,12
8930e0acbbbffff,숙박,4
8930e0acbbbffff,예술·스포츠,4
8930e0acbbbffff,음식,22
8930e0acbc7ffff,교육,16
8930e0acbc7ffff,보건의료,2
8930e0acbc7ffff,부동산,3
8930e0acbc7ffff,소매,14
8930e0acbc7ffff,수리·개인,10
8930e0acbc7ffff,예술·스포츠,3
8930e0acbc7ffff,음식,17
8930e0acbcbffff,시설관리·임대,1
8930e0acbcfffff,과학·기술,1
8930e0acbcfffff,부동산,2
8930e0acbcfffff,소매,2
8930e0acbcfffff,수리·개인,1
8930e0acbcfffff,음식,6
8930e0acbd7ffff,과학·기술,7
8930e0acbd7ffff,교육,2
8930e0acbd7ffff,부동산,1
8930e0acbd7ffff,소매,2
8930e0acbd7ffff,수리·개인,2
8930e0acbd7ffff,시설관리·임대,2
8930e0acbd7ffff,예술·스포츠,1
8930e0acbd7ffff,음식,1
8930e0acc03ffff,과학·기술,1
8930e0acc03ffff,수리·개인,1
8930e0acc07ffff,과학·기술,4
8930e0acc07ffff,교육,2
8930e0acc07ffff,보건의료,2
8930e0acc07ffff,부동산,2
8930e0acc07ffff,소매,11
8930e0acc07ffff,수리·개인,4
8930e0acc07ffff,시설관리·임대,3
8930e0acc07ffff,음식,7
8930e0acc13ffff,과학·기술,1
8930e0acc13ffff,교육,5
8930e0acc13ffff,보건의료,2
8930e0acc13ffff,부동산,8
8930e0acc13ffff,소매,17
8930e0acc13ffff,수리·개인,8
8930e0acc13ffff,음식,19
8930e0acc17ffff,과학·기술,3
8930e0acc17ffff,교육,7
8930e0acc17ffff,부동산,11
8930e0acc17ffff,소매,5
8930e0acc17ffff,수리·개인,6
8930e0acc17ffff,음식,4
8930e0acc23ffff,과학·기술,13
8930e0acc23ffff,교육,23
8930e0acc23ffff,보건의료,2
8930e0acc23ffff,부동산,1
8930e0acc23ffff,소매,16
8930e0acc23ffff,수리·개인,10
8930e0acc23ffff,시설관리·임대,3
8930e0acc23ffff,예술·스포츠,7
8930e0acc23ffff,음식,12
8930e0acc2bffff,과학·기술,3
8930e0acc2bffff,교육,15
8930e0acc2bffff,보건의료,8
8930e0acc2bffff,부동산,10
8930e0acc2bffff,소매,10
8930e0acc2bffff,수리·개인,11
8930e0acc2bffff,시설관리·임대,1
8930e0acc2bffff,예술·스포츠,8
8930e0acc2bffff,음식,12
8930e0acc2fffff,과학·기술,2
8930e0acc2fffff,교육,17
8930e0acc2fffff,부동산,9
8930e0acc2fffff,소매,8
8930e0acc2fffff,수리·개인,5
8930e0acc2fffff,음식,5
8930e0acc33ffff,과학·기술,9
8930e0acc33ffff,교육,12
8930e0acc33ffff,보건의료,14
8930e0acc33ffff,부동산,10
8930e0acc33ffff,소매,28
8930e0acc33ffff,수리·개인,14
8930e0acc33ffff,숙박,2
8930e0acc33ffff,시설관리·임대,3
8930e0acc33ffff,예술·스포츠,10
8930e0acc33ffff,음식,32
8930e0acc37ffff,과학·기술,2
8930e0acc37ffff,교육,1
8930e0acc37ffff,부동산,3
8930e0acc37ffff,소매,9
8930e0acc37ffff,수리·개인,9
8930e0acc37ffff,숙박,3
8930e0acc37ffff,시설관리·임대,1
8930e0acc37ffff,예술·스포츠,5
8930e0acc37ffff,음식,35
8930e0acc3bffff,과학·기술,1
8930e0acc3bffff,부동산,1
8930e0acc3bffff,수리·개인,1
8930e0acc3bffff,숙박,1
8930e0acc43ffff,과학·기술,4
8930e0acc43ffff,교육,3
8930e0acc43ffff,보건의료,1
8930e0acc43ffff,부동산,6
8930e0acc43ffff,소매,7
8930e0acc43ffff,수리·개인,6
8930e0acc43ffff,시설관리·임대,1
8930e0acc43ffff,음식,3
8930e0acc47ffff,과학·기술,1
8930e0acc4bffff,과학·기술,1
8930e0acc4bffff,교육,1
8930e0acc4bffff,소매,2
8930e0acc4bffff,수리·개인,2
8930e0acc4fffff,과학·기술,3
8930e0acc4fffff,교육,5
8930e0acc4fffff,보건의료,1
8930e0acc4fffff,소매,19
8930e0acc4fffff,수리·개인,11
8930e0acc4fffff,시설관리·임대,1
8930e0acc4fffff,예술·스포츠,4
8930e0acc4fffff,음식,16
8930e0acc53ffff,교육,1
8930e0acc53ffff,보건의료,2
8930e0acc53ffff,소매,4
8930e0acc53ffff,수리·개인,4
8930e0acc53ffff,시설관리·임대,2
8930e0acc53ffff,예술·스포츠,3
8930e0acc53ffff,음식,2
8930e0acc57ffff,과학·기술,1
8930e0acc57ffff,교육,3
8930e0acc57ffff,보건의료,1
8930e0acc57ffff,부동산,1
8930e0acc57ffff,소매,5
8930e0acc57ffff,수리·개인,1
8930e0acc57ffff,예술·스포츠,2
8930e0acc57ffff,음식,3
8930e0acc5bffff,수리·개인,1
8930e0acc63ffff,부동산,1
8930e0acc63ffff,소매,1
8930e0acc63ffff,수리·개인,1
8930e0acc67ffff,과학·기술,1
8930e0acc67ffff,소매,1
8930e0acc67ffff,예술·스포츠,1
8930e0acc6bffff,과학·기술,1
8930e0acc6bffff,교육,2
8930e0acc6bffff,음식,2
8930e0acc6fffff,과학·기술,4
8930e0acc6fffff,교육,8
8930e0acc6fffff,보건의료,1
8930e0acc6fffff,부동산,3
8930e0acc6fffff,소매,8
8930e0acc6fffff,수리·개인,13
8930e0acc6fffff,음식,12
8930e0acc73ffff,소매,1
8930e0acc73ffff,음식,1
8930e0acc77ffff,과학·기술,3
8930e0acc77ffff,교육,5
8930e0acc77ffff,부동산,1
8930e0acc77ffff,소매,5
8930e0acc77ffff,수리·개인,2
8930e0acc77ffff,시설관리·임대,2
8930e0acc77ffff,음식,2
8930e0acc7bffff,과학·기술,1
8930e0acc7bffff,소매,3
8930e0acc7bffff,수리·개인,2
8930e0acc7bffff,음식,1
8930e0acc83ffff,과학·기술,6
8930e0acc83ffff,교육,25
8930e0acc83ffff,보건의료,6
8930e0acc83ffff,부동산,6
8930e0acc83ffff,소매,30
8930e0acc83ffff,수리·개인,24
8930e0acc83ffff,숙박,1
8930e0acc83ffff,시설관리·임대,3
8930e0acc83ffff,예술·스포츠,11
8930e0acc83ffff,음식,45
8930e0acc87ffff,과학·기술,3
8930e0acc87ffff,교육,21
8930e0acc87ffff,보건의료,5
8930e0acc87ffff,부동산,7
8930e0acc87ffff,소매,19
8930e0acc87ffff,수리·개인,20
8930e0acc87ffff,숙박,1
8930e0acc87ffff,시설관리·임대,5
8930e0acc87ffff,예술·스포츠,5
8930e0acc87ffff,음식,23
8930e0acc8bffff,과학·기술,8
8930e0acc8bffff,교육,8
8930e0acc8bffff,보건의료,13
8930e0acc8bffff,부동산,6
8930e0acc8bffff,소매,39
8930e0acc8bffff,수리·개인,16
8930e0acc8bffff,시설관리·임대,3
8930e0acc8bffff,예술·스포츠,14
8930e0acc8bffff,음식,62
8930e0acc8fffff,과학·기술,8
8930e0acc8fffff,보건의료,2
8930e0acc8fffff,부동산,4
8930e0acc8fffff,소매,19
8930e0acc8fffff,수리·개인,15
8930e0acc8fffff,숙박,2
8930e0acc8fffff,시설관리·임대,4
8930e0acc8fffff,예술·스포츠,5
8930e0acc8fffff,음식,39
8930e0acc93ffff,과학·기술,3
8930e0acc93ffff,교육,9
8930e0acc93ffff,부동산,3
8930e0acc93ffff,소매,17
8930e0acc93ffff,수리·개인,11
8930e0acc93ffff,예술·스포츠,1
8930e0acc93ffff,음식,5
8930e0acc97ffff,과학·기술,5
8930e0acc97ffff,교육,18
8930e0acc97ffff,보건의료,8
8930e0acc97ffff,부동산,6
8930e0acc97ffff,소매,48
8930e0acc97ffff,수리·개인,14
8930e0acc97ffff,시설관리·임대,5
8930e0acc97ffff,예술·스포츠,8
8930e0acc97ffff,음식,53
8930e0acc9bffff,과학·기술,4
8930e0acc9bffff,교육,7
8930e0acc9bffff,보건의료,1
8930e0acc9bffff,부동산,2
8930e0acc9bffff,소매,12
8930e0acc9bffff,수리·개인,11
8930e0acc9bffff,예술·스포츠,3
8930e0acc9bffff,음식,22
8930e0acca3ffff,과학·기술,5
8930e0acca3ffff,교육,4
8930e0acca3ffff,보건의료,2
8930e0acca3ffff,부동산,7
8930e0acca3ffff,소매,13
8930e0acca3ffff,수리·개인,10
8930e0acca3ffff,시설관리·임대,6
8930e0acca3ffff,예술·스포츠,2
8930e0acca3ffff,음식,6
8930e0acca7ffff,과학·기술,27
8930e0acca7ffff,교육,11
8930e0acca7ffff,보건의료,3
8930e0acca7ffff,부동산,14
8930e0acca7ffff,소매,20
8930e0acca7ffff,수리·개인,27
8930e0acca7ffff,숙박,3
8930e0acca7ffff,시설관리·임대,27
8930e0acca7ffff,예술·스포츠,7
8930e0acca7ffff,음식,41
8930e0accabffff,과학·기술,1
8930e0accabffff,교육,6
8930e0accabffff,보건의료,1
8930e0accabffff,부동산,6
8930e0accabffff,소매,8
8930e0accabffff,수리·개인,7
8930e0accabffff,시설관리·임대,2
8930e0accabffff,음식,2
8930e0accafffff,과학·기술,13
8930e0accafffff,교육,10
8930e0accafffff,보건의료,47
8930e0accafffff,부동산,22
8930e0accafffff,소매,58
8930e0accafffff,수리·개인,26
8930e0accafffff,숙박,3
8930e0accafffff,시설관리·임대,7
8930e0accafffff,예술·스포츠,30
8930e0accafffff,음식,109
8930e0accb3ffff,과학·기술,3
8930e0accb3ffff,교육,5
8930e0accb3ffff,부동산,2
8930e0accb3ffff,소매,7
8930e0accb3ffff,수리·개인,3
8930e0accb3ffff,시설관리·임대,2
8930e0accb3ffff,음식,1
8930e0accb7ffff,과학·기술,5
8930e0accb7ffff,교육,4
8930e0accb7ffff,부동산,1
8930e0accb7ffff,소매,11
8930e0accb7ffff,수리·개인,13
8930e0accb7ffff,숙박,2
8930e0accb7ffff,시설관리·임대,6
8930e0accb7ffff,음식,5
8930e0accbbffff,교육,3
8930e0accbbffff,보건의료,1
8930e0accbbffff,부동산,2
8930e0accbbffff,소매,9
8930e0accbbffff,수리·개인,7
8930e0accbbffff,숙박,1
8930e0accbbffff,시설관리·임대,6
8930e0accbbffff,예술·스포츠,2
8930e0accbbffff,음식,4
8930e0accc3ffff,과학·기술,4
8930e0accc3ffff,교육,4
8930e0accc3ffff,보건의료,1
8930e0accc3ffff,부동산,1
8930e0accc3ffff,소매,5
8930e0accc3ffff,수리·개인,7
8930e0accc3ffff,시설관리·임대,4
8930e0accc3ffff,예술·스포츠,5
8930e0accc3ffff,음식,11
8930e0accc7ffff,과학·기술,4
8930e0accc7ffff,교육,22
8930e0accc7ffff,보건의료,13
8930e0accc7ffff,부동산,17
8930e0accc7ffff,소매,41
8930e0accc7ffff,수리·개인,19
8930e0accc7ffff,시설관리·임대,2
8930e0accc7ffff,예술·스포츠,15
8930e0accc7ffff,음식,54
8930e0acccbffff,과학·기술,3
8930e0acccbffff,교육,36
8930e0acccbffff,보건의료,6
8930e0acccbffff,부동산,8
8930e0acccbffff,소매,16
8930e0acccbffff,수리·개인,11
8930e0acccbffff,시설관리·임대,1
8930e0acccbffff,예술·스포츠,3
8930e0acccbffff,음식,14
8930e0acccfffff,교육,9
8930e0acccfffff,소매,5
8930e0acccfffff,수리·개인,2
8930e0acccfffff,예술·스포츠,2
8930e0acccfffff,음식,2
8930e0accd3ffff,교육,5
8930e0accd3ffff,부동산,3
8930e0accd3ffff,소매,10
8930e0accd3ffff,수리·개인,8
8930e0accd3ffff,예술·스포츠,1
8930e0accd3ffff,음식,13
8930e0accd7ffff,과학·기술,7
8930e0accd7ffff,교육,1
8930e0accd7ffff,보건의료,2
8930e0accd7ffff,부동산,3
8930e0accd7ffff,소매,12
8930e0accd7ffff,수리·개인,11
8930e0accd7ffff,시설관리·임대,4
8930e0accd7ffff,예술·스포츠,6
8930e0accd7ffff,음식,10
8930e0accdbffff,과학·기술,1
8930e0accdbffff,소매,1
8930e0accdbffff,수리·개인,2
8930e0accdbffff,시설관리·임대,1
8930e0accdbffff,음식,2
8930e0acd03ffff,과학·기술,32
8930e0acd03ffff,교육,26
8930e0acd03ffff,보건의료,5
8930e0acd03ffff,소매,22
8930e0acd03ffff,수리·개인,4
8930e0acd03ffff,시설관리·임대,4
8930e0acd03ffff,예술·스포츠,7
8930e0acd03ffff,음식,37
8930e0acd07ffff,과학·기술,4
8930e0acd07ffff,교육,47
8930e0acd07ffff,보건의료,7
8930e0acd07ffff,부동산,2
8930e0acd07ffff,소매,18
8930e0acd07ffff,수리·개인,15
8930e0acd07ffff,시설관리·임대,1
8930e0acd07ffff,예술·스포츠,8
8930e0acd07ffff,음식,26
8930e0acd0bffff,음식,1
8930e0acd0fffff,과학·기술,13
8930e0acd0fffff,교육,54
8930e0acd0fffff,보건의료,2
8930e0acd0fffff,부동산,8
8930e0acd0fffff,소매,11
8930e0acd0fffff,수리·개인,8
8930e0acd0fffff,예술·스포츠,5
8930e0acd0fffff,음식,19
8930e0acd13ffff,과학·기술,37
8930e0acd13ffff,교육,42
8930e0acd13ffff,보건의료,28
8930e0acd13ffff,부동산,14
8930e0acd13ffff,소매,62
8930e0acd13ffff,수리·개인,42
8930e0acd13ffff,숙박,3
8930e0acd13ffff,시설관리·임대,17
8930e0acd13ffff,예술·스포츠,27
8930e0acd13ffff,음식,87
8930e0acd17ffff,과학·기술,1
8930e0acd17ffff,교육,6
8930e0acd17ffff,소매,4
8930e0acd17ffff,예술·스포츠,1
8930e0acd17ffff,음식,5
8930e0acd1bffff,과학·기술,194
8930e0acd1bffff,교육,27
8930e0acd1bffff,보건의료,1
8930e0acd1bffff,부동산,10
8930e0acd1bffff,소매,24
8930e0acd1bffff,수리·개인,13
8930e0acd1bffff,숙박,4
8930e0acd1bffff,시설관리·임대,10
8930e0acd1bffff,예술·스포츠,2
8930e0acd1bffff,음식,46
8930e0acd23ffff,과학·기술,13
8930e0acd23ffff,교육,70
8930e0acd23ffff,보건의료,21
8930e0acd23ffff,부동산,17
8930e0acd23ffff,소매,35
8930e0acd23ffff,수리·개인,33
8930e0acd23ffff,숙박,2
8930e0acd23ffff,시설관리·임대,8
8930e0acd23ffff,예술·스포츠,18
8930e0acd23ffff,음식,90
8930e0acd27ffff,과학·기술,12
8930e0acd27ffff,교육,14
8930e0acd27ffff,보건의료,31
8930e0acd27ffff,부동산,3
8930e0acd27ffff,소매,39
8930e0acd27ffff,수리·개인,24
8930e0acd27ffff,숙박,1
8930e0acd27ffff,시설관리·임대,5
8930e0acd27ffff,예술·스포츠,18
8930e0acd27ffff,음식,62
8930e0acd2bffff,과학·기술,16
8930e0acd2bffff,교육,48
8930e0acd2bffff,보건의료,1
8930e0acd2bffff,부동산,7
8930e0acd2bffff,소매,23
8930e0acd2bffff,수리·개인,23
8930e0acd2bffff,숙박,2
8930e0acd2bffff,시설관리·임대,6
8930e0acd2bffff,예술·스포츠,11
8930e0acd2bffff,음식,38
8930e0acd2fffff,과학·기술,15
8930e0acd2fffff,교육,29
8930e0acd2fffff,보건의료,29
8930e0acd2fffff,부동산,10
8930e0acd2fffff,소매,68
8930e0acd2fffff,수리·개인,39
8930e0acd2fffff,숙박,2
8930e0acd2fffff,시설관리·임대,2
8930e0acd2fffff,예술·스포츠,16
8930e0acd2fffff,음식,79
8930e0acd33ffff,과학·기술,7
8930e0acd33ffff,교육,36
8930e0acd33ffff,보건의료,17
8930e0acd33ffff,부동산,3
8930e0acd33ffff,소매,19
8930e0acd33ffff,수리·개인,14
8930e0acd33ffff,시설관리·임대,4
8930e0acd33ffff,예술·스포츠,7
8930e0acd33ffff,음식,51
8930e0acd37ffff,교육,1
8930e0acd37ffff,보건의료,2
8930e0acd37ffff,소매,194
8930e0acd37ffff,수리·개인,7
8930e0acd37ffff,시설관리·임대,1
8930e0acd37ffff,예술·스포츠,4
8930e0acd37ffff,음식,42
8930e0acd3bffff,과학·기술,2
8930e0acd3bffff,교육,17
8930e0acd3bffff,부동산,2
8930e0acd3bffff,소매,10
8930e0acd3bffff,수리·개인,11
8930e0acd3bffff,시설관리·임대,3
8930e0acd3bffff,예술·스포츠,1
8930e0acd3bffff,음식,15
8930e0acd43ffff,과학·기술,1
8930e0acd43ffff,교육,76
8930e0acd43ffff,보건의료,16
8930e0acd43ffff,소매,18
8930e0acd43ffff,수리·개인,8
8930e0acd43ffff,예술·스포츠,14
8930e0acd43ffff,음식,52
8930e0acd47ffff,과학·기술,4
8930e0acd47ffff,교육,109
8930e0acd47ffff,보건의료,4
8930e0acd47ffff,소매,11
8930e0acd47ffff,예술·스포츠,7
8930e0acd47ffff,음식,22
8930e0acd4bffff,교육,13
8930e0acd4bffff,보건의료,4
8930e0acd4bffff,부동산,1
8930e0acd4bffff,소매,1
8930e0acd4bffff,수리·개인,2
8930e0acd4bffff,예술·스포츠,3
8930e0acd4bffff,음식,3
8930e0acd4fffff,과학·기술,2
8930e0acd4fffff,교육,16
8930e0acd4fffff,부동산,12
8930e0acd4fffff,소매,7
8930e0acd4fffff,수리·개인,10
8930e0acd4fffff,예술·스포츠,1
8930e0acd4fffff,음식,4
8930e0acd53ffff,과학·기술,3
8930e0acd53ffff,교육,14
8930e0acd53ffff,보건의료,2
8930e0acd53ffff,부동산,2
8930e0acd53ffff,소매,7
8930e0acd53ffff,수리·개인,9
8930e0acd53ffff,예술·스포츠,3
8930e0acd53ffff,음식,4
8930e0acd57ffff,과학·기술,2
8930e0acd57ffff,교육,23
8930e0acd57ffff,부동산,11
8930e0acd57ffff,소매,5
8930e0acd57ffff,수리·개인,5
8930e0acd57ffff,예술·스포츠,1
8930e0acd57ffff,음식,4
8930e0acd5bffff,과학·기술,3
8930e0acd5bffff,교육,19
8930e0acd5bffff,보건의료,3
8930e0acd5bffff,부동산,1
8930e0acd5bffff,소매,11
8930e0acd5bffff,수리·개인,4
8930e0acd5bffff,예술·스포츠,4
8930e0acd5bffff,음식,22
8930e0acd63ffff,과학·기술,3
8930e0acd63ffff,교육,30
8930e0acd63ffff,보건의료,6
8930e0acd63ffff,부동산,3
8930e0acd63ffff,소매,18
8930e0acd63ffff,수리·개인,5
8930e0acd63ffff,시설관리·임대,1
8930e0acd63ffff,예술·스포츠,4
8930e0acd63ffff,음식,21
8930e0acd67ffff,과학·기술,11
8930e0acd67ffff,교육,61
8930e0acd67ffff,보건의료,7
8930e0acd67ffff,부동산,10
8930e0acd67ffff,소매,22
8930e0acd67ffff,수리·개인,24
8930e0acd67ffff,시설관리·임대,1
8930e0acd67ffff,예술·스포츠,13
8930e0acd67ffff,음식,37
8930e0acd6bffff,과학·기술,1
8930e0acd6bffff,교육,23
8930e0acd6bffff,부동산,14
8930e0acd6bffff,소매,5
8930e0acd6bffff,수리·개인,7
8930e0acd6bffff,시설관리·임대,1
8930e0acd6bffff,음식,9
8930e0acd6fffff,교육,14
8930e0acd6fffff,보건의료,1
8930e0acd6fffff,부동산,1
8930e0acd6fffff,소매,11
8930e0acd6fffff,수리·개인,4
8930e0acd6fffff,예술·스포츠,3
8930e0acd6fffff,음식,7
8930e0acd73ffff,과학·기술,1
8930e0acd73ffff,소매,3
8930e0acd73ffff,음식,1
8930e0acd77ffff,과학·기술,31
8930e0acd77ffff,교육,19
8930e0acd77ffff,보건의료,5
8930e0acd77ffff,소매,7
8930e0acd77ffff,수리·개인,11
8930e0acd77ffff,시설관리·임대,2
8930e0acd77ffff,예술·스포츠,6
8930e0acd77ffff,음식,19
8930e0acd7bffff,교육,1
8930e0acd83ffff,과학·기술,3
8930e0acd83ffff,교육,1
8930e0acd83ffff,보건의료,1
8930e0acd83ffff,부동산,1
8930e0acd83ffff,소매,13
8930e0acd83ffff,수리·개인,10
8930e0acd83ffff,숙박,2
8930e0acd83ffff,시설관리·임대,4
8930e0acd83ffff,예술·스포츠,1
8930e0acd83ffff,음식,2
8930e0acd87ffff,과학·기술,10
8930e0acd87ffff,교육,16
8930e0acd87ffff,보건의료,11
8930e0acd87ffff,소매,37
8930e0acd87ffff,수리·개인,10
8930e0acd87ffff,숙박,2
8930e0acd87ffff,시설관리·임대,3
8930e0acd87ffff,예술·스포츠,20
8930e0acd87ffff,음식,61
8930e0acd8bffff,과학·기술,40
8930e0acd8bffff,교육,16
8930e0acd8bffff,보건의료,7
8930e0acd8bffff,부동산,7
8930e0acd8bffff,소매,49
8930e0acd8bffff,수리·개인,30
8930e0acd8bffff,숙박,7
8930e0acd8bffff,시설관리·임대,11
8930e0acd8bffff,예술·스포츠,23
8930e0acd8bffff,음식,84
8930e0acd8fffff,과학·기술,8
8930e0acd8fffff,교육,18
8930e0acd8fffff,보건의료,31
8930e0acd8fffff,부동산,4
8930e0acd8fffff,소매,51
8930e0acd8fffff,수리·개인,30
8930e0acd8fffff,숙박,2
8930e0acd8fffff,시설관리·임대,10
8930e0acd8fffff,예술·스포츠,16
8930e0acd8fffff,음식,57
8930e0acd93ffff,과학·기술,9
8930e0acd93ffff,교육,6
8930e0acd93ffff,보건의료,9
8930e0acd93ffff,부동산,7
8930e0acd93ffff,소매,64
8930e0acd93ffff,수리·개인,17
8930e0acd93ffff,숙박,1
8930e0acd93ffff,시설관리·임대,6
8930e0acd93ffff,예술·스포츠,13
8930e0acd93ffff,음식,66
8930e0acd97ffff,과학·기술,14
8930e0acd97ffff,교육,9
8930e0acd97ffff,보건의료,5
8930e0acd97ffff,부동산,9
8930e0acd97ffff,소매,89
8930e0acd97ffff,수리·개인,24
8930e0acd97ffff,숙박,4
8930e0acd97ffff,시설관리·임대,2
8930e0acd97ffff,예술·스포츠,9
8930e0acd97ffff,음식,79
8930e0acd9bffff,과학·기술,6
8930e0acd9bffff,교육,1
8930e0acd9bffff,부동산,1
8930e0acd9bffff,소매,12
8930e0acd9bffff,수리·개인,11
8930e0acd9bffff,숙박,1
8930e0acd9bffff,시설관리·임대,1
8930e0acd9bffff,예술·스포츠,1
8930e0acd9bffff,음식,6
8930e0acda3ffff,과학·기술,1
8930e0acda3ffff,음식,1
8930e0acda7ffff,과학·기술,5
8930e0acda7ffff,교육,6
8930e0acda7ffff,부동산,3
8930e0acda7ffff,소매,8
8930e0acda7ffff,수리·개인,3
8930e0acda7ffff,음식,5
8930e0acdabffff,과학·기술,1
8930e0acdabffff,교육,1
8930e0acdabffff,부동산,2
8930e0acdabffff,수리·개인,1
8930e0acdabffff,음식,1
8930e0acdafffff,과학·기술,36
8930e0acdafffff,교육,81
8930e0acdafffff,보건의료,8
8930e0acdafffff,부동산,7
8930e0acdafffff,소매,22
8930e0acdafffff,수리·개인,18
8930e0acdafffff,시설관리·임대,12
8930e0acdafffff,예술·스포츠,8
8930e0acdafffff,음식,53
8930e0acdb3ffff,과학·기술,12
8930e0acdb3ffff,교육,7
8930e0acdb3ffff,보건의료,1
8930e0acdb3ffff,부동산,9
8930e0acdb3ffff,소매,24
8930e0acdb3ffff,수리·개인,21
8930e0acdb3ffff,숙박,1
8930e0acdb3ffff,시설관리·임대,3
8930e0acdb3ffff,예술·스포츠,7
8930e0acdb3ffff,음식,29
8930e0acdb7ffff,과학·기술,3
8930e0acdb7ffff,교육,20
8930e0acdb7ffff,보건의료,5
8930e0acdb7ffff,부동산,4
8930e0acdb7ffff,소매,14
8930e0acdb7ffff,수리·개인,10
8930e0acdb7ffff,숙박,1
8930e0acdb7ffff,시설관리·임대,2
8930e0acdb7ffff,예술·스포츠,5
8930e0acdb7ffff,음식,28
8930e0acdbbffff,과학·기술,1
8930e0acdbbffff,교육,6
8930e0acdbbffff,부동산,10
8930e0acdbbffff,소매,3
8930e0acdbbffff,수리·개인,2
8930e0acdbbffff,예술·스포츠,3
8930e0acdbbffff,음식,6
8930e0acdc3ffff,과학·기술,12
8930e0acdc3ffff,교육,4
8930e0acdc3ffff,보건의료,6
8930e0acdc3ffff,부동산,12
8930e0acdc3ffff,소매,21
8930e0acdc3ffff,수리·개인,26
8930e0acdc3ffff,숙박,1
8930e0acdc3ffff,시설관리·임대,1
8930e0acdc3ffff,예술·스포츠,1
8930e0acdc3ffff,음식,27
8930e0acdc7ffff,과학·기술,12
8930e0acdc7ffff,교육,33
8930e0acdc7ffff,부동산,4
8930e0acdc7ffff,소매,24
8930e0acdc7ffff,수리·개인,18
8930e0acdc7ffff,숙박,3
8930e0acdc7ffff,시설관리·임대,1
8930e0acdc7ffff,예술·스포츠,2
8930e0acdc7ffff,음식,22
8930e0acdcbffff,과학·기술,10
8930e0acdcbffff,교육,2
8930e0acdcbffff,보건의료,3
8930e0acdcbffff,부동산,9
8930e0acdcbffff,소매,26
8930e0acdcbffff,수리·개인,23
8930e0acdcbffff,숙박,2
8930e0acdcbffff,시설관리·임대,1
8930e0acdcbffff,예술·스포츠,5
8930e0acdcbffff,음식,26
8930e0acdcfffff,과학·기술,40
8930e0acdcfffff,교육,46
8930e0acdcfffff,보건의료,10
8930e0acdcfffff,부동산,9
8930e0acdcfffff,소매,40
8930e0acdcfffff,수리·개인,30
8930e0acdcfffff,숙박,4
8930e0acdcfffff,시설관리·임대,7
8930e0acdcfffff,예술·스포츠,25
8930e0acdcfffff,음식,83
8930e0acdd3ffff,과학·기술,13
8930e0acdd3ffff,교육,7
8930e0acdd3ffff,보건의료,4
8930e0acdd3ffff,부동산,5
8930e0acdd3ffff,소매,17
8930e0acdd3ffff,수리·개인,15
8930e0acdd3ffff,숙박,4
8930e0acdd3ffff,시설관리·임대,3
8930e0acdd3ffff,예술·스포츠,8
8930e0acdd3ffff,음식,21
8930e0acdd7ffff,과학·기술,11
8930e0acdd7ffff,교육,17
8930e0acdd7ffff,보건의료,4
8930e0acdd7ffff,부동산,6
8930e0acdd7ffff,소매,29
8930e0acdd7ffff,수리·개인,19
8930e0acdd7ffff,숙박,5
8930e0acdd7ffff,시설관리·임대,11
8930e0acdd7ffff,예술·스포츠,5
8930e0acdd7ffff,음식,47
8930e0acddbffff,과학·기술,6
8930e0acddbffff,교육,16
8930e0acddbffff,보건의료,12
8930e0acddbffff,부동산,12
8930e0acddbffff,소매,63
8930e0acddbffff,수리·개인,35
8930e0acddbffff,숙박,3
8930e0acddbffff,시설관리·임대,4
8930e0acddbffff,예술·스포츠,17
8930e0acddbffff,음식,66
8930e0ace03ffff,과학·기술,26
8930e0ace03ffff,교육,6
8930e0ace03ffff,보건의료,22
8930e0ace03ffff,부동산,10
8930e0ace03ffff,소매,48
8930e0ace03ffff,수리·개인,16
8930e0ace03ffff,숙박,14
8930e0ace03ffff,시설관리·임대,14
8930e0ace03ffff,예술·스포츠,11
8930e0ace03ffff,음식,76
8930e0ace07ffff,과학·기술,12
8930e0ace07ffff,교육,4
8930e0ace07ffff,부동산,7
8930e0ace07ffff,소매,11
8930e0ace07ffff,수리·개인,6
8930e0ace07ffff,숙박,1
8930e0ace07ffff,시설관리·임대,5
8930e0ace07ffff,예술·스포츠,3
8930e0ace07ffff,음식,11
8930e0ace0bffff,과학·기술,11
8930e0ace0bffff,교육,7
8930e0ace0bffff,보건의료,4
8930e0ace0bffff,부동산,9
8930e0ace0bffff,소매,36
8930e0ace0bffff,수리·개인,22
8930e0ace0bffff,숙박,1
8930e0ace0bffff,시설관리·임대,1
8930e0ace0bffff,예술·스포츠,4
8930e0ace0bffff,음식,39
8930e0ace0fffff,과학·기술,1
8930e0ace0fffff,부동산,1
8930e0ace0fffff,소매,7
8930e0ace0fffff,수리·개인,5
8930e0ace0fffff,숙박,2
8930e0ace0fffff,음식,17
8930e0ace13ffff,과학·기술,2
8930e0ace13ffff,교육,12
8930e0ace13ffff,부동산,4
8930e0ace13ffff,소매,24
8930e0ace13ffff,수리·개인,16
8930e0ace13ffff,시설관리·임대,1
8930e0ace13ffff,예술·스포츠,1
8930e0ace13ffff,음식,27
8930e0ace17ffff,과학·기술,7
8930e0ace17ffff,교육,1
8930e0ace17ffff,소매,5
8930e0ace17ffff,수리·개인,3
8930e0ace17ffff,숙박,2
8930e0ace17ffff,시설관리·임대,4
8930e0ace1bffff,과학·기술,10
8930e0ace1bffff,교육,5
8930e0ace1bffff,보건의료,13
8930e0ace1bffff,부동산,7
8930e0ace1bffff,소매,46
8930e0ace1bffff,수리·개인,18
8930e0ace1bffff,숙박,4
8930e0ace1bffff,시설관리·임대,5
8930e0ace1bffff,예술·스포츠,12
8930e0ace1bffff,음식,56
8930e0ace23ffff,과학·기술,2
8930e0ace23ffff,소매,3
8930e0ace23ffff,수리·개인,2
8930e0ace23ffff,음식,1
8930e0ace27ffff,과학·기술,13
8930e0ace27ffff,교육,22
8930e0ace27ffff,보건의료,10
8930e0ace27ffff,부동산,4
8930e0ace27ffff,소매,26
8930e0ace27ffff,수리·개인,16
8930e0ace27ffff,숙박,2
8930e0ace27ffff,예술·스포츠,8
8930e0ace27ffff,음식,35
8930e0ace2bffff,과학·기술,2
8930e0ace2bffff,교육,2
8930e0ace2bffff,부동산,3
8930e0ace2bffff,소매,10
8930e0ace2bffff,수리·개인,13
8930e0ace2bffff,시설관리·임대,1
8930e0ace2bffff,예술·스포츠,2
8930e0ace2bffff,음식,3
8930e0ace2fffff,과학·기술,4
8930e0ace2fffff,교육,2
8930e0ace2fffff,부동산,4
8930e0ace2fffff,소매,4
8930e0ace2fffff,수리·개인,13
8930e0ace2fffff,숙박,2
8930e0ace2fffff,시설관리·임대,1
8930e0ace2fffff,예술·스포츠,2
8930e0ace2fffff,음식,12
8930e0ace33ffff,소매,3
8930e0ace33ffff,수리·개인,2
8930e0ace33ffff,시설관리·임대,1
8930e0ace37ffff,과학·기술,12
8930e0ace37ffff,보건의료,1
8930e0ace37ffff,부동산,3
8930e0ace37ffff,소매,27
8930e0ace37ffff,수리·개인,15
8930e0ace37ffff,숙박,1
8930e0ace37ffff,시설관리·임대,1
8930e0ace37ffff,예술·스포츠,3
8930e0ace37ffff,음식,24
8930e0ace3bffff,과학·기술,1
8930e0ace3bffff,교육,1
8930e0ace3bffff,소매,7
8930e0ace3bffff,수리·개인,1
8930e0ace3bffff,시설관리·임대,2
8930e0ace43ffff,과학·기술,4
8930e0ace43ffff,교육,11
8930e0ace43ffff,소매,2
8930e0ace43ffff,시설관리·임대,1
8930e0ace47ffff,과학·기술,2
8930e0ace47ffff,소매,2
8930e0ace47ffff,시설관리·임대,1
8930e0ace4bffff,시설관리·임대,1
8930e0ace53ffff,과학·기술,5
8930e0ace53ffff,교육,16
8930e0ace53ffff,보건의료,3
8930e0ace53ffff,부동산,9
8930e0ace53ffff,소매,14
8930e0ace53ffff,수리·개인,12
8930e0ace53ffff,예술·스포츠,4
8930e0ace53ffff,음식,11
8930e0ace57ffff,과학·기술,8
8930e0ace57ffff,교육,10
8930e0ace57ffff,보건의료,8
8930e0ace57ffff,부동산,7
8930e0ace57ffff,소매,35
8930e0ace57ffff,수리·개인,15
8930e0ace57ffff,시설관리·임대,4
8930e0ace57ffff,예술·스포츠,6
8930e0ace57ffff,음식,49
8930e0ace5bffff,과학·기술,1
8930e0ace5bffff,교육,10
8930e0ace5bffff,부동산,2
8930e0ace5bffff,소매,9
8930e0ace5bffff,수리·개인,12
8930e0ace5bffff,시설관리·임대,2
8930e0ace5bffff,예술·스포츠,1
8930e0ace5bffff,음식,21
8930e0ace67ffff,과학·기술,2
8930e0ace67ffff,교육,2
8930e0ace67ffff,부동산,1
8930e0ace67ffff,소매,10
8930e0ace67ffff,수리·개인,4
8930e0ace67ffff,시설관리·임대,1
8930e0ace67ffff,음식,10
8930e0ace6fffff,과학·기술,3
8930e0ace6fffff,교육,6
8930e0ace6fffff,보건의료,1
8930e0ace6fffff,부동산,1
8930e0ace6fffff,소매,8
8930e0ace6fffff,수리·개인,2
8930e0ace6fffff,시설관리·임대,1
8930e0ace6fffff,음식,3
8930e0ace73ffff,수리·개인,1
8930e0ace77ffff,소매,1
8930e0ace83ffff,보건의료,2
8930e0ace83ffff,소매,3
8930e0ace83ffff,시설관리·임대,1
8930e0ace87ffff,과학·기술,4
8930e0ace87ffff,교육,4
8930e0ace87ffff,보건의료,2
8930e0ace87ffff,부동산,4
8930e0ace87ffff,소매,11
8930e0ace87ffff,수리·개인,4
8930e0ace87ffff,시설관리·임대,2
8930e0ace87ffff,음식,7
8930e0ace8bffff,과학·기술,1
8930e0ace8bffff,교육,3
8930e0ace8bffff,부동산,2
8930e0ace8bffff,소매,6
8930e0ace8bffff,수리·개인,2
8930e0ace8bffff,예술·스포츠,1
8930e0ace8bffff,음식,1
8930e0ace8fffff,과학·기술,8
8930e0ace8fffff,교육,3
8930e0ace8fffff,부동산,1
8930e0ace8fffff,소매,9
8930e0ace8fffff,수리·개인,5
8930e0ace8fffff,시설관리·임대,2
8930e0ace8fffff,예술·스포츠,1
8930e0ace8fffff,음식,7
8930e0acea3ffff,과학·기술,4
8930e0acea3ffff,교육,17
8930e0acea3ffff,보건의료,16
8930e0acea3ffff,부동산,8
8930e0acea3ffff,소매,62
8930e0acea3ffff,수리·개인,38
8930e0acea3ffff,시설관리·임대,1
8930e0acea3ffff,예술·스포츠,14
8930e0acea3ffff,음식,48
8930e0acea7ffff,과학·기술,7
8930e0acea7ffff,교육,5
8930e0acea7ffff,보건의료,8
8930e0acea7ffff,부동산,2
8930e0acea7ffff,소매,20
8930e0acea7ffff,수리·개인,12
8930e0acea7ffff,숙박,1
8930e0acea7ffff,시설관리·임대,5
8930e0acea7ffff,예술·스포츠,6
8930e0acea7ffff,음식,23
8930e0aceabffff,교육,1
8930e0aceabffff,부동산,4
8930e0aceabffff,소매,6
8930e0aceabffff,수리·개인,8
8930e0aceabffff,예술·스포츠,1
8930e0aceabffff,음식,9
8930e0aceafffff,과학·기술,16
8930e0aceafffff,교육,3
8930e0aceafffff,보건의료,2
8930e0aceafffff,부동산,7
8930e0aceafffff,소매,73
8930e0aceafffff,수리·개인,26
8930e0aceafffff,숙박,1
8930e0aceafffff,시설관리·임대,3
8930e0aceafffff,예술·스포츠,5
8930e0aceafffff,음식,60
8930e0aceb3ffff,과학·기술,4
8930e0aceb3ffff,교육,1
8930e0aceb3ffff,부동산,6
8930e0aceb3ffff,소매,10
8930e0aceb3ffff,수리·개인,21
8930e0aceb3ffff,시설관리·임대,4
8930e0aceb3ffff,예술·스포츠,3
8930e0aceb3ffff,음식,21
8930e0aceb7ffff,과학·기술,5
8930e0aceb7ffff,교육,4
8930e0aceb7ffff,부동산,1
8930e0aceb7ffff,소매,9
8930e0aceb7ffff,수리·개인,4
8930e0aceb7ffff,시설관리·임대,2
8930e0aceb7ffff,음식,1
8930e0acebbffff,과학·기술,13
8930e0acebbffff,교육,10
8930e0acebbffff,보건의료,3
8930e0acebbffff,부동산,5
8930e0acebbffff,소매,33
8930e0acebbffff,수리·개인,30
8930e0acebbffff,시설관리·임대,5
8930e0acebbffff,예술·스포츠,8
8930e0acebbffff,음식,37
8930e0acec3ffff,과학·기술,3
8930e0acec3ffff,교육,1
8930e0acec3ffff,소매,8
8930e0acec3ffff,수리·개인,5
8930e0acec3ffff,시설관리·임대,4
8930e0acec3ffff,음식,1
8930e0acec7ffff,과학·기술,9
8930e0acec7ffff,교육,5
8930e0acec7ffff,부동산,6
8930e0acec7ffff,소매,18
8930e0acec7ffff,수리·개인,16
8930e0acec7ffff,음식,15
8930e0acecbffff,교육,2
8930e0acecbffff,소매,8
8930e0acecbffff,숙박,1
8930e0acecbffff,예술·스포츠,2
8930e0acecbffff,음식,1
8930e0acecfffff,과학·기술,7
8930e0acecfffff,교육,4
8930e0acecfffff,보건의료,5
8930e0acecfffff,부동산,2
8930e0acecfffff,소매,18
8930e0acecfffff,수리·개인,9
8930e0acecfffff,시설관리·임대,7
8930e0acecfffff,예술·스포츠,10
8930e0acecfffff,음식,31
8930e0aced3ffff,소매,1
8930e0aced3ffff,수리·개인,1
8930e0aced3ffff,시설관리·임대,1
8930e0aced7ffff,과학·기술,1
8930e0aced7ffff,부동산,1
8930e0aced7ffff,소매,1
8930e0aced7ffff,수리·개인,2
8930e0aced7ffff,음식,1
8930e0acedbffff,과학·기술,7
8930e0acedbffff,교육,4
8930e0acedbffff,보건의료,2
8930e0acedbffff,부동산,3
8930e0acedbffff,소매,16
8930e0acedbffff,수리·개인,10
8930e0acedbffff,시설관리·임대,3
8930e0acedbffff,예술·스포츠,3
8930e0acedbffff,음식,20
8930e0adc83ffff,소매,1
8930e0adc87ffff,소매,1
8930e0adc87ffff,시설관리·임대,2
8930e0adc87ffff,예술·스포츠,1
8930e0adc93ffff,과학·기술,106
8930e0adc93ffff,교육,3
8930e0adc93ffff,부동산,6
8930e0adc93ffff,소매,23
8930e0adc93ffff,수리·개인,6
8930e0adc93ffff,시설관리·임대,13
8930e0adc93ffff,예술·스포츠,4
8930e0adc93ffff,음식,9
8930e0adc97ffff,부동산,1
8930e0adc97ffff,음식,2
8930e0adcb3ffff,과학·기술,1
8930e0adcb3ffff,교육,1
8930e0adcb3ffff,부동산,1
8930e0adcb3ffff,수리·개인,1
8930e0adcb7ffff,교육,1
8930e0add03ffff,소매,2
8930e0add03ffff,예술·스포츠,1
8930e0add17ffff,교육,3
8930e0add17ffff,소매,1
8930e0add17ffff,수리·개인,3
8930e0add17ffff,음식,3
8930e0add83ffff,과학·기술,1
8930e0add83ffff,교육,4
8930e0add83ffff,부동산,2
8930e0add83ffff,소매,5
8930e0add83ffff,수리·개인,5
8930e0add83ffff,시설관리·임대,1
8930e0add83ffff,음식,6
8930e0add87ffff,과학·기술,1
8930e0add87ffff,교육,8
8930e0add87ffff,부동산,1
8930e0add87ffff,소매,2
8930e0add87ffff,수리·개인,3
8930e0add87ffff,시설관리·임대,2
8930e0add87ffff,예술·스포츠,1
8930e0add87ffff,음식,5
8930e0add8bffff,교육,32
8930e0add8bffff,보건의료,4
8930e0add8bffff,소매,7
8930e0add8bffff,수리·개인,4
8930e0add8bffff,시설관리·임대,1
8930e0add8bffff,예술·스포츠,9
8930e0add8bffff,음식,7
8930e0add8fffff,교육,1
8930e0add8fffff,소매,3
8930e0add8fffff,수리·개인,3
8930e0add8fffff,음식,1
8930e0add97ffff,과학·기술,5
8930e0add97ffff,교육,9
8930e0add97ffff,보건의료,12
8930e0add97ffff,소매,14
8930e0add97ffff,수리·개인,10
8930e0add97ffff,예술·스포츠,6
8930e0add97ffff,음식,20
8930e0add9bffff,교육,1
8930e0add9bffff,소매,1
8930e0add9bffff,예술·스포츠,1
8930e0add9bffff,음식,1
8930e0addafffff,과학·기술,1
8930e0addafffff,부동산,1
8930e0addafffff,소매,2
8930e0addafffff,수리·개인,1
8930e0addb3ffff,부동산,1
8930e0addb3ffff,소매,2
8930e0addb3ffff,수리·개인,1
8930e0addbbffff,과학·기술,1
8930e0addbbffff,소매,5
8930e0addbbffff,수리·개인,2
8930e0addc7ffff,소매,1
8930e0ae103ffff,소매,1
8930e0ae14fffff,음식,1
8930e0ae163ffff,과학·기술,1
8930e0ae173ffff,수리·개인,1
8930e0ae1a7ffff,과학·기술,1
8930e0ae1a7ffff,소매,1
8930e0ae1b7ffff,음식,3
8930e0ae1dbffff,소매,2
8930e0ae1dbffff,음식,1
8930e0ae3a3ffff,소매,17
8930e0ae42bffff,소매,2
8930e0ae42fffff,과학·기술,1
8930e0ae42fffff,소매,4
8930e0ae803ffff,과학·기술,3
8930e0ae803ffff,교육,8
8930e0ae803ffff,부동산,5
8930e0ae803ffff,소매,3
8930e0ae803ffff,수리·개인,1
8930e0ae803ffff,음식,7
8930e0ae807ffff,과학·기술,7
8930e0ae807ffff,교육,43
8930e0ae807ffff,보건의료,2
8930e0ae807ffff,부동산,9
8930e0ae807ffff,소매,37
8930e0ae807ffff,수리·개인,21
8930e0ae807ffff,숙박,1
8930e0ae807ffff,시설관리·임대,1
8930e0ae807ffff,예술·스포츠,7
8930e0ae807ffff,음식,39
8930e0ae80bffff,소매,1
8930e0ae80fffff,과학·기술,3
8930e0ae80fffff,교육,12
8930e0ae80fffff,보건의료,1
8930e0ae80fffff,부동산,3
8930e0ae80fffff,소매,4
8930e0ae80fffff,수리·개인,10
8930e0ae80fffff,숙박,1
8930e0ae80fffff,시설관리·임대,1
8930e0ae80fffff,음식,9
8930e0ae813ffff,소매,1
8930e0ae817ffff,교육,15
8930e0ae817ffff,부동산,1
8930e0ae817ffff,소매,6
8930e0ae817ffff,수리·개인,5
8930e0ae817ffff,시설관리·임대,2
8930e0ae817ffff,예술·스포츠,2
8930e0ae817ffff,음식,3
8930e0ae823ffff,과학·기술,1
8930e0ae823ffff,소매,6
8930e0ae823ffff,수리·개인,2
8930e0ae823ffff,음식,2
8930e0ae827ffff,과학·기술,1
8930e0ae827ffff,교육,7
8930e0ae827ffff,보건의료,3
8930e0ae827ffff,부동산,4
8930e0ae827ffff,소매,4
8930e0ae827ffff,예술·스포츠,1
8930e0ae827ffff,음식,2
8930e0ae82bffff,과학·기술,2
8930e0ae82bffff,교육,5
8930e0ae82bffff,보건의료,4
8930e0ae82bffff,부동산,3
8930e0ae82bffff,소매,11
8930e0ae82bffff,수리·개인,9
8930e0ae82bffff,숙박,1
8930e0ae82bffff,예술·스포츠,5
8930e0ae82bffff,음식,13
8930e0ae82fffff,교육,1
8930e0ae82fffff,시설관리·임대,2
8930e0ae82fffff,음식,3
8930e0ae833ffff,과학·기술,3
8930e0ae833ffff,교육,39
8930e0ae833ffff,보건의료,25
8930e0ae833ffff,부동산,4
8930e0ae833ffff,소매,82
8930e0ae833ffff,수리·개인,13
8930e0ae833ffff,시설관리·임대,2
8930e0ae833ffff,예술·스포츠,7
8930e0ae833ffff,음식,52
8930e0ae837ffff,과학·기술,3
8930e0ae837ffff,교육,12
8930e0ae837ffff,부동산,2
8930e0ae837ffff,소매,5
8930e0ae837ffff,수리·개인,4
8930e0ae837ffff,숙박,1
8930e0ae837ffff,음식,4
8930e0ae83bffff,과학·기술,4
8930e0ae83bffff,교육,28
8930e0ae83bffff,보건의료,24
8930e0ae83bffff,부동산,17
8930e0ae83bffff,소매,67
8930e0ae83bffff,수리·개인,28
8930e0ae83bffff,숙박,1
8930e0ae83bffff,시설관리·임대,1
8930e0ae83bffff,예술·스포츠,15
8930e0ae83bffff,음식,85
8930e0ae843ffff,과학·기술,9
8930e0ae843ffff,교육,7
8930e0ae843ffff,보건의료,3
8930e0ae843ffff,부동산,3
8930e0ae843ffff,소매,17
8930e0ae843ffff,수리·개인,16
8930e0ae843ffff,시설관리·임대,2
8930e0ae843ffff,음식,17
8930e0ae847ffff,과학·기술,4
8930e0ae847ffff,교육,10
8930e0ae847ffff,보건의료,1
8930e0ae847ffff,부동산,3
8930e0ae847ffff,소매,9
8930e0ae847ffff,수리·개인,3
8930e0ae847ffff,시설관리·임대,1
8930e0ae847ffff,예술·스포츠,1
8930e0ae847ffff,음식,6
8930e0ae84bffff,과학·기술,2
8930e0ae84bffff,교육,4
8930e0ae84bffff,보건의료,3
8930e0ae84bffff,부동산,1
8930e0ae84bffff,소매,22
8930e0ae84bffff,수리·개인,12
8930e0ae84bffff,숙박,1
8930e0ae84bffff,시설관리·임대,1
8930e0ae84bffff,예술·스포츠,6
8930e0ae84bffff,음식,26
8930e0ae84fffff,과학·기술,5
8930e0ae84fffff,교육,3
8930e0ae84fffff,부동산,2
8930e0ae84fffff,소매,17
8930e0ae84fffff,수리·개인,8
8930e0ae84fffff,시설관리·임대,5
8930e0ae84fffff,예술·스포츠,2
8930e0ae84fffff,음식,14
8930e0ae857ffff,과학·기술,2
8930e0ae857ffff,교육,4
8930e0ae857ffff,소매,3
8930e0ae857ffff,수리·개인,1
8930e0ae85bffff,과학·기술,1
8930e0ae85bffff,교육,7
8930e0ae85bffff,소매,12
8930e0ae85bffff,수리·개인,7
8930e0ae85bffff,예술·스포츠,1
8930e0ae85bffff,음식,3
8930e0ae863ffff,과학·기술,21
8930e0ae863ffff,교육,3
8930e0ae863ffff,보건의료,1
8930e0ae863ffff,부동산,10
8930e0ae863ffff,소매,19
8930e0ae863ffff,수리·개인,18
8930e0ae863ffff,숙박,1
8930e0ae863ffff,시설관리·임대,4
8930e0ae863ffff,예술·스포츠,9
8930e0ae863ffff,음식,57
8930e0ae867ffff,과학·기술,7
8930e0ae867ffff,교육,17
8930e0ae867ffff,보건의료,36
8930e0ae867ffff,부동산,5
8930e0ae867ffff,소매,34
8930e0ae867ffff,수리·개인,32
8930e0ae867ffff,숙박,3
8930e0ae867ffff,시설관리·임대,6
8930e0ae867ffff,예술·스포츠,22
8930e0ae867ffff,음식,55
8930e0ae86bffff,과학·기술,9
8930e0ae86bffff,교육,4
8930e0ae86bffff,부동산,8
8930e0ae86bffff,소매,32
8930e0ae86bffff,수리·개인,22
8930e0ae86bffff,시설관리·임대,5
8930e0ae86bffff,예술·스포츠,4
8930e0ae86bffff,음식,49
8930e0ae86fffff,과학·기술,11
8930e0ae86fffff,교육,18
8930e0ae86fffff,보건의료,6
8930e0ae86fffff,부동산,11
8930e0ae86fffff,소매,26
8930e0ae86fffff,수리·개인,20
8930e0ae86fffff,시설관리·임대,8
8930e0ae86fffff,예술·스포츠,7
8930e0ae86fffff,음식,43
8930e0ae873ffff,과학·기술,5
8930e0ae873ffff,교육,8
8930e0ae873ffff,부동산,2
8930e0ae873ffff,소매,11
8930e0ae873ffff,수리·개인,6
8930e0ae873ffff,예술·스포츠,4
8930e0ae873ffff,음식,4
8930e0ae877ffff,과학·기술,9
8930e0ae877ffff,교육,18
8930e0ae877ffff,보건의료,2
8930e0ae877ffff,부동산,9
8930e0ae877ffff,소매,37
8930e0ae877ffff,수리·개인,25
8930e0ae877ffff,숙박,6
8930e0ae877ffff,시설관리·임대,2
8930e0ae877ffff,예술·스포츠,11
8930e0ae877ffff,음식,74
8930e0ae87bffff,과학·기술,12
8930e0ae87bffff,교육,18
8930e0ae87bffff,보건의료,8
8930e0ae87bffff,부동산,4
8930e0ae87bffff,소매,29
8930e0ae87bffff,수리·개인,21
8930e0ae87bffff,숙박,1
8930e0ae87bffff,시설관리·임대,5
8930e0ae87bffff,예술·스포츠,14
8930e0ae87bffff,음식,58
8930e0ae883ffff,과학·기술,44
8930e0ae883ffff,교육,57
8930e0ae883ffff,보건의료,13
8930e0ae883ffff,부동산,10
8930e0ae883ffff,소매,41
8930e0ae883ffff,수리·개인,17
8930e0ae883ffff,숙박,1
8930e0ae883ffff,시설관리·임대,25
8930e0ae883ffff,예술·스포츠,14
8930e0ae883ffff,음식,26
8930e0ae887ffff,교육,1
8930e0ae887ffff,시설관리·임대,1
8930e0ae88bffff,과학·기술,4
8930e0ae88bffff,교육,18
8930e0ae88bffff,보건의료,3
8930e0ae88bffff,부동산,2
8930e0ae88bffff,소매,5
8930e0ae88bffff,수리·개인,2
8930e0ae88bffff,예술·스포츠,2
8930e0ae88bffff,음식,6
8930e0ae88fffff,교육,1
8930e0ae88fffff,부동산,1
8930e0ae88fffff,소매,2
8930e0ae88fffff,수리·개인,2
8930e0ae893ffff,소매,3
8930e0ae893ffff,시설관리·임대,3
8930e0ae893ffff,음식,1
8930e0ae897ffff,부동산,2
8930e0ae897ffff,소매,5
8930e0ae897ffff,수리·개인,3
8930e0ae897ffff,시설관리·임대,1
8930e0ae89bffff,과학·기술,1
8930e0ae89bffff,교육,3
8930e0ae89bffff,부동산,1
8930e0ae89bffff,소매,2
8930e0ae89bffff,수리·개인,1
8930e0ae89bffff,시설관리·임대,1
8930e0ae8a3ffff,과학·기술,2
8930e0ae8a3ffff,교육,8
8930e0ae8a3ffff,부동산,4
8930e0ae8a3ffff,소매,12
8930e0ae8a3ffff,수리·개인,2
8930e0ae8a3ffff,음식,6
8930e0ae8a7ffff,과학·기술,9
8930e0ae8a7ffff,교육,27
8930e0ae8a7ffff,보건의료,5
8930e0ae8a7ffff,부동산,8
8930e0ae8a7ffff,소매,24
8930e0ae8a7ffff,수리·개인,14
8930e0ae8a7ffff,숙박,1
8930e0ae8a7ffff,시설관리·임대,2
8930e0ae8a7ffff,예술·스포츠,7
8930e0ae8a7ffff,음식,37
8930e0ae8abffff,과학·기술,5
8930e0ae8abffff,교육,18
8930e0ae8abffff,보건의료,1
8930e0ae8abffff,부동산,6
8930e0ae8abffff,소매,13
8930e0ae8abffff,수리·개인,19
8930e0ae8abffff,숙박,1
8930e0ae8abffff,시설관리·임대,1
8930e0ae8abffff,예술·스포츠,3
8930e0ae8abffff,음식,19
8930e0ae8afffff,과학·기술,11
8930e0ae8afffff,교육,58
8930e0ae8afffff,보건의료,10
8930e0ae8afffff,부동산,8
8930e0ae8afffff,소매,39
8930e0ae8afffff,수리·개인,23
8930e0ae8afffff,시설관리·임대,3
8930e0ae8afffff,예술·스포츠,12
8930e0ae8afffff,음식,50
8930e0ae8b7ffff,과학·기술,23
8930e0ae8b7ffff,교육,8
8930e0ae8b7ffff,보건의료,5
8930e0ae8b7ffff,부동산,3
8930e0ae8b7ffff,소매,12
8930e0ae8b7ffff,수리·개인,4
8930e0ae8b7ffff,시설관리·임대,8
8930e0ae8b7ffff,예술·스포츠,5
8930e0ae8b7ffff,음식,17
8930e0ae8bbffff,과학·기술,3
8930e0ae8bbffff,교육,13
8930e0ae8bbffff,보건의료,3
8930e0ae8bbffff,부동산,7
8930e0ae8bbffff,소매,16
8930e0ae8bbffff,수리·개인,12
8930e0ae8bbffff,예술·스포츠,8
8930e0ae8bbffff,음식,19
8930e0ae8c3ffff,교육,3
8930e0ae8c3ffff,부동산,3
8930e0ae8c3ffff,소매,3
8930e0ae8c3ffff,수리·개인,8
8930e0ae8c3ffff,시설관리·임대,1
8930e0ae8c3ffff,음식,6
8930e0ae8cfffff,교육,1
8930e0ae8cfffff,수리·개인,9
8930e0ae8cfffff,예술·스포츠,1
8930e0ae8d3ffff,과학·기술,1
8930e0ae8d3ffff,소매,2
8930e0ae8d3ffff,수리·개인,2
8930e0ae8d3ffff,숙박,5
8930e0ae8d3ffff,시설관리·임대,2
8930e0ae8d3ffff,음식,2
8930e0ae8d7ffff,과학·기술,2
8930e0ae8d7ffff,교육,1
8930e0ae8d7ffff,소매,1
8930e0ae8d7ffff,수리·개인,1
8930e0ae8d7ffff,시설관리·임대,1
8930e0ae8d7ffff,예술·스포츠,1
8930e0ae8d7ffff,음식,3
8930e0ae8dbffff,교육,1
8930e0ae8dbffff,소매,2
8930e0ae8dbffff,수리·개인,7
8930e0ae8dbffff,음식,1
8930e0ae903ffff,과학·기술,3
8930e0ae903ffff,교육,11
8930e0ae903ffff,보건의료,6
8930e0ae903ffff,부동산,6
8930e0ae903ffff,소매,13
8930e0ae903ffff,수리·개인,15
8930e0ae903ffff,시설관리·임대,1
8930e0ae903ffff,예술·스포츠,5
8930e0ae903ffff,음식,39
8930e0ae907ffff,과학·기술,14
8930e0ae907ffff,교육,6
8930e0ae907ffff,보건의료,2
8930e0ae907ffff,부동산,5
8930e0ae907ffff,소매,7
8930e0ae907ffff,수리·개인,7
8930e0ae907ffff,시설관리·임대,3
8930e0ae907ffff,예술·스포츠,4
8930e0ae907ffff,음식,11
8930e0ae90bffff,과학·기술,20
8930e0ae90bffff,교육,8
8930e0ae90bffff,보건의료,9
8930e0ae90bffff,부동산,4
8930e0ae90bffff,소매,30
8930e0ae90bffff,수리·개인,23
8930e0ae90bffff,숙박,10
8930e0ae90bffff,시설관리·임대,8
8930e0ae90bffff,예술·스포츠,24
8930e0ae90bffff,음식,94
8930e0ae90fffff,과학·기술,26
8930e0ae90fffff,교육,8
8930e0ae90fffff,보건의료,6
8930e0ae90fffff,부동산,11
8930e0ae90fffff,소매,36
8930e0ae90fffff,수리·개인,19
8930e0ae90fffff,숙박,8
8930e0ae90fffff,시설관리·임대,6
8930e0ae90fffff,예술·스포츠,42
8930e0ae90fffff,음식,148
8930e0ae913ffff,교육,2
8930e0ae913ffff,보건의료,1
8930e0ae913ffff,소매,6
8930e0ae913ffff,수리·개인,2
8930e0ae913ffff,숙박,1
8930e0ae913ffff,시설관리·임대,1
8930e0ae913ffff,예술·스포츠,6
8930e0ae913ffff,음식,14
8930e0ae917ffff,과학·기술,1
8930e0ae917ffff,교육,1
8930e0ae917ffff,보건의료,1
8930e0ae917ffff,소매,5
8930e0ae917ffff,수리·개인,2
8930e0ae917ffff,시설관리·임대,1
8930e0ae917ffff,음식,11
8930e0ae91bffff,과학·기술,4
8930e0ae91bffff,부동산,3
8930e0ae91bffff,소매,4
8930e0ae91bffff,수리·개인,3
8930e0ae91bffff,시설관리·임대,1
8930e0ae91bffff,음식,3
8930e0ae923ffff,과학·기술,7
8930e0ae923ffff,교육,8
8930e0ae923ffff,보건의료,1
8930e0ae923ffff,부동산,1
8930e0ae923ffff,소매,9
8930e0ae923ffff,수리·개인,21
8930e0ae923ffff,숙박,1
8930e0ae923ffff,시설관리·임대,2
8930e0ae923ffff,예술·스포츠,2
8930e0ae923ffff,음식,35
8930e0ae927ffff,과학·기술,13
8930e0ae927ffff,교육,7
8930e0ae927ffff,보건의료,11
8930e0ae927ffff,부동산,5
8930e0ae927ffff,소매,33
8930e0ae927ffff,수리·개인,22
8930e0ae927ffff,시설관리·임대,8
8930e0ae927ffff,예술·스포츠,4
8930e0ae927ffff,음식,38
8930e0ae92bffff,소매,5
8930e0ae92bffff,수리·개인,1
8930e0ae92bffff,시설관리·임대,1
8930e0ae92fffff,과학·기술,4
8930e0ae92fffff,교육,15
8930e0ae92fffff,보건의료,1
8930e0ae92fffff,부동산,5
8930e0ae92fffff,소매,15
8930e0ae92fffff,수리·개인,12
8930e0ae92fffff,숙박,1
8930e0ae92fffff,시설관리·임대,2
8930e0ae92fffff,예술·스포츠,1
8930e0ae92fffff,음식,24
8930e0ae933ffff,과학·기술,23
8930e0ae933ffff,교육,3
8930e0ae933ffff,보건의료,4
8930e0ae933ffff,부동산,3
8930e0ae933ffff,소매,64
8930e0ae933ffff,수리·개인,17
8930e0ae933ffff,숙박,1
8930e0ae933ffff,시설관리·임대,4
8930e0ae933ffff,예술·스포츠,12
8930e0ae933ffff,음식,44
8930e0ae937ffff,과학·기술,68
8930e0ae937ffff,교육,5
8930e0ae937ffff,부동산,8
8930e0ae937ffff,소매,15
8930e0ae937ffff,수리·개인,18
8930e0ae937ffff,시설관리·임대,7
8930e0ae937ffff,예술·스포츠,4
8930e0ae937ffff,음식,46
8930e0ae93bffff,과학·기술,23
8930e0ae93bffff,교육,9
8930e0ae93bffff,보건의료,5
8930e0ae93bffff,부동산,2
8930e0ae93bffff,소매,15
8930e0ae93bffff,수리·개인,6
8930e0ae93bffff,시설관리·임대,12
8930e0ae93bffff,예술·스포츠,5
8930e0ae93bffff,음식,47
8930e0ae943ffff,과학·기술,11
8930e0ae943ffff,교육,3
8930e0ae943ffff,보건의료,1
8930e0ae943ffff,부동산,1
8930e0ae943ffff,소매,22
8930e0ae943ffff,수리·개인,10
8930e0ae943ffff,숙박,5
8930e0ae943ffff,시설관리·임대,4
8930e0ae943ffff,예술·스포츠,3
8930e0ae943ffff,음식,11
8930e0ae947ffff,과학·기술,14
8930e0ae947ffff,교육,5
8930e0ae947ffff,보건의료,1
8930e0ae947ffff,부동산,3
8930e0ae947ffff,소매,23
8930e0ae947ffff,수리·개인,21
8930e0ae947ffff,숙박,3
8930e0ae947ffff,시설관리·임대,8
8930e0ae947ffff,예술·스포츠,5
8930e0ae947ffff,음식,67
8930e0ae94bffff,과학·기술,10
8930e0ae94bffff,교육,6
8930e0ae94bffff,보건의료,4
8930e0ae94bffff,부동산,10
8930e0ae94bffff,소매,19
8930e0ae94bffff,수리·개인,16
8930e0ae94bffff,숙박,14
8930e0ae94bffff,시설관리·임대,9
8930e0ae94bffff,예술·스포츠,5
8930e0ae94bffff,음식,51
8930e0ae94fffff,과학·기술,7
8930e0ae94fffff,교육,7
8930e0ae94fffff,부동산,6
8930e0ae94fffff,소매,22
8930e0ae94fffff,수리·개인,17
8930e0ae94fffff,숙박,1
8930e0ae94fffff,시설관리·임대,2
8930e0ae94fffff,예술·스포츠,4
8930e0ae94fffff,음식,23
8930e0ae957ffff,과학·기술,11
8930e0ae957ffff,교육,3
8930e0ae957ffff,보건의료,1
8930e0ae957ffff,부동산,2
8930e0ae957ffff,소매,13
8930e0ae957ffff,수리·개인,10
8930e0ae957ffff,시설관리·임대,1
8930e0ae957ffff,예술·스포츠,2
8930e0ae957ffff,음식,17
8930e0ae95bffff,과학·기술,3
8930e0ae95bffff,교육,19
8930e0ae95bffff,부동산,1
8930e0ae95bffff,소매,22
8930e0ae95bffff,수리·개인,21
8930e0ae95bffff,시설관리·임대,3
8930e0ae95bffff,예술·스포츠,3
8930e0ae95bffff,음식,12
8930e0ae963ffff,과학·기술,2
8930e0ae963ffff,교육,2
8930e0ae963ffff,음식,2
8930e0ae967ffff,과학·기술,2
8930e0ae967ffff,소매,1
8930e0ae967ffff,수리·개인,1
8930e0ae973ffff,과학·기술,4
8930e0ae973ffff,교육,7
8930e0ae973ffff,보건의료,2
8930e0ae973ffff,부동산,5
8930e0ae973ffff,소매,11
8930e0ae973ffff,수리·개인,18
8930e0ae973ffff,시설관리·임대,4
8930e0ae973ffff,예술·스포츠,2
8930e0ae973ffff,음식,48
8930e0ae977ffff,과학·기술,2
8930e0ae977ffff,부동산,3
8930e0ae977ffff,소매,4
8930e0ae977ffff,음식,4
8930e0ae97bffff,과학·기술,3
8930e0ae97bffff,교육,3
8930e0ae97bffff,보건의료,1
8930e0ae97bffff,부동산,1
8930e0ae97bffff,소매,11
8930e0ae97bffff,수리·개인,5
8930e0ae97bffff,숙박,1
8930e0ae97bffff,시설관리·임대,3
8930e0ae97bffff,음식,11
8930e0ae983ffff,과학·기술,4
8930e0ae983ffff,교육,55
8930e0ae983ffff,보건의료,10
8930e0ae983ffff,부동산,5
8930e0ae983ffff,소매,39
8930e0ae983ffff,수리·개인,20
8930e0ae983ffff,숙박,1
8930e0ae983ffff,시설관리·임대,2
8930e0ae983ffff,예술·스포츠,2
8930e0ae983ffff,음식,20
8930e0ae987ffff,교육,7
8930e0ae987ffff,부동산,5
8930e0ae987ffff,소매,1
8930e0ae987ffff,수리·개인,3
8930e0ae987ffff,음식,1
8930e0ae98bffff,과학·기술,26
8930e0ae98bffff,교육,36
8930e0ae98bffff,보건의료,10
8930e0ae98bffff,부동산,3
8930e0ae98bffff,소매,37
8930e0ae98bffff,수리·개인,16
8930e0ae98bffff,숙박,3
8930e0ae98bffff,시설관리·임대,3
8930e0ae98bffff,예술·스포츠,23
8930e0ae98bffff,음식,54
8930e0ae98fffff,과학·기술,4
8930e0ae98fffff,교육,41
8930e0ae98fffff,보건의료,7
8930e0ae98fffff,부동산,4
8930e0ae98fffff,소매,29
8930e0ae98fffff,수리·개인,15
8930e0ae98fffff,시설관리·임대,10
8930e0ae98fffff,예술·스포츠,6
8930e0ae98fffff,음식,27
8930e0ae993ffff,교육,4
8930e0ae993ffff,보건의료,1
8930e0ae993ffff,부동산,4
8930e0ae993ffff,소매,8
8930e0ae993ffff,수리·개인,6
8930e0ae993ffff,예술·스포츠,2
8930e0ae993ffff,음식,5
8930e0ae997ffff,과학·기술,32
8930e0ae997ffff,교육,2
8930e0ae997ffff,부동산,4
8930e0ae997ffff,소매,16
8930e0ae997ffff,수리·개인,12
8930e0ae997ffff,시설관리·임대,6
8930e0ae997ffff,예술·스포츠,2
8930e0ae997ffff,음식,15
8930e0ae99bffff,과학·기술,1
8930e0ae99bffff,부동산,1
8930e0ae99bffff,소매,1
8930e0ae99bffff,수리·개인,3
8930e0ae99bffff,음식,5
8930e0ae9a3ffff,과학·기술,42
8930e0ae9a3ffff,교육,12
8930e0ae9a3ffff,보건의료,23
8930e0ae9a3ffff,부동산,16
8930e0ae9a3ffff,소매,53
8930e0ae9a3ffff,수리·개인,29
8930e0ae9a3ffff,시설관리·임대,21
8930e0ae9a3ffff,예술·스포츠,13
8930e0ae9a3ffff,음식,30
8930e0ae9a7ffff,과학·기술,1
8930e0ae9abffff,교육,2
8930e0ae9abffff,소매,7
8930e0ae9abffff,수리·개인,1
8930e0ae9abffff,음식,9
8930e0ae9afffff,과학·기술,122
8930e0ae9afffff,교육,16
8930e0ae9afffff,보건의료,28
8930e0ae9afffff,부동산,14
8930e0ae9afffff,소매,50
8930e0ae9afffff,수리·개인,31
8930e0ae9afffff,시설관리·임대,24
8930e0ae9afffff,예술·스포츠,9
8930e0ae9afffff,음식,66
8930e0ae9b3ffff,과학·기술,13
8930e0ae9b3ffff,교육,4
8930e0ae9b3ffff,보건의료,15
8930e0ae9b3ffff,부동산,4
8930e0ae9b3ffff,소매,32
8930e0ae9b3ffff,수리·개인,24
8930e0ae9b3ffff,시설관리·임대,6
8930e0ae9b3ffff,예술·스포츠,7
8930e0ae9b3ffff,음식,44
8930e0ae9b7ffff,과학·기술,3
8930e0ae9b7ffff,교육,1
8930e0ae9b7ffff,소매,3
8930e0ae9b7ffff,수리·개인,4
8930e0ae9b7ffff,음식,4
8930e0ae9bbffff,부동산,1
8930e0ae9bbffff,소매,1
8930e0ae9bbffff,수리·개인,3
8930e0ae9bbffff,시설관리·임대,1
8930e0ae9bbffff,예술·스포츠,1
8930e0ae9bbffff,음식,1
8930e0ae9c3ffff,과학·기술,2
8930e0ae9c3ffff,교육,7
8930e0ae9c3ffff,보건의료,1
8930e0ae9c3ffff,부동산,4
8930e0ae9c3ffff,소매,8
8930e0ae9c3ffff,수리·개인,7
8930e0ae9c3ffff,예술·스포츠,1
8930e0ae9c3ffff,음식,7
8930e0ae9c7ffff,과학·기술,1
8930e0ae9c7ffff,교육,3
8930e0ae9c7ffff,부동산,1
8930e0ae9c7ffff,소매,1
8930e0ae9c7ffff,수리·개인,5
8930e0ae9c7ffff,시설관리·임대,1
8930e0ae9c7ffff,예술·스포츠,1
8930e0ae9c7ffff,음식,5
8930e0ae9cbffff,과학·기술,1
8930e0ae9d3ffff,과학·기술,3
8930e0ae9d3ffff,교육,19
8930e0ae9d3ffff,보건의료,2
8930e0ae9d3ffff,부동산,4
8930e0ae9d3ffff,소매,9
8930e0ae9d3ffff,수리·개인,12
8930e0ae9d3ffff,시설관리·임대,2
8930e0ae9d3ffff,예술·스포츠,3
8930e0ae9d3ffff,음식,25
8930e0ae9d7ffff,과학·기술,16
8930e0ae9d7ffff,교육,9
8930e0ae9d7ffff,보건의료,2
8930e0ae9d7ffff,부동산,4
8930e0ae9d7ffff,소매,21
8930e0ae9d7ffff,수리·개인,6
8930e0ae9d7ffff,숙박,3
8930e0ae9d7ffff,시설관리·임대,10
8930e0ae9d7ffff,예술·스포츠,3
8930e0ae9d7ffff,음식,19
8930e0ae9dbffff,과학·기술,4
8930e0ae9dbffff,교육,24
8930e0ae9dbffff,부동산,12
8930e0ae9dbffff,소매,14
8930e0ae9dbffff,수리·개인,10
8930e0ae9dbffff,숙박,3
8930e0ae9dbffff,시설관리·임대,2
8930e0ae9dbffff,예술·스포츠,5
8930e0ae9dbffff,음식,25
8930e0aea07ffff,과학·기술,4
8930e0aea07ffff,교육,5
8930e0aea07ffff,소매,12
8930e0aea07ffff,수리·개인,6
8930e0aea07ffff,시설관리·임대,1
8930e0aea07ffff,예술·스포츠,3
8930e0aea07ffff,음식,18
8930e0aea0bffff,과학·기술,1
8930e0aea0bffff,교육,1
8930e0aea0bffff,소매,2
8930e0aea0bffff,수리·개인,1
8930e0aea0bffff,시설관리·임대,1
8930e0aea0bffff,음식,1
8930e0aea0fffff,소매,1
8930e0aea13ffff,과학·기술,1
8930e0aea13ffff,교육,2
8930e0aea17ffff,과학·기술,2
8930e0aea17ffff,교육,2
8930e0aea17ffff,부동산,2
8930e0aea17ffff,소매,12
8930e0aea17ffff,수리·개인,12
8930e0aea17ffff,시설관리·임대,1
8930e0aea17ffff,예술·스포츠,1
8930e0aea17ffff,음식,5
8930e0aea23ffff,과학·기술,6
8930e0aea23ffff,교육,3
8930e0aea23ffff,부동산,2
8930e0aea23ffff,소매,11
8930e0aea23ffff,수리·개인,9
8930e0aea23ffff,시설관리·임대,3
8930e0aea23ffff,예술·스포츠,1
8930e0aea23ffff,음식,13
8930e0aea27ffff,과학·기술,11
8930e0aea27ffff,교육,1
8930e0aea27ffff,보건의료,1
8930e0aea27ffff,부동산,4
8930e0aea27ffff,소매,16
8930e0aea27ffff,수리·개인,19
8930e0aea27ffff,숙박,17
8930e0aea27ffff,시설관리·임대,2
8930e0aea27ffff,예술·스포츠,12
8930e0aea27ffff,음식,106
8930e0aea2bffff,과학·기술,6
8930e0aea2bffff,교육,1
8930e0aea2bffff,부동산,1
8930e0aea2bffff,소매,4
8930e0aea2bffff,수리·개인,5
8930e0aea2bffff,시설관리·임대,3
8930e0aea2fffff,교육,1
8930e0aea2fffff,부동산,2
8930e0aea2fffff,소매,7
8930e0aea2fffff,수리·개인,6
8930e0aea2fffff,시설관리·임대,2
8930e0aea2fffff,예술·스포츠,4
8930e0aea2fffff,음식,20
8930e0aea33ffff,과학·기술,3
8930e0aea33ffff,교육,1
8930e0aea33ffff,보건의료,1
8930e0aea33ffff,부동산,6
8930e0aea33ffff,소매,16
8930e0aea33ffff,수리·개인,22
8930e0aea33ffff,숙박,2
8930e0aea33ffff,시설관리·임대,1
8930e0aea33ffff,예술·스포츠,8
8930e0aea33ffff,음식,24
8930e0aea37ffff,과학·기술,5
8930e0aea37ffff,교육,10
8930e0aea37ffff,보건의료,11
8930e0aea37ffff,부동산,6
8930e0aea37ffff,소매,71
8930e0aea37ffff,수리·개인,22
8930e0aea37ffff,숙박,1
8930e0aea37ffff,시설관리·임대,8
8930e0aea37ffff,예술·스포츠,20
8930e0aea37ffff,음식,72
8930e0aea3bffff,교육,1
8930e0aea3bffff,부동산,2
8930e0aea3bffff,소매,4
8930e0aea3bffff,수리·개인,6
8930e0aea3bffff,시설관리·임대,1
8930e0aea43ffff,수리·개인,1
8930e0aea43ffff,음식,1
8930e0aea47ffff,과학·기술,3
8930e0aea47ffff,소매,2
8930e0aea47ffff,음식,2
8930e0aea63ffff,과학·기술,11
8930e0aea63ffff,교육,12
8930e0aea63ffff,보건의료,15
8930e0aea63ffff,부동산,7
8930e0aea63ffff,소매,51
8930e0aea63ffff,수리·개인,22
8930e0aea63ffff,시설관리·임대,3
8930e0aea63ffff,예술·스포츠,20
8930e0aea63ffff,음식,61
8930e0aea67ffff,과학·기술,2
8930e0aea67ffff,교육,1
8930e0aea67ffff,부동산,2
8930e0aea67ffff,소매,6
8930e0aea67ffff,수리·개인,5
8930e0aea67ffff,시설관리·임대,3
8930e0aea67ffff,음식,5
8930e0aea6bffff,교육,6
8930e0aea6bffff,부동산,4
8930e0aea6bffff,소매,3
8930e0aea6bffff,수리·개인,1
8930e0aea6bffff,음식,2
8930e0aea6fffff,과학·기술,6
8930e0aea6fffff,교육,8
8930e0aea6fffff,보건의료,2
8930e0aea6fffff,부동산,7
8930e0aea6fffff,소매,23
8930e0aea6fffff,수리·개인,12
8930e0aea6fffff,숙박,1
8930e0aea6fffff,시설관리·임대,1
8930e0aea6fffff,예술·스포츠,7
8930e0aea6fffff,음식,15
8930e0aea73ffff,과학·기술,3
8930e0aea73ffff,교육,2
8930e0aea73ffff,부동산,7
8930e0aea73ffff,소매,18
8930e0aea73ffff,수리·개인,10
8930e0aea73ffff,시설관리·임대,4
8930e0aea73ffff,예술·스포츠,5
8930e0aea73ffff,음식,23
8930e0aea77ffff,소매,6
8930e0aea77ffff,수리·개인,1
8930e0aea77ffff,음식,3
8930e0aea7bffff,과학·기술,5
8930e0aea7bffff,교육,2
8930e0aea7bffff,부동산,1
8930e0aea7bffff,소매,8
8930e0aea7bffff,수리·개인,9
8930e0aea7bffff,시설관리·임대,5
8930e0aea83ffff,과학·기술,11
8930e0aea83ffff,교육,2
8930e0aea83ffff,보건의료,1
8930e0aea83ffff,부동산,1
8930e0aea83ffff,소매,14
8930e0aea83ffff,수리·개인,7
8930e0aea83ffff,시설관리·임대,6
8930e0aea83ffff,음식,1
8930e0aea87ffff,과학·기술,6
8930e0aea87ffff,교육,6
8930e0aea87ffff,보건의료,12
8930e0aea87ffff,부동산,5
8930e0aea87ffff,소매,49
8930e0aea87ffff,수리·개인,19
8930e0aea87ffff,시설관리·임대,4
8930e0aea87ffff,예술·스포츠,11
8930e0aea87ffff,음식,61
8930e0aea8bffff,교육,2
8930e0aea8bffff,소매,2
8930e0aea8bffff,시설관리·임대,1
8930e0aea8fffff,과학·기술,5
8930e0aea8fffff,교육,6
8930e0aea8fffff,보건의료,1
8930e0aea8fffff,부동산,1
8930e0aea8fffff,소매,33
8930e0aea8fffff,수리·개인,18
8930e0aea8fffff,시설관리·임대,5
8930e0aea8fffff,음식,8
8930e0aea93ffff,과학·기술,1
8930e0aea93ffff,교육,1
8930e0aea97ffff,과학·기술,1
8930e0aea97ffff,교육,1
8930e0aea97ffff,소매,2
8930e0aea97ffff,예술·스포츠,1
8930e0aea97ffff,음식,2
8930e0aeaa3ffff,과학·기술,4
8930e0aeaa3ffff,교육,4
8930e0aeaa3ffff,부동산,2
8930e0aeaa3ffff,소매,10
8930e0aeaa3ffff,수리·개인,17
8930e0aeaa3ffff,시설관리·임대,5
8930e0aeaa3ffff,예술·스포츠,1
8930e0aeaa3ffff,음식,8
8930e0aeaa7ffff,과학·기술,7
8930e0aeaa7ffff,교육,15
8930e0aeaa7ffff,부동산,4
8930e0aeaa7ffff,소매,27
8930e0aeaa7ffff,수리·개인,26
8930e0aeaa7ffff,숙박,1
8930e0aeaa7ffff,시설관리·임대,7
8930e0aeaa7ffff,예술·스포츠,2
8930e0aeaa7ffff,음식,29
8930e0aeaabffff,과학·기술,7
8930e0aeaabffff,교육,3
8930e0aeaabffff,보건의료,3
8930e0aeaabffff,부동산,4
8930e0aeaabffff,소매,35
8930e0aeaabffff,수리·개인,16
8930e0aeaabffff,시설관리·임대,3
8930e0aeaabffff,예술·스포츠,11
8930e0aeaabffff,음식,43
8930e0aeaafffff,과학·기술,2
8930e0aeaafffff,교육,9
8930e0aeaafffff,보건의료,3
8930e0aeaafffff,부동산,6
8930e0aeaafffff,소매,121
8930e0aeaafffff,수리·개인,19
8930e0aeaafffff,숙박,1
8930e0aeaafffff,시설관리·임대,2
8930e0aeaafffff,예술·스포츠,1
8930e0aeaafffff,음식,45
8930e0aeab3ffff,과학·기술,4
8930e0aeab3ffff,교육,4
8930e0aeab3ffff,보건의료,2
8930e0aeab3ffff,부동산,4
8930e0aeab3ffff,소매,14
8930e0aeab3ffff,수리·개인,10
8930e0aeab3ffff,숙박,1
8930e0aeab3ffff,시설관리·임대,6
8930e0aeab3ffff,예술·스포츠,15
8930e0aeab3ffff,음식,36
8930e0aeab7ffff,과학·기술,4
8930e0aeab7ffff,교육,3
8930e0aeab7ffff,부동산,2
8930e0aeab7ffff,소매,22
8930e0aeab7ffff,수리·개인,16
8930e0aeab7ffff,숙박,1
8930e0aeab7ffff,시설관리·임대,4
8930e0aeab7ffff,예술·스포츠,1
8930e0aeab7ffff,음식,26
8930e0aeabbffff,과학·기술,4
8930e0aeabbffff,교육,3
8930e0aeabbffff,소매,10
8930e0aeabbffff,수리·개인,4
8930e0aeabbffff,숙박,1
8930e0aeabbffff,시설관리·임대,2
8930e0aeabbffff,예술·스포츠,2
8930e0aeabbffff,음식,6
8930e0aeb03ffff,과학·기술,8
8930e0aeb03ffff,교육,4
8930e0aeb03ffff,보건의료,2
8930e0aeb03ffff,부동산,11
8930e0aeb03ffff,소매,23
8930e0aeb03ffff,수리·개인,23
8930e0aeb03ffff,숙박,1
8930e0aeb03ffff,시설관리·임대,4
8930e0aeb03ffff,예술·스포츠,4
8930e0aeb03ffff,음식,39
8930e0aeb07ffff,과학·기술,3
8930e0aeb07ffff,소매,6
8930e0aeb07ffff,수리·개인,2
8930e0aeb07ffff,시설관리·임대,2
8930e0aeb0bffff,과학·기술,4
8930e0aeb0bffff,교육,17
8930e0aeb0bffff,보건의료,21
8930e0aeb0bffff,부동산,18
8930e0aeb0bffff,소매,109
8930e0aeb0bffff,수리·개인,35
8930e0aeb0bffff,숙박,1
8930e0aeb0bffff,시설관리·임대,3
8930e0aeb0bffff,예술·스포츠,8
8930e0aeb0bffff,음식,87
8930e0aeb0fffff,과학·기술,3
8930e0aeb0fffff,교육,10
8930e0aeb0fffff,부동산,2
8930e0aeb0fffff,소매,5
8930e0aeb0fffff,수리·개인,6
8930e0aeb0fffff,시설관리·임대,4
8930e0aeb0fffff,음식,4
8930e0aeb13ffff,과학·기술,1
8930e0aeb13ffff,부동산,1
8930e0aeb13ffff,소매,6
8930e0aeb13ffff,수리·개인,5
8930e0aeb13ffff,시설관리·임대,1
8930e0aeb13ffff,음식,7
8930e0aeb17ffff,과학·기술,2
8930e0aeb17ffff,교육,2
8930e0aeb17ffff,부동산,1
8930e0aeb17ffff,소매,11
8930e0aeb17ffff,수리·개인,5
8930e0aeb17ffff,시설관리·임대,1
8930e0aeb1bffff,과학·기술,6
8930e0aeb1bffff,교육,6
8930e0aeb1bffff,보건의료,9
8930e0aeb1bffff,부동산,10
8930e0aeb1bffff,소매,26
8930e0aeb1bffff,수리·개인,16
8930e0aeb1bffff,숙박,1
8930e0aeb1bffff,시설관리·임대,2
8930e0aeb1bffff,예술·스포츠,8
8930e0aeb1bffff,음식,38
8930e0aeb23ffff,과학·기술,11
8930e0aeb23ffff,교육,10
8930e0aeb23ffff,부동산,2
8930e0aeb23ffff,소매,10
8930e0aeb23ffff,수리·개인,15
8930e0aeb23ffff,시설관리·임대,4
8930e0aeb23ffff,음식,17
8930e0aeb27ffff,과학·기술,1
8930e0aeb27ffff,교육,6
8930e0aeb27ffff,소매,11
8930e0aeb27ffff,수리·개인,7
8930e0aeb27ffff,시설관리·임대,2
8930e0aeb27ffff,음식,7
8930e0aeb2bffff,과학·기술,5
8930e0aeb2bffff,교육,4
8930e0aeb2bffff,보건의료,2
8930e0aeb2bffff,부동산,3
8930e0aeb2bffff,소매,15
8930e0aeb2bffff,수리·개인,15
8930e0aeb2bffff,예술·스포츠,2
8930e0aeb2bffff,음식,5
8930e0aeb2fffff,과학·기술,11
8930e0aeb2fffff,교육,8
8930e0aeb2fffff,보건의료,4
8930e0aeb2fffff,부동산,5
8930e0aeb2fffff,소매,38
8930e0aeb2fffff,수리·개인,25
8930e0aeb2fffff,시설관리·임대,4
8930e0aeb2fffff,예술·스포츠,3
8930e0aeb2fffff,음식,23
8930e0aeb33ffff,교육,3
8930e0aeb33ffff,소매,2
8930e0aeb33ffff,수리·개인,1
8930e0aeb33ffff,음식,1
8930e0aeb37ffff,교육,1
8930e0aeb37ffff,소매,1
8930e0aeb3bffff,과학·기술,4
8930e0aeb3bffff,교육,7
8930e0aeb3bffff,소매,2
8930e0aeb3bffff,수리·개인,4
8930e0aeb3bffff,시설관리·임대,2
8930e0aeb3bffff,예술·스포츠,1
8930e0aeb3bffff,음식,3
8930e0aeb43ffff,과학·기술,4
8930e0aeb43ffff,교육,4
8930e0aeb43ffff,부동산,1
8930e0aeb43ffff,소매,12
8930e0aeb43ffff,수리·개인,14
8930e0aeb43ffff,숙박,10
8930e0aeb43ffff,시설관리·임대,8
8930e0aeb43ffff,예술·스포츠,10
8930e0aeb43ffff,음식,57
8930e0aeb47ffff,과학·기술,10
8930e0aeb47ffff,교육,9
8930e0aeb47ffff,보건의료,11
8930e0aeb47ffff,부동산,6
8930e0aeb47ffff,소매,44
8930e0aeb47ffff,수리·개인,32
8930e0aeb47ffff,숙박,13
8930e0aeb47ffff,시설관리·임대,4
8930e0aeb47ffff,예술·스포츠,19
8930e0aeb47ffff,음식,149
8930e0aeb4bffff,과학·기술,8
8930e0aeb4bffff,교육,4
8930e0aeb4bffff,부동산,3
8930e0aeb4bffff,소매,13
8930e0aeb4bffff,수리·개인,9
8930e0aeb4bffff,시설관리·임대,1
8930e0aeb4bffff,음식,3
8930e0aeb4fffff,과학·기술,6
8930e0aeb4fffff,교육,1
8930e0aeb4fffff,부동산,2
8930e0aeb4fffff,소매,8
8930e0aeb4fffff,수리·개인,6
8930e0aeb4fffff,시설관리·임대,4
8930e0aeb4fffff,예술·스포츠,8
8930e0aeb4fffff,음식,12
8930e0aeb53ffff,과학·기술,1
8930e0aeb53ffff,교육,2
8930e0aeb53ffff,부동산,8
8930e0aeb53ffff,소매,18
8930e0aeb53ffff,수리·개인,13
8930e0aeb53ffff,숙박,4
8930e0aeb53ffff,예술·스포츠,5
8930e0aeb53ffff,음식,9
8930e0aeb57ffff,과학·기술,5
8930e0aeb57ffff,교육,13
8930e0aeb57ffff,보건의료,26
8930e0aeb57ffff,부동산,7
8930e0aeb57ffff,소매,49
8930e0aeb57ffff,수리·개인,24
8930e0aeb57ffff,숙박,4
8930e0aeb57ffff,시설관리·임대,4
8930e0aeb57ffff,예술·스포츠,18
8930e0aeb57ffff,음식,33
8930e0aeb5bffff,과학·기술,3
8930e0aeb5bffff,교육,1
8930e0aeb5bffff,부동산,1
8930e0aeb5bffff,소매,13
8930e0aeb5bffff,수리·개인,4
8930e0aeb5bffff,숙박,1
8930e0aeb5bffff,시설관리·임대,2
8930e0aeb5bffff,예술·스포츠,5
8930e0aeb5bffff,음식,45
8930e0aeb63ffff,과학·기술,3
8930e0aeb63ffff,교육,2
8930e0aeb63ffff,부동산,1
8930e0aeb63ffff,소매,16
8930e0aeb63ffff,수리·개인,6
8930e0aeb63ffff,숙박,1
8930e0aeb63ffff,시설관리·임대,1
8930e0aeb63ffff,음식,3
8930e0aeb67ffff,과학·기술,11
8930e0aeb67ffff,교육,9
8930e0aeb67ffff,보건의료,1
8930e0aeb67ffff,부동산,3
8930e0aeb67ffff,소매,29
8930e0aeb67ffff,수리·개인,6
8930e0aeb67ffff,시설관리·임대,4
8930e0aeb67ffff,예술·스포츠,6
8930e0aeb67ffff,음식,13
8930e0aeb6bffff,과학·기술,4
8930e0aeb6bffff,교육,3
8930e0aeb6bffff,소매,8
8930e0aeb6bffff,수리·개인,4
8930e0aeb6bffff,시설관리·임대,6
8930e0aeb6bffff,예술·스포츠,1
8930e0aeb6bffff,음식,5
8930e0aeb6fffff,과학·기술,3
8930e0aeb6fffff,교육,2
8930e0aeb6fffff,소매,10
8930e0aeb6fffff,수리·개인,10
8930e0aeb6fffff,숙박,1
8930e0aeb6fffff,시설관리·임대,1
8930e0aeb6fffff,음식,2
8930e0aeb73ffff,과학·기술,9
8930e0aeb73ffff,교육,17
8930e0aeb73ffff,보건의료,4
8930e0aeb73ffff,부동산,12
8930e0aeb73ffff,소매,28
8930e0aeb73ffff,수리·개인,27
8930e0aeb73ffff,숙박,1
8930e0aeb73ffff,시설관리·임대,4
8930e0aeb73ffff,예술·스포츠,4
8930e0aeb73ffff,음식,35
8930e0aeb77ffff,과학·기술,8
8930e0aeb77ffff,교육,20
8930e0aeb77ffff,보건의료,3
8930e0aeb77ffff,부동산,2
8930e0aeb77ffff,소매,31
8930e0aeb77ffff,수리·개인,16
8930e0aeb77ffff,숙박,1
8930e0aeb77ffff,시설관리·임대,2
8930e0aeb77ffff,예술·스포츠,2
8930e0aeb77ffff,음식,26
8930e0aeb7bffff,과학·기술,3
8930e0aeb7bffff,소매,18
8930e0aeb7bffff,수리·개인,4
8930e0aeb7bffff,숙박,2
8930e0aeb7bffff,시설관리·임대,1
8930e0aeb7bffff,예술·스포츠,5
8930e0aeb7bffff,음식,1
8930e0aeb83ffff,과학·기술,7
8930e0aeb83ffff,교육,8
8930e0aeb83ffff,보건의료,13
8930e0aeb83ffff,부동산,7
8930e0aeb83ffff,소매,63
8930e0aeb83ffff,수리·개인,29
8930e0aeb83ffff,숙박,2
8930e0aeb83ffff,시설관리·임대,7
8930e0aeb83ffff,예술·스포츠,8
8930e0aeb83ffff,음식,96
8930e0aeb87ffff,과학·기술,4
8930e0aeb87ffff,교육,16
8930e0aeb87ffff,부동산,11
8930e0aeb87ffff,소매,14
8930e0aeb87ffff,수리·개인,12
8930e0aeb87ffff,시설관리·임대,1
8930e0aeb87ffff,예술·스포츠,1
8930e0aeb87ffff,음식,20
8930e0aeb8bffff,과학·기술,4
8930e0aeb8bffff,교육,3
8930e0aeb8bffff,부동산,4
8930e0aeb8bffff,소매,8
8930e0aeb8bffff,수리·개인,8
8930e0aeb8bffff,숙박,2
8930e0aeb8bffff,시설관리·임대,1
8930e0aeb8bffff,음식,7
8930e0aeb8fffff,과학·기술,5
8930e0aeb8fffff,교육,15
8930e0aeb8fffff,부동산,3
8930e0aeb8fffff,소매,11
8930e0aeb8fffff,수리·개인,12
8930e0aeb8fffff,시설관리·임대,1
8930e0aeb8fffff,예술·스포츠,1
8930e0aeb8fffff,음식,13
8930e0aeb93ffff,과학·기술,17
8930e0aeb93ffff,교육,13
8930e0aeb93ffff,보건의료,4
8930e0aeb93ffff,부동산,6
8930e0aeb93ffff,소매,22
8930e0aeb93ffff,수리·개인,35
8930e0aeb93ffff,숙박,3
8930e0aeb93ffff,시설관리·임대,9
8930e0aeb93ffff,예술·스포츠,10
8930e0aeb93ffff,음식,38
8930e0aeb97ffff,과학·기술,14
8930e0aeb97ffff,교육,6
8930e0aeb97ffff,보건의료,6
8930e0aeb97ffff,부동산,4
8930e0aeb97ffff,소매,36
8930e0aeb97ffff,수리·개인,15
8930e0aeb97ffff,숙박,2
8930e0aeb97ffff,시설관리·임대,3
8930e0aeb97ffff,예술·스포츠,15
8930e0aeb97ffff,음식,57
8930e0aeb9bffff,과학·기술,7
8930e0aeb9bffff,교육,14
8930e0aeb9bffff,보건의료,27
8930e0aeb9bffff,부동산,12
8930e0aeb9bffff,소매,38
8930e0aeb9bffff,수리·개인,30
8930e0aeb9bffff,숙박,3
8930e0aeb9bffff,시설관리·임대,5
8930e0aeb9bffff,예술·스포츠,9
8930e0aeb9bffff,음식,44
8930e0aebabffff,과학·기술,1
8930e0aebabffff,소매,2
8930e0aebabffff,수리·개인,2
8930e0aebabffff,시설관리·임대,1
8930e0aebabffff,음식,1
8930e0aebb3ffff,과학·기술,6
8930e0aebb3ffff,교육,1
8930e0aebb3ffff,소매,7
8930e0aebb3ffff,수리·개인,9
8930e0aebb3ffff,시설관리·임대,1
8930e0aebb3ffff,음식,1
8930e0aebb7ffff,과학·기술,2
8930e0aebbbffff,과학·기술,4
8930e0aebbbffff,교육,11
8930e0aebbbffff,부동산,2
8930e0aebbbffff,소매,14
8930e0aebbbffff,수리·개인,12
8930e0aebbbffff,숙박,1
8930e0aebbbffff,음식,3
8930e0aebc3ffff,과학·기술,2
8930e0aebc3ffff,교육,4
8930e0aebc3ffff,부동산,3
8930e0aebc3ffff,소매,29
8930e0aebc3ffff,수리·개인,13
8930e0aebc3ffff,시설관리·임대,5
8930e0aebc3ffff,예술·스포츠,1
8930e0aebc3ffff,음식,21
8930e0aebc7ffff,과학·기술,1
8930e0aebc7ffff,부동산,1
8930e0aebc7ffff,소매,2
8930e0aebc7ffff,수리·개인,2
8930e0aebc7ffff,시설관리·임대,1
8930e0aebc7ffff,음식,4
8930e0aebcbffff,과학·기술,4
8930e0aebcbffff,교육,4
8930e0aebcbffff,보건의료,3
8930e0aebcbffff,부동산,11
8930e0aebcbffff,소매,27
8930e0aebcbffff,수리·개인,18
8930e0aebcbffff,숙박,1
8930e0aebcbffff,예술·스포츠,10
8930e0aebcbffff,음식,29
8930e0aebcfffff,과학·기술,7
8930e0aebcfffff,교육,3
8930e0aebcfffff,보건의료,1
8930e0aebcfffff,부동산,12
8930e0aebcfffff,소매,19
8930e0aebcfffff,수리·개인,18
8930e0aebcfffff,숙박,2
8930e0aebcfffff,시설관리·임대,6
8930e0aebcfffff,예술·스포츠,3
8930e0aebcfffff,음식,27
8930e0aebd3ffff,과학·기술,7
8930e0aebd3ffff,교육,7
8930e0aebd3ffff,보건의료,3
8930e0aebd3ffff,부동산,4
8930e0aebd3ffff,소매,23
8930e0aebd3ffff,수리·개인,10
8930e0aebd3ffff,시설관리·임대,3
8930e0aebd3ffff,예술·스포츠,8
8930e0aebd3ffff,음식,41
8930e0aebd7ffff,과학·기술,8
8930e0aebd7ffff,교육,4
8930e0aebd7ffff,부동산,7
8930e0aebd7ffff,소매,17
8930e0aebd7ffff,수리·개인,14
8930e0aebd7ffff,시설관리·임대,7
8930e0aebd7ffff,예술·스포츠,2
8930e0aebd7ffff,음식,16
8930e0aebdbffff,과학·기술,4
8930e0aebdbffff,교육,7
8930e0aebdbffff,보건의료,12
8930e0aebdbffff,부동산,5
8930e0aebdbffff,소매,52
8930e0aebdbffff,수리·개인,18
8930e0aebdbffff,숙박,2
8930e0aebdbffff,예술·스포츠,7
8930e0aebdbffff,음식,43
8930e0aec03ffff,과학·기술,5
8930e0aec03ffff,교육,2
8930e0aec03ffff,부동산,4
8930e0aec03ffff,소매,4
8930e0aec03ffff,수리·개인,8
8930e0aec03ffff,숙박,4
8930e0aec03ffff,시설관리·임대,2
8930e0aec03ffff,음식,16
8930e0aec07ffff,소매,2
8930e0aec07ffff,수리·개인,2
8930e0aec07ffff,음식,1
8930e0aec0bffff,과학·기술,6
8930e0aec0bffff,교육,7
8930e0aec0bffff,보건의료,2
8930e0aec0bffff,부동산,5
8930e0aec0bffff,소매,35
8930e0aec0bffff,수리·개인,25
8930e0aec0bffff,시설관리·임대,1
8930e0aec0bffff,예술·스포츠,3
8930e0aec0bffff,음식,29
8930e0aec0fffff,과학·기술,3
8930e0aec0fffff,교육,1
8930e0aec0fffff,부동산,1
8930e0aec0fffff,소매,2
8930e0aec0fffff,시설관리·임대,1
8930e0aec13ffff,과학·기술,7
8930e0aec13ffff,교육,14
8930e0aec13ffff,보건의료,12
8930e0aec13ffff,부동산,8
8930e0aec13ffff,소매,35
8930e0aec13ffff,수리·개인,6
8930e0aec13ffff,숙박,6
8930e0aec13ffff,시설관리·임대,13
8930e0aec13ffff,예술·스포츠,17
8930e0aec13ffff,음식,57
8930e0aec17ffff,과학·기술,7
8930e0aec17ffff,교육,2
8930e0aec17ffff,보건의료,2
8930e0aec17ffff,부동산,5
8930e0aec17ffff,소매,16
8930e0aec17ffff,수리·개인,6
8930e0aec17ffff,시설관리·임대,7
8930e0aec17ffff,예술·스포츠,2
8930e0aec17ffff,음식,11
8930e0aec1bffff,과학·기술,13
8930e0aec1bffff,교육,7
8930e0aec1bffff,보건의료,2
8930e0aec1bffff,부동산,4
8930e0aec1bffff,소매,22
8930e0aec1bffff,수리·개인,18
8930e0aec1bffff,숙박,2
8930e0aec1bffff,시설관리·임대,6
8930e0aec1bffff,예술·스포츠,6
8930e0aec1bffff,음식,32
8930e0aec23ffff,교육,2
8930e0aec23ffff,소매,3
8930e0aec23ffff,음식,5
8930e0aec27ffff,과학·기술,27
8930e0aec27ffff,교육,5
8930e0aec27ffff,보건의료,7
8930e0aec27ffff,부동산,8
8930e0aec27ffff,소매,40
8930e0aec27ffff,수리·개인,5
8930e0aec27ffff,숙박,2
8930e0aec27ffff,시설관리·임대,5
8930e0aec27ffff,예술·스포츠,5
8930e0aec27ffff,음식,88
8930e0aec2fffff,과학·기술,54
8930e0aec2fffff,교육,82
8930e0aec2fffff,보건의료,1
8930e0aec2fffff,부동산,15
8930e0aec2fffff,소매,41
8930e0aec2fffff,수리·개인,34
8930e0aec2fffff,시설관리·임대,22
8930e0aec2fffff,예술·스포츠,7
8930e0aec2fffff,음식,56
8930e0aec33ffff,과학·기술,2
8930e0aec33ffff,교육,6
8930e0aec33ffff,보건의료,4
8930e0aec33ffff,소매,4
8930e0aec33ffff,시설관리·임대,1
8930e0aec33ffff,음식,8
8930e0aec3bffff,과학·기술,1
8930e0aec3bffff,교육,1
8930e0aec3bffff,소매,2
8930e0aec3bffff,수리·개인,1
8930e0aec3bffff,예술·스포츠,1
8930e0aec3bffff,음식,5
8930e0aec43ffff,시설관리·임대,1
8930e0aec43ffff,음식,1
8930e0aec47ffff,과학·기술,5
8930e0aec47ffff,교육,2
8930e0aec47ffff,소매,9
8930e0aec47ffff,수리·개인,5
8930e0aec47ffff,시설관리·임대,3
8930e0aec47ffff,예술·스포츠,5
8930e0aec47ffff,음식,2
8930e0aec57ffff,과학·기술,3
8930e0aec57ffff,소매,1
8930e0aec57ffff,수리·개인,2
8930e0aec57ffff,숙박,1
8930e0aec57ffff,시설관리·임대,2
8930e0aec63ffff,과학·기술,3
8930e0aec63ffff,교육,1
8930e0aec63ffff,부동산,2
8930e0aec63ffff,소매,72
8930e0aec63ffff,수리·개인,6
8930e0aec63ffff,숙박,1
8930e0aec63ffff,시설관리·임대,1
8930e0aec63ffff,예술·스포츠,5
8930e0aec63ffff,음식,23
8930e0aec67ffff,과학·기술,4
8930e0aec67ffff,교육,2
8930e0aec67ffff,소매,10
8930e0aec67ffff,시설관리·임대,3
8930e0aec67ffff,음식,3
8930e0aec73ffff,과학·기술,5
8930e0aec73ffff,교육,2
8930e0aec73ffff,부동산,1
8930e0aec73ffff,소매,12
8930e0aec73ffff,수리·개인,8
8930e0aec73ffff,숙박,1
8930e0aec73ffff,시설관리·임대,2
8930e0aec73ffff,음식,9
8930e0aec77ffff,과학·기술,11
8930e0aec77ffff,교육,2
8930e0aec77ffff,부동산,5
8930e0aec77ffff,소매,13
8930e0aec77ffff,수리·개인,15
8930e0aec77ffff,숙박,3
8930e0aec77ffff,시설관리·임대,8
8930e0aec77ffff,예술·스포츠,2
8930e0aec77ffff,음식,21
8930e0aec7bffff,소매,2
8930e0aec83ffff,과학·기술,10
8930e0aec83ffff,교육,2
8930e0aec83ffff,부동산,2
8930e0aec83ffff,소매,7
8930e0aec83ffff,수리·개인,15
8930e0aec83ffff,숙박,1
8930e0aec83ffff,시설관리·임대,4
8930e0aec83ffff,음식,7
8930e0aec87ffff,과학·기술,13
8930e0aec87ffff,교육,5
8930e0aec87ffff,보건의료,3
8930e0aec87ffff,부동산,4
8930e0aec87ffff,소매,21
8930e0aec87ffff,수리·개인,12
8930e0aec87ffff,숙박,1
8930e0aec87ffff,시설관리·임대,4
8930e0aec87ffff,예술·스포츠,13
8930e0aec87ffff,음식,46
8930e0aec8bffff,과학·기술,8
8930e0aec8bffff,교육,6
8930e0aec8bffff,보건의료,3
8930e0aec8bffff,부동산,9
8930e0aec8bffff,소매,32
8930e0aec8bffff,수리·개인,12
8930e0aec8bffff,숙박,5
8930e0aec8bffff,시설관리·임대,6
8930e0aec8bffff,예술·스포츠,6
8930e0aec8bffff,음식,36
8930e0aec8fffff,과학·기술,5
8930e0aec8fffff,교육,9
8930e0aec8fffff,보건의료,15
8930e0aec8fffff,부동산,6
8930e0aec8fffff,소매,45
8930e0aec8fffff,수리·개인,18
8930e0aec8fffff,숙박,3
8930e0aec8fffff,시설관리·임대,2
8930e0aec8fffff,예술·스포츠,5
8930e0aec8fffff,음식,46
8930e0aec93ffff,과학·기술,1
8930e0aec93ffff,소매,4
8930e0aec93ffff,수리·개인,7
8930e0aec93ffff,시설관리·임대,2
8930e0aec93ffff,음식,3
8930e0aec97ffff,과학·기술,8
8930e0aec97ffff,교육,11
8930e0aec97ffff,부동산,4
8930e0aec97ffff,소매,15
8930e0aec97ffff,수리·개인,10
8930e0aec97ffff,시설관리·임대,2
8930e0aec97ffff,예술·스포츠,3
8930e0aec97ffff,음식,10
8930e0aec9bffff,과학·기술,5
8930e0aec9bffff,교육,1
8930e0aec9bffff,부동산,1
8930e0aec9bffff,소매,6
8930e0aec9bffff,수리·개인,3
8930e0aec9bffff,시설관리·임대,2
8930e0aec9bffff,예술·스포츠,1
8930e0aec9bffff,음식,6
8930e0aeca3ffff,과학·기술,20
8930e0aeca3ffff,교육,51
8930e0aeca3ffff,보건의료,10
8930e0aeca3ffff,부동산,8
8930e0aeca3ffff,소매,29
8930e0aeca3ffff,수리·개인,11
8930e0aeca3ffff,시설관리·임대,10
8930e0aeca3ffff,예술·스포츠,6
8930e0aeca3ffff,음식,27
8930e0aeca7ffff,과학·기술,4
8930e0aeca7ffff,교육,35
8930e0aeca7ffff,보건의료,16
8930e0aeca7ffff,부동산,3
8930e0aeca7ffff,소매,30
8930e0aeca7ffff,수리·개인,11
8930e0aeca7ffff,예술·스포츠,6
8930e0aeca7ffff,음식,22
8930e0aecabffff,과학·기술,4
8930e0aecabffff,교육,6
8930e0aecabffff,부동산,1
8930e0aecabffff,소매,1
8930e0aecabffff,시설관리·임대,4
8930e0aecabffff,음식,2
8930e0aecafffff,교육,1
8930e0aecafffff,부동산,8
8930e0aecafffff,소매,7
8930e0aecafffff,수리·개인,2
8930e0aecafffff,음식,6
8930e0aecb3ffff,과학·기술,11
8930e0aecb3ffff,교육,5
8930e0aecb3ffff,보건의료,3
8930e0aecb3ffff,부동산,7
8930e0aecb3ffff,소매,24
8930e0aecb3ffff,수리·개인,27
8930e0aecb3ffff,숙박,4
8930e0aecb3ffff,시설관리·임대,9
8930e0aecb3ffff,예술·스포츠,6
8930e0aecb3ffff,음식,41
8930e0aecb7ffff,과학·기술,2
8930e0aecb7ffff,교육,7
8930e0aecb7ffff,부동산,4
8930e0aecb7ffff,소매,10
8930e0aecb7ffff,수리·개인,7
8930e0aecb7ffff,숙박,3
8930e0aecb7ffff,예술·스포츠,1
8930e0aecb7ffff,음식,5
8930e0aecbbffff,과학·기술,9
8930e0aecbbffff,교육,1
8930e0aecbbffff,소매,10
8930e0aecbbffff,수리·개인,7
8930e0aecbbffff,시설관리·임대,5
8930e0aecbbffff,음식,3
8930e0aecc7ffff,과학·기술,11
8930e0aecc7ffff,교육,1
8930e0aecc7ffff,부동산,3
8930e0aecc7ffff,소매,9
8930e0aecc7ffff,수리·개인,6
8930e0aecc7ffff,숙박,9
8930e0aecc7ffff,시설관리·임대,5
8930e0aecc7ffff,예술·스포츠,4
8930e0aecc7ffff,음식,17
8930e0aeccfffff,과학·기술,3
8930e0aeccfffff,교육,1
8930e0aeccfffff,소매,10
8930e0aeccfffff,수리·개인,5
8930e0aeccfffff,시설관리·임대,1
8930e0aeccfffff,예술·스포츠,1
8930e0aeccfffff,음식,32
8930e0aecd3ffff,교육,2
8930e0aecd3ffff,소매,7
8930e0aecd3ffff,수리·개인,1
8930e0aecd3ffff,시설관리·임대,1
8930e0aecd3ffff,음식,4
8930e0aecd7ffff,과학·기술,4
8930e0aecd7ffff,부동산,1
8930e0aecd7ffff,시설관리·임대,4
8930e0aecd7ffff,예술·스포츠,1
8930e0aecd7ffff,음식,4
8930e0aed07ffff,소매,1
8930e0aed07ffff,수리·개인,1
8930e0aed07ffff,음식,2
8930e0aed0fffff,소매,1
8930e0aed0fffff,음식,2
8930e0aed13ffff,과학·기술,1
8930e0aed1bffff,과학·기술,2
8930e0aed1bffff,보건의료,1
8930e0aed1bffff,부동산,1
8930e0aed1bffff,숙박,5
8930e0aed1bffff,시설관리·임대,1
8930e0aed1bffff,예술·스포츠,1
8930e0aed1bffff,음식,7
8930e0aed23ffff,과학·기술,12
8930e0aed23ffff,교육,7
8930e0aed23ffff,보건의료,6
8930e0aed23ffff,부동산,15
8930e0aed23ffff,소매,28
8930e0aed23ffff,수리·개인,33
8930e0aed23ffff,시설관리·임대,12
8930e0aed23ffff,예술·스포츠,11
8930e0aed23ffff,음식,99
8930e0aed27ffff,과학·기술,3
8930e0aed27ffff,교육,7
8930e0aed27ffff,보건의료,1
8930e0aed27ffff,부동산,3
8930e0aed27ffff,소매,11
8930e0aed27ffff,수리·개인,7
8930e0aed27ffff,숙박,1
8930e0aed27ffff,시설관리·임대,1
8930e0aed27ffff,예술·스포츠,4
8930e0aed27ffff,음식,10
8930e0aed2bffff,과학·기술,19
8930e0aed2bffff,교육,3
8930e0aed2bffff,부동산,16
8930e0aed2bffff,소매,29
8930e0aed2bffff,수리·개인,15
8930e0aed2bffff,시설관리·임대,10
8930e0aed2bffff,예술·스포츠,6
8930e0aed2bffff,음식,53
8930e0aed2fffff,과학·기술,15
8930e0aed2fffff,교육,7
8930e0aed2fffff,보건의료,4
8930e0aed2fffff,부동산,9
8930e0aed2fffff,소매,14
8930e0aed2fffff,수리·개인,23
8930e0aed2fffff,시설관리·임대,5
8930e0aed2fffff,예술·스포츠,7
8930e0aed2fffff,음식,31
8930e0aed33ffff,과학·기술,1
8930e0aed33ffff,보건의료,1
8930e0aed33ffff,소매,9
8930e0aed33ffff,수리·개인,5
8930e0aed33ffff,시설관리·임대,1
8930e0aed33ffff,음식,10
8930e0aed37ffff,과학·기술,10
8930e0aed37ffff,교육,4
8930e0aed37ffff,부동산,4
8930e0aed37ffff,소매,20
8930e0aed37ffff,수리·개인,16
8930e0aed37ffff,시설관리·임대,6
8930e0aed37ffff,예술·스포츠,3
8930e0aed37ffff,음식,28
8930e0aed3bffff,과학·기술,4
8930e0aed3bffff,교육,1
8930e0aed3bffff,부동산,3
8930e0aed3bffff,소매,2
8930e0aed3bffff,음식,7
8930e0aed43ffff,과학·기술,122
8930e0aed43ffff,교육,39
8930e0aed43ffff,보건의료,7
8930e0aed43ffff,부동산,35
8930e0aed43ffff,소매,42
8930e0aed43ffff,수리·개인,60
8930e0aed43ffff,시설관리·임대,35
8930e0aed43ffff,예술·스포츠,13
8930e0aed43ffff,음식,153
8930e0aed47ffff,과학·기술,66
8930e0aed47ffff,교육,4
8930e0aed47ffff,보건의료,1
8930e0aed47ffff,부동산,3
8930e0aed47ffff,소매,22
8930e0aed47ffff,수리·개인,7
8930e0aed47ffff,시설관리·임대,22
8930e0aed47ffff,예술·스포츠,5
8930e0aed47ffff,음식,32
8930e0aed4bffff,과학·기술,239
8930e0aed4bffff,교육,73
8930e0aed4bffff,보건의료,5
8930e0aed4bffff,부동산,43
8930e0aed4bffff,소매,100
8930e0aed4bffff,수리·개인,171
8930e0aed4bffff,시설관리·임대,51
8930e0aed4bffff,예술·스포츠,14
8930e0aed4bffff,음식,122
8930e0aed4fffff,과학·기술,360
8930e0aed4fffff,교육,56
8930e0aed4fffff,보건의료,10
8930e0aed4fffff,부동산,51
8930e0aed4fffff,소매,96
8930e0aed4fffff,수리·개인,81
8930e0aed4fffff,숙박,1
8930e0aed4fffff,시설관리·임대,85
8930e0aed4fffff,예술·스포츠,12
8930e0aed4fffff,음식,168
8930e0aed53ffff,교육,1
8930e0aed53ffff,보건의료,2
8930e0aed53ffff,소매,4
8930e0aed53ffff,음식,19
8930e0aed57ffff,소매,4
8930e0aed57ffff,수리·개인,1
8930e0aed57ffff,음식,7
8930e0aed5bffff,과학·기술,205
8930e0aed5bffff,교육,43
8930e0aed5bffff,보건의료,37
8930e0aed5bffff,부동산,41
8930e0aed5bffff,소매,67
8930e0aed5bffff,수리·개인,102
8930e0aed5bffff,시설관리·임대,53
8930e0aed5bffff,예술·스포츠,18
8930e0aed5bffff,음식,71
8930e0aed63ffff,과학·기술,63
8930e0aed63ffff,교육,15
8930e0aed63ffff,보건의료,35
8930e0aed63ffff,부동산,25
8930e0aed63ffff,소매,49
8930e0aed63ffff,수리·개인,37
8930e0aed63ffff,숙박,1
8930e0aed63ffff,시설관리·임대,26
8930e0aed63ffff,예술·스포츠,23
8930e0aed63ffff,음식,190
8930e0aed67ffff,과학·기술,23
8930e0aed67ffff,교육,10
8930e0aed67ffff,부동산,18
8930e0aed67ffff,소매,28
8930e0aed67ffff,수리·개인,4
8930e0aed67ffff,숙박,4
8930e0aed67ffff,시설관리·임대,15
8930e0aed67ffff,예술·스포츠,10
8930e0aed67ffff,음식,56
8930e0aed6bffff,과학·기술,19
8930e0aed6bffff,교육,11
8930e0aed6bffff,보건의료,32
8930e0aed6bffff,부동산,4
8930e0aed6bffff,소매,46
8930e0aed6bffff,수리·개인,25
8930e0aed6bffff,숙박,1
8930e0aed6bffff,시설관리·임대,14
8930e0aed6bffff,예술·스포츠,15
8930e0aed6bffff,음식,107
8930e0aed6fffff,과학·기술,5
8930e0aed6fffff,교육,10
8930e0aed6fffff,보건의료,17
8930e0aed6fffff,부동산,4
8930e0aed6fffff,소매,171
8930e0aed6fffff,수리·개인,25
8930e0aed6fffff,숙박,1
8930e0aed6fffff,시설관리·임대,10
8930e0aed6fffff,예술·스포츠,21
8930e0aed6fffff,음식,93
8930e0aed73ffff,소매,2
8930e0aed73ffff,음식,1
8930e0aed77ffff,과학·기술,2
8930e0aed77ffff,소매,9
8930e0aed77ffff,시설관리·임대,1
8930e0aed77ffff,음식,9
8930e0aed7bffff,과학·기술,167
8930e0aed7bffff,교육,20
8930e0aed7bffff,보건의료,10
8930e0aed7bffff,부동산,29
8930e0aed7bffff,소매,48
8930e0aed7bffff,수리·개인,67
8930e0aed7bffff,숙박,2
8930e0aed7bffff,시설관리·임대,48
8930e0aed7bffff,예술·스포츠,16
8930e0aed7bffff,음식,211
8930e0aed8bffff,소매,2
8930e0aed8bffff,음식,1
8930e0aed8fffff,소매,4
8930e0aed9bffff,소매,3
8930e0aeda7ffff,과학·기술,4
8930e0aeda7ffff,교육,1
8930e0aeda7ffff,부동산,2
8930e0aeda7ffff,소매,1
8930e0aeda7ffff,수리·개인,5
8930e0aeda7ffff,음식,2
8930e0aedabffff,소매,1
8930e0aedabffff,음식,1
8930e0aedafffff,과학·기술,27
8930e0aedafffff,소매,8
8930e0aedafffff,수리·개인,9
8930e0aedafffff,숙박,1
8930e0aedafffff,시설관리·임대,1
8930e0aedafffff,음식,4
8930e0aedb3ffff,소매,1
8930e0aedb3ffff,예술·스포츠,1
8930e0aedbbffff,소매,3
8930e0aedbbffff,예술·스포츠,1
8930e0aedbbffff,음식,7
8930e0aedc3ffff,과학·기술,95
8930e0aedc3ffff,교육,18
8930e0aedc3ffff,보건의료,9
8930e0aedc3ffff,부동산,9
8930e0aedc3ffff,소매,35
8930e0aedc3ffff,수리·개인,56
8930e0aedc3ffff,시설관리·임대,36
8930e0aedc3ffff,예술·스포츠,6
8930e0aedc3ffff,음식,74
8930e0aedc7ffff,과학·기술,258
8930e0aedc7ffff,교육,46
8930e0aedc7ffff,보건의료,17
8930e0aedc7ffff,부동산,25
8930e0aedc7ffff,소매,69
8930e0aedc7ffff,수리·개인,80
8930e0aedc7ffff,시설관리·임대,75
8930e0aedc7ffff,예술·스포츠,33
8930e0aedc7ffff,음식,252
8930e0aedcbffff,과학·기술,7
8930e0aedcbffff,교육,3
8930e0aedcbffff,보건의료,5
8930e0aedcbffff,부동산,6
8930e0aedcbffff,소매,17
8930e0aedcbffff,수리·개인,1
8930e0aedcbffff,숙박,2
8930e0aedcbffff,시설관리·임대,1
8930e0aedcbffff,예술·스포츠,4
8930e0aedcbffff,음식,49
8930e0aedcfffff,소매,6
8930e0aedcfffff,음식,2
8930e0aedd3ffff,과학·기술,5
8930e0aedd3ffff,교육,6
8930e0aedd3ffff,부동산,3
8930e0aedd3ffff,소매,3
8930e0aedd3ffff,수리·개인,5
8930e0aedd3ffff,시설관리·임대,1
8930e0aedd3ffff,예술·스포츠,2
8930e0aedd3ffff,음식,8
8930e0aedd7ffff,과학·기술,10
8930e0aedd7ffff,교육,1
8930e0aedd7ffff,부동산,6
8930e0aedd7ffff,소매,5
8930e0aedd7ffff,수리·개인,2
8930e0aedd7ffff,예술·스포츠,2
8930e0aedd7ffff,음식,44
8930e0aeddbffff,과학·기술,2
8930e0aeddbffff,음식,3
8930e0aee27ffff,음식,1
8930e0aee2fffff,소매,1
8930e0aee2fffff,수리·개인,5
8930e0aee2fffff,시설관리·임대,3
8930e0aee2fffff,음식,2
8930e0aee33ffff,소매,5
8930e0aee33ffff,수리·개인,4
8930e0aee37ffff,수리·개인,1
8930e0aeea3ffff,과학·기술,1
8930e0aeea3ffff,소매,3
8930e0aeea3ffff,시설관리·임대,1
8930e0aeea3ffff,음식,1
8930e0aeeafffff,수리·개인,3
8930e0aeeafffff,음식,1
8930e0aeeb7ffff,소매,1
8930e1c0003ffff,과학·기술,5
8930e1c0003ffff,교육,5
8930e1c0003ffff,소매,14
8930e1c0003ffff,수리·개인,8
8930e1c0003ffff,시설관리·임대,3
8930e1c0007ffff,과학·기술,18
8930e1c0007ffff,교육,6
8930e1c0007ffff,보건의료,6
8930e1c0007ffff,부동산,10
8930e1c0007ffff,소매,35
8930e1c0007ffff,수리·개인,32
8930e1c0007ffff,숙박,2
8930e1c0007ffff,시설관리·임대,6
8930e1c0007ffff,예술·스포츠,11
8930e1c0007ffff,음식,41
8930e1c000bffff,과학·기술,3
8930e1c000bffff,교육,1
8930e1c000bffff,부동산,1
8930e1c000bffff,소매,16
8930e1c000bffff,수리·개인,11
8930e1c000bffff,음식,7
8930e1c000fffff,과학·기술,10
8930e1c000fffff,교육,8
8930e1c000fffff,보건의료,2
8930e1c000fffff,부동산,6
8930e1c000fffff,소매,50
8930e1c000fffff,수리·개인,29
8930e1c000fffff,숙박,2
8930e1c000fffff,시설관리·임대,6
8930e1c000fffff,예술·스포츠,10
8930e1c000fffff,음식,71
8930e1c0017ffff,과학·기술,18
8930e1c0017ffff,교육,15
8930e1c0017ffff,부동산,3
8930e1c0017ffff,소매,17
8930e1c0017ffff,수리·개인,12
8930e1c0017ffff,시설관리·임대,9
8930e1c0017ffff,음식,4
8930e1c0023ffff,과학·기술,1
8930e1c0023ffff,교육,1
8930e1c0023ffff,수리·개인,3
8930e1c002bffff,과학·기술,2
8930e1c002bffff,교육,2
8930e1c002bffff,부동산,1
8930e1c002bffff,소매,8
8930e1c002bffff,수리·개인,8
8930e1c002bffff,음식,6
8930e1c002fffff,소매,1
8930e1c0033ffff,과학·기술,2
8930e1c0033ffff,교육,5
8930e1c0033ffff,보건의료,3
8930e1c0033ffff,부동산,3
8930e1c0033ffff,소매,16
8930e1c0033ffff,수리·개인,16
8930e1c0033ffff,시설관리·임대,6
8930e1c0033ffff,음식,4
8930e1c0037ffff,과학·기술,2
8930e1c0037ffff,교육,1
8930e1c0037ffff,수리·개인,1
8930e1c003bffff,과학·기술,20
8930e1c003bffff,교육,3
8930e1c003bffff,보건의료,6
8930e1c003bffff,부동산,6
8930e1c003bffff,소매,32
8930e1c003bffff,수리·개인,13
8930e1c003bffff,숙박,2
8930e1c003bffff,시설관리·임대,11
8930e1c003bffff,예술·스포츠,9
8930e1c003bffff,음식,21
8930e1c0043ffff,교육,2
8930e1c0043ffff,부동산,1
8930e1c0043ffff,소매,1
8930e1c0043ffff,수리·개인,1
8930e1c0043ffff,음식,1
8930e1c0047ffff,소매,1
8930e1c0047ffff,수리·개인,3
8930e1c0047ffff,시설관리·임대,1
8930e1c0047ffff,음식,2
8930e1c004bffff,과학·기술,1
8930e1c004bffff,소매,5
8930e1c004bffff,수리·개인,2
8930e1c004bffff,시설관리·임대,3
8930e1c004bffff,음식,2
8930e1c004fffff,과학·기술,6
8930e1c004fffff,교육,2
8930e1c004fffff,소매,8
8930e1c004fffff,수리·개인,2
8930e1c004fffff,시설관리·임대,3
8930e1c004fffff,음식,2
8930e1c0053ffff,과학·기술,1
8930e1c0053ffff,소매,1
8930e1c0053ffff,음식,3
8930e1c0057ffff,부동산,2
8930e1c0057ffff,소매,1
8930e1c0057ffff,수리·개인,2
8930e1c0057ffff,예술·스포츠,1
8930e1c0057ffff,음식,1
8930e1c005bffff,과학·기술,6
8930e1c005bffff,교육,12
8930e1c005bffff,보건의료,2
8930e1c005bffff,부동산,5
8930e1c005bffff,소매,17
8930e1c005bffff,수리·개인,10
8930e1c005bffff,시설관리·임대,2
8930e1c005bffff,예술·스포츠,3
8930e1c005bffff,음식,19
8930e1c0063ffff,과학·기술,6
8930e1c0063ffff,교육,11
8930e1c0063ffff,보건의료,27
8930e1c0063ffff,부동산,6
8930e1c0063ffff,소매,44
8930e1c0063ffff,수리·개인,23
8930e1c0063ffff,숙박,3
8930e1c0063ffff,시설관리·임대,5
8930e1c0063ffff,예술·스포츠,16
8930e1c0063ffff,음식,64
8930e1c0067ffff,과학·기술,7
8930e1c0067ffff,교육,6
8930e1c0067ffff,보건의료,2
8930e1c0067ffff,부동산,8
8930e1c0067ffff,소매,16
8930e1c0067ffff,수리·개인,14
8930e1c0067ffff,숙박,1
8930e1c0067ffff,시설관리·임대,1
8930e1c0067ffff,예술·스포츠,2
8930e1c0067ffff,음식,11
8930e1c006bffff,과학·기술,10
8930e1c006bffff,교육,7
8930e1c006bffff,보건의료,5
8930e1c006bffff,부동산,6
8930e1c006bffff,소매,53
8930e1c006bffff,수리·개인,18
8930e1c006bffff,숙박,1
8930e1c006bffff,시설관리·임대,7
8930e1c006bffff,예술·스포츠,13
8930e1c006bffff,음식,53
8930e1c006fffff,과학·기술,7
8930e1c006fffff,교육,8
8930e1c006fffff,보건의료,4
8930e1c006fffff,부동산,4
8930e1c006fffff,소매,36
8930e1c006fffff,수리·개인,21
8930e1c006fffff,시설관리·임대,5
8930e1c006fffff,예술·스포츠,3
8930e1c006fffff,음식,17
8930e1c0073ffff,과학·기술,7
8930e1c0073ffff,부동산,7
8930e1c0073ffff,소매,13
8930e1c0073ffff,수리·개인,7
8930e1c0073ffff,시설관리·임대,1
8930e1c0073ffff,예술·스포츠,3
8930e1c0073ffff,음식,26
8930e1c0077ffff,과학·기술,20
8930e1c0077ffff,교육,21
8930e1c0077ffff,보건의료,4
8930e1c0077ffff,부동산,5
8930e1c0077ffff,소매,35
8930e1c0077ffff,수리·개인,22
8930e1c0077ffff,숙박,3
8930e1c0077ffff,시설관리·임대,5
8930e1c0077ffff,예술·스포츠,8
8930e1c0077ffff,음식,51
8930e1c007bffff,과학·기술,11
8930e1c007bffff,교육,4
8930e1c007bffff,부동산,5
8930e1c007bffff,소매,32
8930e1c007bffff,수리·개인,19
8930e1c007bffff,시설관리·임대,7
8930e1c007bffff,예술·스포츠,4
8930e1c007bffff,음식,28
8930e1c0083ffff,과학·기술,4
8930e1c0083ffff,교육,6
8930e1c0083ffff,부동산,4
8930e1c0083ffff,소매,7
8930e1c0083ffff,수리·개인,7
8930e1c0083ffff,시설관리·임대,2
8930e1c0083ffff,음식,7
8930e1c0087ffff,시설관리·임대,1
8930e1c0087ffff,예술·스포츠,1
8930e1c0087ffff,음식,2
8930e1c008bffff,소매,1
8930e1c008bffff,예술·스포츠,3
8930e1c008fffff,소매,1
8930e1c008fffff,수리·개인,3
8930e1c008fffff,시설관리·임대,1
8930e1c0093ffff,과학·기술,3
8930e1c0093ffff,교육,3
8930e1c0093ffff,보건의료,1
8930e1c0093ffff,부동산,1
8930e1c0093ffff,소매,20
8930e1c0093ffff,수리·개인,3
8930e1c0093ffff,숙박,2
8930e1c0093ffff,시설관리·임대,2
8930e1c0093ffff,예술·스포츠,2
8930e1c0093ffff,음식,21
8930e1c009bffff,과학·기술,4
8930e1c009bffff,교육,2
8930e1c009bffff,보건의료,2
8930e1c009bffff,부동산,2
8930e1c009bffff,소매,8
8930e1c009bffff,수리·개인,6
8930e1c009bffff,숙박,1
8930e1c009bffff,시설관리·임대,3
8930e1c009bffff,음식,11
8930e1c00a3ffff,과학·기술,12
8930e1c00a3ffff,교육,12
8930e1c00a3ffff,보건의료,7
8930e1c00a3ffff,부동산,3
8930e1c00a3ffff,소매,26
8930e1c00a3ffff,수리·개인,19
8930e1c00a3ffff,시설관리·임대,1
8930e1c00a3ffff,예술·스포츠,9
8930e1c00a3ffff,음식,84
8930e1c00a7ffff,과학·기술,10
8930e1c00a7ffff,교육,5
8930e1c00a7ffff,보건의료,3
8930e1c00a7ffff,부동산,8
8930e1c00a7ffff,소매,39
8930e1c00a7ffff,수리·개인,20
8930e1c00a7ffff,시설관리·임대,3
8930e1c00a7ffff,예술·스포츠,10
8930e1c00a7ffff,음식,53
8930e1c00abffff,과학·기술,17
8930e1c00abffff,교육,11
8930e1c00abffff,보건의료,19
8930e1c00abffff,부동산,12
8930e1c00abffff,소매,58
8930e1c00abffff,수리·개인,20
8930e1c00abffff,숙박,1
8930e1c00abffff,시설관리·임대,16
8930e1c00abffff,예술·스포츠,22
8930e1c00abffff,음식,91
8930e1c00afffff,과학·기술,8
8930e1c00afffff,교육,19
8930e1c00afffff,보건의료,3
8930e1c00afffff,부동산,13
8930e1c00afffff,소매,25
8930e1c00afffff,수리·개인,25
8930e1c00afffff,시설관리·임대,3
8930e1c00afffff,예술·스포츠,7
8930e1c00afffff,음식,32
8930e1c00b3ffff,과학·기술,7
8930e1c00b3ffff,부동산,3
8930e1c00b3ffff,소매,6
8930e1c00b3ffff,수리·개인,12
8930e1c00b3ffff,숙박,2
8930e1c00b3ffff,시설관리·임대,2
8930e1c00b3ffff,예술·스포츠,1
8930e1c00b3ffff,음식,11
8930e1c00b7ffff,과학·기술,10
8930e1c00b7ffff,교육,5
8930e1c00b7ffff,보건의료,3
8930e1c00b7ffff,부동산,2
8930e1c00b7ffff,소매,16
8930e1c00b7ffff,수리·개인,9
8930e1c00b7ffff,숙박,2
8930e1c00b7ffff,시설관리·임대,4
8930e1c00b7ffff,예술·스포츠,4
8930e1c00b7ffff,음식,33
8930e1c00bbffff,과학·기술,12
8930e1c00bbffff,교육,2
8930e1c00bbffff,부동산,5
8930e1c00bbffff,소매,33
8930e1c00bbffff,수리·개인,25
8930e1c00bbffff,시설관리·임대,1
8930e1c00bbffff,예술·스포츠,6
8930e1c00bbffff,음식,35
8930e1c00c3ffff,과학·기술,2
8930e1c00c3ffff,교육,1
8930e1c00c3ffff,부동산,2
8930e1c00c3ffff,소매,10
8930e1c00c3ffff,수리·개인,8
8930e1c00c3ffff,시설관리·임대,2
8930e1c00c3ffff,음식,1
8930e1c00cbffff,과학·기술,2
8930e1c00cbffff,교육,11
8930e1c00cbffff,보건의료,6
8930e1c00cbffff,부동산,6
8930e1c00cbffff,소매,19
8930e1c00cbffff,수리·개인,12
8930e1c00cbffff,숙박,2
8930e1c00cbffff,시설관리·임대,2
8930e1c00cbffff,예술·스포츠,3
8930e1c00cbffff,음식,18
8930e1c00d3ffff,과학·기술,6
8930e1c00d3ffff,교육,1
8930e1c00d3ffff,부동산,3
8930e1c00d3ffff,소매,27
8930e1c00d3ffff,수리·개인,16
8930e1c00d3ffff,시설관리·임대,5
8930e1c00d3ffff,예술·스포츠,2
8930e1c00d3ffff,음식,18
8930e1c00d7ffff,과학·기술,1
8930e1c00d7ffff,교육,1
8930e1c00d7ffff,부동산,2
8930e1c00d7ffff,소매,4
8930e1c00d7ffff,숙박,1
8930e1c00d7ffff,시설관리·임대,2
8930e1c00d7ffff,음식,4
8930e1c00dbffff,과학·기술,2
8930e1c00dbffff,교육,12
8930e1c00dbffff,보건의료,2
8930e1c00dbffff,부동산,10
8930e1c00dbffff,소매,9
8930e1c00dbffff,수리·개인,7
8930e1c00dbffff,예술·스포츠,2
8930e1c00dbffff,음식,4
8930e1c0103ffff,과학·기술,4
8930e1c0103ffff,교육,10
8930e1c0103ffff,보건의료,10
8930e1c0103ffff,부동산,4
8930e1c0103ffff,소매,21
8930e1c0103ffff,수리·개인,26
8930e1c0103ffff,시설관리·임대,5
8930e1c0103ffff,예술·스포츠,2
8930e1c0103ffff,음식,28
8930e1c010fffff,과학·기술,1
8930e1c010fffff,교육,4
8930e1c010fffff,부동산,3
8930e1c010fffff,소매,2
8930e1c010fffff,수리·개인,2
8930e1c010fffff,예술·스포츠,2
8930e1c010fffff,음식,2
8930e1c0113ffff,과학·기술,15
8930e1c0113ffff,교육,30
8930e1c0113ffff,보건의료,4
8930e1c0113ffff,부동산,12
8930e1c0113ffff,소매,21
8930e1c0113ffff,수리·개인,11
8930e1c0113ffff,시설관리·임대,7
8930e1c0113ffff,예술·스포츠,1
8930e1c0113ffff,음식,35
8930e1c0117ffff,음식,1
8930e1c011bffff,교육,2
8930e1c011bffff,부동산,1
8930e1c011bffff,소매,4
8930e1c011bffff,수리·개인,5
8930e1c011bffff,시설관리·임대,2
8930e1c011bffff,예술·스포츠,2
8930e1c011bffff,음식,3
8930e1c0123ffff,과학·기술,3
8930e1c0123ffff,소매,7
8930e1c0123ffff,수리·개인,4
8930e1c0123ffff,시설관리·임대,1
8930e1c0123ffff,음식,9
8930e1c0127ffff,과학·기술,50
8930e1c0127ffff,교육,5
8930e1c0127ffff,부동산,1
8930e1c0127ffff,소매,13
8930e1c0127ffff,수리·개인,1
8930e1c0127ffff,시설관리·임대,5
8930e1c0127ffff,음식,9
8930e1c012bffff,과학·기술,1
8930e1c012bffff,소매,3
8930e1c012bffff,수리·개인,2
8930e1c012bffff,시설관리·임대,1
8930e1c012bffff,음식,3
8930e1c0137ffff,과학·기술,3
8930e1c0137ffff,부동산,1
8930e1c0137ffff,소매,1
8930e1c0137ffff,수리·개인,2
8930e1c0137ffff,시설관리·임대,2
8930e1c0137ffff,예술·스포츠,1
8930e1c0137ffff,음식,1
8930e1c013bffff,과학·기술,1
8930e1c013bffff,보건의료,1
8930e1c013bffff,소매,10
8930e1c013bffff,수리·개인,1
8930e1c013bffff,시설관리·임대,1
8930e1c013bffff,음식,3
8930e1c014bffff,교육,1
8930e1c014bffff,부동산,2
8930e1c014bffff,소매,1
8930e1c014bffff,수리·개인,1
8930e1c014bffff,시설관리·임대,1
8930e1c014fffff,교육,6
8930e1c014fffff,보건의료,2
8930e1c014fffff,소매,2
8930e1c014fffff,수리·개인,1
8930e1c014fffff,음식,2
8930e1c0163ffff,과학·기술,10
8930e1c0163ffff,교육,18
8930e1c0163ffff,보건의료,7
8930e1c0163ffff,부동산,7
8930e1c0163ffff,소매,27
8930e1c0163ffff,수리·개인,22
8930e1c0163ffff,시설관리·임대,5
8930e1c0163ffff,예술·스포츠,8
8930e1c0163ffff,음식,30
8930e1c0167ffff,과학·기술,2
8930e1c0167ffff,소매,1
8930e1c016bffff,과학·기술,3
8930e1c016bffff,교육,7
8930e1c016bffff,보건의료,2
8930e1c016bffff,부동산,3
8930e1c016bffff,소매,20
8930e1c016bffff,수리·개인,19
8930e1c016bffff,예술·스포츠,16
8930e1c016bffff,음식,79
8930e1c016fffff,과학·기술,6
8930e1c016fffff,교육,5
8930e1c016fffff,보건의료,1
8930e1c016fffff,부동산,1
8930e1c016fffff,소매,13
8930e1c016fffff,수리·개인,9
8930e1c016fffff,예술·스포츠,5
8930e1c016fffff,음식,28
8930e1c0173ffff,과학·기술,5
8930e1c0173ffff,교육,9
8930e1c0173ffff,보건의료,1
8930e1c0173ffff,부동산,8
8930e1c0173ffff,소매,10
8930e1c0173ffff,수리·개인,8
8930e1c0173ffff,시설관리·임대,1
8930e1c0173ffff,예술·스포츠,3
8930e1c0173ffff,음식,5
8930e1c0177ffff,소매,1
8930e1c017bffff,과학·기술,39
8930e1c017bffff,교육,26
8930e1c017bffff,보건의료,19
8930e1c017bffff,부동산,3
8930e1c017bffff,소매,69
8930e1c017bffff,수리·개인,21
8930e1c017bffff,시설관리·임대,19
8930e1c017bffff,예술·스포츠,10
8930e1c017bffff,음식,34
8930e1c0183ffff,과학·기술,1
8930e1c0183ffff,교육,2
8930e1c0183ffff,소매,3
8930e1c0183ffff,수리·개인,1
8930e1c0183ffff,음식,2
8930e1c018bffff,소매,2
8930e1c0193ffff,과학·기술,1
8930e1c0193ffff,교육,11
8930e1c0193ffff,보건의료,2
8930e1c0193ffff,부동산,1
8930e1c0193ffff,소매,3
8930e1c0193ffff,수리·개인,2
8930e1c0193ffff,예술·스포츠,3
8930e1c0193ffff,음식,7
8930e1c0197ffff,교육,14
8930e1c0197ffff,부동산,6
8930e1c0197ffff,소매,6
8930e1c0197ffff,수리·개인,8
8930e1c0197ffff,시설관리·임대,1
8930e1c0197ffff,예술·스포츠,2
8930e1c0197ffff,음식,18
8930e1c019bffff,교육,2
8930e1c019bffff,부동산,2
8930e1c019bffff,예술·스포츠,1
8930e1c019bffff,음식,2
8930e1c01b3ffff,음식,4
8930e1c01c3ffff,소매,1
8930e1c01c3ffff,음식,1
8930e1c01c7ffff,과학·기술,1
8930e1c01c7ffff,교육,1
8930e1c01c7ffff,소매,2
8930e1c01c7ffff,시설관리·임대,1
8930e1c01c7ffff,예술·스포츠,1
8930e1c01c7ffff,음식,3
8930e1c01d3ffff,과학·기술,2
8930e1c01d3ffff,교육,12
8930e1c01d3ffff,보건의료,1
8930e1c01d3ffff,부동산,7
8930e1c01d3ffff,소매,9
8930e1c01d3ffff,수리·개인,8
8930e1c01d3ffff,시설관리·임대,5
8930e1c01d3ffff,음식,9
8930e1c01d7ffff,과학·기술,1
8930e1c01d7ffff,교육,4
8930e1c01d7ffff,보건의료,1
8930e1c01d7ffff,부동산,6
8930e1c01d7ffff,소매,6
8930e1c01d7ffff,수리·개인,5
8930e1c01d7ffff,시설관리·임대,1
8930e1c01d7ffff,예술·스포츠,2
8930e1c01d7ffff,음식,2
8930e1c01dbffff,과학·기술,1
8930e1c01dbffff,소매,1
8930e1c01dbffff,음식,1
8930e1c0203ffff,과학·기술,1
8930e1c0203ffff,소매,1
8930e1c0203ffff,수리·개인,1
8930e1c0207ffff,과학·기술,6
8930e1c0207ffff,교육,11
8930e1c0207ffff,보건의료,1
8930e1c0207ffff,부동산,5
8930e1c0207ffff,소매,17
8930e1c0207ffff,수리·개인,15
8930e1c0207ffff,숙박,1
8930e1c0207ffff,시설관리·임대,3
8930e1c0207ffff,음식,13
8930e1c020bffff,과학·기술,1
8930e1c020bffff,교육,1
8930e1c020bffff,소매,1
8930e1c020fffff,과학·기술,1
8930e1c020fffff,부동산,2
8930e1c020fffff,소매,2
8930e1c020fffff,수리·개인,2
8930e1c020fffff,음식,2
8930e1c0217ffff,과학·기술,5
8930e1c0217ffff,부동산,1
8930e1c0217ffff,소매,15
8930e1c0217ffff,수리·개인,8
8930e1c0217ffff,숙박,1
8930e1c0217ffff,시설관리·임대,3
8930e1c0217ffff,음식,25
8930e1c021bffff,교육,2
8930e1c021bffff,소매,1
8930e1c0223ffff,과학·기술,11
8930e1c0223ffff,교육,1
8930e1c0223ffff,보건의료,6
8930e1c0223ffff,부동산,3
8930e1c0223ffff,소매,30
8930e1c0223ffff,수리·개인,13
8930e1c0223ffff,숙박,3
8930e1c0223ffff,시설관리·임대,3
8930e1c0223ffff,예술·스포츠,7
8930e1c0223ffff,음식,36
8930e1c0227ffff,과학·기술,1
8930e1c0227ffff,교육,1
8930e1c0227ffff,부동산,2
8930e1c0227ffff,소매,14
8930e1c0227ffff,수리·개인,10
8930e1c0227ffff,시설관리·임대,5
8930e1c0227ffff,음식,3
8930e1c022bffff,과학·기술,15
8930e1c022bffff,교육,2
8930e1c022bffff,보건의료,3
8930e1c022bffff,부동산,3
8930e1c022bffff,소매,36
8930e1c022bffff,수리·개인,26
8930e1c022bffff,숙박,3
8930e1c022bffff,시설관리·임대,7
8930e1c022bffff,예술·스포츠,8
8930e1c022bffff,음식,40
8930e1c022fffff,과학·기술,9
8930e1c022fffff,교육,3
8930e1c022fffff,부동산,6
8930e1c022fffff,소매,17
8930e1c022fffff,수리·개인,7
8930e1c022fffff,시설관리·임대,2
8930e1c022fffff,예술·스포츠,1
8930e1c022fffff,음식,8
8930e1c0233ffff,과학·기술,15
8930e1c0233ffff,교육,13
8930e1c0233ffff,보건의료,7
8930e1c0233ffff,부동산,4
8930e1c0233ffff,소매,43
8930e1c0233ffff,수리·개인,34
8930e1c0233ffff,시설관리·임대,2
8930e1c0233ffff,예술·스포츠,5
8930e1c0233ffff,음식,53
8930e1c0237ffff,과학·기술,10
8930e1c0237ffff,교육,6
8930e1c0237ffff,보건의료,2
8930e1c0237ffff,부동산,3
8930e1c0237ffff,소매,28
8930e1c0237ffff,수리·개인,19
8930e1c0237ffff,시설관리·임대,8
8930e1c0237ffff,예술·스포츠,1
8930e1c0237ffff,음식,24
8930e1c023bffff,과학·기술,13
8930e1c023bffff,교육,9
8930e1c023bffff,부동산,4
8930e1c023bffff,소매,18
8930e1c023bffff,수리·개인,29
8930e1c023bffff,시설관리·임대,6
8930e1c023bffff,예술·스포츠,5
8930e1c023bffff,음식,43
8930e1c0243ffff,과학·기술,1
8930e1c0243ffff,교육,4
8930e1c0243ffff,보건의료,1
8930e1c0243ffff,부동산,1
8930e1c0243ffff,소매,20
8930e1c0243ffff,수리·개인,9
8930e1c0243ffff,예술·스포츠,6
8930e1c0243ffff,음식,22
8930e1c0247ffff,과학·기술,6
8930e1c0247ffff,교육,17
8930e1c0247ffff,보건의료,5
8930e1c0247ffff,부동산,4
8930e1c0247ffff,소매,25
8930e1c0247ffff,수리·개인,10
8930e1c0247ffff,예술·스포츠,3
8930e1c0247ffff,음식,29
8930e1c024bffff,과학·기술,10
8930e1c024bffff,교육,12
8930e1c024bffff,보건의료,16
8930e1c024bffff,부동산,7
8930e1c024bffff,소매,55
8930e1c024bffff,수리·개인,16
8930e1c024bffff,숙박,1
8930e1c024bffff,시설관리·임대,1
8930e1c024bffff,예술·스포츠,11
8930e1c024bffff,음식,73
8930e1c024fffff,과학·기술,4
8930e1c024fffff,교육,4
8930e1c024fffff,보건의료,3
8930e1c024fffff,부동산,3
8930e1c024fffff,소매,22
8930e1c024fffff,수리·개인,19
8930e1c024fffff,숙박,1
8930e1c024fffff,시설관리·임대,1
8930e1c024fffff,예술·스포츠,7
8930e1c024fffff,음식,36
8930e1c0253ffff,소매,1
8930e1c0257ffff,과학·기술,2
8930e1c0257ffff,교육,6
8930e1c0257ffff,보건의료,2
8930e1c0257ffff,부동산,3
8930e1c0257ffff,소매,7
8930e1c0257ffff,수리·개인,4
8930e1c0257ffff,예술·스포츠,4
8930e1c0257ffff,음식,10
8930e1c025bffff,과학·기술,6
8930e1c025bffff,교육,8
8930e1c025bffff,부동산,2
8930e1c025bffff,소매,10
8930e1c025bffff,수리·개인,5
8930e1c025bffff,시설관리·임대,2
8930e1c025bffff,음식,5
8930e1c0267ffff,과학·기술,1
8930e1c0267ffff,교육,6
8930e1c0267ffff,보건의료,2
8930e1c0267ffff,부동산,7
8930e1c0267ffff,소매,14
8930e1c0267ffff,수리·개인,5
8930e1c0267ffff,숙박,2
8930e1c0267ffff,시설관리·임대,2
8930e1c0267ffff,음식,12
8930e1c026bffff,예술·스포츠,1
8930e1c026bffff,음식,2
8930e1c026fffff,과학·기술,1
8930e1c026fffff,소매,2
8930e1c0273ffff,과학·기술,2
8930e1c0273ffff,교육,2
8930e1c0273ffff,부동산,3
8930e1c0273ffff,소매,6
8930e1c0273ffff,수리·개인,1
8930e1c0273ffff,시설관리·임대,1
8930e1c0273ffff,음식,1
8930e1c0277ffff,과학·기술,5
8930e1c0277ffff,교육,2
8930e1c0277ffff,소매,12
8930e1c0277ffff,수리·개인,7
8930e1c0277ffff,시설관리·임대,6
8930e1c0277ffff,음식,2
8930e1c027bffff,과학·기술,3
8930e1c027bffff,부동산,2
8930e1c027bffff,소매,10
8930e1c027bffff,수리·개인,2
8930e1c027bffff,숙박,1
8930e1c027bffff,시설관리·임대,3
8930e1c027bffff,음식,15
8930e1c0283ffff,과학·기술,4
8930e1c0283ffff,교육,1
8930e1c0283ffff,부동산,1
8930e1c0283ffff,소매,5
8930e1c0283ffff,수리·개인,4
8930e1c0283ffff,시설관리·임대,2
8930e1c0283ffff,음식,3
8930e1c0287ffff,과학·기술,1
8930e1c0287ffff,소매,6
8930e1c0287ffff,수리·개인,2
8930e1c0287ffff,시설관리·임대,1
8930e1c0287ffff,음식,2
8930e1c028bffff,과학·기술,2
8930e1c028bffff,교육,12
8930e1c028bffff,보건의료,9
8930e1c028bffff,부동산,5
8930e1c028bffff,소매,8
8930e1c028bffff,수리·개인,11
8930e1c028bffff,예술·스포츠,7
8930e1c028bffff,음식,15
8930e1c028fffff,과학·기술,1
8930e1c028fffff,소매,1
8930e1c028fffff,음식,1
8930e1c0293ffff,과학·기술,3
8930e1c0293ffff,교육,7
8930e1c0293ffff,보건의료,6
8930e1c0293ffff,부동산,12
8930e1c0293ffff,소매,20
8930e1c0293ffff,수리·개인,10
8930e1c0293ffff,시설관리·임대,3
8930e1c0293ffff,예술·스포츠,3
8930e1c0293ffff,음식,12
8930e1c0297ffff,과학·기술,4
8930e1c0297ffff,교육,1
8930e1c0297ffff,부동산,1
8930e1c0297ffff,소매,5
8930e1c0297ffff,수리·개인,4
8930e1c0297ffff,숙박,1
8930e1c0297ffff,시설관리·임대,2
8930e1c0297ffff,음식,1
8930e1c029bffff,과학·기술,1
8930e1c029bffff,교육,3
8930e1c029bffff,부동산,7
8930e1c029bffff,소매,3
8930e1c029bffff,수리·개인,2
8930e1c029bffff,숙박,1
8930e1c029bffff,시설관리·임대,3
8930e1c029bffff,음식,4
8930e1c02a3ffff,과학·기술,6
8930e1c02a3ffff,교육,5
8930e1c02a3ffff,보건의료,24
8930e1c02a3ffff,부동산,6
8930e1c02a3ffff,소매,39
8930e1c02a3ffff,수리·개인,13
8930e1c02a3ffff,숙박,1
8930e1c02a3ffff,시설관리·임대,5
8930e1c02a3ffff,예술·스포츠,22
8930e1c02a3ffff,음식,89
8930e1c02a7ffff,과학·기술,8
8930e1c02a7ffff,교육,6
8930e1c02a7ffff,보건의료,4
8930e1c02a7ffff,부동산,1
8930e1c02a7ffff,소매,10
8930e1c02a7ffff,수리·개인,5
8930e1c02a7ffff,숙박,4
8930e1c02a7ffff,시설관리·임대,4
8930e1c02a7ffff,예술·스포츠,2
8930e1c02a7ffff,음식,6
8930e1c02abffff,과학·기술,6
8930e1c02abffff,교육,3
8930e1c02abffff,부동산,9
8930e1c02abffff,소매,32
8930e1c02abffff,수리·개인,27
8930e1c02abffff,숙박,2
8930e1c02abffff,시설관리·임대,4
8930e1c02abffff,예술·스포츠,12
8930e1c02abffff,음식,87
8930e1c02afffff,과학·기술,5
8930e1c02afffff,교육,2
8930e1c02afffff,보건의료,3
8930e1c02afffff,부동산,4
8930e1c02afffff,소매,65
8930e1c02afffff,수리·개인,19
8930e1c02afffff,숙박,2
8930e1c02afffff,시설관리·임대,6
8930e1c02afffff,예술·스포츠,17
8930e1c02afffff,음식,72
8930e1c02b3ffff,과학·기술,4
8930e1c02b3ffff,교육,2
8930e1c02b3ffff,부동산,4
8930e1c02b3ffff,소매,22
8930e1c02b3ffff,수리·개인,21
8930e1c02b3ffff,시설관리·임대,2
8930e1c02b3ffff,음식,12
8930e1c02b7ffff,과학·기술,6
8930e1c02b7ffff,교육,6
8930e1c02b7ffff,보건의료,5
8930e1c02b7ffff,부동산,4
8930e1c02b7ffff,소매,39
8930e1c02b7ffff,수리·개인,13
8930e1c02b7ffff,시설관리·임대,3
8930e1c02b7ffff,예술·스포츠,13
8930e1c02b7ffff,음식,56
8930e1c02bbffff,과학·기술,12
8930e1c02bbffff,교육,1
8930e1c02bbffff,보건의료,3
8930e1c02bbffff,부동산,2
8930e1c02bbffff,소매,19
8930e1c02bbffff,수리·개인,16
8930e1c02bbffff,숙박,6
8930e1c02bbffff,시설관리·임대,4
8930e1c02bbffff,예술·스포츠,8
8930e1c02bbffff,음식,23
8930e1c02c3ffff,과학·기술,1
8930e1c02c3ffff,교육,1
8930e1c02c3ffff,보건의료,2
8930e1c02c3ffff,소매,4
8930e1c02c3ffff,수리·개인,1
8930e1c02c3ffff,음식,5
8930e1c02c7ffff,부동산,1
8930e1c02c7ffff,소매,1
8930e1c02c7ffff,수리·개인,1
8930e1c02c7ffff,음식,4
8930e1c02cfffff,과학·기술,1
8930e1c02cfffff,소매,2
8930e1c02cfffff,수리·개인,1
8930e1c02cfffff,시설관리·임대,1
8930e1c02cfffff,음식,3
8930e1c02d3ffff,과학·기술,5
8930e1c02d3ffff,교육,20
8930e1c02d3ffff,보건의료,9
8930e1c02d3ffff,부동산,6
8930e1c02d3ffff,소매,37
8930e1c02d3ffff,수리·개인,15
8930e1c02d3ffff,시설관리·임대,4
8930e1c02d3ffff,예술·스포츠,12
8930e1c02d3ffff,음식,55
8930e1c02d7ffff,과학·기술,2
8930e1c02d7ffff,교육,8
8930e1c02d7ffff,부동산,2
8930e1c02d7ffff,소매,9
8930e1c02d7ffff,수리·개인,1
8930e1c02d7ffff,예술·스포츠,2
8930e1c02d7ffff,음식,7
8930e1c02dbffff,과학·기술,2
8930e1c02dbffff,소매,7
8930e1c02dbffff,수리·개인,4
8930e1c02dbffff,시설관리·임대,3
8930e1c02dbffff,음식,15
8930e1c0303ffff,과학·기술,4
8930e1c0303ffff,교육,2
8930e1c0303ffff,보건의료,1
8930e1c0303ffff,부동산,3
8930e1c0303ffff,소매,10
8930e1c0303ffff,수리·개인,7
8930e1c0303ffff,숙박,9
8930e1c0303ffff,시설관리·임대,3
8930e1c0303ffff,예술·스포츠,2
8930e1c0303ffff,음식,34
8930e1c0307ffff,과학·기술,13
8930e1c0307ffff,교육,8
8930e1c0307ffff,부동산,11
8930e1c0307ffff,소매,27
8930e1c0307ffff,수리·개인,43
8930e1c0307ffff,숙박,8
8930e1c0307ffff,시설관리·임대,8
8930e1c0307ffff,예술·스포츠,10
8930e1c0307ffff,음식,53
8930e1c030bffff,과학·기술,4
8930e1c030bffff,교육,2
8930e1c030bffff,부동산,2
8930e1c030bffff,소매,15
8930e1c030bffff,수리·개인,5
8930e1c030bffff,시설관리·임대,2
8930e1c030bffff,예술·스포츠,1
8930e1c030bffff,음식,6
8930e1c030fffff,과학·기술,11
8930e1c030fffff,교육,5
8930e1c030fffff,보건의료,1
8930e1c030fffff,부동산,5
8930e1c030fffff,소매,20
8930e1c030fffff,수리·개인,17
8930e1c030fffff,시설관리·임대,10
8930e1c030fffff,예술·스포츠,10
8930e1c030fffff,음식,26
8930e1c0313ffff,과학·기술,9
8930e1c0313ffff,교육,10
8930e1c0313ffff,보건의료,4
8930e1c0313ffff,부동산,4
8930e1c0313ffff,소매,16
8930e1c0313ffff,수리·개인,21
8930e1c0313ffff,숙박,17
8930e1c0313ffff,시설관리·임대,3
8930e1c0313ffff,예술·스포츠,9
8930e1c0313ffff,음식,66
8930e1c0317ffff,과학·기술,6
8930e1c0317ffff,교육,5
8930e1c0317ffff,보건의료,11
8930e1c0317ffff,부동산,2
8930e1c0317ffff,소매,63
8930e1c0317ffff,수리·개인,14
8930e1c0317ffff,시설관리·임대,3
8930e1c0317ffff,예술·스포츠,6
8930e1c0317ffff,음식,41
8930e1c031bffff,과학·기술,5
8930e1c031bffff,교육,2
8930e1c031bffff,부동산,8
8930e1c031bffff,소매,21
8930e1c031bffff,수리·개인,14
8930e1c031bffff,숙박,2
8930e1c031bffff,시설관리·임대,6
8930e1c031bffff,예술·스포츠,19
8930e1c031bffff,음식,110
8930e1c0323ffff,과학·기술,10
8930e1c0323ffff,교육,5
8930e1c0323ffff,보건의료,23
8930e1c0323ffff,부동산,3
8930e1c0323ffff,소매,66
8930e1c0323ffff,수리·개인,26
8930e1c0323ffff,숙박,3
8930e1c0323ffff,시설관리·임대,5
8930e1c0323ffff,예술·스포츠,18
8930e1c0323ffff,음식,67
8930e1c0327ffff,과학·기술,2
8930e1c0327ffff,교육,3
8930e1c0327ffff,소매,9
8930e1c0327ffff,수리·개인,5
8930e1c0327ffff,시설관리·임대,6
8930e1c0327ffff,예술·스포츠,1
8930e1c0327ffff,음식,2
8930e1c032bffff,과학·기술,8
8930e1c032bffff,교육,11
8930e1c032bffff,부동산,2
8930e1c032bffff,소매,18
8930e1c032bffff,수리·개인,13
8930e1c032bffff,숙박,1
8930e1c032bffff,시설관리·임대,6
8930e1c032bffff,예술·스포츠,3
8930e1c032bffff,음식,14
8930e1c032fffff,과학·기술,4
8930e1c032fffff,교육,4
8930e1c032fffff,부동산,6
8930e1c032fffff,소매,27
8930e1c032fffff,수리·개인,19
8930e1c032fffff,시설관리·임대,9
8930e1c032fffff,음식,21
8930e1c0333ffff,과학·기술,9
8930e1c0333ffff,교육,2
8930e1c0333ffff,보건의료,2
8930e1c0333ffff,부동산,4
8930e1c0333ffff,소매,80
8930e1c0333ffff,수리·개인,16
8930e1c0333ffff,숙박,1
8930e1c0333ffff,시설관리·임대,5
8930e1c0333ffff,예술·스포츠,5
8930e1c0333ffff,음식,60
8930e1c0337ffff,과학·기술,10
8930e1c0337ffff,교육,5
8930e1c0337ffff,보건의료,8
8930e1c0337ffff,부동산,3
8930e1c0337ffff,소매,35
8930e1c0337ffff,수리·개인,23
8930e1c0337ffff,숙박,2
8930e1c0337ffff,시설관리·임대,7
8930e1c0337ffff,예술·스포츠,15
8930e1c0337ffff,음식,66
8930e1c033bffff,과학·기술,8
8930e1c033bffff,교육,2
8930e1c033bffff,부동산,4
8930e1c033bffff,소매,13
8930e1c033bffff,수리·개인,11
8930e1c033bffff,시설관리·임대,2
8930e1c033bffff,음식,13
8930e1c0343ffff,과학·기술,16
8930e1c0343ffff,교육,9
8930e1c0343ffff,보건의료,30
8930e1c0343ffff,부동산,12
8930e1c0343ffff,소매,83
8930e1c0343ffff,수리·개인,19
8930e1c0343ffff,숙박,5
8930e1c0343ffff,시설관리·임대,8
8930e1c0343ffff,예술·스포츠,12
8930e1c0343ffff,음식,88
8930e1c0347ffff,과학·기술,4
8930e1c0347ffff,교육,4
8930e1c0347ffff,보건의료,8
8930e1c0347ffff,부동산,13
8930e1c0347ffff,소매,89
8930e1c0347ffff,수리·개인,20
8930e1c0347ffff,숙박,1
8930e1c0347ffff,시설관리·임대,2
8930e1c0347ffff,예술·스포츠,15
8930e1c0347ffff,음식,93
8930e1c034bffff,과학·기술,9
8930e1c034bffff,교육,15
8930e1c034bffff,보건의료,3
8930e1c034bffff,부동산,10
8930e1c034bffff,소매,46
8930e1c034bffff,수리·개인,29
8930e1c034bffff,숙박,3
8930e1c034bffff,시설관리·임대,4
8930e1c034bffff,예술·스포츠,7
8930e1c034bffff,음식,71
8930e1c034fffff,과학·기술,6
8930e1c034fffff,교육,3
8930e1c034fffff,부동산,1
8930e1c034fffff,소매,12
8930e1c034fffff,수리·개인,13
8930e1c034fffff,시설관리·임대,1
8930e1c034fffff,예술·스포츠,1
8930e1c034fffff,음식,1
8930e1c0353ffff,과학·기술,10
8930e1c0353ffff,교육,12
8930e1c0353ffff,보건의료,9
8930e1c0353ffff,부동산,4
8930e1c0353ffff,소매,22
8930e1c0353ffff,수리·개인,21
8930e1c0353ffff,숙박,1
8930e1c0353ffff,시설관리·임대,5
8930e1c0353ffff,예술·스포츠,4
8930e1c0353ffff,음식,27
8930e1c0357ffff,과학·기술,5
8930e1c0357ffff,교육,3
8930e1c0357ffff,부동산,3
8930e1c0357ffff,소매,7
8930e1c0357ffff,수리·개인,13
8930e1c0357ffff,시설관리·임대,3
8930e1c0357ffff,음식,4
8930e1c035bffff,과학·기술,5
8930e1c035bffff,교육,3
8930e1c035bffff,보건의료,4
8930e1c035bffff,부동산,8
8930e1c035bffff,소매,22
8930e1c035bffff,수리·개인,17
8930e1c035bffff,숙박,1
8930e1c035bffff,시설관리·임대,5
8930e1c035bffff,예술·스포츠,7
8930e1c035bffff,음식,22
8930e1c0363ffff,과학·기술,6
8930e1c0363ffff,교육,2
8930e1c0363ffff,보건의료,3
8930e1c0363ffff,부동산,6
8930e1c0363ffff,소매,31
8930e1c0363ffff,수리·개인,25
8930e1c0363ffff,숙박,3
8930e1c0363ffff,시설관리·임대,6
8930e1c0363ffff,예술·스포츠,14
8930e1c0363ffff,음식,51
8930e1c0367ffff,과학·기술,8
8930e1c0367ffff,교육,12
8930e1c0367ffff,보건의료,5
8930e1c0367ffff,부동산,6
8930e1c0367ffff,소매,37
8930e1c0367ffff,수리·개인,24
8930e1c0367ffff,시설관리·임대,3
8930e1c0367ffff,예술·스포츠,2
8930e1c0367ffff,음식,16
8930e1c036bffff,과학·기술,6
8930e1c036bffff,교육,5
8930e1c036bffff,보건의료,1
8930e1c036bffff,부동산,2
8930e1c036bffff,소매,12
8930e1c036bffff,수리·개인,4
8930e1c036bffff,숙박,3
8930e1c036bffff,시설관리·임대,3
8930e1c036bffff,예술·스포츠,6
8930e1c036bffff,음식,23
8930e1c036fffff,과학·기술,1
8930e1c036fffff,교육,1
8930e1c036fffff,소매,2
8930e1c036fffff,수리·개인,1
8930e1c036fffff,음식,3
8930e1c0373ffff,과학·기술,9
8930e1c0373ffff,교육,2
8930e1c0373ffff,보건의료,9
8930e1c0373ffff,부동산,6
8930e1c0373ffff,소매,49
8930e1c0373ffff,수리·개인,19
8930e1c0373ffff,숙박,1
8930e1c0373ffff,시설관리·임대,5
8930e1c0373ffff,예술·스포츠,8
8930e1c0373ffff,음식,28
8930e1c0377ffff,과학·기술,5
8930e1c0377ffff,교육,2
8930e1c0377ffff,보건의료,3
8930e1c0377ffff,부동산,2
8930e1c0377ffff,소매,16
8930e1c0377ffff,수리·개인,7
8930e1c0377ffff,시설관리·임대,6
8930e1c0377ffff,예술·스포츠,1
8930e1c0377ffff,음식,22
8930e1c037bffff,과학·기술,17
8930e1c037bffff,교육,3
8930e1c037bffff,부동산,4
8930e1c037bffff,소매,19
8930e1c037bffff,수리·개인,14
8930e1c037bffff,숙박,1
8930e1c037bffff,시설관리·임대,2
8930e1c037bffff,예술·스포츠,3
8930e1c037bffff,음식,28
8930e1c0383ffff,과학·기술,8
8930e1c0383ffff,교육,4
8930e1c0383ffff,보건의료,2
8930e1c0383ffff,부동산,3
8930e1c0383ffff,소매,23
8930e1c0383ffff,수리·개인,23
8930e1c0383ffff,숙박,1
8930e1c0383ffff,시설관리·임대,5
8930e1c0383ffff,예술·스포츠,6
8930e1c0383ffff,음식,27
8930e1c0387ffff,과학·기술,5
8930e1c0387ffff,부동산,1
8930e1c0387ffff,소매,5
8930e1c0387ffff,수리·개인,3
8930e1c0387ffff,시설관리·임대,1
8930e1c038bffff,과학·기술,6
8930e1c038bffff,교육,1
8930e1c038bffff,보건의료,2
8930e1c038bffff,부동산,4
8930e1c038bffff,소매,10
8930e1c038bffff,수리·개인,17
8930e1c038bffff,숙박,2
8930e1c038bffff,시설관리·임대,3
8930e1c038bffff,예술·스포츠,4
8930e1c038bffff,음식,12
8930e1c038fffff,과학·기술,3
8930e1c038fffff,교육,4
8930e1c038fffff,부동산,1
8930e1c038fffff,소매,12
8930e1c038fffff,수리·개인,3
8930e1c038fffff,시설관리·임대,1
8930e1c038fffff,음식,13
8930e1c0393ffff,과학·기술,5
8930e1c0393ffff,교육,8
8930e1c0393ffff,부동산,3
8930e1c0393ffff,소매,9
8930e1c0393ffff,수리·개인,9
8930e1c0393ffff,시설관리·임대,3
8930e1c0393ffff,예술·스포츠,1
8930e1c0393ffff,음식,12
8930e1c0397ffff,과학·기술,5
8930e1c0397ffff,교육,3
8930e1c0397ffff,소매,4
8930e1c0397ffff,수리·개인,2
8930e1c0397ffff,시설관리·임대,3
8930e1c0397ffff,음식,3
8930e1c039bffff,과학·기술,7
8930e1c039bffff,교육,3
8930e1c039bffff,부동산,3
8930e1c039bffff,소매,20
8930e1c039bffff,수리·개인,13
8930e1c039bffff,숙박,1
8930e1c039bffff,시설관리·임대,3
8930e1c039bffff,예술·스포츠,2
8930e1c039bffff,음식,6
8930e1c03a3ffff,과학·기술,1
8930e1c03a3ffff,교육,24
8930e1c03a3ffff,보건의료,3
8930e1c03a3ffff,부동산,7
8930e1c03a3ffff,소매,8
8930e1c03a3ffff,수리·개인,6
8930e1c03a3ffff,예술·스포츠,2
8930e1c03a3ffff,음식,14
8930e1c03a7ffff,과학·기술,7
8930e1c03a7ffff,교육,12
8930e1c03a7ffff,부동산,4
8930e1c03a7ffff,소매,8
8930e1c03a7ffff,수리·개인,4
8930e1c03a7ffff,시설관리·임대,1
8930e1c03a7ffff,예술·스포츠,4
8930e1c03a7ffff,음식,12
8930e1c03abffff,과학·기술,7
8930e1c03abffff,교육,12
8930e1c03abffff,보건의료,7
8930e1c03abffff,부동산,6
8930e1c03abffff,소매,39
8930e1c03abffff,수리·개인,15
8930e1c03abffff,숙박,4
8930e1c03abffff,시설관리·임대,4
8930e1c03abffff,예술·스포츠,17
8930e1c03abffff,음식,76
8930e1c03afffff,과학·기술,3
8930e1c03afffff,교육,13
8930e1c03afffff,보건의료,28
8930e1c03afffff,부동산,4
8930e1c03afffff,소매,33
8930e1c03afffff,수리·개인,17
8930e1c03afffff,시설관리·임대,4
8930e1c03afffff,예술·스포츠,11
8930e1c03afffff,음식,44
8930e1c03b3ffff,과학·기술,4
8930e1c03b3ffff,교육,11
8930e1c03b3ffff,부동산,2
8930e1c03b3ffff,소매,8
8930e1c03b3ffff,수리·개인,6
8930e1c03b3ffff,시설관리·임대,1
8930e1c03b3ffff,예술·스포츠,1
8930e1c03b3ffff,음식,5
8930e1c03b7ffff,과학·기술,7
8930e1c03b7ffff,교육,32
8930e1c03b7ffff,보건의료,8
8930e1c03b7ffff,부동산,3
8930e1c03b7ffff,소매,22
8930e1c03b7ffff,수리·개인,22
8930e1c03b7ffff,예술·스포츠,6
8930e1c03b7ffff,음식,36
8930e1c03bbffff,과학·기술,4
8930e1c03bbffff,교육,10
8930e1c03bbffff,부동산,6
8930e1c03bbffff,소매,15
8930e1c03bbffff,수리·개인,8
8930e1c03bbffff,시설관리·임대,1
8930e1c03bbffff,예술·스포츠,1
8930e1c03bbffff,음식,11
8930e1c03c3ffff,과학·기술,7
8930e1c03c3ffff,교육,8
8930e1c03c3ffff,보건의료,1
8930e1c03c3ffff,부동산,11
8930e1c03c3ffff,소매,55
8930e1c03c3ffff,수리·개인,25
8930e1c03c3ffff,숙박,10
8930e1c03c3ffff,시설관리·임대,7
8930e1c03c3ffff,예술·스포츠,10
8930e1c03c3ffff,음식,52
8930e1c03c7ffff,과학·기술,12
8930e1c03c7ffff,교육,12
8930e1c03c7ffff,보건의료,28
8930e1c03c7ffff,부동산,15
8930e1c03c7ffff,소매,43
8930e1c03c7ffff,수리·개인,35
8930e1c03c7ffff,숙박,3
8930e1c03c7ffff,시설관리·임대,8
8930e1c03c7ffff,예술·스포츠,28
8930e1c03c7ffff,음식,87
8930e1c03cbffff,과학·기술,6
8930e1c03cbffff,교육,3
8930e1c03cbffff,부동산,1
8930e1c03cbffff,소매,21
8930e1c03cbffff,수리·개인,15
8930e1c03cbffff,숙박,1
8930e1c03cbffff,시설관리·임대,3
8930e1c03cbffff,예술·스포츠,1
8930e1c03cbffff,음식,20
8930e1c03cfffff,과학·기술,20
8930e1c03cfffff,교육,10
8930e1c03cfffff,보건의료,16
8930e1c03cfffff,부동산,12
8930e1c03cfffff,소매,31
8930e1c03cfffff,수리·개인,19
8930e1c03cfffff,숙박,6
8930e1c03cfffff,시설관리·임대,11
8930e1c03cfffff,예술·스포츠,8
8930e1c03cfffff,음식,46
8930e1c03d3ffff,과학·기술,2
8930e1c03d3ffff,교육,9
8930e1c03d3ffff,보건의료,2
8930e1c03d3ffff,부동산,3
8930e1c03d3ffff,소매,5
8930e1c03d3ffff,수리·개인,3
8930e1c03d3ffff,숙박,1
8930e1c03d3ffff,시설관리·임대,1
8930e1c03d3ffff,예술·스포츠,1
8930e1c03d3ffff,음식,5
8930e1c03d7ffff,과학·기술,2
8930e1c03d7ffff,교육,4
8930e1c03d7ffff,보건의료,2
8930e1c03d7ffff,부동산,2
8930e1c03d7ffff,소매,6
8930e1c03d7ffff,수리·개인,8
8930e1c03d7ffff,시설관리·임대,1
8930e1c03d7ffff,예술·스포츠,3
8930e1c03d7ffff,음식,13
8930e1c03dbffff,과학·기술,11
8930e1c03dbffff,교육,6
8930e1c03dbffff,부동산,5
8930e1c03dbffff,소매,16
8930e1c03dbffff,수리·개인,15
8930e1c03dbffff,숙박,2
8930e1c03dbffff,시설관리·임대,6
8930e1c03dbffff,예술·스포츠,2
8930e1c03dbffff,음식,22
8930e1c0403ffff,과학·기술,4
8930e1c0403ffff,교육,7
8930e1c0403ffff,부동산,1
8930e1c0403ffff,소매,18
8930e1c0403ffff,수리·개인,4
8930e1c0403ffff,숙박,3
8930e1c0403ffff,시설관리·임대,2
8930e1c0403ffff,예술·스포츠,1
8930e1c0403ffff,음식,35
8930e1c0407ffff,과학·기술,2
8930e1c0407ffff,교육,4
8930e1c0407ffff,보건의료,2
8930e1c0407ffff,부동산,2
8930e1c0407ffff,소매,10
8930e1c0407ffff,수리·개인,5
8930e1c0407ffff,숙박,3
8930e1c0407ffff,시설관리·임대,5
8930e1c0407ffff,예술·스포츠,10
8930e1c0407ffff,음식,50
8930e1c040bffff,과학·기술,1
8930e1c040bffff,교육,1
8930e1c040bffff,부동산,2
8930e1c040bffff,소매,7
8930e1c040bffff,수리·개인,5
8930e1c040bffff,음식,2
8930e1c040fffff,과학·기술,1
8930e1c040fffff,교육,5
8930e1c040fffff,부동산,1
8930e1c040fffff,소매,7
8930e1c040fffff,수리·개인,4
8930e1c040fffff,숙박,1
8930e1c040fffff,시설관리·임대,1
8930e1c040fffff,음식,2
8930e1c0413ffff,과학·기술,1
8930e1c0413ffff,부동산,2
8930e1c0413ffff,소매,1
8930e1c0413ffff,수리·개인,1
8930e1c0413ffff,음식,1
8930e1c0417ffff,과학·기술,1
8930e1c0417ffff,소매,2
8930e1c041bffff,교육,1
8930e1c041bffff,부동산,3
8930e1c041bffff,소매,2
8930e1c0427ffff,과학·기술,1
8930e1c0427ffff,시설관리·임대,1
8930e1c0427ffff,음식,1
8930e1c042bffff,과학·기술,5
8930e1c042bffff,교육,9
8930e1c042bffff,보건의료,4
8930e1c042bffff,부동산,5
8930e1c042bffff,소매,28
8930e1c042bffff,수리·개인,19
8930e1c042bffff,숙박,1
8930e1c042bffff,시설관리·임대,4
8930e1c042bffff,예술·스포츠,17
8930e1c042bffff,음식,77
8930e1c042fffff,과학·기술,4
8930e1c042fffff,교육,9
8930e1c042fffff,보건의료,1
8930e1c042fffff,부동산,2
8930e1c042fffff,소매,15
8930e1c042fffff,수리·개인,8
8930e1c042fffff,예술·스포츠,1
8930e1c042fffff,음식,16
8930e1c0433ffff,과학·기술,3
8930e1c0433ffff,부동산,2
8930e1c0433ffff,소매,6
8930e1c0433ffff,수리·개인,9
8930e1c0433ffff,숙박,1
8930e1c0433ffff,시설관리·임대,2
8930e1c0433ffff,예술·스포츠,2
8930e1c0433ffff,음식,13
8930e1c0437ffff,과학·기술,1
8930e1c0437ffff,교육,1
8930e1c0437ffff,보건의료,1
8930e1c0437ffff,부동산,2
8930e1c0437ffff,소매,8
8930e1c0437ffff,수리·개인,6
8930e1c0437ffff,음식,6
8930e1c043bffff,소매,1
8930e1c043bffff,시설관리·임대,2
8930e1c043bffff,예술·스포츠,1
8930e1c043bffff,음식,5
8930e1c0443ffff,과학·기술,5
8930e1c0443ffff,교육,2
8930e1c0443ffff,부동산,3
8930e1c0443ffff,소매,14
8930e1c0443ffff,수리·개인,11
8930e1c0443ffff,시설관리·임대,7
8930e1c0443ffff,음식,15
8930e1c0447ffff,과학·기술,1
8930e1c0447ffff,교육,3
8930e1c0447ffff,소매,1
8930e1c0447ffff,음식,2
8930e1c044bffff,과학·기술,13
8930e1c044bffff,교육,4
8930e1c044bffff,보건의료,3
8930e1c044bffff,부동산,5
8930e1c044bffff,소매,23
8930e1c044bffff,수리·개인,19
8930e1c044bffff,숙박,1
8930e1c044bffff,시설관리·임대,4
8930e1c044bffff,예술·스포츠,5
8930e1c044bffff,음식,26
8930e1c044fffff,과학·기술,12
8930e1c044fffff,교육,9
8930e1c044fffff,보건의료,13
8930e1c044fffff,부동산,10
8930e1c044fffff,소매,24
8930e1c044fffff,수리·개인,10
8930e1c044fffff,숙박,1
8930e1c044fffff,시설관리·임대,4
8930e1c044fffff,예술·스포츠,13
8930e1c044fffff,음식,38
8930e1c0453ffff,과학·기술,4
8930e1c0453ffff,교육,2
8930e1c0453ffff,보건의료,3
8930e1c0453ffff,부동산,4
8930e1c0453ffff,소매,26
8930e1c0453ffff,수리·개인,7
8930e1c0453ffff,숙박,1
8930e1c0453ffff,시설관리·임대,1
8930e1c0453ffff,음식,18
8930e1c0457ffff,과학·기술,5
8930e1c0457ffff,교육,4
8930e1c0457ffff,부동산,6
8930e1c0457ffff,소매,22
8930e1c0457ffff,수리·개인,10
8930e1c0457ffff,숙박,1
8930e1c0457ffff,예술·스포츠,1
8930e1c0457ffff,음식,10
8930e1c045bffff,과학·기술,2
8930e1c045bffff,교육,6
8930e1c045bffff,부동산,1
8930e1c045bffff,소매,40
8930e1c045bffff,수리·개인,4
8930e1c045bffff,시설관리·임대,1
8930e1c045bffff,음식,16
8930e1c0463ffff,과학·기술,5
8930e1c0463ffff,교육,5
8930e1c0463ffff,보건의료,1
8930e1c0463ffff,부동산,4
8930e1c0463ffff,소매,16
8930e1c0463ffff,수리·개인,3
8930e1c0463ffff,숙박,1
8930e1c0463ffff,시설관리·임대,5
8930e1c0463ffff,예술·스포츠,4
8930e1c0463ffff,음식,12
8930e1c0467ffff,과학·기술,6
8930e1c0467ffff,교육,10
8930e1c0467ffff,보건의료,28
8930e1c0467ffff,부동산,2
8930e1c0467ffff,소매,37
8930e1c0467ffff,수리·개인,25
8930e1c0467ffff,숙박,1
8930e1c0467ffff,시설관리·임대,5
8930e1c0467ffff,예술·스포츠,28
8930e1c0467ffff,음식,104
8930e1c046bffff,과학·기술,5
8930e1c046bffff,교육,9
8930e1c046bffff,부동산,4
8930e1c046bffff,소매,58
8930e1c046bffff,수리·개인,11
8930e1c046bffff,숙박,2
8930e1c046bffff,시설관리·임대,2
8930e1c046bffff,예술·스포츠,2
8930e1c046bffff,음식,42
8930e1c046fffff,과학·기술,7
8930e1c046fffff,교육,4
8930e1c046fffff,부동산,5
8930e1c046fffff,소매,21
8930e1c046fffff,수리·개인,18
8930e1c046fffff,시설관리·임대,5
8930e1c046fffff,예술·스포츠,5
8930e1c046fffff,음식,56
8930e1c0473ffff,교육,2
8930e1c0473ffff,부동산,1
8930e1c0473ffff,소매,3
8930e1c0473ffff,수리·개인,1
8930e1c0473ffff,숙박,1
8930e1c0473ffff,시설관리·임대,1
8930e1c0477ffff,과학·기술,7
8930e1c0477ffff,교육,6
8930e1c0477ffff,부동산,6
8930e1c0477ffff,소매,12
8930e1c0477ffff,수리·개인,7
8930e1c0477ffff,예술·스포츠,3
8930e1c0477ffff,음식,9
8930e1c047bffff,과학·기술,11
8930e1c047bffff,교육,4
8930e1c047bffff,부동산,6
8930e1c047bffff,소매,10
8930e1c047bffff,수리·개인,5
8930e1c047bffff,숙박,1
8930e1c047bffff,시설관리·임대,6
8930e1c047bffff,예술·스포츠,3
8930e1c047bffff,음식,16
8930e1c0483ffff,과학·기술,1
8930e1c0483ffff,교육,5
8930e1c0483ffff,보건의료,1
8930e1c0483ffff,부동산,4
8930e1c0483ffff,소매,8
8930e1c0483ffff,수리·개인,8
8930e1c0483ffff,예술·스포츠,1
8930e1c0483ffff,음식,10
8930e1c0487ffff,과학·기술,1
8930e1c0487ffff,교육,1
8930e1c0487ffff,수리·개인,2
8930e1c0487ffff,예술·스포츠,2
8930e1c0487ffff,음식,9
8930e1c048bffff,과학·기술,4
8930e1c048bffff,교육,1
8930e1c048bffff,보건의료,1
8930e1c048bffff,소매,4
8930e1c048bffff,수리·개인,4
8930e1c048bffff,숙박,1
8930e1c048bffff,시설관리·임대,1
8930e1c048bffff,음식,3
8930e1c048fffff,교육,1
8930e1c048fffff,소매,2
8930e1c048fffff,수리·개인,2
8930e1c048fffff,시설관리·임대,3
8930e1c0493ffff,교육,5
8930e1c0493ffff,보건의료,2
8930e1c0493ffff,부동산,1
8930e1c0493ffff,소매,7
8930e1c0493ffff,수리·개인,1
8930e1c0493ffff,예술·스포츠,1
8930e1c0493ffff,음식,2
8930e1c0497ffff,과학·기술,2
8930e1c0497ffff,부동산,1
8930e1c0497ffff,소매,4
8930e1c0497ffff,수리·개인,2
8930e1c0497ffff,음식,6
8930e1c049bffff,소매,1
8930e1c049bffff,음식,1
8930e1c04a3ffff,과학·기술,2
8930e1c04a3ffff,교육,1
8930e1c04a3ffff,소매,1
8930e1c04a3ffff,수리·개인,1
8930e1c04a7ffff,과학·기술,2
8930e1c04a7ffff,교육,2
8930e1c04a7ffff,보건의료,3
8930e1c04a7ffff,부동산,3
8930e1c04a7ffff,소매,38
8930e1c04a7ffff,수리·개인,3
8930e1c04a7ffff,시설관리·임대,1
8930e1c04a7ffff,음식,30
8930e1c04abffff,과학·기술,11
8930e1c04abffff,교육,8
8930e1c04abffff,보건의료,10
8930e1c04abffff,부동산,6
8930e1c04abffff,소매,38
8930e1c04abffff,수리·개인,17
8930e1c04abffff,숙박,7
8930e1c04abffff,시설관리·임대,5
8930e1c04abffff,예술·스포츠,15
8930e1c04abffff,음식,65
8930e1c04afffff,수리·개인,1
8930e1c04b3ffff,과학·기술,7
8930e1c04b3ffff,보건의료,3
8930e1c04b3ffff,소매,5
8930e1c04b3ffff,수리·개인,7
8930e1c04b3ffff,숙박,1
8930e1c04b3ffff,시설관리·임대,1
8930e1c04b3ffff,예술·스포츠,4
8930e1c04b3ffff,음식,6
8930e1c04b7ffff,교육,1
8930e1c04b7ffff,소매,6
8930e1c04b7ffff,수리·개인,3
8930e1c04b7ffff,시설관리·임대,1
8930e1c04b7ffff,음식,5
8930e1c04c3ffff,교육,3
8930e1c04c3ffff,보건의료,2
8930e1c04c3ffff,부동산,3
8930e1c04c3ffff,소매,12
8930e1c04c3ffff,수리·개인,7
8930e1c04c3ffff,시설관리·임대,1
8930e1c04c3ffff,예술·스포츠,1
8930e1c04c3ffff,음식,16
8930e1c04c7ffff,과학·기술,1
8930e1c04c7ffff,교육,4
8930e1c04c7ffff,부동산,5
8930e1c04c7ffff,소매,2
8930e1c04c7ffff,수리·개인,6
8930e1c04c7ffff,음식,4
8930e1c04cbffff,과학·기술,5
8930e1c04cbffff,교육,22
8930e1c04cbffff,보건의료,8
8930e1c04cbffff,부동산,15
8930e1c04cbffff,소매,37
8930e1c04cbffff,수리·개인,25
8930e1c04cbffff,시설관리·임대,3
8930e1c04cbffff,예술·스포츠,5
8930e1c04cbffff,음식,40
8930e1c04cfffff,과학·기술,3
8930e1c04cfffff,교육,5
8930e1c04cfffff,보건의료,7
8930e1c04cfffff,부동산,9
8930e1c04cfffff,소매,12
8930e1c04cfffff,수리·개인,6
8930e1c04cfffff,숙박,1
8930e1c04cfffff,시설관리·임대,2
8930e1c04cfffff,예술·스포츠,3
8930e1c04cfffff,음식,27
8930e1c04d3ffff,과학·기술,1
8930e1c04d3ffff,보건의료,1
8930e1c04d3ffff,부동산,2
8930e1c04d3ffff,소매,3
8930e1c04d3ffff,수리·개인,5
8930e1c04d3ffff,시설관리·임대,1
8930e1c04d3ffff,예술·스포츠,2
8930e1c04d3ffff,음식,8
8930e1c04d7ffff,과학·기술,5
8930e1c04d7ffff,교육,21
8930e1c04d7ffff,보건의료,5
8930e1c04d7ffff,부동산,4
8930e1c04d7ffff,소매,17
8930e1c04d7ffff,수리·개인,9
8930e1c04d7ffff,시설관리·임대,1
8930e1c04d7ffff,예술·스포츠,4
8930e1c04d7ffff,음식,19
8930e1c04dbffff,과학·기술,6
8930e1c04dbffff,교육,14
8930e1c04dbffff,보건의료,1
8930e1c04dbffff,부동산,10
8930e1c04dbffff,소매,29
8930e1c04dbffff,수리·개인,17
8930e1c04dbffff,시설관리·임대,4
8930e1c04dbffff,예술·스포츠,7
8930e1c04dbffff,음식,56
8930e1c0503ffff,과학·기술,17
8930e1c0503ffff,교육,7
8930e1c0503ffff,보건의료,6
8930e1c0503ffff,부동산,6
8930e1c0503ffff,소매,20
8930e1c0503ffff,수리·개인,7
8930e1c0503ffff,숙박,1
8930e1c0503ffff,시설관리·임대,1
8930e1c0503ffff,예술·스포츠,11
8930e1c0503ffff,음식,81
8930e1c0507ffff,과학·기술,7
8930e1c0507ffff,교육,7
8930e1c0507ffff,보건의료,2
8930e1c0507ffff,부동산,3
8930e1c0507ffff,소매,17
8930e1c0507ffff,수리·개인,14
8930e1c0507ffff,숙박,2
8930e1c0507ffff,시설관리·임대,2
8930e1c0507ffff,예술·스포츠,17
8930e1c0507ffff,음식,73
8930e1c050bffff,과학·기술,9
8930e1c050bffff,교육,9
8930e1c050bffff,부동산,4
8930e1c050bffff,소매,27
8930e1c050bffff,수리·개인,26
8930e1c050bffff,숙박,1
8930e1c050bffff,시설관리·임대,2
8930e1c050bffff,예술·스포츠,2
8930e1c050bffff,음식,35
8930e1c050fffff,과학·기술,7
8930e1c050fffff,교육,11
8930e1c050fffff,보건의료,8
8930e1c050fffff,부동산,5
8930e1c050fffff,소매,21
8930e1c050fffff,수리·개인,21
8930e1c050fffff,숙박,3
8930e1c050fffff,시설관리·임대,3
8930e1c050fffff,예술·스포츠,3
8930e1c050fffff,음식,58
8930e1c0513ffff,과학·기술,9
8930e1c0513ffff,교육,4
8930e1c0513ffff,보건의료,2
8930e1c0513ffff,부동산,1
8930e1c0513ffff,소매,13
8930e1c0513ffff,수리·개인,7
8930e1c0513ffff,예술·스포츠,3
8930e1c0513ffff,음식,17
8930e1c0517ffff,과학·기술,4
8930e1c0517ffff,교육,2
8930e1c0517ffff,부동산,1
8930e1c0517ffff,소매,13
8930e1c0517ffff,수리·개인,3
8930e1c0517ffff,숙박,3
8930e1c0517ffff,시설관리·임대,6
8930e1c0517ffff,예술·스포츠,7
8930e1c0517ffff,음식,50
8930e1c051bffff,과학·기술,7
8930e1c051bffff,교육,9
8930e1c051bffff,보건의료,14
8930e1c051bffff,부동산,4
8930e1c051bffff,소매,31
8930e1c051bffff,수리·개인,18
8930e1c051bffff,숙박,1
8930e1c051bffff,시설관리·임대,3
8930e1c051bffff,예술·스포츠,16
8930e1c051bffff,음식,69
8930e1c0523ffff,교육,1
8930e1c0523ffff,보건의료,1
8930e1c0523ffff,부동산,1
8930e1c0523ffff,소매,5
8930e1c0523ffff,수리·개인,1
8930e1c0523ffff,시설관리·임대,1
8930e1c0523ffff,음식,2
8930e1c0527ffff,교육,2
8930e1c0527ffff,소매,1
8930e1c0527ffff,수리·개인,1
8930e1c052bffff,과학·기술,1
8930e1c052bffff,교육,3
8930e1c052bffff,소매,2
8930e1c052bffff,수리·개인,3
8930e1c052bffff,예술·스포츠,2
8930e1c052bffff,음식,1
8930e1c052fffff,교육,5
8930e1c052fffff,보건의료,2
8930e1c052fffff,부동산,3
8930e1c052fffff,소매,6
8930e1c052fffff,수리·개인,3
8930e1c052fffff,예술·스포츠,1
8930e1c052fffff,음식,5
8930e1c053bffff,과학·기술,8
8930e1c053bffff,교육,12
8930e1c053bffff,보건의료,4
8930e1c053bffff,부동산,14
8930e1c053bffff,소매,16
8930e1c053bffff,수리·개인,9
8930e1c053bffff,예술·스포츠,10
8930e1c053bffff,음식,26
8930e1c0543ffff,과학·기술,12
8930e1c0543ffff,교육,4
8930e1c0543ffff,부동산,2
8930e1c0543ffff,소매,17
8930e1c0543ffff,수리·개인,17
8930e1c0543ffff,시설관리·임대,5
8930e1c0543ffff,음식,22
8930e1c0547ffff,과학·기술,21
8930e1c0547ffff,교육,9
8930e1c0547ffff,보건의료,11
8930e1c0547ffff,부동산,8
8930e1c0547ffff,소매,86
8930e1c0547ffff,수리·개인,31
8930e1c0547ffff,숙박,3
8930e1c0547ffff,시설관리·임대,4
8930e1c0547ffff,예술·스포츠,14
8930e1c0547ffff,음식,79
8930e1c054bffff,과학·기술,8
8930e1c054bffff,부동산,1
8930e1c054bffff,소매,18
8930e1c054bffff,수리·개인,8
8930e1c054bffff,숙박,1
8930e1c054bffff,시설관리·임대,5
8930e1c054bffff,음식,12
8930e1c054fffff,과학·기술,16
8930e1c054fffff,교육,6
8930e1c054fffff,보건의료,17
8930e1c054fffff,부동산,9
8930e1c054fffff,소매,48
8930e1c054fffff,수리·개인,18
8930e1c054fffff,숙박,2
8930e1c054fffff,시설관리·임대,7
8930e1c054fffff,예술·스포츠,6
8930e1c054fffff,음식,56
8930e1c0553ffff,과학·기술,1
8930e1c0553ffff,소매,2
8930e1c0553ffff,수리·개인,2
8930e1c0553ffff,음식,1
8930e1c0557ffff,과학·기술,31
8930e1c0557ffff,교육,13
8930e1c0557ffff,보건의료,3
8930e1c0557ffff,부동산,4
8930e1c0557ffff,소매,52
8930e1c0557ffff,수리·개인,28
8930e1c0557ffff,숙박,2
8930e1c0557ffff,시설관리·임대,12
8930e1c0557ffff,예술·스포츠,7
8930e1c0557ffff,음식,54
8930e1c055bffff,과학·기술,1
8930e1c055bffff,시설관리·임대,1
8930e1c055bffff,음식,1
8930e1c0563ffff,과학·기술,10
8930e1c0563ffff,교육,7
8930e1c0563ffff,소매,11
8930e1c0563ffff,수리·개인,4
8930e1c0563ffff,시설관리·임대,1
8930e1c0563ffff,음식,16
8930e1c0567ffff,과학·기술,3
8930e1c0567ffff,교육,11
8930e1c0567ffff,보건의료,4
8930e1c0567ffff,부동산,3
8930e1c0567ffff,소매,11
8930e1c0567ffff,수리·개인,9
8930e1c0567ffff,시설관리·임대,1
8930e1c0567ffff,예술·스포츠,5
8930e1c0567ffff,음식,28
8930e1c056bffff,과학·기술,10
8930e1c056bffff,교육,5
8930e1c056bffff,보건의료,1
8930e1c056bffff,부동산,7
8930e1c056bffff,소매,30
8930e1c056bffff,수리·개인,10
8930e1c056bffff,숙박,1
8930e1c056bffff,예술·스포츠,8
8930e1c056bffff,음식,15
8930e1c056fffff,과학·기술,2
8930e1c056fffff,교육,12
8930e1c056fffff,보건의료,1
8930e1c056fffff,부동산,3
8930e1c056fffff,소매,21
8930e1c056fffff,수리·개인,3
8930e1c056fffff,시설관리·임대,3
8930e1c056fffff,예술·스포츠,3
8930e1c056fffff,음식,6
8930e1c0573ffff,과학·기술,4
8930e1c0573ffff,교육,14
8930e1c0573ffff,보건의료,3
8930e1c0573ffff,부동산,5
8930e1c0573ffff,소매,41
8930e1c0573ffff,수리·개인,20
8930e1c0573ffff,숙박,1
8930e1c0573ffff,시설관리·임대,2
8930e1c0573ffff,예술·스포츠,6
8930e1c0573ffff,음식,71
8930e1c0577ffff,과학·기술,10
8930e1c0577ffff,교육,32
8930e1c0577ffff,보건의료,6
8930e1c0577ffff,부동산,12
8930e1c0577ffff,소매,38
8930e1c0577ffff,수리·개인,28
8930e1c0577ffff,시설관리·임대,3
8930e1c0577ffff,예술·스포츠,12
8930e1c0577ffff,음식,58
8930e1c057bffff,과학·기술,50
8930e1c057bffff,교육,12
8930e1c057bffff,보건의료,6
8930e1c057bffff,부동산,6
8930e1c057bffff,소매,50
8930e1c057bffff,수리·개인,28
8930e1c057bffff,숙박,4
8930e1c057bffff,시설관리·임대,13
8930e1c057bffff,예술·스포츠,15
8930e1c057bffff,음식,93
8930e1c0583ffff,과학·기술,11
8930e1c0583ffff,교육,19
8930e1c0583ffff,보건의료,3
8930e1c0583ffff,부동산,7
8930e1c0583ffff,소매,21
8930e1c0583ffff,수리·개인,16
8930e1c0583ffff,시설관리·임대,4
8930e1c0583ffff,예술·스포츠,7
8930e1c0583ffff,음식,17
8930e1c0587ffff,과학·기술,6
8930e1c0587ffff,교육,6
8930e1c0587ffff,부동산,1
8930e1c0587ffff,소매,6
8930e1c0587ffff,수리·개인,6
8930e1c0587ffff,시설관리·임대,1
8930e1c0587ffff,음식,18
8930e1c058bffff,교육,1
8930e1c058bffff,보건의료,1
8930e1c058bffff,부동산,1
8930e1c058bffff,소매,1
8930e1c058bffff,수리·개인,2
8930e1c058bffff,시설관리·임대,1
8930e1c058bffff,예술·스포츠,1
8930e1c058fffff,소매,1
8930e1c0593ffff,과학·기술,2
8930e1c0593ffff,교육,1
8930e1c0593ffff,보건의료,3
8930e1c0593ffff,부동산,4
8930e1c0593ffff,소매,16
8930e1c0593ffff,수리·개인,8
8930e1c0593ffff,시설관리·임대,1
8930e1c0593ffff,예술·스포츠,3
8930e1c0593ffff,음식,12
8930e1c0597ffff,과학·기술,5
8930e1c0597ffff,교육,1
8930e1c0597ffff,보건의료,3
8930e1c0597ffff,부동산,1
8930e1c0597ffff,소매,9
8930e1c0597ffff,수리·개인,10
8930e1c0597ffff,시설관리·임대,4
8930e1c0597ffff,예술·스포츠,4
8930e1c0597ffff,음식,26
8930e1c059bffff,과학·기술,1
8930e1c059bffff,교육,3
8930e1c059bffff,수리·개인,1
8930e1c059bffff,예술·스포츠,1
8930e1c059bffff,음식,4
8930e1c05b3ffff,교육,1
8930e1c05b3ffff,부동산,1
8930e1c05b3ffff,소매,4
8930e1c05b3ffff,수리·개인,2
8930e1c05b3ffff,시설관리·임대,1
8930e1c05b3ffff,음식,5
8930e1c05b7ffff,과학·기술,1
8930e1c05b7ffff,소매,3
8930e1c05b7ffff,음식,1
8930e1c05bbffff,과학·기술,16
8930e1c05bbffff,교육,2
8930e1c05bbffff,소매,10
8930e1c05bbffff,수리·개인,1
8930e1c05bbffff,시설관리·임대,3
8930e1c05bbffff,음식,4
8930e1c05c3ffff,과학·기술,1
8930e1c05c3ffff,교육,5
8930e1c05c3ffff,부동산,1
8930e1c05c3ffff,소매,1
8930e1c05c3ffff,수리·개인,3
8930e1c05c3ffff,음식,1
8930e1c05c7ffff,과학·기술,10
8930e1c05c7ffff,교육,14
8930e1c05c7ffff,보건의료,13
8930e1c05c7ffff,부동산,5
8930e1c05c7ffff,소매,28
8930e1c05c7ffff,수리·개인,16
8930e1c05c7ffff,예술·스포츠,13
8930e1c05c7ffff,음식,31
8930e1c05cbffff,교육,1
8930e1c05cbffff,음식,3
8930e1c05cfffff,과학·기술,10
8930e1c05cfffff,교육,5
8930e1c05cfffff,보건의료,2
8930e1c05cfffff,부동산,2
8930e1c05cfffff,소매,7
8930e1c05cfffff,수리·개인,8
8930e1c05cfffff,시설관리·임대,6
8930e1c05cfffff,예술·스포츠,4
8930e1c05cfffff,음식,20
8930e1c05d7ffff,과학·기술,1
8930e1c05d7ffff,교육,1
8930e1c05d7ffff,보건의료,1
8930e1c05d7ffff,부동산,1
8930e1c05d7ffff,소매,3
8930e1c05d7ffff,수리·개인,3
8930e1c05d7ffff,시설관리·임대,1
8930e1c05d7ffff,음식,3
8930e1c05dbffff,부동산,2
8930e1c05dbffff,소매,3
8930e1c05dbffff,수리·개인,1
8930e1c05dbffff,음식,3
8930e1c0603ffff,과학·기술,2
8930e1c0603ffff,수리·개인,2
8930e1c0603ffff,숙박,2
8930e1c0603ffff,음식,4
8930e1c0607ffff,과학·기술,1
8930e1c0607ffff,교육,1
8930e1c0607ffff,소매,3
8930e1c0607ffff,숙박,3
8930e1c0607ffff,음식,5
8930e1c060bffff,과학·기술,2
8930e1c060bffff,교육,4
8930e1c060bffff,소매,2
8930e1c060bffff,수리·개인,1
8930e1c060bffff,숙박,1
8930e1c060bffff,시설관리·임대,1
8930e1c060bffff,음식,4
8930e1c060fffff,과학·기술,4
8930e1c060fffff,교육,4
8930e1c060fffff,부동산,8
8930e1c060fffff,소매,12
8930e1c060fffff,수리·개인,5
8930e1c060fffff,숙박,3
8930e1c060fffff,시설관리·임대,5
8930e1c060fffff,예술·스포츠,4
8930e1c060fffff,음식,52
8930e1c0623ffff,과학·기술,3
8930e1c0623ffff,교육,7
8930e1c0623ffff,부동산,7
8930e1c0623ffff,소매,2
8930e1c0623ffff,수리·개인,6
8930e1c0623ffff,숙박,2
8930e1c0623ffff,음식,4
8930e1c0627ffff,과학·기술,8
8930e1c0627ffff,교육,2
8930e1c0627ffff,부동산,3
8930e1c0627ffff,소매,6
8930e1c0627ffff,수리·개인,6
8930e1c0627ffff,시설관리·임대,2
8930e1c0627ffff,음식,3
8930e1c062bffff,과학·기술,3
8930e1c062bffff,교육,8
8930e1c062bffff,보건의료,7
8930e1c062bffff,부동산,3
8930e1c062bffff,소매,11
8930e1c062bffff,수리·개인,7
8930e1c062bffff,음식,12
8930e1c062fffff,과학·기술,4
8930e1c062fffff,소매,4
8930e1c062fffff,수리·개인,1
8930e1c062fffff,시설관리·임대,1
8930e1c0633ffff,소매,2
8930e1c0637ffff,과학·기술,3
8930e1c0637ffff,교육,22
8930e1c0637ffff,보건의료,4
8930e1c0637ffff,부동산,10
8930e1c0637ffff,소매,23
8930e1c0637ffff,수리·개인,16
8930e1c0637ffff,숙박,3
8930e1c0637ffff,시설관리·임대,3
8930e1c0637ffff,예술·스포츠,2
8930e1c0637ffff,음식,34
8930e1c063bffff,과학·기술,1
8930e1c063bffff,교육,11
8930e1c063bffff,보건의료,4
8930e1c063bffff,부동산,6
8930e1c063bffff,소매,10
8930e1c063bffff,수리·개인,2
8930e1c063bffff,시설관리·임대,1
8930e1c063bffff,음식,6
8930e1c0643ffff,과학·기술,10
8930e1c0643ffff,교육,11
8930e1c0643ffff,보건의료,1
8930e1c0643ffff,부동산,2
8930e1c0643ffff,소매,56
8930e1c0643ffff,수리·개인,22
8930e1c0643ffff,숙박,12
8930e1c0643ffff,시설관리·임대,4
8930e1c0643ffff,예술·스포츠,35
8930e1c0643ffff,음식,246
8930e1c0647ffff,과학·기술,12
8930e1c0647ffff,교육,5
8930e1c0647ffff,소매,26
8930e1c0647ffff,수리·개인,1
8930e1c0647ffff,숙박,3
8930e1c0647ffff,시설관리·임대,10
8930e1c0647ffff,예술·스포츠,1
8930e1c0647ffff,음식,4
8930e1c064bffff,과학·기술,3
8930e1c064bffff,교육,5
8930e1c064bffff,부동산,2
8930e1c064bffff,소매,18
8930e1c064bffff,수리·개인,10
8930e1c064bffff,숙박,3
8930e1c064bffff,시설관리·임대,2
8930e1c064bffff,예술·스포츠,5
8930e1c064bffff,음식,29
8930e1c064fffff,과학·기술,12
8930e1c064fffff,교육,13
8930e1c064fffff,보건의료,9
8930e1c064fffff,부동산,16
8930e1c064fffff,소매,58
8930e1c064fffff,수리·개인,28
8930e1c064fffff,숙박,3
8930e1c064fffff,시설관리·임대,4
8930e1c064fffff,예술·스포츠,13
8930e1c064fffff,음식,111
8930e1c0653ffff,과학·기술,1
8930e1c0653ffff,교육,2
8930e1c0653ffff,소매,1
8930e1c0653ffff,시설관리·임대,2
8930e1c0657ffff,과학·기술,1
8930e1c0657ffff,보건의료,1
8930e1c0657ffff,음식,1
8930e1c065bffff,과학·기술,5
8930e1c065bffff,교육,4
8930e1c065bffff,부동산,1
8930e1c065bffff,소매,17
8930e1c065bffff,수리·개인,6
8930e1c065bffff,숙박,7
8930e1c065bffff,시설관리·임대,2
8930e1c065bffff,예술·스포츠,2
8930e1c065bffff,음식,36
8930e1c0663ffff,과학·기술,6
8930e1c0663ffff,교육,8
8930e1c0663ffff,보건의료,3
8930e1c0663ffff,부동산,5
8930e1c0663ffff,소매,13
8930e1c0663ffff,수리·개인,13
8930e1c0663ffff,숙박,9
8930e1c0663ffff,시설관리·임대,1
8930e1c0663ffff,예술·스포츠,2
8930e1c0663ffff,음식,13
8930e1c0667ffff,과학·기술,14
8930e1c0667ffff,교육,7
8930e1c0667ffff,보건의료,12
8930e1c0667ffff,부동산,16
8930e1c0667ffff,소매,37
8930e1c0667ffff,수리·개인,28
8930e1c0667ffff,시설관리·임대,1
8930e1c0667ffff,예술·스포츠,11
8930e1c0667ffff,음식,62
8930e1c066bffff,과학·기술,8
8930e1c066bffff,교육,4
8930e1c066bffff,보건의료,1
8930e1c066bffff,부동산,5
8930e1c066bffff,소매,20
8930e1c066bffff,수리·개인,9
8930e1c066bffff,숙박,7
8930e1c066bffff,시설관리·임대,5
8930e1c066bffff,예술·스포츠,5
8930e1c066bffff,음식,19
8930e1c066fffff,과학·기술,2
8930e1c066fffff,교육,3
8930e1c066fffff,보건의료,3
8930e1c066fffff,부동산,3
8930e1c066fffff,소매,4
8930e1c066fffff,수리·개인,9
8930e1c066fffff,시설관리·임대,3
8930e1c066fffff,예술·스포츠,1
8930e1c066fffff,음식,17
8930e1c0673ffff,과학·기술,3
8930e1c0673ffff,교육,12
8930e1c0673ffff,부동산,3
8930e1c0673ffff,소매,12
8930e1c0673ffff,수리·개인,6
8930e1c0673ffff,숙박,4
8930e1c0673ffff,시설관리·임대,1
8930e1c0673ffff,예술·스포츠,4
8930e1c0673ffff,음식,22
8930e1c0677ffff,과학·기술,9
8930e1c0677ffff,교육,8
8930e1c0677ffff,보건의료,16
8930e1c0677ffff,부동산,13
8930e1c0677ffff,소매,34
8930e1c0677ffff,수리·개인,16
8930e1c0677ffff,시설관리·임대,4
8930e1c0677ffff,예술·스포츠,14
8930e1c0677ffff,음식,129
8930e1c067bffff,과학·기술,5
8930e1c067bffff,교육,15
8930e1c067bffff,보건의료,1
8930e1c067bffff,부동산,12
8930e1c067bffff,소매,23
8930e1c067bffff,수리·개인,19
8930e1c067bffff,숙박,7
8930e1c067bffff,시설관리·임대,4
8930e1c067bffff,예술·스포츠,3
8930e1c067bffff,음식,49
8930e1c0683ffff,과학·기술,5
8930e1c0683ffff,교육,3
8930e1c0683ffff,부동산,1
8930e1c0683ffff,소매,17
8930e1c0683ffff,수리·개인,15
8930e1c0683ffff,시설관리·임대,7
8930e1c0683ffff,예술·스포츠,1
8930e1c0683ffff,음식,7
8930e1c0687ffff,과학·기술,7
8930e1c0687ffff,교육,6
8930e1c0687ffff,보건의료,1
8930e1c0687ffff,부동산,3
8930e1c0687ffff,소매,7
8930e1c0687ffff,수리·개인,4
8930e1c0687ffff,시설관리·임대,1
8930e1c0687ffff,음식,5
8930e1c068bffff,과학·기술,1
8930e1c068fffff,과학·기술,2
8930e1c0693ffff,과학·기술,2
8930e1c0693ffff,교육,8
8930e1c0693ffff,보건의료,1
8930e1c0693ffff,부동산,3
8930e1c0693ffff,소매,12
8930e1c0693ffff,수리·개인,14
8930e1c0693ffff,숙박,1
8930e1c0693ffff,시설관리·임대,1
8930e1c0693ffff,예술·스포츠,1
8930e1c0693ffff,음식,7
8930e1c0697ffff,과학·기술,7
8930e1c0697ffff,교육,3
8930e1c0697ffff,보건의료,2
8930e1c0697ffff,부동산,5
8930e1c0697ffff,소매,25
8930e1c0697ffff,수리·개인,19
8930e1c0697ffff,숙박,1
8930e1c0697ffff,시설관리·임대,1
8930e1c0697ffff,예술·스포츠,1
8930e1c0697ffff,음식,27
8930e1c069bffff,교육,1
8930e1c069bffff,소매,1
8930e1c069bffff,수리·개인,2
8930e1c069bffff,시설관리·임대,1
8930e1c06a3ffff,과학·기술,6
8930e1c06a3ffff,교육,2
8930e1c06a3ffff,소매,6
8930e1c06a3ffff,수리·개인,5
8930e1c06a3ffff,시설관리·임대,1
8930e1c06a3ffff,음식,6
8930e1c06a7ffff,과학·기술,12
8930e1c06a7ffff,교육,7
8930e1c06a7ffff,보건의료,7
8930e1c06a7ffff,부동산,11
8930e1c06a7ffff,소매,41
8930e1c06a7ffff,수리·개인,26
8930e1c06a7ffff,숙박,6
8930e1c06a7ffff,시설관리·임대,1
8930e1c06a7ffff,예술·스포츠,4
8930e1c06a7ffff,음식,40
8930e1c06afffff,과학·기술,5
8930e1c06afffff,교육,2
8930e1c06afffff,부동산,4
8930e1c06afffff,소매,17
8930e1c06afffff,수리·개인,15
8930e1c06afffff,숙박,1
8930e1c06afffff,시설관리·임대,1
8930e1c06afffff,예술·스포츠,1
8930e1c06afffff,음식,29
8930e1c06b3ffff,과학·기술,3
8930e1c06b3ffff,교육,1
8930e1c06b3ffff,부동산,4
8930e1c06b3ffff,소매,7
8930e1c06b3ffff,수리·개인,8
8930e1c06b3ffff,음식,16
8930e1c06b7ffff,과학·기술,9
8930e1c06b7ffff,교육,13
8930e1c06b7ffff,보건의료,15
8930e1c06b7ffff,부동산,8
8930e1c06b7ffff,소매,46
8930e1c06b7ffff,수리·개인,25
8930e1c06b7ffff,숙박,2
8930e1c06b7ffff,시설관리·임대,2
8930e1c06b7ffff,예술·스포츠,16
8930e1c06b7ffff,음식,60
8930e1c06d3ffff,과학·기술,3
8930e1c06d3ffff,소매,3
8930e1c06d3ffff,수리·개인,3
8930e1c06d3ffff,시설관리·임대,1
8930e1c06d3ffff,음식,4
8930e1c0c43ffff,교육,5
8930e1c0c43ffff,보건의료,1
8930e1c0c43ffff,부동산,2
8930e1c0c43ffff,소매,4
8930e1c0c43ffff,수리·개인,2
8930e1c0c4bffff,소매,1
8930e1c0c4fffff,과학·기술,76
8930e1c0c4fffff,교육,5
8930e1c0c4fffff,부동산,3
8930e1c0c4fffff,소매,7
8930e1c0c4fffff,수리·개인,1
8930e1c0c4fffff,시설관리·임대,11
8930e1c0c4fffff,음식,6
8930e1c0c53ffff,부동산,1
8930e1c0c53ffff,소매,2
8930e1c0c53ffff,수리·개인,1
8930e1c0c53ffff,음식,2
8930e1c0c57ffff,예술·스포츠,2
8930e1c0c57ffff,음식,2
8930e1c0c5bffff,과학·기술,1
8930e1c0ccbffff,과학·기술,1
8930e1c0ccbffff,소매,2
8930e1c0ccbffff,수리·개인,6
8930e1c0ccbffff,음식,5
8930e1c0ccfffff,교육,11
8930e1c0ccfffff,보건의료,1
8930e1c0ccfffff,소매,1
8930e1c0ccfffff,수리·개인,1
8930e1c0ccfffff,시설관리·임대,1
8930e1c0ccfffff,예술·스포츠,4
8930e1c0ccfffff,음식,2
8930e1c0e03ffff,과학·기술,2
8930e1c0e03ffff,소매,2
8930e1c0e03ffff,수리·개인,1
8930e1c0e0bffff,보건의료,1
8930e1c0e13ffff,과학·기술,2
8930e1c0e13ffff,교육,1
8930e1c0e13ffff,보건의료,1
8930e1c0e13ffff,소매,2
8930e1c0e13ffff,수리·개인,2
8930e1c0e13ffff,시설관리·임대,1
8930e1c0e13ffff,음식,5
8930e1c0e17ffff,숙박,1
8930e1c0e17ffff,음식,1
8930e1c0e1bffff,과학·기술,7
8930e1c0e1bffff,교육,11
8930e1c0e1bffff,보건의료,2
8930e1c0e1bffff,부동산,8
8930e1c0e1bffff,소매,30
8930e1c0e1bffff,수리·개인,15
8930e1c0e1bffff,시설관리·임대,2
8930e1c0e1bffff,예술·스포츠,4
8930e1c0e1bffff,음식,30
8930e1c0e33ffff,시설관리·임대,1
8930e1c0e53ffff,과학·기술,2
8930e1c0e53ffff,교육,4
8930e1c0e53ffff,소매,3
8930e1c0e53ffff,수리·개인,1
8930e1c0e53ffff,시설관리·임대,1
8930e1c0e53ffff,음식,1
8930e1c0e5bffff,과학·기술,1
8930e1c0e5bffff,교육,1
8930e1c0e5bffff,소매,1
8930e1c0e5bffff,시설관리·임대,1
8930e1c0e5bffff,예술·스포츠,1
8930e1c0e5bffff,음식,1
8930e1c0e77ffff,음식,1
8930e1c0e83ffff,과학·기술,2
8930e1c0e83ffff,교육,1
8930e1c0e83ffff,보건의료,1
8930e1c0e83ffff,소매,5
8930e1c0e83ffff,수리·개인,7
8930e1c0e83ffff,음식,4
8930e1c0e87ffff,과학·기술,1
8930e1c0e87ffff,부동산,2
8930e1c0e8bffff,교육,17
8930e1c0e8bffff,보건의료,3
8930e1c0e8bffff,부동산,4
8930e1c0e8bffff,소매,12
8930e1c0e8bffff,수리·개인,4
8930e1c0e8bffff,예술·스포츠,3
8930e1c0e8bffff,음식,17
8930e1c0e8fffff,과학·기술,1
8930e1c0e8fffff,교육,6
8930e1c0e8fffff,보건의료,3
8930e1c0e8fffff,부동산,1
8930e1c0e8fffff,소매,7
8930e1c0e8fffff,수리·개인,6
8930e1c0e8fffff,예술·스포츠,1
8930e1c0e8fffff,음식,11
8930e1c0e93ffff,과학·기술,1
8930e1c0e93ffff,교육,7
8930e1c0e93ffff,보건의료,1
8930e1c0e93ffff,부동산,4
8930e1c0e93ffff,소매,13
8930e1c0e93ffff,수리·개인,10
8930e1c0e93ffff,시설관리·임대,1
8930e1c0e93ffff,음식,39
8930e1c0e97ffff,과학·기술,2
8930e1c0e97ffff,소매,1
8930e1c0e97ffff,수리·개인,1
8930e1c0e97ffff,시설관리·임대,1
8930e1c0e97ffff,음식,1
8930e1c0e9bffff,수리·개인,1
8930e1c0ea3ffff,부동산,1
8930e1c0ea3ffff,소매,1
8930e1c0eabffff,음식,1
8930e1c0eb3ffff,음식,1
8930e1c0eb7ffff,과학·기술,9
8930e1c0eb7ffff,교육,1
8930e1c0eb7ffff,소매,5
8930e1c0eb7ffff,수리·개인,1
8930e1c0eb7ffff,음식,2
8930e1c0ebbffff,과학·기술,2
8930e1c0ec3ffff,과학·기술,12
8930e1c0ec3ffff,교육,6
8930e1c0ec3ffff,부동산,2
8930e1c0ec3ffff,소매,21
8930e1c0ec3ffff,수리·개인,25
8930e1c0ec3ffff,시설관리·임대,4
8930e1c0ec3ffff,예술·스포츠,1
8930e1c0ec3ffff,음식,23
8930e1c0ecbffff,과학·기술,8
8930e1c0ecbffff,교육,6
8930e1c0ecbffff,보건의료,2
8930e1c0ecbffff,부동산,5
8930e1c0ecbffff,소매,29
8930e1c0ecbffff,수리·개인,12
8930e1c0ecbffff,숙박,2
8930e1c0ecbffff,시설관리·임대,2
8930e1c0ecbffff,예술·스포츠,6
8930e1c0ecbffff,음식,28
8930e1c0ecfffff,과학·기술,7
8930e1c0ecfffff,교육,4
8930e1c0ecfffff,보건의료,7
8930e1c0ecfffff,부동산,6
8930e1c0ecfffff,소매,34
8930e1c0ecfffff,수리·개인,17
8930e1c0ecfffff,숙박,3
8930e1c0ecfffff,시설관리·임대,8
8930e1c0ecfffff,예술·스포츠,5
8930e1c0ecfffff,음식,29
8930e1c0ed3ffff,과학·기술,3
8930e1c0ed3ffff,교육,6
8930e1c0ed3ffff,부동산,4
8930e1c0ed3ffff,소매,8
8930e1c0ed3ffff,수리·개인,8
8930e1c0ed3ffff,음식,12
8930e1c0ed7ffff,과학·기술,1
8930e1c0ed7ffff,교육,1
8930e1c0ed7ffff,소매,1
8930e1c0ed7ffff,수리·개인,1
8930e1c0ed7ffff,시설관리·임대,1
8930e1c0ed7ffff,음식,1
8930e1c0edbffff,과학·기술,4
8930e1c0edbffff,교육,2
8930e1c0edbffff,보건의료,3
8930e1c0edbffff,부동산,1
8930e1c0edbffff,소매,13
8930e1c0edbffff,수리·개인,11
8930e1c0edbffff,숙박,2
8930e1c0edbffff,시설관리·임대,2
8930e1c0edbffff,예술·스포츠,12
8930e1c0edbffff,음식,41
8930e1c1003ffff,과학·기술,1
8930e1c1003ffff,교육,1
8930e1c1003ffff,보건의료,1
8930e1c1007ffff,과학·기술,9
8930e1c1007ffff,교육,4
8930e1c1007ffff,보건의료,1
8930e1c1007ffff,부동산,2
8930e1c1007ffff,소매,15
8930e1c1007ffff,수리·개인,5
8930e1c1007ffff,음식,4
8930e1c100fffff,소매,1
8930e1c100fffff,음식,1
8930e1c1013ffff,과학·기술,1
8930e1c1013ffff,소매,2
8930e1c1013ffff,수리·개인,1
8930e1c1013ffff,시설관리·임대,1
8930e1c1013ffff,예술·스포츠,1
8930e1c1013ffff,음식,8
8930e1c1017ffff,과학·기술,7
8930e1c1017ffff,교육,6
8930e1c1017ffff,보건의료,4
8930e1c1017ffff,부동산,7
8930e1c1017ffff,소매,33
8930e1c1017ffff,수리·개인,11
8930e1c1017ffff,시설관리·임대,9
8930e1c1017ffff,예술·스포츠,6
8930e1c1017ffff,음식,55
8930e1c101bffff,교육,2
8930e1c101bffff,부동산,1
8930e1c101bffff,소매,4
8930e1c101bffff,시설관리·임대,1
8930e1c101bffff,음식,2
8930e1c1023ffff,과학·기술,10
8930e1c1023ffff,부동산,1
8930e1c1023ffff,소매,12
8930e1c1023ffff,수리·개인,9
8930e1c1023ffff,숙박,4
8930e1c1023ffff,시설관리·임대,7
8930e1c1023ffff,예술·스포츠,1
8930e1c1023ffff,음식,3
8930e1c1027ffff,과학·기술,33
8930e1c1027ffff,교육,3
8930e1c1027ffff,보건의료,1
8930e1c1027ffff,부동산,5
8930e1c1027ffff,소매,51
8930e1c1027ffff,수리·개인,25
8930e1c1027ffff,숙박,8
8930e1c1027ffff,시설관리·임대,10
8930e1c1027ffff,예술·스포츠,1
8930e1c1027ffff,음식,21
8930e1c102fffff,소매,1
8930e1c102fffff,음식,1
8930e1c1033ffff,과학·기술,3
8930e1c1033ffff,교육,1
8930e1c1033ffff,소매,10
8930e1c1033ffff,수리·개인,8
8930e1c1033ffff,숙박,1
8930e1c1033ffff,예술·스포츠,1
8930e1c1033ffff,음식,7
8930e1c1037ffff,과학·기술,16
8930e1c1037ffff,교육,2
8930e1c1037ffff,보건의료,2
8930e1c1037ffff,부동산,5
8930e1c1037ffff,소매,46
8930e1c1037ffff,수리·개인,24
8930e1c1037ffff,숙박,2
8930e1c1037ffff,시설관리·임대,4
8930e1c1037ffff,음식,12
8930e1c103bffff,과학·기술,7
8930e1c103bffff,교육,1
8930e1c103bffff,시설관리·임대,1
8930e1c103bffff,예술·스포츠,2
8930e1c103bffff,음식,4
8930e1c104bffff,과학·기술,32
8930e1c104bffff,교육,15
8930e1c104bffff,부동산,6
8930e1c104bffff,소매,35
8930e1c104bffff,수리·개인,28
8930e1c104bffff,숙박,1
8930e1c104bffff,시설관리·임대,3
8930e1c104bffff,예술·스포츠,7
8930e1c104bffff,음식,37
8930e1c104fffff,과학·기술,64
8930e1c104fffff,교육,3
8930e1c104fffff,부동산,1
8930e1c104fffff,소매,13
8930e1c104fffff,수리·개인,4
8930e1c104fffff,시설관리·임대,7
8930e1c104fffff,예술·스포츠,1
8930e1c104fffff,음식,7
8930e1c1053ffff,과학·기술,22
8930e1c1053ffff,교육,6
8930e1c1053ffff,보건의료,1
8930e1c1053ffff,소매,26
8930e1c1053ffff,수리·개인,1
8930e1c1053ffff,숙박,1
8930e1c1053ffff,시설관리·임대,6
8930e1c1053ffff,예술·스포츠,1
8930e1c1053ffff,음식,20
8930e1c105bffff,과학·기술,44
8930e1c105bffff,부동산,3
8930e1c105bffff,소매,14
8930e1c105bffff,수리·개인,2
8930e1c105bffff,시설관리·임대,5
8930e1c105bffff,음식,7
8930e1c1063ffff,수리·개인,1
8930e1c106bffff,과학·기술,3
8930e1c106bffff,음식,1
8930e1c106fffff,수리·개인,1
8930e1c1077ffff,수리·개인,1
8930e1c1083ffff,시설관리·임대,1
8930e1c1083ffff,음식,1
8930e1c1087ffff,과학·기술,1
8930e1c1087ffff,소매,1
8930e1c1087ffff,수리·개인,1
8930e1c1087ffff,시설관리·임대,1
8930e1c108bffff,과학·기술,3
8930e1c108bffff,교육,3
8930e1c108bffff,부동산,1
8930e1c108bffff,소매,3
8930e1c108bffff,수리·개인,4
8930e1c108bffff,숙박,1
8930e1c108bffff,시설관리·임대,1
8930e1c108fffff,과학·기술,1
8930e1c108fffff,교육,1
8930e1c108fffff,수리·개인,1
8930e1c108fffff,음식,1
8930e1c1093ffff,과학·기술,10
8930e1c1093ffff,교육,5
8930e1c1093ffff,보건의료,1
8930e1c1093ffff,부동산,5
8930e1c1093ffff,소매,16
8930e1c1093ffff,수리·개인,9
8930e1c1093ffff,시설관리·임대,8
8930e1c1093ffff,예술·스포츠,3
8930e1c1093ffff,음식,16
8930e1c1097ffff,보건의료,1
8930e1c1097ffff,부동산,1
8930e1c1097ffff,소매,2
8930e1c1097ffff,수리·개인,1
8930e1c1097ffff,음식,3
8930e1c109bffff,과학·기술,7
8930e1c109bffff,교육,3
8930e1c109bffff,보건의료,1
8930e1c109bffff,부동산,7
8930e1c109bffff,소매,16
8930e1c109bffff,수리·개인,7
8930e1c109bffff,시설관리·임대,7
8930e1c109bffff,예술·스포츠,3
8930e1c109bffff,음식,11
8930e1c10a3ffff,과학·기술,13
8930e1c10a3ffff,교육,6
8930e1c10a3ffff,보건의료,20
8930e1c10a3ffff,부동산,4
8930e1c10a3ffff,소매,40
8930e1c10a3ffff,수리·개인,33
8930e1c10a3ffff,숙박,2
8930e1c10a3ffff,시설관리·임대,5
8930e1c10a3ffff,예술·스포츠,15
8930e1c10a3ffff,음식,37
8930e1c10a7ffff,과학·기술,8
8930e1c10a7ffff,교육,18
8930e1c10a7ffff,보건의료,10
8930e1c10a7ffff,부동산,13
8930e1c10a7ffff,소매,48
8930e1c10a7ffff,수리·개인,27
8930e1c10a7ffff,숙박,3
8930e1c10a7ffff,시설관리·임대,5
8930e1c10a7ffff,예술·스포츠,10
8930e1c10a7ffff,음식,64
8930e1c10abffff,과학·기술,12
8930e1c10abffff,교육,3
8930e1c10abffff,보건의료,13
8930e1c10abffff,부동산,2
8930e1c10abffff,소매,35
8930e1c10abffff,수리·개인,9
8930e1c10abffff,시설관리·임대,9
8930e1c10abffff,예술·스포츠,11
8930e1c10abffff,음식,65
8930e1c10afffff,과학·기술,20
8930e1c10afffff,교육,4
8930e1c10afffff,부동산,9
8930e1c10afffff,소매,78
8930e1c10afffff,수리·개인,8
8930e1c10afffff,시설관리·임대,10
8930e1c10afffff,예술·스포츠,2
8930e1c10afffff,음식,15
8930e1c10b3ffff,과학·기술,12
8930e1c10b3ffff,교육,10
8930e1c10b3ffff,보건의료,9
8930e1c10b3ffff,부동산,4
8930e1c10b3ffff,소매,44
8930e1c10b3ffff,수리·개인,9
8930e1c10b3ffff,시설관리·임대,12
8930e1c10b3ffff,예술·스포츠,6
8930e1c10b3ffff,음식,23
8930e1c10b7ffff,교육,3
8930e1c10b7ffff,부동산,5
8930e1c10b7ffff,소매,9
8930e1c10b7ffff,수리·개인,6
8930e1c10b7ffff,예술·스포츠,1
8930e1c10b7ffff,음식,9
8930e1c10bbffff,과학·기술,10
8930e1c10bbffff,교육,7
8930e1c10bbffff,보건의료,6
8930e1c10bbffff,부동산,18
8930e1c10bbffff,소매,35
8930e1c10bbffff,수리·개인,30
8930e1c10bbffff,숙박,2
8930e1c10bbffff,시설관리·임대,7
8930e1c10bbffff,예술·스포츠,7
8930e1c10bbffff,음식,50
8930e1c10c3ffff,과학·기술,4
8930e1c10c3ffff,교육,1
8930e1c10c3ffff,부동산,1
8930e1c10c3ffff,소매,6
8930e1c10c3ffff,수리·개인,2
8930e1c10c3ffff,숙박,1
8930e1c10c3ffff,음식,5
8930e1c10c7ffff,과학·기술,3
8930e1c10c7ffff,교육,9
8930e1c10c7ffff,부동산,5
8930e1c10c7ffff,소매,9
8930e1c10c7ffff,수리·개인,8
8930e1c10c7ffff,숙박,1
8930e1c10c7ffff,시설관리·임대,1
8930e1c10c7ffff,예술·스포츠,4
8930e1c10c7ffff,음식,31
8930e1c10cbffff,과학·기술,5
8930e1c10cbffff,교육,1
8930e1c10cbffff,부동산,1
8930e1c10cbffff,소매,4
8930e1c10cbffff,수리·개인,2
8930e1c10cbffff,숙박,5
8930e1c10cbffff,시설관리·임대,2
8930e1c10cbffff,예술·스포츠,2
8930e1c10cbffff,음식,17
8930e1c10cfffff,과학·기술,8
8930e1c10cfffff,교육,1
8930e1c10cfffff,보건의료,3
8930e1c10cfffff,소매,4
8930e1c10cfffff,수리·개인,2
8930e1c10cfffff,시설관리·임대,3
8930e1c10cfffff,음식,8
8930e1c10d3ffff,과학·기술,7
8930e1c10d3ffff,교육,3
8930e1c10d3ffff,보건의료,2
8930e1c10d3ffff,부동산,7
8930e1c10d3ffff,소매,21
8930e1c10d3ffff,수리·개인,18
8930e1c10d3ffff,숙박,5
8930e1c10d3ffff,시설관리·임대,4
8930e1c10d3ffff,예술·스포츠,3
8930e1c10d3ffff,음식,77
8930e1c10d7ffff,과학·기술,1
8930e1c10d7ffff,교육,1
8930e1c10d7ffff,부동산,1
8930e1c10d7ffff,소매,2
8930e1c10d7ffff,수리·개인,2
8930e1c10d7ffff,음식,2
8930e1c10dbffff,과학·기술,9
8930e1c10dbffff,교육,5
8930e1c10dbffff,보건의료,2
8930e1c10dbffff,부동산,5
8930e1c10dbffff,소매,29
8930e1c10dbffff,수리·개인,9
8930e1c10dbffff,숙박,8
8930e1c10dbffff,시설관리·임대,7
8930e1c10dbffff,예술·스포츠,34
8930e1c10dbffff,음식,151
8930e1c1103ffff,과학·기술,5
8930e1c1103ffff,교육,15
8930e1c1103ffff,보건의료,2
8930e1c1103ffff,부동산,7
8930e1c1103ffff,소매,26
8930e1c1103ffff,수리·개인,14
8930e1c1103ffff,숙박,5
8930e1c1103ffff,시설관리·임대,2
8930e1c1103ffff,예술·스포츠,4
8930e1c1103ffff,음식,28
8930e1c1107ffff,과학·기술,2
8930e1c1107ffff,교육,5
8930e1c1107ffff,부동산,5
8930e1c1107ffff,소매,13
8930e1c1107ffff,수리·개인,13
8930e1c1107ffff,예술·스포츠,2
8930e1c1107ffff,음식,18
8930e1c110bffff,과학·기술,5
8930e1c110bffff,교육,12
8930e1c110bffff,부동산,2
8930e1c110bffff,소매,19
8930e1c110bffff,수리·개인,16
8930e1c110bffff,시설관리·임대,1
8930e1c110bffff,음식,11
8930e1c110fffff,과학·기술,2
8930e1c110fffff,교육,7
8930e1c110fffff,부동산,3
8930e1c110fffff,소매,2
8930e1c110fffff,수리·개인,3
8930e1c110fffff,음식,3
8930e1c1113ffff,과학·기술,14
8930e1c1113ffff,교육,4
8930e1c1113ffff,부동산,14
8930e1c1113ffff,소매,40
8930e1c1113ffff,수리·개인,25
8930e1c1113ffff,숙박,1
8930e1c1113ffff,시설관리·임대,8
8930e1c1113ffff,예술·스포츠,7
8930e1c1113ffff,음식,51
8930e1c1117ffff,과학·기술,20
8930e1c1117ffff,교육,11
8930e1c1117ffff,보건의료,9
8930e1c1117ffff,부동산,7
8930e1c1117ffff,소매,33
8930e1c1117ffff,수리·개인,25
8930e1c1117ffff,숙박,5
8930e1c1117ffff,시설관리·임대,13
8930e1c1117ffff,예술·스포츠,15
8930e1c1117ffff,음식,114
8930e1c111bffff,과학·기술,25
8930e1c111bffff,교육,2
8930e1c111bffff,보건의료,1
8930e1c111bffff,부동산,4
8930e1c111bffff,소매,29
8930e1c111bffff,수리·개인,14
8930e1c111bffff,숙박,1
8930e1c111bffff,시설관리·임대,13
8930e1c111bffff,예술·스포츠,7
8930e1c111bffff,음식,76
8930e1c1123ffff,과학·기술,11
8930e1c1123ffff,보건의료,1
8930e1c1123ffff,소매,9
8930e1c1123ffff,수리·개인,6
8930e1c1123ffff,숙박,1
8930e1c1123ffff,시설관리·임대,3
8930e1c1127ffff,과학·기술,10
8930e1c1127ffff,교육,2
8930e1c1127ffff,보건의료,2
8930e1c1127ffff,부동산,6
8930e1c1127ffff,소매,19
8930e1c1127ffff,수리·개인,18
8930e1c1127ffff,숙박,1
8930e1c1127ffff,시설관리·임대,5
8930e1c1127ffff,예술·스포츠,3
8930e1c1127ffff,음식,29
8930e1c112bffff,과학·기술,10
8930e1c112bffff,교육,14
8930e1c112bffff,보건의료,2
8930e1c112bffff,부동산,6
8930e1c112bffff,소매,10
8930e1c112bffff,수리·개인,10
8930e1c112bffff,시설관리·임대,7
8930e1c112bffff,예술·스포츠,3
8930e1c112bffff,음식,13
8930e1c112fffff,과학·기술,17
8930e1c112fffff,교육,14
8930e1c112fffff,보건의료,11
8930e1c112fffff,부동산,11
8930e1c112fffff,소매,43
8930e1c112fffff,수리·개인,30
8930e1c112fffff,숙박,2
8930e1c112fffff,시설관리·임대,3
8930e1c112fffff,예술·스포츠,12
8930e1c112fffff,음식,49
8930e1c1133ffff,과학·기술,1
8930e1c1133ffff,교육,1
8930e1c1133ffff,보건의료,1
8930e1c1133ffff,소매,1
8930e1c1133ffff,수리·개인,2
8930e1c1133ffff,음식,2
8930e1c1137ffff,과학·기술,2
8930e1c1137ffff,부동산,1
8930e1c1137ffff,소매,2
8930e1c1137ffff,수리·개인,2
8930e1c1137ffff,시설관리·임대,1
8930e1c1137ffff,예술·스포츠,1
8930e1c1137ffff,음식,3
8930e1c113bffff,소매,2
8930e1c1143ffff,과학·기술,44
8930e1c1143ffff,교육,11
8930e1c1143ffff,보건의료,10
8930e1c1143ffff,부동산,6
8930e1c1143ffff,소매,45
8930e1c1143ffff,수리·개인,32
8930e1c1143ffff,숙박,4
8930e1c1143ffff,시설관리·임대,9
8930e1c1143ffff,예술·스포츠,11
8930e1c1143ffff,음식,33
8930e1c1147ffff,과학·기술,6
8930e1c1147ffff,교육,3
8930e1c1147ffff,보건의료,1
8930e1c1147ffff,소매,24
8930e1c1147ffff,수리·개인,31
8930e1c1147ffff,시설관리·임대,2
8930e1c1147ffff,예술·스포츠,1
8930e1c1147ffff,음식,6
8930e1c114bffff,과학·기술,1
8930e1c114bffff,소매,2
8930e1c114bffff,수리·개인,10
8930e1c114bffff,시설관리·임대,2
8930e1c114bffff,예술·스포츠,1
8930e1c114fffff,과학·기술,4
8930e1c114fffff,부동산,3
8930e1c114fffff,소매,10
8930e1c114fffff,수리·개인,15
8930e1c114fffff,시설관리·임대,4
8930e1c114fffff,예술·스포츠,1
8930e1c114fffff,음식,2
8930e1c1153ffff,과학·기술,29
8930e1c1153ffff,교육,9
8930e1c1153ffff,보건의료,15
8930e1c1153ffff,부동산,11
8930e1c1153ffff,소매,53
8930e1c1153ffff,수리·개인,26
8930e1c1153ffff,숙박,3
8930e1c1153ffff,시설관리·임대,17
8930e1c1153ffff,예술·스포츠,23
8930e1c1153ffff,음식,92
8930e1c1157ffff,과학·기술,9
8930e1c1157ffff,교육,1
8930e1c1157ffff,보건의료,1
8930e1c1157ffff,부동산,8
8930e1c1157ffff,소매,27
8930e1c1157ffff,수리·개인,12
8930e1c1157ffff,시설관리·임대,1
8930e1c1157ffff,예술·스포츠,5
8930e1c1157ffff,음식,44
8930e1c115bffff,과학·기술,21
8930e1c115bffff,교육,5
8930e1c115bffff,부동산,5
8930e1c115bffff,소매,46
8930e1c115bffff,수리·개인,26
8930e1c115bffff,시설관리·임대,18
8930e1c115bffff,예술·스포츠,1
8930e1c115bffff,음식,26
8930e1c1163ffff,과학·기술,20
8930e1c1163ffff,교육,5
8930e1c1163ffff,부동산,4
8930e1c1163ffff,소매,26
8930e1c1163ffff,수리·개인,9
8930e1c1163ffff,숙박,1
8930e1c1163ffff,시설관리·임대,7
8930e1c1163ffff,예술·스포츠,1
8930e1c1163ffff,음식,12
8930e1c1167ffff,과학·기술,17
8930e1c1167ffff,교육,1
8930e1c1167ffff,부동산,3
8930e1c1167ffff,소매,19
8930e1c1167ffff,수리·개인,22
8930e1c1167ffff,숙박,4
8930e1c1167ffff,시설관리·임대,7
8930e1c1167ffff,예술·스포츠,7
8930e1c1167ffff,음식,62
8930e1c116bffff,과학·기술,24
8930e1c116bffff,교육,4
8930e1c116bffff,보건의료,1
8930e1c116bffff,부동산,2
8930e1c116bffff,소매,43
8930e1c116bffff,수리·개인,13
8930e1c116bffff,숙박,4
8930e1c116bffff,시설관리·임대,15
8930e1c116bffff,예술·스포츠,2
8930e1c116bffff,음식,47
8930e1c116fffff,과학·기술,20
8930e1c116fffff,교육,3
8930e1c116fffff,보건의료,3
8930e1c116fffff,부동산,8
8930e1c116fffff,소매,23
8930e1c116fffff,수리·개인,21
8930e1c116fffff,시설관리·임대,7
8930e1c116fffff,예술·스포츠,4
8930e1c116fffff,음식,45
8930e1c1173ffff,교육,1
8930e1c1173ffff,소매,7
8930e1c1173ffff,수리·개인,3
8930e1c1177ffff,과학·기술,5
8930e1c1177ffff,소매,6
8930e1c1177ffff,수리·개인,5
8930e1c1177ffff,숙박,3
8930e1c1177ffff,시설관리·임대,1
8930e1c1177ffff,예술·스포츠,1
8930e1c1177ffff,음식,3
8930e1c117bffff,과학·기술,5
8930e1c117bffff,소매,2
8930e1c117bffff,수리·개인,1
8930e1c1183ffff,과학·기술,6
8930e1c1183ffff,교육,2
8930e1c1183ffff,부동산,4
8930e1c1183ffff,소매,13
8930e1c1183ffff,수리·개인,16
8930e1c1183ffff,시설관리·임대,2
8930e1c1183ffff,예술·스포츠,4
8930e1c1183ffff,음식,18
8930e1c1187ffff,과학·기술,10
8930e1c1187ffff,교육,2
8930e1c1187ffff,부동산,6
8930e1c1187ffff,소매,24
8930e1c1187ffff,수리·개인,22
8930e1c1187ffff,시설관리·임대,2
8930e1c1187ffff,예술·스포츠,1
8930e1c1187ffff,음식,21
8930e1c118bffff,과학·기술,7
8930e1c118bffff,교육,4
8930e1c118bffff,보건의료,1
8930e1c118bffff,부동산,3
8930e1c118bffff,소매,30
8930e1c118bffff,수리·개인,13
8930e1c118bffff,시설관리·임대,5
8930e1c118bffff,예술·스포츠,6
8930e1c118bffff,음식,41
8930e1c118fffff,과학·기술,12
8930e1c118fffff,교육,9
8930e1c118fffff,보건의료,6
8930e1c118fffff,부동산,8
8930e1c118fffff,소매,55
8930e1c118fffff,수리·개인,33
8930e1c118fffff,숙박,2
8930e1c118fffff,시설관리·임대,2
8930e1c118fffff,예술·스포츠,7
8930e1c118fffff,음식,42
8930e1c1193ffff,과학·기술,1
8930e1c1193ffff,소매,1
8930e1c1197ffff,과학·기술,5
8930e1c1197ffff,교육,10
8930e1c1197ffff,부동산,2
8930e1c1197ffff,소매,13
8930e1c1197ffff,수리·개인,16
8930e1c1197ffff,숙박,1
8930e1c1197ffff,시설관리·임대,1
8930e1c1197ffff,예술·스포츠,1
8930e1c1197ffff,음식,13
8930e1c119bffff,과학·기술,2
8930e1c119bffff,교육,2
8930e1c119bffff,소매,7
8930e1c119bffff,시설관리·임대,2
8930e1c119bffff,예술·스포츠,6
8930e1c119bffff,음식,2
8930e1c11a3ffff,과학·기술,3
8930e1c11a3ffff,교육,45
8930e1c11a3ffff,보건의료,3
8930e1c11a3ffff,부동산,3
8930e1c11a3ffff,소매,15
8930e1c11a3ffff,수리·개인,10
8930e1c11a3ffff,시설관리·임대,1
8930e1c11a3ffff,예술·스포츠,1
8930e1c11a3ffff,음식,17
8930e1c11a7ffff,소매,1
8930e1c11a7ffff,음식,1
8930e1c11abffff,과학·기술,13
8930e1c11abffff,교육,68
8930e1c11abffff,보건의료,16
8930e1c11abffff,부동산,10
8930e1c11abffff,소매,75
8930e1c11abffff,수리·개인,28
8930e1c11abffff,숙박,2
8930e1c11abffff,시설관리·임대,3
8930e1c11abffff,예술·스포츠,22
8930e1c11abffff,음식,88
8930e1c11afffff,과학·기술,2
8930e1c11afffff,교육,3
8930e1c11afffff,소매,1
8930e1c11afffff,수리·개인,4
8930e1c11afffff,예술·스포츠,3
8930e1c11afffff,음식,8
8930e1c11b3ffff,과학·기술,8
8930e1c11b3ffff,교육,8
8930e1c11b3ffff,보건의료,6
8930e1c11b3ffff,부동산,6
8930e1c11b3ffff,소매,25
8930e1c11b3ffff,수리·개인,20
8930e1c11b3ffff,시설관리·임대,6
8930e1c11b3ffff,예술·스포츠,12
8930e1c11b3ffff,음식,32
8930e1c11b7ffff,과학·기술,2
8930e1c11b7ffff,교육,12
8930e1c11b7ffff,부동산,1
8930e1c11b7ffff,소매,16
8930e1c11b7ffff,수리·개인,10
8930e1c11b7ffff,시설관리·임대,2
8930e1c11b7ffff,예술·스포츠,1
8930e1c11b7ffff,음식,5
8930e1c11bbffff,과학·기술,11
8930e1c11bbffff,교육,25
8930e1c11bbffff,보건의료,24
8930e1c11bbffff,부동산,1
8930e1c11bbffff,소매,39
8930e1c11bbffff,수리·개인,13
8930e1c11bbffff,숙박,1
8930e1c11bbffff,시설관리·임대,5
8930e1c11bbffff,예술·스포츠,11
8930e1c11bbffff,음식,47
8930e1c11c3ffff,과학·기술,14
8930e1c11c3ffff,교육,5
8930e1c11c3ffff,보건의료,3
8930e1c11c3ffff,부동산,8
8930e1c11c3ffff,소매,33
8930e1c11c3ffff,수리·개인,22
8930e1c11c3ffff,시설관리·임대,4
8930e1c11c3ffff,예술·스포츠,11
8930e1c11c3ffff,음식,29
8930e1c11c7ffff,과학·기술,8
8930e1c11c7ffff,교육,4
8930e1c11c7ffff,보건의료,5
8930e1c11c7ffff,부동산,4
8930e1c11c7ffff,소매,41
8930e1c11c7ffff,수리·개인,27
8930e1c11c7ffff,시설관리·임대,4
8930e1c11c7ffff,예술·스포츠,4
8930e1c11c7ffff,음식,34
8930e1c11cbffff,과학·기술,7
8930e1c11cbffff,교육,7
8930e1c11cbffff,부동산,4
8930e1c11cbffff,소매,21
8930e1c11cbffff,수리·개인,15
8930e1c11cbffff,숙박,1
8930e1c11cbffff,시설관리·임대,6
8930e1c11cbffff,음식,21
8930e1c11cfffff,과학·기술,13
8930e1c11cfffff,교육,3
8930e1c11cfffff,보건의료,3
8930e1c11cfffff,부동산,4
8930e1c11cfffff,소매,24
8930e1c11cfffff,수리·개인,22
8930e1c11cfffff,숙박,2
8930e1c11cfffff,시설관리·임대,5
8930e1c11cfffff,예술·스포츠,7
8930e1c11cfffff,음식,62
8930e1c11d3ffff,과학·기술,2
8930e1c11d3ffff,교육,3
8930e1c11d3ffff,부동산,3
8930e1c11d3ffff,소매,5
8930e1c11d3ffff,수리·개인,5
8930e1c11d3ffff,음식,1
8930e1c11d7ffff,과학·기술,11
8930e1c11d7ffff,교육,17
8930e1c11d7ffff,보건의료,6
8930e1c11d7ffff,부동산,5
8930e1c11d7ffff,소매,27
8930e1c11d7ffff,수리·개인,20
8930e1c11d7ffff,시설관리·임대,5
8930e1c11d7ffff,예술·스포츠,5
8930e1c11d7ffff,음식,20
8930e1c11dbffff,과학·기술,8
8930e1c11dbffff,교육,3
8930e1c11dbffff,보건의료,2
8930e1c11dbffff,부동산,1
8930e1c11dbffff,소매,25
8930e1c11dbffff,수리·개인,12
8930e1c11dbffff,숙박,1
8930e1c11dbffff,시설관리·임대,3
8930e1c11dbffff,예술·스포츠,3
8930e1c11dbffff,음식,15
8930e1c1203ffff,과학·기술,37
8930e1c1203ffff,교육,11
8930e1c1203ffff,보건의료,1
8930e1c1203ffff,부동산,6
8930e1c1203ffff,소매,25
8930e1c1203ffff,수리·개인,8
8930e1c1203ffff,시설관리·임대,10
8930e1c1203ffff,예술·스포츠,3
8930e1c1203ffff,음식,28
8930e1c1207ffff,과학·기술,48
8930e1c1207ffff,교육,4
8930e1c1207ffff,보건의료,1
8930e1c1207ffff,부동산,10
8930e1c1207ffff,소매,24
8930e1c1207ffff,수리·개인,14
8930e1c1207ffff,시설관리·임대,9
8930e1c1207ffff,예술·스포츠,2
8930e1c1207ffff,음식,38
8930e1c120bffff,과학·기술,19
8930e1c120bffff,교육,13
8930e1c120bffff,보건의료,1
8930e1c120bffff,부동산,4
8930e1c120bffff,소매,33
8930e1c120bffff,수리·개인,10
8930e1c120bffff,숙박,2
8930e1c120bffff,시설관리·임대,10
8930e1c120bffff,예술·스포츠,4
8930e1c120bffff,음식,26
8930e1c120fffff,과학·기술,22
8930e1c120fffff,교육,5
8930e1c120fffff,보건의료,7
8930e1c120fffff,부동산,8
8930e1c120fffff,소매,61
8930e1c120fffff,수리·개인,22
8930e1c120fffff,숙박,3
8930e1c120fffff,시설관리·임대,3
8930e1c120fffff,예술·스포츠,8
8930e1c120fffff,음식,66
8930e1c1213ffff,과학·기술,91
8930e1c1213ffff,교육,23
8930e1c1213ffff,보건의료,3
8930e1c1213ffff,부동산,11
8930e1c1213ffff,소매,30
8930e1c1213ffff,수리·개인,22
8930e1c1213ffff,숙박,1
8930e1c1213ffff,시설관리·임대,9
8930e1c1213ffff,예술·스포츠,4
8930e1c1213ffff,음식,48
8930e1c1217ffff,과학·기술,15
8930e1c1217ffff,교육,11
8930e1c1217ffff,부동산,4
8930e1c1217ffff,소매,37
8930e1c1217ffff,수리·개인,8
8930e1c1217ffff,숙박,4
8930e1c1217ffff,시설관리·임대,3
8930e1c1217ffff,음식,34
8930e1c121bffff,과학·기술,13
8930e1c121bffff,교육,13
8930e1c121bffff,보건의료,1
8930e1c121bffff,부동산,20
8930e1c121bffff,소매,20
8930e1c121bffff,수리·개인,17
8930e1c121bffff,숙박,4
8930e1c121bffff,시설관리·임대,7
8930e1c121bffff,예술·스포츠,4
8930e1c121bffff,음식,29
8930e1c1223ffff,과학·기술,98
8930e1c1223ffff,교육,7
8930e1c1223ffff,부동산,6
8930e1c1223ffff,소매,46
8930e1c1223ffff,수리·개인,14
8930e1c1223ffff,숙박,1
8930e1c1223ffff,시설관리·임대,13
8930e1c1223ffff,예술·스포츠,1
8930e1c1223ffff,음식,41
8930e1c1227ffff,과학·기술,25
8930e1c1227ffff,부동산,2
8930e1c1227ffff,소매,44
8930e1c1227ffff,수리·개인,15
8930e1c1227ffff,시설관리·임대,5
8930e1c1227ffff,예술·스포츠,1
8930e1c1227ffff,음식,21
8930e1c122bffff,과학·기술,19
8930e1c122bffff,교육,6
8930e1c122bffff,보건의료,1
8930e1c122bffff,부동산,3
8930e1c122bffff,소매,22
8930e1c122bffff,수리·개인,21
8930e1c122bffff,시설관리·임대,4
8930e1c122bffff,예술·스포츠,3
8930e1c122bffff,음식,35
8930e1c122fffff,과학·기술,20
8930e1c122fffff,부동산,4
8930e1c122fffff,소매,21
8930e1c122fffff,수리·개인,12
8930e1c122fffff,숙박,3
8930e1c122fffff,시설관리·임대,4
8930e1c122fffff,예술·스포츠,1
8930e1c122fffff,음식,24
8930e1c1233ffff,과학·기술,119
8930e1c1233ffff,교육,19
8930e1c1233ffff,보건의료,2
8930e1c1233ffff,부동산,13
8930e1c1233ffff,소매,85
8930e1c1233ffff,수리·개인,22
8930e1c1233ffff,숙박,7
8930e1c1233ffff,시설관리·임대,12
8930e1c1233ffff,예술·스포츠,10
8930e1c1233ffff,음식,117
8930e1c1237ffff,과학·기술,207
8930e1c1237ffff,교육,14
8930e1c1237ffff,보건의료,11
8930e1c1237ffff,부동산,18
8930e1c1237ffff,소매,60
8930e1c1237ffff,수리·개인,15
8930e1c1237ffff,숙박,1
8930e1c1237ffff,시설관리·임대,24
8930e1c1237ffff,예술·스포츠,5
8930e1c1237ffff,음식,54
8930e1c123bffff,과학·기술,103
8930e1c123bffff,교육,17
8930e1c123bffff,보건의료,6
8930e1c123bffff,부동산,15
8930e1c123bffff,소매,67
8930e1c123bffff,수리·개인,14
8930e1c123bffff,시설관리·임대,17
8930e1c123bffff,예술·스포츠,6
8930e1c123bffff,음식,100
8930e1c1257ffff,과학·기술,5
8930e1c1257ffff,소매,3
8930e1c1263ffff,과학·기술,3
8930e1c1263ffff,부동산,1
8930e1c1263ffff,소매,1
8930e1c1263ffff,수리·개인,1
8930e1c1263ffff,음식,1
8930e1c1267ffff,과학·기술,11
8930e1c1267ffff,교육,2
8930e1c1267ffff,부동산,3
8930e1c1267ffff,소매,9
8930e1c1267ffff,수리·개인,5
8930e1c1267ffff,숙박,3
8930e1c1267ffff,시설관리·임대,2
8930e1c1267ffff,음식,5
8930e1c1273ffff,과학·기술,5
8930e1c1273ffff,교육,2
8930e1c1273ffff,부동산,1
8930e1c1273ffff,소매,10
8930e1c1273ffff,수리·개인,3
8930e1c1273ffff,숙박,3
8930e1c1273ffff,시설관리·임대,3
8930e1c1273ffff,음식,2
8930e1c1277ffff,과학·기술,20
8930e1c1277ffff,교육,4
8930e1c1277ffff,보건의료,8
8930e1c1277ffff,부동산,10
8930e1c1277ffff,소매,72
8930e1c1277ffff,수리·개인,20
8930e1c1277ffff,숙박,2
8930e1c1277ffff,시설관리·임대,5
8930e1c1277ffff,예술·스포츠,11
8930e1c1277ffff,음식,96
8930e1c1283ffff,과학·기술,93
8930e1c1283ffff,교육,22
8930e1c1283ffff,보건의료,8
8930e1c1283ffff,부동산,14
8930e1c1283ffff,소매,71
8930e1c1283ffff,수리·개인,32
8930e1c1283ffff,숙박,10
8930e1c1283ffff,시설관리·임대,10
8930e1c1283ffff,예술·스포츠,14
8930e1c1283ffff,음식,191
8930e1c1287ffff,과학·기술,50
8930e1c1287ffff,교육,15
8930e1c1287ffff,보건의료,14
8930e1c1287ffff,부동산,11
8930e1c1287ffff,소매,45
8930e1c1287ffff,수리·개인,24
8930e1c1287ffff,숙박,2
8930e1c1287ffff,시설관리·임대,10
8930e1c1287ffff,예술·스포츠,16
8930e1c1287ffff,음식,85
8930e1c128bffff,과학·기술,106
8930e1c128bffff,교육,14
8930e1c128bffff,부동산,11
8930e1c128bffff,소매,24
8930e1c128bffff,수리·개인,9
8930e1c128bffff,시설관리·임대,16
8930e1c128bffff,음식,30
8930e1c128fffff,과학·기술,160
8930e1c128fffff,교육,18
8930e1c128fffff,보건의료,7
8930e1c128fffff,부동산,12
8930e1c128fffff,소매,56
8930e1c128fffff,수리·개인,17
8930e1c128fffff,숙박,2
8930e1c128fffff,시설관리·임대,15
8930e1c128fffff,예술·스포츠,5
8930e1c128fffff,음식,53
8930e1c1293ffff,과학·기술,93
8930e1c1293ffff,교육,16
8930e1c1293ffff,보건의료,1
8930e1c1293ffff,부동산,5
8930e1c1293ffff,소매,50
8930e1c1293ffff,수리·개인,15
8930e1c1293ffff,숙박,2
8930e1c1293ffff,시설관리·임대,9
8930e1c1293ffff,예술·스포츠,4
8930e1c1293ffff,음식,65
8930e1c1297ffff,과학·기술,32
8930e1c1297ffff,교육,8
8930e1c1297ffff,부동산,4
8930e1c1297ffff,소매,25
8930e1c1297ffff,수리·개인,17
8930e1c1297ffff,숙박,2
8930e1c1297ffff,시설관리·임대,3
8930e1c1297ffff,예술·스포츠,1
8930e1c1297ffff,음식,52
8930e1c129bffff,과학·기술,25
8930e1c129bffff,교육,6
8930e1c129bffff,부동산,1
8930e1c129bffff,소매,24
8930e1c129bffff,수리·개인,8
8930e1c129bffff,숙박,3
8930e1c129bffff,시설관리·임대,6
8930e1c129bffff,예술·스포츠,5
8930e1c129bffff,음식,65
8930e1c12a3ffff,과학·기술,155
8930e1c12a3ffff,교육,16
8930e1c12a3ffff,보건의료,9
8930e1c12a3ffff,부동산,18
8930e1c12a3ffff,소매,50
8930e1c12a3ffff,수리·개인,21
8930e1c12a3ffff,숙박,3
8930e1c12a3ffff,시설관리·임대,37
8930e1c12a3ffff,예술·스포츠,9
8930e1c12a3ffff,음식,69
8930e1c12a7ffff,과학·기술,72
8930e1c12a7ffff,교육,11
8930e1c12a7ffff,보건의료,5
8930e1c12a7ffff,부동산,14
8930e1c12a7ffff,소매,39
8930e1c12a7ffff,수리·개인,21
8930e1c12a7ffff,숙박,2
8930e1c12a7ffff,시설관리·임대,16
8930e1c12a7ffff,예술·스포츠,3
8930e1c12a7ffff,음식,42
8930e1c12abffff,과학·기술,115
8930e1c12abffff,교육,3
8930e1c12abffff,보건의료,5
8930e1c12abffff,부동산,10
8930e1c12abffff,소매,70
8930e1c12abffff,수리·개인,16
8930e1c12abffff,숙박,3
8930e1c12abffff,시설관리·임대,12
8930e1c12abffff,예술·스포츠,6
8930e1c12abffff,음식,77
8930e1c12afffff,과학·기술,145
8930e1c12afffff,교육,26
8930e1c12afffff,보건의료,19
8930e1c12afffff,부동산,17
8930e1c12afffff,소매,64
8930e1c12afffff,수리·개인,40
8930e1c12afffff,숙박,2
8930e1c12afffff,시설관리·임대,22
8930e1c12afffff,예술·스포츠,27
8930e1c12afffff,음식,90
8930e1c12b3ffff,과학·기술,186
8930e1c12b3ffff,교육,13
8930e1c12b3ffff,보건의료,1
8930e1c12b3ffff,부동산,7
8930e1c12b3ffff,소매,34
8930e1c12b3ffff,수리·개인,10
8930e1c12b3ffff,숙박,1
8930e1c12b3ffff,시설관리·임대,17
8930e1c12b3ffff,예술·스포츠,2
8930e1c12b3ffff,음식,39
8930e1c12b7ffff,과학·기술,39
8930e1c12b7ffff,교육,4
8930e1c12b7ffff,부동산,2
8930e1c12b7ffff,소매,25
8930e1c12b7ffff,수리·개인,4
8930e1c12b7ffff,숙박,2
8930e1c12b7ffff,시설관리·임대,3
8930e1c12b7ffff,예술·스포츠,1
8930e1c12b7ffff,음식,25
8930e1c12bbffff,과학·기술,116
8930e1c12bbffff,교육,24
8930e1c12bbffff,보건의료,13
8930e1c12bbffff,부동산,16
8930e1c12bbffff,소매,67
8930e1c12bbffff,수리·개인,32
8930e1c12bbffff,시설관리·임대,20
8930e1c12bbffff,예술·스포츠,3
8930e1c12bbffff,음식,81
8930e1c12c7ffff,과학·기술,12
8930e1c12c7ffff,교육,7
8930e1c12c7ffff,보건의료,3
8930e1c12c7ffff,부동산,4
8930e1c12c7ffff,소매,5
8930e1c12c7ffff,수리·개인,6
8930e1c12c7ffff,시설관리·임대,3
8930e1c12c7ffff,예술·스포츠,4
8930e1c12c7ffff,음식,17
8930e1c12cfffff,과학·기술,2
8930e1c12cfffff,교육,1
8930e1c12cfffff,부동산,3
8930e1c12cfffff,소매,2
8930e1c12cfffff,수리·개인,1
8930e1c12cfffff,시설관리·임대,1
8930e1c12cfffff,음식,4
8930e1c12d7ffff,과학·기술,5
8930e1c12d7ffff,교육,1
8930e1c12d7ffff,소매,4
8930e1c12d7ffff,수리·개인,1
8930e1c12d7ffff,시설관리·임대,2
8930e1c12d7ffff,음식,6
8930e1c1303ffff,과학·기술,30
8930e1c1303ffff,교육,10
8930e1c1303ffff,보건의료,10
8930e1c1303ffff,부동산,8
8930e1c1303ffff,소매,36
8930e1c1303ffff,수리·개인,15
8930e1c1303ffff,숙박,15
8930e1c1303ffff,시설관리·임대,7
8930e1c1303ffff,예술·스포츠,22
8930e1c1303ffff,음식,97
8930e1c1307ffff,과학·기술,15
8930e1c1307ffff,교육,12
8930e1c1307ffff,보건의료,6
8930e1c1307ffff,부동산,7
8930e1c1307ffff,소매,35
8930e1c1307ffff,수리·개인,21
8930e1c1307ffff,숙박,3
8930e1c1307ffff,시설관리·임대,7
8930e1c1307ffff,예술·스포츠,12
8930e1c1307ffff,음식,66
8930e1c130bffff,과학·기술,50
8930e1c130bffff,교육,11
8930e1c130bffff,보건의료,5
8930e1c130bffff,부동산,15
8930e1c130bffff,소매,50
8930e1c130bffff,수리·개인,31
8930e1c130bffff,숙박,6
8930e1c130bffff,시설관리·임대,12
8930e1c130bffff,예술·스포츠,8
8930e1c130bffff,음식,71
8930e1c130fffff,과학·기술,31
8930e1c130fffff,교육,17
8930e1c130fffff,부동산,9
8930e1c130fffff,소매,25
8930e1c130fffff,수리·개인,19
8930e1c130fffff,숙박,8
8930e1c130fffff,시설관리·임대,6
8930e1c130fffff,예술·스포츠,10
8930e1c130fffff,음식,87
8930e1c1313ffff,과학·기술,21
8930e1c1313ffff,교육,5
8930e1c1313ffff,보건의료,2
8930e1c1313ffff,부동산,5
8930e1c1313ffff,소매,29
8930e1c1313ffff,수리·개인,19
8930e1c1313ffff,숙박,3
8930e1c1313ffff,시설관리·임대,6
8930e1c1313ffff,예술·스포츠,5
8930e1c1313ffff,음식,28
8930e1c1317ffff,과학·기술,20
8930e1c1317ffff,교육,11
8930e1c1317ffff,보건의료,5
8930e1c1317ffff,부동산,8
8930e1c1317ffff,소매,36
8930e1c1317ffff,수리·개인,20
8930e1c1317ffff,숙박,7
8930e1c1317ffff,시설관리·임대,7
8930e1c1317ffff,예술·스포츠,6
8930e1c1317ffff,음식,22
8930e1c131bffff,과학·기술,190
8930e1c131bffff,교육,6
8930e1c131bffff,보건의료,1
8930e1c131bffff,부동산,13
8930e1c131bffff,소매,50
8930e1c131bffff,수리·개인,14
8930e1c131bffff,숙박,8
8930e1c131bffff,시설관리·임대,27
8930e1c131bffff,예술·스포츠,4
8930e1c131bffff,음식,83
8930e1c132bffff,과학·기술,24
8930e1c132bffff,교육,5
8930e1c132bffff,보건의료,1
8930e1c132bffff,부동산,5
8930e1c132bffff,소매,12
8930e1c132bffff,수리·개인,2
8930e1c132bffff,숙박,1
8930e1c132bffff,시설관리·임대,20
8930e1c132bffff,예술·스포츠,8
8930e1c132bffff,음식,67
8930e1c132fffff,교육,1
8930e1c132fffff,수리·개인,1
8930e1c132fffff,음식,2
8930e1c1337ffff,과학·기술,8
8930e1c1337ffff,교육,3
8930e1c1337ffff,소매,4
8930e1c1337ffff,수리·개인,2
8930e1c1337ffff,숙박,1
8930e1c1337ffff,시설관리·임대,3
8930e1c1337ffff,예술·스포츠,1
8930e1c1337ffff,음식,12
8930e1c133bffff,과학·기술,21
8930e1c133bffff,교육,11
8930e1c133bffff,보건의료,1
8930e1c133bffff,부동산,10
8930e1c133bffff,소매,20
8930e1c133bffff,수리·개인,26
8930e1c133bffff,숙박,1
8930e1c133bffff,시설관리·임대,23
8930e1c133bffff,예술·스포츠,11
8930e1c133bffff,음식,77
8930e1c1343ffff,과학·기술,21
8930e1c1343ffff,교육,14
8930e1c1343ffff,보건의료,10
8930e1c1343ffff,부동산,3
8930e1c1343ffff,소매,38
8930e1c1343ffff,수리·개인,11
8930e1c1343ffff,숙박,15
8930e1c1343ffff,시설관리·임대,5
8930e1c1343ffff,예술·스포츠,22
8930e1c1343ffff,음식,90
8930e1c1347ffff,과학·기술,28
8930e1c1347ffff,교육,6
8930e1c1347ffff,보건의료,5
8930e1c1347ffff,부동산,13
8930e1c1347ffff,소매,68
8930e1c1347ffff,수리·개인,20
8930e1c1347ffff,숙박,7
8930e1c1347ffff,시설관리·임대,4
8930e1c1347ffff,예술·스포츠,41
8930e1c1347ffff,음식,186
8930e1c134bffff,과학·기술,13
8930e1c134bffff,교육,9
8930e1c134bffff,보건의료,5
8930e1c134bffff,부동산,9
8930e1c134bffff,소매,39
8930e1c134bffff,수리·개인,18
8930e1c134bffff,숙박,7
8930e1c134bffff,시설관리·임대,10
8930e1c134bffff,예술·스포츠,22
8930e1c134bffff,음식,79
8930e1c134fffff,과학·기술,43
8930e1c134fffff,교육,26
8930e1c134fffff,보건의료,26
8930e1c134fffff,부동산,11
8930e1c134fffff,소매,56
8930e1c134fffff,수리·개인,41
8930e1c134fffff,숙박,4
8930e1c134fffff,시설관리·임대,11
8930e1c134fffff,예술·스포츠,28
8930e1c134fffff,음식,118
8930e1c1353ffff,과학·기술,42
8930e1c1353ffff,교육,8
8930e1c1353ffff,부동산,5
8930e1c1353ffff,소매,15
8930e1c1353ffff,수리·개인,14
8930e1c1353ffff,시설관리·임대,6
8930e1c1353ffff,예술·스포츠,2
8930e1c1353ffff,음식,24
8930e1c1357ffff,과학·기술,14
8930e1c1357ffff,교육,11
8930e1c1357ffff,보건의료,2
8930e1c1357ffff,부동산,6
8930e1c1357ffff,소매,16
8930e1c1357ffff,수리·개인,14
8930e1c1357ffff,숙박,7
8930e1c1357ffff,시설관리·임대,2
8930e1c1357ffff,예술·스포츠,4
8930e1c1357ffff,음식,26
8930e1c135bffff,과학·기술,19
8930e1c135bffff,교육,2
8930e1c135bffff,보건의료,5
8930e1c135bffff,부동산,11
8930e1c135bffff,소매,35
8930e1c135bffff,수리·개인,14
8930e1c135bffff,숙박,10
8930e1c135bffff,시설관리·임대,4
8930e1c135bffff,예술·스포츠,8
8930e1c135bffff,음식,51
8930e1c136bffff,과학·기술,16
8930e1c136bffff,교육,3
8930e1c136bffff,보건의료,1
8930e1c136bffff,부동산,2
8930e1c136bffff,소매,37
8930e1c136bffff,수리·개인,6
8930e1c136bffff,숙박,4
8930e1c136bffff,시설관리·임대,13
8930e1c136bffff,예술·스포츠,2
8930e1c136bffff,음식,39
8930e1c136fffff,과학·기술,7
8930e1c136fffff,교육,1
8930e1c136fffff,부동산,1
8930e1c136fffff,소매,4
8930e1c136fffff,수리·개인,6
8930e1c136fffff,숙박,2
8930e1c136fffff,시설관리·임대,1
8930e1c136fffff,예술·스포츠,1
8930e1c136fffff,음식,13
8930e1c1373ffff,과학·기술,14
8930e1c1373ffff,교육,8
8930e1c1373ffff,보건의료,2
8930e1c1373ffff,부동산,7
8930e1c1373ffff,소매,44
8930e1c1373ffff,수리·개인,38
8930e1c1373ffff,숙박,10
8930e1c1373ffff,시설관리·임대,1
8930e1c1373ffff,예술·스포츠,12
8930e1c1373ffff,음식,134
8930e1c1377ffff,과학·기술,8
8930e1c1377ffff,교육,2
8930e1c1377ffff,부동산,3
8930e1c1377ffff,소매,10
8930e1c1377ffff,수리·개인,7
8930e1c1377ffff,숙박,3
8930e1c1377ffff,시설관리·임대,2
8930e1c1377ffff,예술·스포츠,1
8930e1c1377ffff,음식,12
8930e1c137bffff,과학·기술,6
8930e1c137bffff,교육,3
8930e1c137bffff,보건의료,27
8930e1c137bffff,부동산,3
8930e1c137bffff,소매,44
8930e1c137bffff,수리·개인,23
8930e1c137bffff,숙박,2
8930e1c137bffff,시설관리·임대,2
8930e1c137bffff,예술·스포츠,24
8930e1c137bffff,음식,117
8930e1c138fffff,과학·기술,6
8930e1c138fffff,교육,2
8930e1c138fffff,부동산,1
8930e1c138fffff,소매,9
8930e1c138fffff,수리·개인,5
8930e1c138fffff,시설관리·임대,2
8930e1c138fffff,음식,10
8930e1c13a3ffff,과학·기술,25
8930e1c13a3ffff,교육,11
8930e1c13a3ffff,부동산,4
8930e1c13a3ffff,소매,26
8930e1c13a3ffff,수리·개인,19
8930e1c13a3ffff,숙박,2
8930e1c13a3ffff,시설관리·임대,9
8930e1c13a3ffff,예술·스포츠,2
8930e1c13a3ffff,음식,16
8930e1c13a7ffff,과학·기술,12
8930e1c13a7ffff,교육,4
8930e1c13a7ffff,부동산,3
8930e1c13a7ffff,소매,18
8930e1c13a7ffff,수리·개인,22
8930e1c13a7ffff,숙박,1
8930e1c13a7ffff,시설관리·임대,4
8930e1c13a7ffff,예술·스포츠,7
8930e1c13a7ffff,음식,39
8930e1c13abffff,과학·기술,7
8930e1c13abffff,교육,8
8930e1c13abffff,보건의료,5
8930e1c13abffff,부동산,5
8930e1c13abffff,소매,30
8930e1c13abffff,수리·개인,11
8930e1c13abffff,숙박,2
8930e1c13abffff,시설관리·임대,7
8930e1c13abffff,예술·스포츠,3
8930e1c13abffff,음식,47
8930e1c13afffff,과학·기술,13
8930e1c13afffff,교육,5
8930e1c13afffff,부동산,4
8930e1c13afffff,소매,13
8930e1c13afffff,수리·개인,6
8930e1c13afffff,숙박,2
8930e1c13afffff,예술·스포츠,3
8930e1c13afffff,음식,28
8930e1c13b3ffff,과학·기술,2
8930e1c13b3ffff,교육,1
8930e1c13b3ffff,소매,2
8930e1c13b3ffff,수리·개인,4
8930e1c13b3ffff,예술·스포츠,1
8930e1c13b3ffff,음식,6
8930e1c13b7ffff,과학·기술,10
8930e1c13b7ffff,교육,1
8930e1c13b7ffff,소매,20
8930e1c13b7ffff,수리·개인,11
8930e1c13b7ffff,숙박,2
8930e1c13b7ffff,시설관리·임대,6
8930e1c13b7ffff,음식,12
8930e1c13bbffff,과학·기술,11
8930e1c13bbffff,교육,4
8930e1c13bbffff,보건의료,1
8930e1c13bbffff,소매,13
8930e1c13bbffff,수리·개인,4
8930e1c13bbffff,시설관리·임대,1
8930e1c13bbffff,음식,2
8930e1c13c3ffff,과학·기술,55
8930e1c13c3ffff,교육,9
8930e1c13c3ffff,부동산,7
8930e1c13c3ffff,소매,37
8930e1c13c3ffff,수리·개인,20
8930e1c13c3ffff,시설관리·임대,8
8930e1c13c3ffff,예술·스포츠,1
8930e1c13c3ffff,음식,24
8930e1c13c7ffff,과학·기술,96
8930e1c13c7ffff,교육,5
8930e1c13c7ffff,보건의료,2
8930e1c13c7ffff,부동산,3
8930e1c13c7ffff,소매,22
8930e1c13c7ffff,수리·개인,14
8930e1c13c7ffff,숙박,1
8930e1c13c7ffff,시설관리·임대,5
8930e1c13c7ffff,예술·스포츠,3
8930e1c13c7ffff,음식,35
8930e1c13cbffff,과학·기술,46
8930e1c13cbffff,교육,4
8930e1c13cbffff,부동산,4
8930e1c13cbffff,소매,28
8930e1c13cbffff,수리·개인,15
8930e1c13cbffff,시설관리·임대,6
8930e1c13cbffff,예술·스포츠,1
8930e1c13cbffff,음식,33
8930e1c13cfffff,과학·기술,30
8930e1c13cfffff,교육,1
8930e1c13cfffff,부동산,3
8930e1c13cfffff,소매,10
8930e1c13cfffff,수리·개인,25
8930e1c13cfffff,시설관리·임대,6
8930e1c13cfffff,음식,29
8930e1c13d3ffff,과학·기술,2
8930e1c13d3ffff,교육,3
8930e1c13d3ffff,부동산,1
8930e1c13d3ffff,소매,5
8930e1c13d3ffff,수리·개인,2
8930e1c13d3ffff,시설관리·임대,1
8930e1c13d3ffff,예술·스포츠,1
8930e1c13dbffff,과학·기술,25
8930e1c13dbffff,교육,2
8930e1c13dbffff,부동산,3
8930e1c13dbffff,소매,14
8930e1c13dbffff,수리·개인,11
8930e1c13dbffff,숙박,1
8930e1c13dbffff,시설관리·임대,3
8930e1c13dbffff,예술·스포츠,2
8930e1c13dbffff,음식,22
8930e1c1403ffff,과학·기술,7
8930e1c1403ffff,교육,1
8930e1c1403ffff,소매,8
8930e1c1403ffff,수리·개인,2
8930e1c1403ffff,숙박,1
8930e1c1403ffff,시설관리·임대,4
8930e1c1403ffff,음식,3
8930e1c1407ffff,과학·기술,11
8930e1c1407ffff,교육,1
8930e1c1407ffff,보건의료,2
8930e1c1407ffff,부동산,6
8930e1c1407ffff,소매,16
8930e1c1407ffff,수리·개인,11
8930e1c1407ffff,시설관리·임대,4
8930e1c1407ffff,예술·스포츠,3
8930e1c1407ffff,음식,22
8930e1c140bffff,과학·기술,4
8930e1c140bffff,교육,1
8930e1c140bffff,부동산,1
8930e1c140bffff,소매,12
8930e1c140bffff,수리·개인,5
8930e1c140bffff,시설관리·임대,1
8930e1c140bffff,음식,3
8930e1c140fffff,과학·기술,16
8930e1c140fffff,교육,4
8930e1c140fffff,보건의료,5
8930e1c140fffff,부동산,4
8930e1c140fffff,소매,30
8930e1c140fffff,수리·개인,8
8930e1c140fffff,숙박,2
8930e1c140fffff,시설관리·임대,5
8930e1c140fffff,예술·스포츠,3
8930e1c140fffff,음식,32
8930e1c1413ffff,과학·기술,15
8930e1c1413ffff,교육,11
8930e1c1413ffff,보건의료,3
8930e1c1413ffff,부동산,9
8930e1c1413ffff,소매,48
8930e1c1413ffff,수리·개인,25
8930e1c1413ffff,시설관리·임대,6
8930e1c1413ffff,예술·스포츠,18
8930e1c1413ffff,음식,69
8930e1c1417ffff,과학·기술,3
8930e1c1417ffff,소매,6
8930e1c1417ffff,수리·개인,2
8930e1c1417ffff,시설관리·임대,4
8930e1c1417ffff,음식,1
8930e1c141bffff,과학·기술,8
8930e1c141bffff,보건의료,1
8930e1c141bffff,부동산,4
8930e1c141bffff,소매,22
8930e1c141bffff,수리·개인,14
8930e1c141bffff,숙박,1
8930e1c141bffff,시설관리·임대,6
8930e1c141bffff,예술·스포츠,1
8930e1c141bffff,음식,24
8930e1c1423ffff,과학·기술,5
8930e1c1423ffff,소매,8
8930e1c1423ffff,수리·개인,4
8930e1c1423ffff,시설관리·임대,1
8930e1c1423ffff,음식,1
8930e1c1427ffff,과학·기술,3
8930e1c1427ffff,교육,11
8930e1c1427ffff,보건의료,1
8930e1c1427ffff,부동산,3
8930e1c1427ffff,소매,12
8930e1c1427ffff,수리·개인,8
8930e1c1427ffff,시설관리·임대,4
8930e1c1427ffff,예술·스포츠,2
8930e1c1427ffff,음식,11
8930e1c142bffff,과학·기술,2
8930e1c142bffff,교육,6
8930e1c142bffff,보건의료,1
8930e1c142bffff,부동산,3
8930e1c142bffff,소매,27
8930e1c142bffff,수리·개인,1
8930e1c142bffff,예술·스포츠,2
8930e1c142bffff,음식,17
8930e1c142fffff,과학·기술,1
8930e1c142fffff,교육,3
8930e1c142fffff,부동산,1
8930e1c142fffff,소매,2
8930e1c1433ffff,과학·기술,24
8930e1c1433ffff,교육,5
8930e1c1433ffff,보건의료,2
8930e1c1433ffff,부동산,6
8930e1c1433ffff,소매,35
8930e1c1433ffff,수리·개인,19
8930e1c1433ffff,숙박,2
8930e1c1433ffff,시설관리·임대,8
8930e1c1433ffff,예술·스포츠,6
8930e1c1433ffff,음식,52
8930e1c1437ffff,과학·기술,5
8930e1c1437ffff,교육,2
8930e1c1437ffff,부동산,5
8930e1c1437ffff,소매,34
8930e1c1437ffff,수리·개인,13
8930e1c1437ffff,숙박,3
8930e1c1437ffff,시설관리·임대,2
8930e1c1437ffff,예술·스포츠,1
8930e1c1437ffff,음식,17
8930e1c143bffff,과학·기술,1
8930e1c143bffff,소매,8
8930e1c143bffff,수리·개인,3
8930e1c143bffff,음식,18
8930e1c1443ffff,과학·기술,16
8930e1c1443ffff,교육,6
8930e1c1443ffff,보건의료,4
8930e1c1443ffff,부동산,11
8930e1c1443ffff,소매,37
8930e1c1443ffff,수리·개인,20
8930e1c1443ffff,숙박,1
8930e1c1443ffff,시설관리·임대,11
8930e1c1443ffff,예술·스포츠,8
8930e1c1443ffff,음식,43
8930e1c1447ffff,과학·기술,10
8930e1c1447ffff,교육,2
8930e1c1447ffff,보건의료,2
8930e1c1447ffff,부동산,2
8930e1c1447ffff,소매,29
8930e1c1447ffff,수리·개인,14
8930e1c1447ffff,숙박,1
8930e1c1447ffff,시설관리·임대,4
8930e1c1447ffff,예술·스포츠,4
8930e1c1447ffff,음식,37
8930e1c144bffff,과학·기술,16
8930e1c144bffff,교육,24
8930e1c144bffff,보건의료,22
8930e1c144bffff,부동산,17
8930e1c144bffff,소매,54
8930e1c144bffff,수리·개인,26
8930e1c144bffff,숙박,5
8930e1c144bffff,시설관리·임대,6
8930e1c144bffff,예술·스포츠,10
8930e1c144bffff,음식,76
8930e1c144fffff,과학·기술,57
8930e1c144fffff,교육,7
8930e1c144fffff,보건의료,19
8930e1c144fffff,부동산,11
8930e1c144fffff,소매,49
8930e1c144fffff,수리·개인,41
8930e1c144fffff,숙박,20
8930e1c144fffff,시설관리·임대,20
8930e1c144fffff,예술·스포츠,18
8930e1c144fffff,음식,148
8930e1c1453ffff,소매,2
8930e1c1453ffff,수리·개인,1
8930e1c1453ffff,예술·스포츠,1
8930e1c1453ffff,음식,4
8930e1c1457ffff,과학·기술,5
8930e1c1457ffff,교육,4
8930e1c1457ffff,보건의료,2
8930e1c1457ffff,부동산,4
8930e1c1457ffff,소매,15
8930e1c1457ffff,수리·개인,2
8930e1c1457ffff,시설관리·임대,1
8930e1c1457ffff,예술·스포츠,1
8930e1c1457ffff,음식,12
8930e1c145bffff,과학·기술,12
8930e1c145bffff,교육,9
8930e1c145bffff,보건의료,2
8930e1c145bffff,부동산,6
8930e1c145bffff,소매,27
8930e1c145bffff,수리·개인,16
8930e1c145bffff,숙박,3
8930e1c145bffff,시설관리·임대,3
8930e1c145bffff,예술·스포츠,5
8930e1c145bffff,음식,19
8930e1c1463ffff,과학·기술,4
8930e1c1463ffff,부동산,2
8930e1c1463ffff,소매,8
8930e1c1463ffff,수리·개인,6
8930e1c1463ffff,숙박,1
8930e1c1463ffff,예술·스포츠,1
8930e1c1463ffff,음식,1
8930e1c1467ffff,과학·기술,10
8930e1c1467ffff,교육,7
8930e1c1467ffff,보건의료,7
8930e1c1467ffff,부동산,1
8930e1c1467ffff,소매,20
8930e1c1467ffff,수리·개인,8
8930e1c1467ffff,시설관리·임대,6
8930e1c1467ffff,예술·스포츠,6
8930e1c1467ffff,음식,19
8930e1c146bffff,과학·기술,3
8930e1c146bffff,교육,1
8930e1c146bffff,부동산,4
8930e1c146bffff,소매,7
8930e1c146bffff,수리·개인,4
8930e1c146bffff,시설관리·임대,1
8930e1c146bffff,음식,9
8930e1c146fffff,과학·기술,5
8930e1c146fffff,교육,3
8930e1c146fffff,보건의료,2
8930e1c146fffff,부동산,4
8930e1c146fffff,소매,16
8930e1c146fffff,수리·개인,16
8930e1c146fffff,시설관리·임대,5
8930e1c146fffff,예술·스포츠,5
8930e1c146fffff,음식,23
8930e1c1473ffff,과학·기술,10
8930e1c1473ffff,교육,2
8930e1c1473ffff,부동산,1
8930e1c1473ffff,소매,15
8930e1c1473ffff,수리·개인,8
8930e1c1473ffff,숙박,3
8930e1c1473ffff,시설관리·임대,2
8930e1c1473ffff,예술·스포츠,2
8930e1c1473ffff,음식,10
8930e1c1477ffff,과학·기술,6
8930e1c1477ffff,교육,2
8930e1c1477ffff,부동산,1
8930e1c1477ffff,소매,39
8930e1c1477ffff,수리·개인,3
8930e1c1477ffff,시설관리·임대,2
8930e1c1477ffff,예술·스포츠,1
8930e1c1477ffff,음식,15
8930e1c147bffff,과학·기술,46
8930e1c147bffff,교육,10
8930e1c147bffff,부동산,9
8930e1c147bffff,소매,27
8930e1c147bffff,수리·개인,17
8930e1c147bffff,숙박,6
8930e1c147bffff,시설관리·임대,14
8930e1c147bffff,예술·스포츠,2
8930e1c147bffff,음식,61
8930e1c1483ffff,과학·기술,13
8930e1c1483ffff,교육,3
8930e1c1483ffff,보건의료,2
8930e1c1483ffff,부동산,6
8930e1c1483ffff,소매,20
8930e1c1483ffff,수리·개인,11
8930e1c1483ffff,숙박,1
8930e1c1483ffff,시설관리·임대,4
8930e1c1483ffff,예술·스포츠,5
8930e1c1483ffff,음식,25
8930e1c1487ffff,과학·기술,5
8930e1c1487ffff,교육,5
8930e1c1487ffff,부동산,1
8930e1c1487ffff,소매,15
8930e1c1487ffff,수리·개인,5
8930e1c1487ffff,숙박,2
8930e1c1487ffff,시설관리·임대,3
8930e1c1487ffff,예술·스포츠,3
8930e1c1487ffff,음식,6
8930e1c148bffff,과학·기술,12
8930e1c148bffff,교육,5
8930e1c148bffff,보건의료,2
8930e1c148bffff,부동산,1
8930e1c148bffff,소매,30
8930e1c148bffff,수리·개인,8
8930e1c148bffff,시설관리·임대,5
8930e1c148bffff,예술·스포츠,3
8930e1c148bffff,음식,54
8930e1c148fffff,과학·기술,17
8930e1c148fffff,교육,7
8930e1c148fffff,보건의료,5
8930e1c148fffff,부동산,11
8930e1c148fffff,소매,42
8930e1c148fffff,수리·개인,26
8930e1c148fffff,숙박,4
8930e1c148fffff,시설관리·임대,6
8930e1c148fffff,예술·스포츠,16
8930e1c148fffff,음식,87
8930e1c1493ffff,과학·기술,6
8930e1c1493ffff,교육,4
8930e1c1493ffff,부동산,1
8930e1c1493ffff,소매,22
8930e1c1493ffff,수리·개인,5
8930e1c1493ffff,숙박,3
8930e1c1493ffff,시설관리·임대,4
8930e1c1493ffff,예술·스포츠,2
8930e1c1493ffff,음식,3
8930e1c1497ffff,과학·기술,13
8930e1c1497ffff,교육,16
8930e1c1497ffff,보건의료,4
8930e1c1497ffff,부동산,7
8930e1c1497ffff,소매,36
8930e1c1497ffff,수리·개인,11
8930e1c1497ffff,숙박,6
8930e1c1497ffff,시설관리·임대,5
8930e1c1497ffff,예술·스포츠,3
8930e1c1497ffff,음식,23
8930e1c149bffff,과학·기술,27
8930e1c149bffff,교육,19
8930e1c149bffff,보건의료,6
8930e1c149bffff,부동산,14
8930e1c149bffff,소매,44
8930e1c149bffff,수리·개인,17
8930e1c149bffff,숙박,7
8930e1c149bffff,시설관리·임대,5
8930e1c149bffff,예술·스포츠,6
8930e1c149bffff,음식,72
8930e1c14a3ffff,과학·기술,25
8930e1c14a3ffff,교육,21
8930e1c14a3ffff,보건의료,49
8930e1c14a3ffff,부동산,5
8930e1c14a3ffff,소매,361
8930e1c14a3ffff,수리·개인,6
8930e1c14a3ffff,숙박,3
8930e1c14a3ffff,시설관리·임대,15
8930e1c14a3ffff,예술·스포츠,8
8930e1c14a3ffff,음식,83
8930e1c14a7ffff,과학·기술,3
8930e1c14a7ffff,보건의료,5
8930e1c14a7ffff,소매,196
8930e1c14a7ffff,수리·개인,4
8930e1c14a7ffff,숙박,1
8930e1c14a7ffff,시설관리·임대,3
8930e1c14a7ffff,예술·스포츠,3
8930e1c14a7ffff,음식,42
8930e1c14abffff,과학·기술,4
8930e1c14abffff,교육,4
8930e1c14abffff,보건의료,16
8930e1c14abffff,부동산,8
8930e1c14abffff,소매,36
8930e1c14abffff,수리·개인,27
8930e1c14abffff,숙박,7
8930e1c14abffff,시설관리·임대,4
8930e1c14abffff,예술·스포츠,14
8930e1c14abffff,음식,50
8930e1c14afffff,과학·기술,10
8930e1c14afffff,교육,3
8930e1c14afffff,보건의료,6
8930e1c14afffff,부동산,7
8930e1c14afffff,소매,85
8930e1c14afffff,수리·개인,16
8930e1c14afffff,숙박,8
8930e1c14afffff,시설관리·임대,3
8930e1c14afffff,예술·스포츠,5
8930e1c14afffff,음식,79
8930e1c14b3ffff,과학·기술,3
8930e1c14b3ffff,교육,2
8930e1c14b3ffff,보건의료,1
8930e1c14b3ffff,부동산,2
8930e1c14b3ffff,소매,19
8930e1c14b3ffff,수리·개인,5
8930e1c14b3ffff,숙박,1
8930e1c14b3ffff,예술·스포츠,1
8930e1c14b3ffff,음식,16
8930e1c14b7ffff,과학·기술,5
8930e1c14b7ffff,교육,3
8930e1c14b7ffff,보건의료,13
8930e1c14b7ffff,부동산,5
8930e1c14b7ffff,소매,130
8930e1c14b7ffff,수리·개인,11
8930e1c14b7ffff,숙박,10
8930e1c14b7ffff,시설관리·임대,5
8930e1c14b7ffff,예술·스포츠,4
8930e1c14b7ffff,음식,27
8930e1c14bbffff,과학·기술,34
8930e1c14bbffff,교육,12
8930e1c14bbffff,보건의료,5
8930e1c14bbffff,부동산,17
8930e1c14bbffff,소매,84
8930e1c14bbffff,수리·개인,19
8930e1c14bbffff,숙박,6
8930e1c14bbffff,시설관리·임대,9
8930e1c14bbffff,예술·스포츠,5
8930e1c14bbffff,음식,67
8930e1c14c3ffff,과학·기술,13
8930e1c14c3ffff,교육,3
8930e1c14c3ffff,부동산,1
8930e1c14c3ffff,소매,235
8930e1c14c3ffff,수리·개인,7
8930e1c14c3ffff,숙박,1
8930e1c14c3ffff,시설관리·임대,3
8930e1c14c3ffff,예술·스포츠,3
8930e1c14c3ffff,음식,54
8930e1c14c7ffff,과학·기술,2
8930e1c14c7ffff,교육,1
8930e1c14c7ffff,부동산,1
8930e1c14c7ffff,소매,22
8930e1c14c7ffff,수리·개인,11
8930e1c14c7ffff,숙박,1
8930e1c14c7ffff,예술·스포츠,3
8930e1c14c7ffff,음식,11
8930e1c14cbffff,과학·기술,1
8930e1c14cbffff,교육,5
8930e1c14cbffff,보건의료,2
8930e1c14cbffff,부동산,1
8930e1c14cbffff,소매,6
8930e1c14cbffff,수리·개인,10
8930e1c14cbffff,시설관리·임대,2
8930e1c14cbffff,예술·스포츠,1
8930e1c14cbffff,음식,22
8930e1c14cfffff,과학·기술,1
8930e1c14cfffff,교육,3
8930e1c14cfffff,부동산,4
8930e1c14cfffff,소매,14
8930e1c14cfffff,수리·개인,4
8930e1c14cfffff,시설관리·임대,2
8930e1c14cfffff,예술·스포츠,2
8930e1c14cfffff,음식,5
8930e1c14d3ffff,과학·기술,20
8930e1c14d3ffff,교육,6
8930e1c14d3ffff,보건의료,10
8930e1c14d3ffff,부동산,13
8930e1c14d3ffff,소매,72
8930e1c14d3ffff,수리·개인,14
8930e1c14d3ffff,숙박,7
8930e1c14d3ffff,시설관리·임대,20
8930e1c14d3ffff,예술·스포츠,11
8930e1c14d3ffff,음식,60
8930e1c14d7ffff,과학·기술,29
8930e1c14d7ffff,교육,10
8930e1c14d7ffff,부동산,10
8930e1c14d7ffff,소매,50
8930e1c14d7ffff,수리·개인,17
8930e1c14d7ffff,숙박,9
8930e1c14d7ffff,시설관리·임대,7
8930e1c14d7ffff,예술·스포츠,12
8930e1c14d7ffff,음식,114
8930e1c14dbffff,과학·기술,7
8930e1c14dbffff,교육,4
8930e1c14dbffff,부동산,4
8930e1c14dbffff,소매,14
8930e1c14dbffff,수리·개인,3
8930e1c14dbffff,숙박,1
8930e1c14dbffff,시설관리·임대,2
8930e1c14dbffff,예술·스포츠,1
8930e1c14dbffff,음식,10
8930e1c1503ffff,과학·기술,5
8930e1c1503ffff,교육,6
8930e1c1503ffff,보건의료,1
8930e1c1503ffff,부동산,5
8930e1c1503ffff,소매,12
8930e1c1503ffff,수리·개인,10
8930e1c1503ffff,숙박,3
8930e1c1503ffff,예술·스포츠,1
8930e1c1503ffff,음식,5
8930e1c1507ffff,과학·기술,4
8930e1c1507ffff,교육,4
8930e1c1507ffff,부동산,4
8930e1c1507ffff,소매,8
8930e1c1507ffff,수리·개인,8
8930e1c1507ffff,숙박,1
8930e1c1507ffff,시설관리·임대,1
8930e1c1507ffff,음식,7
8930e1c150bffff,과학·기술,1
8930e1c150bffff,교육,1
8930e1c150bffff,보건의료,1
8930e1c150bffff,부동산,2
8930e1c150bffff,소매,5
8930e1c150bffff,수리·개인,2
8930e1c150bffff,시설관리·임대,1
8930e1c150bffff,예술·스포츠,2
8930e1c150bffff,음식,3
8930e1c150fffff,과학·기술,10
8930e1c150fffff,교육,4
8930e1c150fffff,보건의료,3
8930e1c150fffff,부동산,9
8930e1c150fffff,소매,62
8930e1c150fffff,수리·개인,20
8930e1c150fffff,숙박,2
8930e1c150fffff,시설관리·임대,6
8930e1c150fffff,예술·스포츠,6
8930e1c150fffff,음식,78
8930e1c1513ffff,과학·기술,10
8930e1c1513ffff,교육,3
8930e1c1513ffff,부동산,6
8930e1c1513ffff,소매,8
8930e1c1513ffff,수리·개인,7
8930e1c1513ffff,숙박,3
8930e1c1513ffff,시설관리·임대,5
8930e1c1513ffff,음식,9
8930e1c1517ffff,과학·기술,15
8930e1c1517ffff,교육,7
8930e1c1517ffff,보건의료,1
8930e1c1517ffff,부동산,10
8930e1c1517ffff,소매,20
8930e1c1517ffff,수리·개인,10
8930e1c1517ffff,숙박,3
8930e1c1517ffff,시설관리·임대,2
8930e1c1517ffff,예술·스포츠,12
8930e1c1517ffff,음식,62
8930e1c151bffff,과학·기술,4
8930e1c151bffff,교육,6
8930e1c151bffff,보건의료,2
8930e1c151bffff,부동산,5
8930e1c151bffff,소매,24
8930e1c151bffff,수리·개인,18
8930e1c151bffff,숙박,3
8930e1c151bffff,시설관리·임대,3
8930e1c151bffff,예술·스포츠,3
8930e1c151bffff,음식,23
8930e1c152bffff,과학·기술,5
8930e1c152bffff,교육,29
8930e1c152bffff,보건의료,2
8930e1c152bffff,부동산,3
8930e1c152bffff,소매,15
8930e1c152bffff,수리·개인,8
8930e1c152bffff,시설관리·임대,1
8930e1c152bffff,예술·스포츠,5
8930e1c152bffff,음식,23
8930e1c152fffff,교육,1
8930e1c152fffff,시설관리·임대,1
8930e1c152fffff,음식,1
8930e1c1533ffff,과학·기술,4
8930e1c1533ffff,교육,3
8930e1c1533ffff,소매,2
8930e1c1533ffff,음식,4
8930e1c1537ffff,시설관리·임대,2
8930e1c153bffff,과학·기술,6
8930e1c153bffff,교육,16
8930e1c153bffff,보건의료,4
8930e1c153bffff,부동산,5
8930e1c153bffff,소매,26
8930e1c153bffff,수리·개인,21
8930e1c153bffff,시설관리·임대,4
8930e1c153bffff,예술·스포츠,8
8930e1c153bffff,음식,36
8930e1c1543ffff,과학·기술,8
8930e1c1543ffff,교육,6
8930e1c1543ffff,보건의료,2
8930e1c1543ffff,부동산,1
8930e1c1543ffff,소매,16
8930e1c1543ffff,수리·개인,10
8930e1c1543ffff,숙박,2
8930e1c1543ffff,시설관리·임대,3
8930e1c1543ffff,음식,16
8930e1c1547ffff,과학·기술,3
8930e1c1547ffff,교육,6
8930e1c1547ffff,보건의료,1
8930e1c1547ffff,부동산,1
8930e1c1547ffff,소매,1
8930e1c1547ffff,수리·개인,4
8930e1c1547ffff,시설관리·임대,1
8930e1c1547ffff,음식,6
8930e1c154bffff,과학·기술,13
8930e1c154bffff,교육,11
8930e1c154bffff,부동산,6
8930e1c154bffff,소매,21
8930e1c154bffff,수리·개인,9
8930e1c154bffff,숙박,3
8930e1c154bffff,시설관리·임대,6
8930e1c154bffff,예술·스포츠,3
8930e1c154bffff,음식,25
8930e1c154fffff,부동산,6
8930e1c154fffff,소매,3
8930e1c154fffff,음식,1
8930e1c1553ffff,과학·기술,8
8930e1c1553ffff,교육,13
8930e1c1553ffff,보건의료,7
8930e1c1553ffff,부동산,5
8930e1c1553ffff,소매,26
8930e1c1553ffff,수리·개인,19
8930e1c1553ffff,숙박,3
8930e1c1553ffff,시설관리·임대,3
8930e1c1553ffff,예술·스포츠,12
8930e1c1553ffff,음식,54
8930e1c1557ffff,과학·기술,2
8930e1c1557ffff,교육,10
8930e1c1557ffff,보건의료,3
8930e1c1557ffff,부동산,11
8930e1c1557ffff,소매,4
8930e1c1557ffff,수리·개인,6
8930e1c1557ffff,시설관리·임대,1
8930e1c1557ffff,예술·스포츠,1
8930e1c1557ffff,음식,12
8930e1c155bffff,과학·기술,6
8930e1c155bffff,교육,6
8930e1c155bffff,보건의료,2
8930e1c155bffff,부동산,6
8930e1c155bffff,소매,10
8930e1c155bffff,수리·개인,7
8930e1c155bffff,숙박,1
8930e1c155bffff,시설관리·임대,10
8930e1c155bffff,예술·스포츠,3
8930e1c155bffff,음식,9
8930e1c1563ffff,과학·기술,9
8930e1c1563ffff,교육,18
8930e1c1563ffff,보건의료,17
8930e1c1563ffff,부동산,2
8930e1c1563ffff,소매,59
8930e1c1563ffff,수리·개인,29
8930e1c1563ffff,숙박,2
8930e1c1563ffff,시설관리·임대,2
8930e1c1563ffff,예술·스포츠,17
8930e1c1563ffff,음식,64
8930e1c1567ffff,과학·기술,1
8930e1c1567ffff,교육,4
8930e1c1567ffff,보건의료,1
8930e1c1567ffff,부동산,4
8930e1c1567ffff,소매,6
8930e1c1567ffff,수리·개인,3
8930e1c1567ffff,숙박,1
8930e1c1567ffff,음식,3
8930e1c156bffff,과학·기술,9
8930e1c156bffff,교육,14
8930e1c156bffff,보건의료,2
8930e1c156bffff,부동산,5
8930e1c156bffff,소매,23
8930e1c156bffff,수리·개인,23
8930e1c156bffff,숙박,1
8930e1c156bffff,시설관리·임대,4
8930e1c156bffff,예술·스포츠,6
8930e1c156bffff,음식,25
8930e1c156fffff,부동산,3
8930e1c156fffff,소매,6
8930e1c156fffff,수리·개인,4
8930e1c156fffff,시설관리·임대,2
8930e1c156fffff,음식,3
8930e1c1573ffff,교육,28
8930e1c1573ffff,보건의료,5
8930e1c1573ffff,부동산,6
8930e1c1573ffff,소매,20
8930e1c1573ffff,수리·개인,9
8930e1c1573ffff,시설관리·임대,1
8930e1c1573ffff,예술·스포츠,1
8930e1c1573ffff,음식,16
8930e1c1577ffff,과학·기술,13
8930e1c1577ffff,교육,22
8930e1c1577ffff,보건의료,9
8930e1c1577ffff,부동산,2
8930e1c1577ffff,소매,38
8930e1c1577ffff,수리·개인,23
8930e1c1577ffff,숙박,1
8930e1c1577ffff,시설관리·임대,13
8930e1c1577ffff,예술·스포츠,12
8930e1c1577ffff,음식,32
8930e1c157bffff,과학·기술,5
8930e1c157bffff,교육,30
8930e1c157bffff,보건의료,8
8930e1c157bffff,부동산,12
8930e1c157bffff,소매,21
8930e1c157bffff,수리·개인,10
8930e1c157bffff,숙박,3
8930e1c157bffff,시설관리·임대,1
8930e1c157bffff,예술·스포츠,4
8930e1c157bffff,음식,23
8930e1c1583ffff,과학·기술,6
8930e1c1583ffff,교육,2
8930e1c1583ffff,부동산,2
8930e1c1583ffff,소매,22
8930e1c1583ffff,수리·개인,18
8930e1c1583ffff,숙박,2
8930e1c1583ffff,시설관리·임대,5
8930e1c1583ffff,예술·스포츠,3
8930e1c1583ffff,음식,17
8930e1c1587ffff,과학·기술,1
8930e1c1587ffff,교육,2
8930e1c1587ffff,부동산,2
8930e1c1587ffff,소매,10
8930e1c1587ffff,수리·개인,8
8930e1c1587ffff,숙박,2
8930e1c1587ffff,시설관리·임대,1
8930e1c1587ffff,음식,3
8930e1c158bffff,과학·기술,30
8930e1c158bffff,교육,8
8930e1c158bffff,보건의료,6
8930e1c158bffff,부동산,6
8930e1c158bffff,소매,37
8930e1c158bffff,수리·개인,13
8930e1c158bffff,숙박,8
8930e1c158bffff,시설관리·임대,9
8930e1c158bffff,예술·스포츠,8
8930e1c158bffff,음식,43
8930e1c158fffff,과학·기술,5
8930e1c158fffff,교육,5
8930e1c158fffff,보건의료,1
8930e1c158fffff,부동산,4
8930e1c158fffff,소매,104
8930e1c158fffff,수리·개인,19
8930e1c158fffff,숙박,4
8930e1c158fffff,시설관리·임대,2
8930e1c158fffff,예술·스포츠,6
8930e1c158fffff,음식,113
8930e1c1593ffff,교육,1
8930e1c1593ffff,소매,1
8930e1c1593ffff,수리·개인,2
8930e1c1593ffff,예술·스포츠,2
8930e1c1597ffff,과학·기술,5
8930e1c1597ffff,교육,5
8930e1c1597ffff,보건의료,1
8930e1c1597ffff,부동산,1
8930e1c1597ffff,소매,5
8930e1c1597ffff,수리·개인,4
8930e1c1597ffff,시설관리·임대,1
8930e1c1597ffff,음식,4
8930e1c159bffff,과학·기술,4
8930e1c159bffff,교육,2
8930e1c159bffff,부동산,1
8930e1c159bffff,소매,7
8930e1c159bffff,수리·개인,5
8930e1c159bffff,숙박,3
8930e1c159bffff,시설관리·임대,2
8930e1c159bffff,예술·스포츠,1
8930e1c159bffff,음식,5
8930e1c15a3ffff,과학·기술,2
8930e1c15a3ffff,교육,12
8930e1c15a3ffff,보건의료,1
8930e1c15a3ffff,부동산,3
8930e1c15a3ffff,소매,10
8930e1c15a3ffff,수리·개인,7
8930e1c15a3ffff,숙박,2
8930e1c15a3ffff,예술·스포츠,1
8930e1c15a3ffff,음식,8
8930e1c15a7ffff,과학·기술,7
8930e1c15a7ffff,교육,4
8930e1c15a7ffff,보건의료,2
8930e1c15a7ffff,부동산,12
8930e1c15a7ffff,소매,22
8930e1c15a7ffff,수리·개인,22
8930e1c15a7ffff,숙박,1
8930e1c15a7ffff,시설관리·임대,7
8930e1c15a7ffff,예술·스포츠,1
8930e1c15a7ffff,음식,30
8930e1c15abffff,교육,1
8930e1c15abffff,부동산,1
8930e1c15abffff,소매,3
8930e1c15abffff,수리·개인,1
8930e1c15abffff,숙박,1
8930e1c15abffff,음식,1
8930e1c15afffff,과학·기술,2
8930e1c15afffff,숙박,1
8930e1c15afffff,시설관리·임대,1
8930e1c15b3ffff,과학·기술,7
8930e1c15b3ffff,교육,8
8930e1c15b3ffff,보건의료,2
8930e1c15b3ffff,부동산,7
8930e1c15b3ffff,소매,24
8930e1c15b3ffff,수리·개인,11
8930e1c15b3ffff,숙박,8
8930e1c15b3ffff,시설관리·임대,4
8930e1c15b3ffff,예술·스포츠,4
8930e1c15b3ffff,음식,8
8930e1c15b7ffff,과학·기술,20
8930e1c15b7ffff,교육,15
8930e1c15b7ffff,보건의료,6
8930e1c15b7ffff,부동산,11
8930e1c15b7ffff,소매,55
8930e1c15b7ffff,수리·개인,29
8930e1c15b7ffff,숙박,8
8930e1c15b7ffff,시설관리·임대,13
8930e1c15b7ffff,예술·스포츠,19
8930e1c15b7ffff,음식,75
8930e1c15bbffff,과학·기술,10
8930e1c15bbffff,교육,4
8930e1c15bbffff,부동산,4
8930e1c15bbffff,소매,14
8930e1c15bbffff,수리·개인,9
8930e1c15bbffff,숙박,7
8930e1c15bbffff,시설관리·임대,4
8930e1c15bbffff,예술·스포츠,3
8930e1c15bbffff,음식,12
8930e1c15c3ffff,과학·기술,32
8930e1c15c3ffff,교육,16
8930e1c15c3ffff,보건의료,24
8930e1c15c3ffff,부동산,11
8930e1c15c3ffff,소매,153
8930e1c15c3ffff,수리·개인,23
8930e1c15c3ffff,숙박,1
8930e1c15c3ffff,시설관리·임대,4
8930e1c15c3ffff,예술·스포츠,6
8930e1c15c3ffff,음식,40
8930e1c15c7ffff,과학·기술,1
8930e1c15c7ffff,교육,1
8930e1c15c7ffff,보건의료,1
8930e1c15c7ffff,소매,4
8930e1c15c7ffff,숙박,4
8930e1c15c7ffff,예술·스포츠,2
8930e1c15c7ffff,음식,2
8930e1c15cbffff,과학·기술,3
8930e1c15cbffff,교육,2
8930e1c15cbffff,보건의료,1
8930e1c15cbffff,부동산,2
8930e1c15cbffff,소매,19
8930e1c15cbffff,수리·개인,11
8930e1c15cbffff,숙박,3
8930e1c15cbffff,시설관리·임대,3
8930e1c15cbffff,음식,8
8930e1c15cfffff,과학·기술,7
8930e1c15cfffff,교육,1
8930e1c15cfffff,부동산,4
8930e1c15cfffff,소매,15
8930e1c15cfffff,수리·개인,11
8930e1c15cfffff,숙박,4
8930e1c15cfffff,시설관리·임대,3
8930e1c15cfffff,예술·스포츠,1
8930e1c15cfffff,음식,20
8930e1c15d3ffff,과학·기술,2
8930e1c15d3ffff,교육,2
8930e1c15d3ffff,보건의료,13
8930e1c15d3ffff,부동산,7
8930e1c15d3ffff,소매,110
8930e1c15d3ffff,수리·개인,6
8930e1c15d3ffff,숙박,14
8930e1c15d3ffff,시설관리·임대,3
8930e1c15d3ffff,예술·스포츠,6
8930e1c15d3ffff,음식,162
8930e1c15d7ffff,과학·기술,48
8930e1c15d7ffff,교육,16
8930e1c15d7ffff,보건의료,9
8930e1c15d7ffff,부동산,13
8930e1c15d7ffff,소매,45
8930e1c15d7ffff,수리·개인,25
8930e1c15d7ffff,숙박,2
8930e1c15d7ffff,시설관리·임대,11
8930e1c15d7ffff,예술·스포츠,14
8930e1c15d7ffff,음식,51
8930e1c15dbffff,과학·기술,18
8930e1c15dbffff,교육,6
8930e1c15dbffff,보건의료,35
8930e1c15dbffff,부동산,8
8930e1c15dbffff,소매,71
8930e1c15dbffff,수리·개인,14
8930e1c15dbffff,시설관리·임대,4
8930e1c15dbffff,예술·스포츠,13
8930e1c15dbffff,음식,48
8930e1c1603ffff,과학·기술,2
8930e1c1603ffff,보건의료,1
8930e1c1603ffff,부동산,1
8930e1c1603ffff,소매,4
8930e1c1603ffff,수리·개인,3
8930e1c1603ffff,음식,1
8930e1c1607ffff,과학·기술,3
8930e1c1607ffff,교육,12
8930e1c1607ffff,보건의료,3
8930e1c1607ffff,부동산,7
8930e1c1607ffff,소매,7
8930e1c1607ffff,수리·개인,5
8930e1c1607ffff,시설관리·임대,1
8930e1c1607ffff,음식,5
8930e1c160bffff,과학·기술,2
8930e1c160bffff,교육,8
8930e1c160bffff,보건의료,2
8930e1c160bffff,소매,11
8930e1c160bffff,수리·개인,4
8930e1c160bffff,예술·스포츠,1
8930e1c160bffff,음식,8
8930e1c160fffff,교육,7
8930e1c160fffff,보건의료,1
8930e1c160fffff,부동산,1
8930e1c160fffff,소매,7
8930e1c160fffff,수리·개인,1
8930e1c160fffff,예술·스포츠,2
8930e1c160fffff,음식,5
8930e1c1613ffff,과학·기술,1
8930e1c1613ffff,교육,4
8930e1c1613ffff,보건의료,1
8930e1c1613ffff,소매,2
8930e1c1613ffff,수리·개인,1
8930e1c1613ffff,음식,1
8930e1c1617ffff,과학·기술,4
8930e1c1617ffff,교육,8
8930e1c1617ffff,보건의료,1
8930e1c1617ffff,부동산,2
8930e1c1617ffff,소매,5
8930e1c1617ffff,수리·개인,4
8930e1c1617ffff,숙박,2
8930e1c1617ffff,예술·스포츠,1
8930e1c1617ffff,음식,6
8930e1c161bffff,과학·기술,6
8930e1c161bffff,교육,3
8930e1c161bffff,소매,4
8930e1c161bffff,수리·개인,5
8930e1c161bffff,숙박,1
8930e1c161bffff,시설관리·임대,1
8930e1c161bffff,예술·스포츠,2
8930e1c161bffff,음식,4
8930e1c162bffff,음식,1
8930e1c162fffff,과학·기술,41
8930e1c162fffff,교육,1
8930e1c162fffff,부동산,3
8930e1c162fffff,소매,8
8930e1c162fffff,수리·개인,3
8930e1c162fffff,숙박,1
8930e1c162fffff,시설관리·임대,7
8930e1c162fffff,음식,5
8930e1c1633ffff,과학·기술,1
8930e1c1633ffff,교육,1
8930e1c1633ffff,보건의료,1
8930e1c1633ffff,부동산,3
8930e1c1633ffff,소매,1
8930e1c1633ffff,수리·개인,1
8930e1c1633ffff,음식,2
8930e1c1637ffff,과학·기술,3
8930e1c1637ffff,교육,3
8930e1c1637ffff,부동산,2
8930e1c1637ffff,소매,3
8930e1c1637ffff,수리·개인,3
8930e1c1637ffff,숙박,2
8930e1c1637ffff,시설관리·임대,1
8930e1c1637ffff,음식,7
8930e1c163bffff,소매,2
8930e1c163bffff,수리·개인,1
8930e1c163bffff,음식,2
8930e1c1653ffff,과학·기술,2
8930e1c1653ffff,교육,7
8930e1c1653ffff,보건의료,1
8930e1c1653ffff,부동산,1
8930e1c1653ffff,소매,5
8930e1c1653ffff,수리·개인,2
8930e1c1653ffff,예술·스포츠,3
8930e1c1653ffff,음식,7
8930e1c1657ffff,과학·기술,2
8930e1c1657ffff,교육,3
8930e1c1657ffff,부동산,2
8930e1c1657ffff,소매,8
8930e1c1657ffff,수리·개인,7
8930e1c1657ffff,숙박,1
8930e1c1657ffff,시설관리·임대,1
8930e1c1657ffff,예술·스포츠,2
8930e1c1657ffff,음식,5
8930e1c1667ffff,과학·기술,16
8930e1c1667ffff,교육,6
8930e1c1667ffff,부동산,3
8930e1c1667ffff,소매,32
8930e1c1667ffff,수리·개인,1
8930e1c1667ffff,숙박,5
8930e1c1667ffff,시설관리·임대,5
8930e1c1667ffff,음식,62
8930e1c1683ffff,과학·기술,4
8930e1c1683ffff,교육,3
8930e1c1683ffff,보건의료,1
8930e1c1683ffff,소매,9
8930e1c1683ffff,수리·개인,7
8930e1c1683ffff,예술·스포츠,2
8930e1c1683ffff,음식,10
8930e1c1687ffff,과학·기술,9
8930e1c1687ffff,교육,5
8930e1c1687ffff,보건의료,1
8930e1c1687ffff,부동산,4
8930e1c1687ffff,소매,22
8930e1c1687ffff,수리·개인,15
8930e1c1687ffff,숙박,6
8930e1c1687ffff,시설관리·임대,3
8930e1c1687ffff,예술·스포츠,2
8930e1c1687ffff,음식,22
8930e1c168bffff,과학·기술,5
8930e1c168bffff,교육,53
8930e1c168bffff,보건의료,13
8930e1c168bffff,부동산,20
8930e1c168bffff,소매,48
8930e1c168bffff,수리·개인,38
8930e1c168bffff,시설관리·임대,1
8930e1c168bffff,예술·스포츠,5
8930e1c168bffff,음식,22
8930e1c168fffff,과학·기술,5
8930e1c168fffff,교육,36
8930e1c168fffff,보건의료,4
8930e1c168fffff,부동산,2
8930e1c168fffff,소매,26
8930e1c168fffff,수리·개인,6
8930e1c168fffff,숙박,1
8930e1c168fffff,시설관리·임대,1
8930e1c168fffff,예술·스포츠,1
8930e1c168fffff,음식,23
8930e1c1693ffff,과학·기술,1
8930e1c1693ffff,교육,2
8930e1c1693ffff,부동산,2
8930e1c1693ffff,소매,2
8930e1c1693ffff,수리·개인,2
8930e1c1693ffff,음식,2
8930e1c1697ffff,과학·기술,8
8930e1c1697ffff,교육,2
8930e1c1697ffff,부동산,3
8930e1c1697ffff,소매,14
8930e1c1697ffff,수리·개인,13
8930e1c1697ffff,숙박,3
8930e1c1697ffff,시설관리·임대,4
8930e1c1697ffff,예술·스포츠,1
8930e1c1697ffff,음식,9
8930e1c169bffff,과학·기술,1
8930e1c169bffff,부동산,1
8930e1c169bffff,소매,5
8930e1c169bffff,수리·개인,3
8930e1c169bffff,예술·스포츠,1
8930e1c169bffff,음식,6
8930e1c16a3ffff,과학·기술,11
8930e1c16a3ffff,교육,21
8930e1c16a3ffff,보건의료,16
8930e1c16a3ffff,부동산,6
8930e1c16a3ffff,소매,36
8930e1c16a3ffff,수리·개인,32
8930e1c16a3ffff,숙박,5
8930e1c16a3ffff,시설관리·임대,8
8930e1c16a3ffff,예술·스포츠,9
8930e1c16a3ffff,음식,45
8930e1c16a7ffff,과학·기술,5
8930e1c16a7ffff,교육,6
8930e1c16a7ffff,보건의료,3
8930e1c16a7ffff,부동산,7
8930e1c16a7ffff,소매,100
8930e1c16a7ffff,수리·개인,22
8930e1c16a7ffff,숙박,4
8930e1c16a7ffff,시설관리·임대,9
8930e1c16a7ffff,예술·스포츠,15
8930e1c16a7ffff,음식,143
8930e1c16abffff,과학·기술,2
8930e1c16abffff,교육,18
8930e1c16abffff,부동산,3
8930e1c16abffff,소매,10
8930e1c16abffff,수리·개인,7
8930e1c16abffff,시설관리·임대,1
8930e1c16abffff,음식,6
8930e1c16afffff,과학·기술,8
8930e1c16afffff,교육,13
8930e1c16afffff,보건의료,1
8930e1c16afffff,부동산,9
8930e1c16afffff,소매,11
8930e1c16afffff,수리·개인,7
8930e1c16afffff,숙박,1
8930e1c16afffff,시설관리·임대,1
8930e1c16afffff,예술·스포츠,4
8930e1c16afffff,음식,11
8930e1c16b3ffff,과학·기술,16
8930e1c16b3ffff,교육,15
8930e1c16b3ffff,보건의료,17
8930e1c16b3ffff,부동산,7
8930e1c16b3ffff,소매,39
8930e1c16b3ffff,수리·개인,20
8930e1c16b3ffff,숙박,3
8930e1c16b3ffff,시설관리·임대,4
8930e1c16b3ffff,예술·스포츠,23
8930e1c16b3ffff,음식,97
8930e1c16b7ffff,과학·기술,40
8930e1c16b7ffff,교육,17
8930e1c16b7ffff,보건의료,7
8930e1c16b7ffff,부동산,1
8930e1c16b7ffff,소매,42
8930e1c16b7ffff,수리·개인,19
8930e1c16b7ffff,숙박,6
8930e1c16b7ffff,시설관리·임대,10
8930e1c16b7ffff,예술·스포츠,5
8930e1c16b7ffff,음식,26
8930e1c16bbffff,과학·기술,14
8930e1c16bbffff,교육,21
8930e1c16bbffff,보건의료,8
8930e1c16bbffff,부동산,2
8930e1c16bbffff,소매,22
8930e1c16bbffff,수리·개인,7
8930e1c16bbffff,숙박,1
8930e1c16bbffff,시설관리·임대,3
8930e1c16bbffff,예술·스포츠,6
8930e1c16bbffff,음식,37
8930e1c16c3ffff,과학·기술,10
8930e1c16c3ffff,교육,22
8930e1c16c3ffff,보건의료,3
8930e1c16c3ffff,부동산,9
8930e1c16c3ffff,소매,22
8930e1c16c3ffff,수리·개인,12
8930e1c16c3ffff,시설관리·임대,4
8930e1c16c3ffff,예술·스포츠,3
8930e1c16c3ffff,음식,13
8930e1c16c7ffff,과학·기술,1
8930e1c16c7ffff,음식,1
8930e1c16cbffff,과학·기술,9
8930e1c16cbffff,교육,3
8930e1c16cbffff,부동산,6
8930e1c16cbffff,소매,34
8930e1c16cbffff,수리·개인,12
8930e1c16cbffff,숙박,6
8930e1c16cbffff,시설관리·임대,3
8930e1c16cbffff,예술·스포츠,3
8930e1c16cbffff,음식,30
8930e1c16cfffff,과학·기술,6
8930e1c16cfffff,교육,5
8930e1c16cfffff,부동산,2
8930e1c16cfffff,소매,11
8930e1c16cfffff,수리·개인,2
8930e1c16cfffff,숙박,1
8930e1c16cfffff,예술·스포츠,2
8930e1c16cfffff,음식,13
8930e1c16d3ffff,과학·기술,3
8930e1c16d3ffff,교육,7
8930e1c16d3ffff,보건의료,1
8930e1c16d3ffff,부동산,9
8930e1c16d3ffff,소매,9
8930e1c16d3ffff,수리·개인,9
8930e1c16d3ffff,예술·스포츠,1
8930e1c16d3ffff,음식,5
8930e1c16d7ffff,과학·기술,4
8930e1c16d7ffff,교육,12
8930e1c16d7ffff,보건의료,7
8930e1c16d7ffff,부동산,4
8930e1c16d7ffff,소매,16
8930e1c16d7ffff,수리·개인,6
8930e1c16d7ffff,예술·스포츠,3
8930e1c16d7ffff,음식,12
8930e1c16dbffff,과학·기술,4
8930e1c16dbffff,교육,9
8930e1c16dbffff,부동산,1
8930e1c16dbffff,소매,14
8930e1c16dbffff,수리·개인,6
8930e1c16dbffff,숙박,1
8930e1c16dbffff,시설관리·임대,2
8930e1c16dbffff,음식,4
8930e1c1877ffff,소매,6
8930e1c1877ffff,수리·개인,4
8930e1c1877ffff,음식,2
8930e1c18dbffff,과학·기술,2
8930e1c18dbffff,수리·개인,1
8930e1c18dbffff,시설관리·임대,3
8930e1c1967ffff,소매,1
8930e1c196fffff,과학·기술,2
8930e1c196fffff,소매,5
8930e1c1a03ffff,과학·기술,2
8930e1c1a03ffff,교육,2
8930e1c1a03ffff,보건의료,1
8930e1c1a03ffff,소매,3
8930e1c1a03ffff,수리·개인,2
8930e1c1a03ffff,음식,4
8930e1c1a07ffff,시설관리·임대,1
8930e1c1a13ffff,과학·기술,7
8930e1c1a13ffff,교육,4
8930e1c1a13ffff,보건의료,7
8930e1c1a13ffff,부동산,1
8930e1c1a13ffff,소매,14
8930e1c1a13ffff,수리·개인,6
8930e1c1a13ffff,숙박,1
8930e1c1a13ffff,시설관리·임대,3
8930e1c1a13ffff,예술·스포츠,4
8930e1c1a13ffff,음식,31
8930e1c1a17ffff,과학·기술,3
8930e1c1a17ffff,교육,6
8930e1c1a17ffff,부동산,5
8930e1c1a17ffff,소매,8
8930e1c1a17ffff,수리·개인,7
8930e1c1a17ffff,숙박,3
8930e1c1a17ffff,시설관리·임대,1
8930e1c1a17ffff,예술·스포츠,4
8930e1c1a17ffff,음식,21
8930e1c1a1bffff,교육,6
8930e1c1a1bffff,보건의료,1
8930e1c1a1bffff,부동산,5
8930e1c1a1bffff,소매,7
8930e1c1a1bffff,수리·개인,3
8930e1c1a1bffff,예술·스포츠,1
8930e1c1a1bffff,음식,6
8930e1c1a2fffff,소매,2
8930e1c1a53ffff,교육,1
8930e1c1a53ffff,소매,2
8930e1c1a53ffff,음식,1
8930e1c1a6bffff,과학·기술,1
8930e1c1a6bffff,소매,1
8930e1c1a6bffff,수리·개인,1
8930e1c1a6fffff,과학·기술,1
8930e1c1a6fffff,소매,1
8930e1c1a6fffff,수리·개인,2
8930e1c1a6fffff,숙박,1
8930e1c1a6fffff,시설관리·임대,2
8930e1c1a6fffff,음식,1
8930e1c1a83ffff,과학·기술,1
8930e1c1a83ffff,음식,2
8930e1c1a87ffff,교육,1
8930e1c1a87ffff,소매,1
8930e1c1a87ffff,수리·개인,1
8930e1c1a87ffff,음식,4
8930e1c1a8fffff,과학·기술,14
8930e1c1a8fffff,교육,9
8930e1c1a8fffff,부동산,3
8930e1c1a8fffff,소매,14
8930e1c1a8fffff,수리·개인,17
8930e1c1a8fffff,숙박,1
8930e1c1a8fffff,시설관리·임대,1
8930e1c1a8fffff,예술·스포츠,1
8930e1c1a8fffff,음식,32
8930e1c1a93ffff,예술·스포츠,2
8930e1c1a97ffff,소매,2
8930e1c1aa3ffff,과학·기술,28
8930e1c1aa3ffff,교육,7
8930e1c1aa3ffff,보건의료,2
8930e1c1aa3ffff,부동산,11
8930e1c1aa3ffff,소매,17
8930e1c1aa3ffff,수리·개인,4
8930e1c1aa3ffff,시설관리·임대,19
8930e1c1aa3ffff,예술·스포츠,6
8930e1c1aa3ffff,음식,15
8930e1c1aa7ffff,과학·기술,38
8930e1c1aa7ffff,교육,6
8930e1c1aa7ffff,부동산,3
8930e1c1aa7ffff,소매,12
8930e1c1aa7ffff,숙박,1
8930e1c1aa7ffff,시설관리·임대,6
8930e1c1aa7ffff,예술·스포츠,1
8930e1c1aa7ffff,음식,6
8930e1c1aabffff,과학·기술,16
8930e1c1aabffff,교육,3
8930e1c1aabffff,부동산,2
8930e1c1aabffff,소매,11
8930e1c1aabffff,수리·개인,9
8930e1c1aabffff,숙박,3
8930e1c1aabffff,시설관리·임대,8
8930e1c1aabffff,예술·스포츠,6
8930e1c1aabffff,음식,35
8930e1c1ab3ffff,과학·기술,1
8930e1c1ab3ffff,교육,2
8930e1c1ab3ffff,부동산,1
8930e1c1ab3ffff,수리·개인,2
8930e1c1ab3ffff,음식,1
8930e1c1abbffff,과학·기술,7
8930e1c1abbffff,교육,10
8930e1c1abbffff,보건의료,2
8930e1c1abbffff,부동산,6
8930e1c1abbffff,소매,19
8930e1c1abbffff,수리·개인,14
8930e1c1abbffff,숙박,1
8930e1c1abbffff,시설관리·임대,2
8930e1c1abbffff,예술·스포츠,2
8930e1c1abbffff,음식,16
8930e1c1ac3ffff,과학·기술,1
8930e1c1ac3ffff,교육,15
8930e1c1ac3ffff,보건의료,2
8930e1c1ac3ffff,부동산,10
8930e1c1ac3ffff,소매,7
8930e1c1ac3ffff,수리·개인,3
8930e1c1ac3ffff,시설관리·임대,1
8930e1c1ac3ffff,음식,4
8930e1c1ac7ffff,소매,1
8930e1c1ac7ffff,음식,11
8930e1c1acbffff,과학·기술,1
8930e1c1acbffff,교육,42
8930e1c1acbffff,보건의료,13
8930e1c1acbffff,부동산,3
8930e1c1acbffff,소매,14
8930e1c1acbffff,수리·개인,7
8930e1c1acbffff,시설관리·임대,2
8930e1c1acbffff,예술·스포츠,4
8930e1c1acbffff,음식,14
8930e1c1acfffff,과학·기술,7
8930e1c1acfffff,교육,16
8930e1c1acfffff,보건의료,4
8930e1c1acfffff,부동산,12
8930e1c1acfffff,소매,13
8930e1c1acfffff,수리·개인,10
8930e1c1acfffff,예술·스포츠,6
8930e1c1acfffff,음식,3
8930e1c1ad3ffff,시설관리·임대,1
8930e1c1ad7ffff,소매,1
8930e1c1adbffff,과학·기술,9
8930e1c1adbffff,교육,81
8930e1c1adbffff,보건의료,19
8930e1c1adbffff,부동산,3
8930e1c1adbffff,소매,30
8930e1c1adbffff,수리·개인,12
8930e1c1adbffff,숙박,2
8930e1c1adbffff,시설관리·임대,1
8930e1c1adbffff,예술·스포츠,21
8930e1c1adbffff,음식,41
8930e1c1b03ffff,과학·기술,1
8930e1c1b03ffff,교육,5
8930e1c1b03ffff,부동산,2
8930e1c1b03ffff,소매,10
8930e1c1b03ffff,수리·개인,3
8930e1c1b03ffff,시설관리·임대,1
8930e1c1b03ffff,예술·스포츠,2
8930e1c1b03ffff,음식,20
8930e1c1b07ffff,과학·기술,8
8930e1c1b07ffff,교육,23
8930e1c1b07ffff,보건의료,37
8930e1c1b07ffff,부동산,12
8930e1c1b07ffff,소매,35
8930e1c1b07ffff,수리·개인,18
8930e1c1b07ffff,숙박,8
8930e1c1b07ffff,시설관리·임대,5
8930e1c1b07ffff,예술·스포츠,17
8930e1c1b07ffff,음식,37
8930e1c1b0bffff,과학·기술,2
8930e1c1b0bffff,교육,16
8930e1c1b0bffff,부동산,7
8930e1c1b0bffff,소매,10
8930e1c1b0bffff,수리·개인,18
8930e1c1b0bffff,숙박,1
8930e1c1b0bffff,시설관리·임대,1
8930e1c1b0bffff,예술·스포츠,1
8930e1c1b0bffff,음식,14
8930e1c1b0fffff,과학·기술,24
8930e1c1b0fffff,교육,19
8930e1c1b0fffff,보건의료,22
8930e1c1b0fffff,부동산,13
8930e1c1b0fffff,소매,56
8930e1c1b0fffff,수리·개인,30
8930e1c1b0fffff,숙박,5
8930e1c1b0fffff,시설관리·임대,4
8930e1c1b0fffff,예술·스포츠,27
8930e1c1b0fffff,음식,92
8930e1c1b17ffff,과학·기술,1
8930e1c1b17ffff,교육,11
8930e1c1b17ffff,보건의료,1
8930e1c1b17ffff,부동산,4
8930e1c1b17ffff,소매,4
8930e1c1b17ffff,수리·개인,6
8930e1c1b17ffff,예술·스포츠,1
8930e1c1b1bffff,예술·스포츠,2
8930e1c1b23ffff,과학·기술,5
8930e1c1b23ffff,교육,7
8930e1c1b23ffff,보건의료,1
8930e1c1b23ffff,부동산,8
8930e1c1b23ffff,소매,21
8930e1c1b23ffff,수리·개인,18
8930e1c1b23ffff,숙박,2
8930e1c1b23ffff,시설관리·임대,3
8930e1c1b23ffff,예술·스포츠,4
8930e1c1b23ffff,음식,30
8930e1c1b27ffff,과학·기술,3
8930e1c1b27ffff,교육,7
8930e1c1b27ffff,보건의료,1
8930e1c1b27ffff,부동산,1
8930e1c1b27ffff,소매,21
8930e1c1b27ffff,수리·개인,19
8930e1c1b27ffff,숙박,1
8930e1c1b27ffff,시설관리·임대,2
8930e1c1b27ffff,예술·스포츠,2
8930e1c1b27ffff,음식,21
8930e1c1b2bffff,과학·기술,6
8930e1c1b2bffff,교육,1
8930e1c1b2bffff,부동산,5
8930e1c1b2bffff,소매,25
8930e1c1b2bffff,수리·개인,9
8930e1c1b2bffff,숙박,4
8930e1c1b2bffff,시설관리·임대,1
8930e1c1b2bffff,예술·스포츠,3
8930e1c1b2bffff,음식,22
8930e1c1b2fffff,과학·기술,9
8930e1c1b2fffff,교육,7
8930e1c1b2fffff,보건의료,1
8930e1c1b2fffff,부동산,4
8930e1c1b2fffff,소매,20
8930e1c1b2fffff,수리·개인,26
8930e1c1b2fffff,시설관리·임대,4
8930e1c1b2fffff,예술·스포츠,7
8930e1c1b2fffff,음식,24
8930e1c1b33ffff,과학·기술,20
8930e1c1b33ffff,교육,10
8930e1c1b33ffff,보건의료,4
8930e1c1b33ffff,부동산,7
8930e1c1b33ffff,소매,52
8930e1c1b33ffff,수리·개인,19
8930e1c1b33ffff,숙박,2
8930e1c1b33ffff,시설관리·임대,6
8930e1c1b33ffff,예술·스포츠,11
8930e1c1b33ffff,음식,69
8930e1c1b37ffff,과학·기술,7
8930e1c1b37ffff,교육,1
8930e1c1b37ffff,부동산,3
8930e1c1b37ffff,소매,9
8930e1c1b37ffff,수리·개인,9
8930e1c1b37ffff,숙박,1
8930e1c1b37ffff,시설관리·임대,4
8930e1c1b37ffff,예술·스포츠,2
8930e1c1b37ffff,음식,5
8930e1c1b3bffff,과학·기술,5
8930e1c1b3bffff,교육,5
8930e1c1b3bffff,보건의료,8
8930e1c1b3bffff,부동산,9
8930e1c1b3bffff,소매,85
8930e1c1b3bffff,수리·개인,23
8930e1c1b3bffff,숙박,4
8930e1c1b3bffff,시설관리·임대,11
8930e1c1b3bffff,예술·스포츠,8
8930e1c1b3bffff,음식,81
8930e1c1b43ffff,과학·기술,2
8930e1c1b43ffff,교육,1
8930e1c1b43ffff,부동산,2
8930e1c1b43ffff,소매,3
8930e1c1b43ffff,수리·개인,4
8930e1c1b43ffff,시설관리·임대,2
8930e1c1b47ffff,과학·기술,16
8930e1c1b47ffff,보건의료,1
8930e1c1b47ffff,소매,33
8930e1c1b47ffff,수리·개인,15
8930e1c1b47ffff,숙박,4
8930e1c1b47ffff,시설관리·임대,4
8930e1c1b47ffff,예술·스포츠,3
8930e1c1b47ffff,음식,16
8930e1c1b4bffff,과학·기술,16
8930e1c1b4bffff,교육,4
8930e1c1b4bffff,부동산,3
8930e1c1b4bffff,소매,23
8930e1c1b4bffff,수리·개인,8
8930e1c1b4bffff,숙박,5
8930e1c1b4bffff,시설관리·임대,5
8930e1c1b4bffff,예술·스포츠,1
8930e1c1b4bffff,음식,27
8930e1c1b4fffff,과학·기술,8
8930e1c1b4fffff,교육,12
8930e1c1b4fffff,보건의료,6
8930e1c1b4fffff,부동산,9
8930e1c1b4fffff,소매,40
8930e1c1b4fffff,수리·개인,24
8930e1c1b4fffff,숙박,3
8930e1c1b4fffff,시설관리·임대,14
8930e1c1b4fffff,예술·스포츠,9
8930e1c1b4fffff,음식,34
8930e1c1b53ffff,소매,1
8930e1c1b53ffff,음식,1
8930e1c1b57ffff,부동산,1
8930e1c1b57ffff,소매,3
8930e1c1b57ffff,시설관리·임대,1
8930e1c1b63ffff,과학·기술,5
8930e1c1b63ffff,교육,12
8930e1c1b63ffff,부동산,4
8930e1c1b63ffff,소매,12
8930e1c1b63ffff,수리·개인,12
8930e1c1b63ffff,시설관리·임대,2
8930e1c1b63ffff,예술·스포츠,2
8930e1c1b63ffff,음식,20
8930e1c1b67ffff,과학·기술,6
8930e1c1b67ffff,교육,8
8930e1c1b67ffff,보건의료,6
8930e1c1b67ffff,부동산,3
8930e1c1b67ffff,소매,22
8930e1c1b67ffff,수리·개인,18
8930e1c1b67ffff,숙박,3
8930e1c1b67ffff,시설관리·임대,4
8930e1c1b67ffff,예술·스포츠,2
8930e1c1b67ffff,음식,38
8930e1c1b6bffff,과학·기술,8
8930e1c1b6bffff,교육,2
8930e1c1b6bffff,보건의료,14
8930e1c1b6bffff,부동산,3
8930e1c1b6bffff,소매,41
8930e1c1b6bffff,수리·개인,19
8930e1c1b6bffff,숙박,5
8930e1c1b6bffff,시설관리·임대,4
8930e1c1b6bffff,예술·스포츠,3
8930e1c1b6bffff,음식,54
8930e1c1b6fffff,과학·기술,5
8930e1c1b6fffff,교육,12
8930e1c1b6fffff,보건의료,9
8930e1c1b6fffff,부동산,4
8930e1c1b6fffff,소매,61
8930e1c1b6fffff,수리·개인,18
8930e1c1b6fffff,숙박,7
8930e1c1b6fffff,시설관리·임대,7
8930e1c1b6fffff,예술·스포츠,8
8930e1c1b6fffff,음식,61
8930e1c1b73ffff,과학·기술,5
8930e1c1b73ffff,교육,5
8930e1c1b73ffff,보건의료,2
8930e1c1b73ffff,부동산,6
8930e1c1b73ffff,소매,23
8930e1c1b73ffff,수리·개인,16
8930e1c1b73ffff,시설관리·임대,4
8930e1c1b73ffff,예술·스포츠,3
8930e1c1b73ffff,음식,31
8930e1c1b77ffff,과학·기술,8
8930e1c1b77ffff,교육,8
8930e1c1b77ffff,부동산,7
8930e1c1b77ffff,소매,12
8930e1c1b77ffff,수리·개인,23
8930e1c1b77ffff,시설관리·임대,2
8930e1c1b77ffff,음식,13
8930e1c1b7bffff,과학·기술,1
8930e1c1b7bffff,교육,2
8930e1c1b7bffff,보건의료,4
8930e1c1b7bffff,부동산,3
8930e1c1b7bffff,소매,5
8930e1c1b7bffff,수리·개인,1
8930e1c1b7bffff,시설관리·임대,5
8930e1c1b7bffff,예술·스포츠,1
8930e1c1b7bffff,음식,11
8930e1c1ba3ffff,교육,1
8930e1c1ba3ffff,소매,1
8930e1c1ba3ffff,음식,2
8930e1c1ba7ffff,과학·기술,1
8930e1c1ba7ffff,교육,1
8930e1c1ba7ffff,음식,1
8930e1c1babffff,과학·기술,7
8930e1c1babffff,교육,6
8930e1c1babffff,부동산,5
8930e1c1babffff,소매,15
8930e1c1babffff,수리·개인,8
8930e1c1babffff,숙박,1
8930e1c1babffff,예술·스포츠,3
8930e1c1babffff,음식,10
8930e1c1bafffff,과학·기술,37
8930e1c1bafffff,교육,23
8930e1c1bafffff,부동산,5
8930e1c1bafffff,소매,29
8930e1c1bafffff,수리·개인,16
8930e1c1bafffff,시설관리·임대,28
8930e1c1bafffff,음식,10
8930e1c1bbbffff,소매,1
8930e1c1bbbffff,수리·개인,1
8930e1c1c03ffff,과학·기술,2
8930e1c1c03ffff,교육,2
8930e1c1c03ffff,부동산,3
8930e1c1c03ffff,소매,2
8930e1c1c03ffff,시설관리·임대,1
8930e1c1c03ffff,예술·스포츠,1
8930e1c1c03ffff,음식,4
8930e1c1c07ffff,수리·개인,1
8930e1c1c0bffff,교육,1
8930e1c1c13ffff,과학·기술,4
8930e1c1c13ffff,교육,1
8930e1c1c13ffff,부동산,1
8930e1c1c13ffff,소매,8
8930e1c1c13ffff,수리·개인,4
8930e1c1c13ffff,시설관리·임대,2
8930e1c1c13ffff,음식,12
8930e1c1c17ffff,과학·기술,2
8930e1c1c17ffff,교육,6
8930e1c1c17ffff,부동산,2
8930e1c1c17ffff,소매,10
8930e1c1c17ffff,수리·개인,13
8930e1c1c17ffff,시설관리·임대,3
8930e1c1c17ffff,음식,3
8930e1c1c1bffff,과학·기술,4
8930e1c1c1bffff,교육,1
8930e1c1c1bffff,부동산,2
8930e1c1c1bffff,소매,9
8930e1c1c1bffff,수리·개인,5
8930e1c1c1bffff,시설관리·임대,1
8930e1c1c1bffff,음식,6
8930e1c1c33ffff,과학·기술,1
8930e1c1c33ffff,소매,1
8930e1c1c43ffff,과학·기술,4
8930e1c1c43ffff,교육,9
8930e1c1c43ffff,부동산,4
8930e1c1c43ffff,소매,16
8930e1c1c43ffff,수리·개인,12
8930e1c1c43ffff,시설관리·임대,7
8930e1c1c43ffff,예술·스포츠,2
8930e1c1c43ffff,음식,20
8930e1c1c47ffff,과학·기술,1
8930e1c1c47ffff,수리·개인,1
8930e1c1c4bffff,과학·기술,6
8930e1c1c4bffff,교육,3
8930e1c1c4bffff,보건의료,1
8930e1c1c4bffff,부동산,1
8930e1c1c4bffff,소매,6
8930e1c1c4bffff,수리·개인,4
8930e1c1c4bffff,시설관리·임대,1
8930e1c1c4bffff,음식,6
8930e1c1c4fffff,숙박,1
8930e1c1c4fffff,시설관리·임대,2
8930e1c1c53ffff,과학·기술,13
8930e1c1c53ffff,교육,4
8930e1c1c53ffff,보건의료,3
8930e1c1c53ffff,부동산,8
8930e1c1c53ffff,소매,17
8930e1c1c53ffff,수리·개인,13
8930e1c1c53ffff,숙박,2
8930e1c1c53ffff,시설관리·임대,13
8930e1c1c53ffff,예술·스포츠,7
8930e1c1c53ffff,음식,45
8930e1c1c57ffff,과학·기술,1
8930e1c1c57ffff,교육,2
8930e1c1c57ffff,소매,10
8930e1c1c57ffff,수리·개인,2
8930e1c1c57ffff,숙박,1
8930e1c1c57ffff,시설관리·임대,2
8930e1c1c57ffff,예술·스포츠,1
8930e1c1c57ffff,음식,5
8930e1c1c5bffff,과학·기술,2
8930e1c1c5bffff,교육,1
8930e1c1c5bffff,보건의료,5
8930e1c1c5bffff,부동산,4
8930e1c1c5bffff,소매,19
8930e1c1c5bffff,수리·개인,17
8930e1c1c5bffff,시설관리·임대,4
8930e1c1c5bffff,예술·스포츠,5
8930e1c1c5bffff,음식,16
8930e1c1c83ffff,과학·기술,13
8930e1c1c83ffff,교육,7
8930e1c1c83ffff,보건의료,1
8930e1c1c83ffff,부동산,12
8930e1c1c83ffff,소매,27
8930e1c1c83ffff,수리·개인,29
8930e1c1c83ffff,숙박,3
8930e1c1c83ffff,시설관리·임대,6
8930e1c1c83ffff,예술·스포츠,3
8930e1c1c83ffff,음식,30
8930e1c1c87ffff,과학·기술,8
8930e1c1c87ffff,교육,9
8930e1c1c87ffff,보건의료,10
8930e1c1c87ffff,부동산,13
8930e1c1c87ffff,소매,55
8930e1c1c87ffff,수리·개인,23
8930e1c1c87ffff,숙박,4
8930e1c1c87ffff,시설관리·임대,4
8930e1c1c87ffff,예술·스포츠,34
8930e1c1c87ffff,음식,131
8930e1c1c8bffff,과학·기술,8
8930e1c1c8bffff,교육,6
8930e1c1c8bffff,보건의료,10
8930e1c1c8bffff,부동산,12
8930e1c1c8bffff,소매,66
8930e1c1c8bffff,수리·개인,35
8930e1c1c8bffff,숙박,3
8930e1c1c8bffff,시설관리·임대,8
8930e1c1c8bffff,예술·스포츠,13
8930e1c1c8bffff,음식,70
8930e1c1c8fffff,과학·기술,16
8930e1c1c8fffff,교육,14
8930e1c1c8fffff,보건의료,43
8930e1c1c8fffff,부동산,9
8930e1c1c8fffff,소매,83
8930e1c1c8fffff,수리·개인,38
8930e1c1c8fffff,숙박,6
8930e1c1c8fffff,시설관리·임대,8
8930e1c1c8fffff,예술·스포츠,30
8930e1c1c8fffff,음식,82
8930e1c1c93ffff,과학·기술,3
8930e1c1c93ffff,교육,2
8930e1c1c93ffff,보건의료,2
8930e1c1c93ffff,부동산,4
8930e1c1c93ffff,소매,7
8930e1c1c93ffff,수리·개인,10
8930e1c1c93ffff,시설관리·임대,3
8930e1c1c93ffff,예술·스포츠,3
8930e1c1c93ffff,음식,12
8930e1c1c97ffff,과학·기술,7
8930e1c1c97ffff,교육,12
8930e1c1c97ffff,보건의료,2
8930e1c1c97ffff,부동산,5
8930e1c1c97ffff,소매,20
8930e1c1c97ffff,수리·개인,16
8930e1c1c97ffff,시설관리·임대,7
8930e1c1c97ffff,음식,13
8930e1c1c9bffff,과학·기술,1
8930e1c1c9bffff,교육,2
8930e1c1c9bffff,부동산,1
8930e1c1c9bffff,소매,4
8930e1c1c9bffff,수리·개인,4
8930e1c1c9bffff,음식,6
8930e1c1ca3ffff,과학·기술,8
8930e1c1ca3ffff,교육,8
8930e1c1ca3ffff,보건의료,2
8930e1c1ca3ffff,부동산,5
8930e1c1ca3ffff,소매,22
8930e1c1ca3ffff,수리·개인,15
8930e1c1ca3ffff,숙박,1
8930e1c1ca3ffff,시설관리·임대,1
8930e1c1ca3ffff,예술·스포츠,4
8930e1c1ca3ffff,음식,29
8930e1c1ca7ffff,과학·기술,1
8930e1c1ca7ffff,부동산,1
8930e1c1ca7ffff,수리·개인,1
8930e1c1ca7ffff,시설관리·임대,2
8930e1c1cabffff,과학·기술,2
8930e1c1cabffff,교육,3
8930e1c1cabffff,부동산,6
8930e1c1cabffff,소매,12
8930e1c1cabffff,수리·개인,14
8930e1c1cabffff,예술·스포츠,3
8930e1c1cabffff,음식,9
8930e1c1cafffff,과학·기술,2
8930e1c1cafffff,교육,2
8930e1c1cafffff,부동산,2
8930e1c1cafffff,소매,2
8930e1c1cafffff,수리·개인,1
8930e1c1cafffff,시설관리·임대,3
8930e1c1cafffff,음식,2
8930e1c1cb3ffff,과학·기술,6
8930e1c1cb3ffff,교육,3
8930e1c1cb3ffff,부동산,7
8930e1c1cb3ffff,소매,23
8930e1c1cb3ffff,수리·개인,26
8930e1c1cb3ffff,숙박,1
8930e1c1cb3ffff,시설관리·임대,5
8930e1c1cb3ffff,예술·스포츠,2
8930e1c1cb3ffff,음식,20
8930e1c1cb7ffff,과학·기술,4
8930e1c1cb7ffff,교육,1
8930e1c1cb7ffff,부동산,3
8930e1c1cb7ffff,소매,11
8930e1c1cb7ffff,수리·개인,5
8930e1c1cb7ffff,시설관리·임대,3
8930e1c1cb7ffff,예술·스포츠,1
8930e1c1cb7ffff,음식,9
8930e1c1cbbffff,과학·기술,17
8930e1c1cbbffff,교육,12
8930e1c1cbbffff,보건의료,13
8930e1c1cbbffff,부동산,6
8930e1c1cbbffff,소매,83
8930e1c1cbbffff,수리·개인,36
8930e1c1cbbffff,숙박,1
8930e1c1cbbffff,시설관리·임대,4
8930e1c1cbbffff,예술·스포츠,10
8930e1c1cbbffff,음식,88
8930e1c1cc3ffff,과학·기술,13
8930e1c1cc3ffff,교육,16
8930e1c1cc3ffff,보건의료,2
8930e1c1cc3ffff,부동산,8
8930e1c1cc3ffff,소매,19
8930e1c1cc3ffff,수리·개인,16
8930e1c1cc3ffff,시설관리·임대,5
8930e1c1cc3ffff,예술·스포츠,3
8930e1c1cc3ffff,음식,11
8930e1c1cc7ffff,과학·기술,14
8930e1c1cc7ffff,교육,18
8930e1c1cc7ffff,보건의료,8
8930e1c1cc7ffff,부동산,9
8930e1c1cc7ffff,소매,53
8930e1c1cc7ffff,수리·개인,33
8930e1c1cc7ffff,시설관리·임대,3
8930e1c1cc7ffff,예술·스포츠,7
8930e1c1cc7ffff,음식,59
8930e1c1ccbffff,과학·기술,9
8930e1c1ccbffff,교육,5
8930e1c1ccbffff,부동산,3
8930e1c1ccbffff,소매,27
8930e1c1ccbffff,수리·개인,26
8930e1c1ccbffff,시설관리·임대,7
8930e1c1ccbffff,예술·스포츠,9
8930e1c1ccbffff,음식,48
8930e1c1ccfffff,과학·기술,9
8930e1c1ccfffff,교육,3
8930e1c1ccfffff,부동산,2
8930e1c1ccfffff,소매,11
8930e1c1ccfffff,수리·개인,9
8930e1c1ccfffff,숙박,4
8930e1c1ccfffff,시설관리·임대,4
8930e1c1ccfffff,예술·스포츠,5
8930e1c1ccfffff,음식,22
8930e1c1cd3ffff,과학·기술,1
8930e1c1cd3ffff,소매,4
8930e1c1cd3ffff,수리·개인,1
8930e1c1cd3ffff,시설관리·임대,1
8930e1c1cd3ffff,음식,1
8930e1c1cd7ffff,과학·기술,8
8930e1c1cd7ffff,교육,6
8930e1c1cd7ffff,보건의료,1
8930e1c1cd7ffff,부동산,6
8930e1c1cd7ffff,소매,10
8930e1c1cd7ffff,수리·개인,18
8930e1c1cd7ffff,시설관리·임대,4
8930e1c1cd7ffff,예술·스포츠,2
8930e1c1cd7ffff,음식,13
8930e1c1cdbffff,과학·기술,3
8930e1c1cdbffff,교육,5
8930e1c1cdbffff,부동산,1
8930e1c1cdbffff,소매,3
8930e1c1cdbffff,수리·개인,1
8930e1c1cdbffff,시설관리·임대,1
8930e1c1cdbffff,예술·스포츠,2
8930e1c1cdbffff,음식,2
8930e1c1d93ffff,과학·기술,7
8930e1c1d93ffff,교육,2
8930e1c1d93ffff,부동산,1
8930e1c1d93ffff,소매,14
8930e1c1d93ffff,수리·개인,3
8930e1c1d93ffff,시설관리·임대,5
8930e1c1d93ffff,음식,1
8930e1c1d97ffff,예술·스포츠,1
8930e1c1d9bffff,과학·기술,6
8930e1c1d9bffff,부동산,1
8930e1c1d9bffff,소매,4
8930e1c1d9bffff,수리·개인,1
8930e1c1d9bffff,시설관리·임대,1
8930e1c1d9bffff,음식,1
8930e1c1dd3ffff,소매,1
8930e1c1ddbffff,과학·기술,1
8930e1c1e03ffff,과학·기술,18
8930e1c1e03ffff,교육,3
8930e1c1e03ffff,보건의료,8
8930e1c1e03ffff,부동산,5
8930e1c1e03ffff,소매,47
8930e1c1e03ffff,수리·개인,23
8930e1c1e03ffff,숙박,4
8930e1c1e03ffff,시설관리·임대,10
8930e1c1e03ffff,예술·스포츠,13
8930e1c1e03ffff,음식,34
8930e1c1e07ffff,과학·기술,12
8930e1c1e07ffff,교육,12
8930e1c1e07ffff,보건의료,4
8930e1c1e07ffff,부동산,9
8930e1c1e07ffff,소매,29
8930e1c1e07ffff,수리·개인,22
8930e1c1e07ffff,시설관리·임대,3
8930e1c1e07ffff,예술·스포츠,6
8930e1c1e07ffff,음식,34
8930e1c1e0bffff,과학·기술,8
8930e1c1e0bffff,교육,5
8930e1c1e0bffff,보건의료,6
8930e1c1e0bffff,부동산,4
8930e1c1e0bffff,소매,18
8930e1c1e0bffff,수리·개인,3
8930e1c1e0bffff,시설관리·임대,4
8930e1c1e0bffff,예술·스포츠,6
8930e1c1e0bffff,음식,22
8930e1c1e0fffff,과학·기술,5
8930e1c1e0fffff,교육,6
8930e1c1e0fffff,보건의료,9
8930e1c1e0fffff,부동산,8
8930e1c1e0fffff,소매,27
8930e1c1e0fffff,수리·개인,21
8930e1c1e0fffff,숙박,2
8930e1c1e0fffff,시설관리·임대,2
8930e1c1e0fffff,예술·스포츠,12
8930e1c1e0fffff,음식,79
8930e1c1e13ffff,과학·기술,12
8930e1c1e13ffff,교육,14
8930e1c1e13ffff,부동산,4
8930e1c1e13ffff,소매,15
8930e1c1e13ffff,수리·개인,15
8930e1c1e13ffff,시설관리·임대,4
8930e1c1e13ffff,예술·스포츠,1
8930e1c1e13ffff,음식,8
8930e1c1e17ffff,과학·기술,15
8930e1c1e17ffff,교육,9
8930e1c1e17ffff,보건의료,22
8930e1c1e17ffff,부동산,6
8930e1c1e17ffff,소매,109
8930e1c1e17ffff,수리·개인,36
8930e1c1e17ffff,숙박,1
8930e1c1e17ffff,시설관리·임대,7
8930e1c1e17ffff,예술·스포츠,24
8930e1c1e17ffff,음식,82
8930e1c1e1bffff,과학·기술,27
8930e1c1e1bffff,교육,10
8930e1c1e1bffff,부동산,4
8930e1c1e1bffff,소매,20
8930e1c1e1bffff,수리·개인,7
8930e1c1e1bffff,시설관리·임대,14
8930e1c1e1bffff,예술·스포츠,2
8930e1c1e1bffff,음식,7
8930e1c1e23ffff,과학·기술,1
8930e1c1e23ffff,교육,1
8930e1c1e23ffff,부동산,1
8930e1c1e23ffff,음식,2
8930e1c1e2bffff,과학·기술,5
8930e1c1e2bffff,교육,2
8930e1c1e2bffff,보건의료,1
8930e1c1e2bffff,소매,7
8930e1c1e2bffff,수리·개인,5
8930e1c1e2bffff,시설관리·임대,4
8930e1c1e2bffff,음식,8
8930e1c1e33ffff,과학·기술,8
8930e1c1e33ffff,교육,5
8930e1c1e33ffff,소매,6
8930e1c1e33ffff,수리·개인,7
8930e1c1e33ffff,숙박,1
8930e1c1e33ffff,시설관리·임대,3
8930e1c1e33ffff,음식,1
8930e1c1e37ffff,과학·기술,2
8930e1c1e37ffff,소매,1
8930e1c1e37ffff,수리·개인,2
8930e1c1e37ffff,시설관리·임대,1
8930e1c1e3bffff,과학·기술,4
8930e1c1e3bffff,교육,14
8930e1c1e3bffff,보건의료,1
8930e1c1e3bffff,부동산,4
8930e1c1e3bffff,소매,19
8930e1c1e3bffff,수리·개인,16
8930e1c1e3bffff,시설관리·임대,3
8930e1c1e3bffff,예술·스포츠,3
8930e1c1e3bffff,음식,47
8930e1c1e43ffff,과학·기술,2
8930e1c1e43ffff,소매,2
8930e1c1e43ffff,음식,2
8930e1c1e47ffff,교육,3
8930e1c1e47ffff,부동산,1
8930e1c1e47ffff,소매,5
8930e1c1e47ffff,수리·개인,1
8930e1c1e47ffff,숙박,1
8930e1c1e47ffff,시설관리·임대,5
8930e1c1e47ffff,예술·스포츠,1
8930e1c1e47ffff,음식,8
8930e1c1e4bffff,과학·기술,6
8930e1c1e4bffff,교육,5
8930e1c1e4bffff,보건의료,4
8930e1c1e4bffff,부동산,1
8930e1c1e4bffff,소매,13
8930e1c1e4bffff,수리·개인,3
8930e1c1e4bffff,숙박,1
8930e1c1e4bffff,시설관리·임대,1
8930e1c1e4bffff,예술·스포츠,3
8930e1c1e4bffff,음식,18
8930e1c1e4fffff,과학·기술,9
8930e1c1e4fffff,교육,6
8930e1c1e4fffff,보건의료,1
8930e1c1e4fffff,부동산,5
8930e1c1e4fffff,소매,20
8930e1c1e4fffff,수리·개인,22
8930e1c1e4fffff,숙박,3
8930e1c1e4fffff,시설관리·임대,5
8930e1c1e4fffff,예술·스포츠,5
8930e1c1e4fffff,음식,18
8930e1c1e57ffff,과학·기술,7
8930e1c1e57ffff,교육,2
8930e1c1e57ffff,소매,9
8930e1c1e57ffff,수리·개인,4
8930e1c1e57ffff,숙박,2
8930e1c1e57ffff,음식,4
8930e1c1e63ffff,과학·기술,6
8930e1c1e63ffff,교육,4
8930e1c1e63ffff,부동산,1
8930e1c1e63ffff,소매,7
8930e1c1e63ffff,수리·개인,3
8930e1c1e63ffff,숙박,3
8930e1c1e63ffff,시설관리·임대,5
8930e1c1e63ffff,음식,3
8930e1c1e67ffff,과학·기술,1
8930e1c1e67ffff,시설관리·임대,1
8930e1c1e6bffff,과학·기술,4
8930e1c1e6bffff,소매,1
8930e1c1e73ffff,과학·기술,17
8930e1c1e73ffff,교육,18
8930e1c1e73ffff,보건의료,24
8930e1c1e73ffff,부동산,14
8930e1c1e73ffff,소매,53
8930e1c1e73ffff,수리·개인,22
8930e1c1e73ffff,숙박,5
8930e1c1e73ffff,시설관리·임대,7
8930e1c1e73ffff,예술·스포츠,16
8930e1c1e73ffff,음식,90
8930e1c1e77ffff,과학·기술,5
8930e1c1e77ffff,교육,6
8930e1c1e77ffff,보건의료,2
8930e1c1e77ffff,부동산,5
8930e1c1e77ffff,소매,32
8930e1c1e77ffff,수리·개인,21
8930e1c1e77ffff,시설관리·임대,7
8930e1c1e77ffff,예술·스포츠,6
8930e1c1e77ffff,음식,31
8930e1c1e7bffff,과학·기술,10
8930e1c1e7bffff,교육,24
8930e1c1e7bffff,보건의료,1
8930e1c1e7bffff,부동산,5
8930e1c1e7bffff,소매,12
8930e1c1e7bffff,수리·개인,11
8930e1c1e7bffff,숙박,4
8930e1c1e7bffff,시설관리·임대,7
8930e1c1e7bffff,예술·스포츠,4
8930e1c1e7bffff,음식,21
8930e1c1e83ffff,과학·기술,12
8930e1c1e83ffff,교육,6
8930e1c1e83ffff,보건의료,6
8930e1c1e83ffff,부동산,8
8930e1c1e83ffff,소매,32
8930e1c1e83ffff,수리·개인,25
8930e1c1e83ffff,숙박,2
8930e1c1e83ffff,시설관리·임대,7
8930e1c1e83ffff,예술·스포츠,16
8930e1c1e83ffff,음식,63
8930e1c1e87ffff,과학·기술,15
8930e1c1e87ffff,교육,18
8930e1c1e87ffff,보건의료,2
8930e1c1e87ffff,부동산,7
8930e1c1e87ffff,소매,21
8930e1c1e87ffff,수리·개인,18
8930e1c1e87ffff,시설관리·임대,9
8930e1c1e87ffff,예술·스포츠,6
8930e1c1e87ffff,음식,24
8930e1c1e8bffff,과학·기술,15
8930e1c1e8bffff,교육,9
8930e1c1e8bffff,부동산,4
8930e1c1e8bffff,소매,19
8930e1c1e8bffff,수리·개인,24
8930e1c1e8bffff,시설관리·임대,3
8930e1c1e8bffff,음식,22
8930e1c1e8fffff,과학·기술,13
8930e1c1e8fffff,교육,3
8930e1c1e8fffff,보건의료,1
8930e1c1e8fffff,부동산,7
8930e1c1e8fffff,소매,18
8930e1c1e8fffff,수리·개인,16
8930e1c1e8fffff,숙박,1
8930e1c1e8fffff,시설관리·임대,1
8930e1c1e8fffff,예술·스포츠,6
8930e1c1e8fffff,음식,25
8930e1c1e93ffff,과학·기술,10
8930e1c1e93ffff,교육,7
8930e1c1e93ffff,보건의료,20
8930e1c1e93ffff,부동산,12
8930e1c1e93ffff,소매,126
8930e1c1e93ffff,수리·개인,23
8930e1c1e93ffff,숙박,1
8930e1c1e93ffff,예술·스포츠,18
8930e1c1e93ffff,음식,105
8930e1c1e97ffff,과학·기술,9
8930e1c1e97ffff,교육,10
8930e1c1e97ffff,보건의료,7
8930e1c1e97ffff,부동산,7
8930e1c1e97ffff,소매,24
8930e1c1e97ffff,수리·개인,21
8930e1c1e97ffff,숙박,2
8930e1c1e97ffff,시설관리·임대,3
8930e1c1e97ffff,예술·스포츠,7
8930e1c1e97ffff,음식,57
8930e1c1e9bffff,과학·기술,46
8930e1c1e9bffff,교육,13
8930e1c1e9bffff,부동산,12
8930e1c1e9bffff,소매,33
8930e1c1e9bffff,수리·개인,28
8930e1c1e9bffff,숙박,2
8930e1c1e9bffff,시설관리·임대,16
8930e1c1e9bffff,예술·스포츠,4
8930e1c1e9bffff,음식,25
8930e1c1ea3ffff,교육,1
8930e1c1eabffff,과학·기술,7
8930e1c1eabffff,교육,3
8930e1c1eabffff,부동산,2
8930e1c1eabffff,소매,8
8930e1c1eabffff,수리·개인,7
8930e1c1eabffff,시설관리·임대,1
8930e1c1eabffff,음식,3
8930e1c1eafffff,과학·기술,1
8930e1c1eafffff,교육,1
8930e1c1eafffff,부동산,1
8930e1c1eafffff,소매,4
8930e1c1eafffff,수리·개인,5
8930e1c1eafffff,시설관리·임대,2
8930e1c1eb3ffff,과학·기술,1
8930e1c1eb3ffff,교육,5
8930e1c1eb3ffff,소매,6
8930e1c1eb3ffff,수리·개인,2
8930e1c1eb3ffff,숙박,2
8930e1c1eb3ffff,시설관리·임대,4
8930e1c1eb3ffff,음식,7
8930e1c1ebbffff,과학·기술,9
8930e1c1ebbffff,교육,6
8930e1c1ebbffff,소매,8
8930e1c1ebbffff,수리·개인,5
8930e1c1ebbffff,시설관리·임대,4
8930e1c1ebbffff,예술·스포츠,1
8930e1c1ebbffff,음식,7
8930e1c1ec3ffff,과학·기술,31
8930e1c1ec3ffff,교육,18
8930e1c1ec3ffff,보건의료,12
8930e1c1ec3ffff,부동산,11
8930e1c1ec3ffff,소매,34
8930e1c1ec3ffff,수리·개인,31
8930e1c1ec3ffff,숙박,4
8930e1c1ec3ffff,시설관리·임대,7
8930e1c1ec3ffff,예술·스포츠,26
8930e1c1ec3ffff,음식,104
8930e1c1ec7ffff,과학·기술,23
8930e1c1ec7ffff,교육,35
8930e1c1ec7ffff,보건의료,5
8930e1c1ec7ffff,부동산,15
8930e1c1ec7ffff,소매,33
8930e1c1ec7ffff,수리·개인,27
8930e1c1ec7ffff,숙박,3
8930e1c1ec7ffff,시설관리·임대,10
8930e1c1ec7ffff,예술·스포츠,10
8930e1c1ec7ffff,음식,36
8930e1c1ecbffff,과학·기술,7
8930e1c1ecbffff,교육,6
8930e1c1ecbffff,부동산,2
8930e1c1ecbffff,소매,12
8930e1c1ecbffff,수리·개인,1
8930e1c1ecbffff,숙박,1
8930e1c1ecbffff,시설관리·임대,1
8930e1c1ecbffff,예술·스포츠,1
8930e1c1ecbffff,음식,7
8930e1c1ecfffff,과학·기술,12
8930e1c1ecfffff,교육,6
8930e1c1ecfffff,부동산,2
8930e1c1ecfffff,소매,12
8930e1c1ecfffff,수리·개인,5
8930e1c1ecfffff,시설관리·임대,3
8930e1c1ecfffff,음식,2
8930e1c1ed3ffff,과학·기술,43
8930e1c1ed3ffff,교육,15
8930e1c1ed3ffff,보건의료,11
8930e1c1ed3ffff,부동산,18
8930e1c1ed3ffff,소매,52
8930e1c1ed3ffff,수리·개인,24
8930e1c1ed3ffff,숙박,5
8930e1c1ed3ffff,시설관리·임대,14
8930e1c1ed3ffff,예술·스포츠,17
8930e1c1ed3ffff,음식,110
8930e1c1ed7ffff,과학·기술,68
8930e1c1ed7ffff,교육,23
8930e1c1ed7ffff,보건의료,29
8930e1c1ed7ffff,부동산,24
8930e1c1ed7ffff,소매,58
8930e1c1ed7ffff,수리·개인,43
8930e1c1ed7ffff,숙박,3
8930e1c1ed7ffff,시설관리·임대,28
8930e1c1ed7ffff,예술·스포츠,18
8930e1c1ed7ffff,음식,57
8930e1c1edbffff,과학·기술,40
8930e1c1edbffff,교육,20
8930e1c1edbffff,보건의료,4
8930e1c1edbffff,부동산,10
8930e1c1edbffff,소매,39
8930e1c1edbffff,수리·개인,21
8930e1c1edbffff,숙박,2
8930e1c1edbffff,시설관리·임대,19
8930e1c1edbffff,예술·스포츠,6
8930e1c1edbffff,음식,39
8930e1c2003ffff,소매,4
8930e1c2003ffff,수리·개인,3
8930e1c2003ffff,음식,6
8930e1c2007ffff,과학·기술,2
8930e1c2007ffff,교육,2
8930e1c2007ffff,부동산,7
8930e1c2007ffff,소매,6
8930e1c2007ffff,수리·개인,5
8930e1c2007ffff,시설관리·임대,3
8930e1c2007ffff,예술·스포츠,2
8930e1c2007ffff,음식,4
8930e1c200bffff,과학·기술,1
8930e1c200bffff,소매,1
8930e1c200bffff,음식,1
8930e1c200fffff,과학·기술,1
8930e1c200fffff,교육,10
8930e1c200fffff,보건의료,1
8930e1c200fffff,부동산,5
8930e1c200fffff,소매,2
8930e1c200fffff,수리·개인,6
8930e1c200fffff,시설관리·임대,1
8930e1c200fffff,예술·스포츠,2
8930e1c200fffff,음식,1
8930e1c2013ffff,과학·기술,4
8930e1c2013ffff,교육,7
8930e1c2013ffff,보건의료,7
8930e1c2013ffff,부동산,2
8930e1c2013ffff,소매,16
8930e1c2013ffff,수리·개인,7
8930e1c2013ffff,시설관리·임대,3
8930e1c2013ffff,음식,8
8930e1c2017ffff,과학·기술,11
8930e1c2017ffff,교육,16
8930e1c2017ffff,보건의료,1
8930e1c2017ffff,부동산,9
8930e1c2017ffff,소매,17
8930e1c2017ffff,수리·개인,20
8930e1c2017ffff,숙박,1
8930e1c2017ffff,시설관리·임대,2
8930e1c2017ffff,예술·스포츠,8
8930e1c2017ffff,음식,22
8930e1c201bffff,교육,2
8930e1c201bffff,소매,2
8930e1c201bffff,수리·개인,5
8930e1c201bffff,시설관리·임대,1
8930e1c201bffff,음식,4
8930e1c2023ffff,과학·기술,33
8930e1c2023ffff,교육,16
8930e1c2023ffff,보건의료,3
8930e1c2023ffff,부동산,5
8930e1c2023ffff,소매,35
8930e1c2023ffff,수리·개인,22
8930e1c2023ffff,숙박,2
8930e1c2023ffff,시설관리·임대,22
8930e1c2023ffff,예술·스포츠,19
8930e1c2023ffff,음식,78
8930e1c2027ffff,과학·기술,62
8930e1c2027ffff,교육,34
8930e1c2027ffff,보건의료,17
8930e1c2027ffff,부동산,12
8930e1c2027ffff,소매,22
8930e1c2027ffff,수리·개인,15
8930e1c2027ffff,숙박,7
8930e1c2027ffff,시설관리·임대,10
8930e1c2027ffff,예술·스포츠,5
8930e1c2027ffff,음식,43
8930e1c202bffff,교육,5
8930e1c202bffff,부동산,1
8930e1c202bffff,소매,1
8930e1c202bffff,음식,1
8930e1c202fffff,과학·기술,2
8930e1c202fffff,교육,7
8930e1c202fffff,보건의료,2
8930e1c202fffff,부동산,6
8930e1c202fffff,소매,16
8930e1c202fffff,수리·개인,9
8930e1c202fffff,시설관리·임대,1
8930e1c202fffff,예술·스포츠,1
8930e1c202fffff,음식,13
8930e1c2033ffff,과학·기술,14
8930e1c2033ffff,교육,21
8930e1c2033ffff,보건의료,22
8930e1c2033ffff,부동산,7
8930e1c2033ffff,소매,318
8930e1c2033ffff,수리·개인,18
8930e1c2033ffff,숙박,1
8930e1c2033ffff,시설관리·임대,3
8930e1c2033ffff,예술·스포츠,17
8930e1c2033ffff,음식,84
8930e1c2037ffff,과학·기술,23
8930e1c2037ffff,교육,10
8930e1c2037ffff,보건의료,4
8930e1c2037ffff,부동산,3
8930e1c2037ffff,소매,16
8930e1c2037ffff,수리·개인,5
8930e1c2037ffff,시설관리·임대,13
8930e1c2037ffff,예술·스포츠,7
8930e1c2037ffff,음식,39
8930e1c203bffff,과학·기술,23
8930e1c203bffff,교육,39
8930e1c203bffff,보건의료,20
8930e1c203bffff,부동산,12
8930e1c203bffff,소매,30
8930e1c203bffff,수리·개인,14
8930e1c203bffff,숙박,1
8930e1c203bffff,시설관리·임대,11
8930e1c203bffff,예술·스포츠,16
8930e1c203bffff,음식,43
8930e1c2043ffff,과학·기술,6
8930e1c2043ffff,교육,18
8930e1c2043ffff,부동산,2
8930e1c2043ffff,소매,22
8930e1c2043ffff,수리·개인,24
8930e1c2043ffff,시설관리·임대,1
8930e1c2043ffff,예술·스포츠,1
8930e1c2043ffff,음식,25
8930e1c2047ffff,과학·기술,7
8930e1c2047ffff,소매,7
8930e1c2047ffff,수리·개인,2
8930e1c2047ffff,시설관리·임대,3
8930e1c2047ffff,예술·스포츠,1
8930e1c2047ffff,음식,2
8930e1c204bffff,과학·기술,4
8930e1c204bffff,교육,11
8930e1c204bffff,보건의료,1
8930e1c204bffff,부동산,4
8930e1c204bffff,소매,13
8930e1c204bffff,수리·개인,15
8930e1c204bffff,예술·스포츠,9
8930e1c204bffff,음식,10
8930e1c204fffff,과학·기술,9
8930e1c204fffff,교육,10
8930e1c204fffff,보건의료,1
8930e1c204fffff,부동산,2
8930e1c204fffff,소매,7
8930e1c204fffff,수리·개인,10
8930e1c204fffff,시설관리·임대,3
8930e1c204fffff,예술·스포츠,2
8930e1c204fffff,음식,14
8930e1c2053ffff,과학·기술,13
8930e1c2053ffff,교육,7
8930e1c2053ffff,보건의료,16
8930e1c2053ffff,부동산,13
8930e1c2053ffff,소매,47
8930e1c2053ffff,수리·개인,44
8930e1c2053ffff,숙박,1
8930e1c2053ffff,시설관리·임대,5
8930e1c2053ffff,예술·스포츠,22
8930e1c2053ffff,음식,119
8930e1c2057ffff,과학·기술,8
8930e1c2057ffff,교육,5
8930e1c2057ffff,부동산,2
8930e1c2057ffff,소매,26
8930e1c2057ffff,수리·개인,26
8930e1c2057ffff,예술·스포츠,4
8930e1c2057ffff,음식,28
8930e1c205bffff,과학·기술,7
8930e1c205bffff,교육,8
8930e1c205bffff,보건의료,1
8930e1c205bffff,소매,9
8930e1c205bffff,수리·개인,8
8930e1c205bffff,시설관리·임대,2
8930e1c205bffff,예술·스포츠,4
8930e1c205bffff,음식,7
8930e1c2063ffff,과학·기술,1
8930e1c2067ffff,과학·기술,6
8930e1c2067ffff,교육,5
8930e1c2067ffff,부동산,5
8930e1c2067ffff,소매,6
8930e1c2067ffff,수리·개인,10
8930e1c2067ffff,예술·스포츠,1
8930e1c2067ffff,음식,4
8930e1c2073ffff,부동산,2
8930e1c2073ffff,소매,2
8930e1c2073ffff,음식,1
8930e1c2077ffff,과학·기술,2
8930e1c2077ffff,예술·스포츠,1
8930e1c207bffff,소매,31
8930e1c2083ffff,과학·기술,4
8930e1c2083ffff,교육,11
8930e1c2083ffff,보건의료,6
8930e1c2083ffff,부동산,8
8930e1c2083ffff,소매,16
8930e1c2083ffff,수리·개인,12
8930e1c2083ffff,시설관리·임대,3
8930e1c2083ffff,예술·스포츠,9
8930e1c2083ffff,음식,33
8930e1c2087ffff,과학·기술,5
8930e1c2087ffff,교육,3
8930e1c2087ffff,보건의료,3
8930e1c2087ffff,부동산,2
8930e1c2087ffff,소매,24
8930e1c2087ffff,수리·개인,23
8930e1c2087ffff,숙박,1
8930e1c2087ffff,시설관리·임대,5
8930e1c2087ffff,예술·스포츠,4
8930e1c2087ffff,음식,51
8930e1c208bffff,과학·기술,7
8930e1c208bffff,교육,13
8930e1c208bffff,부동산,3
8930e1c208bffff,소매,18
8930e1c208bffff,수리·개인,9
8930e1c208bffff,숙박,1
8930e1c208bffff,시설관리·임대,3
8930e1c208bffff,예술·스포츠,4
8930e1c208bffff,음식,32
8930e1c208fffff,과학·기술,8
8930e1c208fffff,교육,23
8930e1c208fffff,보건의료,13
8930e1c208fffff,소매,34
8930e1c208fffff,수리·개인,21
8930e1c208fffff,숙박,1
8930e1c208fffff,시설관리·임대,5
8930e1c208fffff,예술·스포츠,23
8930e1c208fffff,음식,45
8930e1c2093ffff,과학·기술,5
8930e1c2093ffff,교육,26
8930e1c2093ffff,보건의료,5
8930e1c2093ffff,부동산,3
8930e1c2093ffff,소매,20
8930e1c2093ffff,수리·개인,14
8930e1c2093ffff,예술·스포츠,11
8930e1c2093ffff,음식,25
8930e1c2097ffff,과학·기술,6
8930e1c2097ffff,교육,3
8930e1c2097ffff,소매,5
8930e1c2097ffff,수리·개인,15
8930e1c2097ffff,음식,22
8930e1c209bffff,과학·기술,2
8930e1c209bffff,교육,10
8930e1c209bffff,보건의료,1
8930e1c209bffff,부동산,4
8930e1c209bffff,소매,6
8930e1c209bffff,수리·개인,8
8930e1c209bffff,예술·스포츠,1
8930e1c209bffff,음식,1
8930e1c20a3ffff,과학·기술,1
8930e1c20a3ffff,교육,1
8930e1c20a3ffff,수리·개인,1
8930e1c20a7ffff,과학·기술,1
8930e1c20a7ffff,교육,2
8930e1c20a7ffff,부동산,2
8930e1c20a7ffff,소매,5
8930e1c20a7ffff,수리·개인,7
8930e1c20a7ffff,시설관리·임대,1
8930e1c20a7ffff,음식,1
8930e1c20abffff,과학·기술,7
8930e1c20abffff,교육,21
8930e1c20abffff,부동산,4
8930e1c20abffff,소매,24
8930e1c20abffff,수리·개인,24
8930e1c20abffff,숙박,3
8930e1c20abffff,시설관리·임대,1
8930e1c20abffff,예술·스포츠,3
8930e1c20abffff,음식,36
8930e1c20afffff,과학·기술,2
8930e1c20afffff,교육,5
8930e1c20afffff,부동산,2
8930e1c20afffff,소매,10
8930e1c20afffff,수리·개인,4
8930e1c20afffff,숙박,1
8930e1c20afffff,시설관리·임대,1
8930e1c20afffff,예술·스포츠,3
8930e1c20afffff,음식,2
8930e1c20b3ffff,과학·기술,12
8930e1c20b3ffff,교육,10
8930e1c20b3ffff,보건의료,3
8930e1c20b3ffff,부동산,6
8930e1c20b3ffff,소매,24
8930e1c20b3ffff,수리·개인,13
8930e1c20b3ffff,시설관리·임대,2
8930e1c20b3ffff,예술·스포츠,2
8930e1c20b3ffff,음식,22
8930e1c20b7ffff,과학·기술,4
8930e1c20b7ffff,부동산,2
8930e1c20b7ffff,소매,4
8930e1c20b7ffff,수리·개인,15
8930e1c20b7ffff,시설관리·임대,1
8930e1c20b7ffff,음식,1
8930e1c20bbffff,과학·기술,4
8930e1c20bbffff,교육,7
8930e1c20bbffff,보건의료,2
8930e1c20bbffff,부동산,5
8930e1c20bbffff,소매,18
8930e1c20bbffff,수리·개인,10
8930e1c20bbffff,시설관리·임대,3
8930e1c20bbffff,예술·스포츠,8
8930e1c20bbffff,음식,24
8930e1c20c3ffff,과학·기술,10
8930e1c20c3ffff,교육,2
8930e1c20c3ffff,부동산,1
8930e1c20c3ffff,소매,10
8930e1c20c3ffff,수리·개인,21
8930e1c20c3ffff,숙박,2
8930e1c20c3ffff,시설관리·임대,2
8930e1c20c3ffff,예술·스포츠,1
8930e1c20c3ffff,음식,10
8930e1c20c7ffff,과학·기술,7
8930e1c20c7ffff,교육,16
8930e1c20c7ffff,보건의료,3
8930e1c20c7ffff,부동산,3
8930e1c20c7ffff,소매,30
8930e1c20c7ffff,수리·개인,11
8930e1c20c7ffff,숙박,1
8930e1c20c7ffff,시설관리·임대,3
8930e1c20c7ffff,예술·스포츠,5
8930e1c20c7ffff,음식,34
8930e1c20cbffff,과학·기술,7
8930e1c20cbffff,교육,14
8930e1c20cbffff,보건의료,17
8930e1c20cbffff,부동산,11
8930e1c20cbffff,소매,78
8930e1c20cbffff,수리·개인,32
8930e1c20cbffff,숙박,2
8930e1c20cbffff,시설관리·임대,2
8930e1c20cbffff,예술·스포츠,15
8930e1c20cbffff,음식,65
8930e1c20cfffff,과학·기술,13
8930e1c20cfffff,교육,10
8930e1c20cfffff,보건의료,22
8930e1c20cfffff,부동산,7
8930e1c20cfffff,소매,48
8930e1c20cfffff,수리·개인,28
8930e1c20cfffff,숙박,1
8930e1c20cfffff,시설관리·임대,13
8930e1c20cfffff,예술·스포츠,4
8930e1c20cfffff,음식,57
8930e1c20d3ffff,과학·기술,1
8930e1c20d3ffff,소매,3
8930e1c20d3ffff,시설관리·임대,2
8930e1c20d3ffff,음식,1
8930e1c20d7ffff,과학·기술,1
8930e1c20d7ffff,교육,1
8930e1c20d7ffff,소매,2
8930e1c20d7ffff,시설관리·임대,1
8930e1c20d7ffff,음식,2
8930e1c20dbffff,과학·기술,5
8930e1c20dbffff,교육,3
8930e1c20dbffff,부동산,2
8930e1c20dbffff,소매,10
8930e1c20dbffff,수리·개인,11
8930e1c20dbffff,시설관리·임대,4
8930e1c20dbffff,예술·스포츠,1
8930e1c20dbffff,음식,1
8930e1c2103ffff,과학·기술,2
8930e1c2103ffff,교육,2
8930e1c2103ffff,부동산,4
8930e1c2103ffff,소매,9
8930e1c2103ffff,수리·개인,1
8930e1c2103ffff,시설관리·임대,3
8930e1c2103ffff,예술·스포츠,1
8930e1c2103ffff,음식,3
8930e1c2107ffff,과학·기술,7
8930e1c2107ffff,교육,23
8930e1c2107ffff,보건의료,2
8930e1c2107ffff,부동산,6
8930e1c2107ffff,소매,15
8930e1c2107ffff,수리·개인,25
8930e1c2107ffff,숙박,2
8930e1c2107ffff,시설관리·임대,1
8930e1c2107ffff,예술·스포츠,1
8930e1c2107ffff,음식,16
8930e1c210bffff,과학·기술,20
8930e1c210bffff,교육,30
8930e1c210bffff,보건의료,17
8930e1c210bffff,부동산,2
8930e1c210bffff,소매,34
8930e1c210bffff,수리·개인,33
8930e1c210bffff,숙박,2
8930e1c210bffff,시설관리·임대,10
8930e1c210bffff,예술·스포츠,9
8930e1c210bffff,음식,34
8930e1c210fffff,과학·기술,17
8930e1c210fffff,교육,55
8930e1c210fffff,보건의료,22
8930e1c210fffff,부동산,8
8930e1c210fffff,소매,67
8930e1c210fffff,수리·개인,33
8930e1c210fffff,숙박,6
8930e1c210fffff,시설관리·임대,9
8930e1c210fffff,예술·스포츠,48
8930e1c210fffff,음식,157
8930e1c2113ffff,과학·기술,3
8930e1c2113ffff,교육,11
8930e1c2113ffff,부동산,2
8930e1c2113ffff,소매,8
8930e1c2113ffff,수리·개인,7
8930e1c2113ffff,시설관리·임대,1
8930e1c2113ffff,예술·스포츠,5
8930e1c2113ffff,음식,11
8930e1c2117ffff,교육,12
8930e1c2117ffff,부동산,2
8930e1c2117ffff,소매,3
8930e1c2117ffff,수리·개인,1
8930e1c2117ffff,음식,3
8930e1c211bffff,과학·기술,1
8930e1c211bffff,보건의료,1
8930e1c211bffff,소매,1
8930e1c211bffff,음식,2
8930e1c2123ffff,과학·기술,11
8930e1c2123ffff,교육,7
8930e1c2123ffff,보건의료,1
8930e1c2123ffff,부동산,10
8930e1c2123ffff,소매,34
8930e1c2123ffff,수리·개인,30
8930e1c2123ffff,숙박,3
8930e1c2123ffff,시설관리·임대,5
8930e1c2123ffff,음식,90
8930e1c2127ffff,과학·기술,21
8930e1c2127ffff,교육,13
8930e1c2127ffff,보건의료,6
8930e1c2127ffff,부동산,10
8930e1c2127ffff,소매,74
8930e1c2127ffff,수리·개인,36
8930e1c2127ffff,숙박,4
8930e1c2127ffff,시설관리·임대,11
8930e1c2127ffff,예술·스포츠,14
8930e1c2127ffff,음식,92
8930e1c212bffff,과학·기술,13
8930e1c212bffff,교육,9
8930e1c212bffff,보건의료,6
8930e1c212bffff,부동산,5
8930e1c212bffff,소매,23
8930e1c212bffff,수리·개인,19
8930e1c212bffff,시설관리·임대,5
8930e1c212bffff,예술·스포츠,8
8930e1c212bffff,음식,27
8930e1c212fffff,과학·기술,11
8930e1c212fffff,교육,8
8930e1c212fffff,보건의료,4
8930e1c212fffff,부동산,5
8930e1c212fffff,소매,54
8930e1c212fffff,수리·개인,21
8930e1c212fffff,숙박,2
8930e1c212fffff,시설관리·임대,10
8930e1c212fffff,예술·스포츠,5
8930e1c212fffff,음식,70
8930e1c2133ffff,과학·기술,4
8930e1c2133ffff,교육,12
8930e1c2133ffff,부동산,2
8930e1c2133ffff,소매,8
8930e1c2133ffff,수리·개인,6
8930e1c2133ffff,시설관리·임대,3
8930e1c2133ffff,예술·스포츠,5
8930e1c2133ffff,음식,26
8930e1c2137ffff,과학·기술,12
8930e1c2137ffff,교육,9
8930e1c2137ffff,보건의료,1
8930e1c2137ffff,부동산,2
8930e1c2137ffff,소매,30
8930e1c2137ffff,수리·개인,16
8930e1c2137ffff,시설관리·임대,7
8930e1c2137ffff,예술·스포츠,4
8930e1c2137ffff,음식,13
8930e1c213bffff,과학·기술,15
8930e1c213bffff,교육,15
8930e1c213bffff,보건의료,4
8930e1c213bffff,부동산,3
8930e1c213bffff,소매,38
8930e1c213bffff,수리·개인,39
8930e1c213bffff,숙박,2
8930e1c213bffff,시설관리·임대,7
8930e1c213bffff,예술·스포츠,8
8930e1c213bffff,음식,39
8930e1c2143ffff,과학·기술,3
8930e1c2143ffff,교육,1
8930e1c2143ffff,부동산,1
8930e1c2143ffff,소매,2
8930e1c2143ffff,음식,6
8930e1c2147ffff,과학·기술,10
8930e1c2147ffff,교육,20
8930e1c2147ffff,보건의료,53
8930e1c2147ffff,부동산,3
8930e1c2147ffff,소매,49
8930e1c2147ffff,수리·개인,19
8930e1c2147ffff,숙박,4
8930e1c2147ffff,시설관리·임대,6
8930e1c2147ffff,예술·스포츠,18
8930e1c2147ffff,음식,71
8930e1c214bffff,과학·기술,4
8930e1c214bffff,교육,7
8930e1c214bffff,부동산,2
8930e1c214bffff,소매,4
8930e1c214bffff,수리·개인,3
8930e1c214fffff,음식,1
8930e1c2153ffff,과학·기술,1
8930e1c2157ffff,과학·기술,12
8930e1c2157ffff,교육,2
8930e1c2157ffff,보건의료,3
8930e1c2157ffff,부동산,2
8930e1c2157ffff,소매,7
8930e1c2157ffff,수리·개인,4
8930e1c2157ffff,숙박,15
8930e1c2157ffff,시설관리·임대,4
8930e1c2157ffff,예술·스포츠,5
8930e1c2157ffff,음식,24
8930e1c2163ffff,과학·기술,1
8930e1c2163ffff,교육,5
8930e1c2163ffff,보건의료,1
8930e1c2163ffff,소매,1
8930e1c2163ffff,수리·개인,2
8930e1c2163ffff,음식,3
8930e1c2167ffff,과학·기술,5
8930e1c2167ffff,교육,11
8930e1c2167ffff,보건의료,2
8930e1c2167ffff,부동산,4
8930e1c2167ffff,소매,7
8930e1c2167ffff,수리·개인,7
8930e1c2167ffff,예술·스포츠,1
8930e1c2167ffff,음식,10
8930e1c216bffff,교육,1
8930e1c216bffff,소매,2
8930e1c216fffff,과학·기술,1
8930e1c216fffff,교육,1
8930e1c216fffff,부동산,1
8930e1c216fffff,소매,2
8930e1c216fffff,수리·개인,2
8930e1c216fffff,음식,1
8930e1c2173ffff,과학·기술,43
8930e1c2173ffff,교육,33
8930e1c2173ffff,보건의료,80
8930e1c2173ffff,부동산,18
8930e1c2173ffff,소매,309
8930e1c2173ffff,수리·개인,54
8930e1c2173ffff,시설관리·임대,19
8930e1c2173ffff,예술·스포츠,25
8930e1c2173ffff,음식,156
8930e1c2177ffff,과학·기술,12
8930e1c2177ffff,교육,13
8930e1c2177ffff,보건의료,10
8930e1c2177ffff,부동산,8
8930e1c2177ffff,소매,40
8930e1c2177ffff,수리·개인,35
8930e1c2177ffff,시설관리·임대,5
8930e1c2177ffff,예술·스포츠,33
8930e1c2177ffff,음식,159
8930e1c217bffff,과학·기술,11
8930e1c217bffff,교육,34
8930e1c217bffff,보건의료,41
8930e1c217bffff,부동산,6
8930e1c217bffff,소매,47
8930e1c217bffff,수리·개인,37
8930e1c217bffff,시설관리·임대,6
8930e1c217bffff,예술·스포츠,15
8930e1c217bffff,음식,55
8930e1c2183ffff,과학·기술,1
8930e1c2183ffff,교육,3
8930e1c2183ffff,부동산,1
8930e1c2183ffff,시설관리·임대,1
8930e1c2183ffff,음식,2
8930e1c2187ffff,과학·기술,6
8930e1c2187ffff,교육,59
8930e1c2187ffff,보건의료,40
8930e1c2187ffff,부동산,7
8930e1c2187ffff,소매,57
8930e1c2187ffff,수리·개인,24
8930e1c2187ffff,예술·스포츠,10
8930e1c2187ffff,음식,54
8930e1c218bffff,교육,5
8930e1c218bffff,부동산,2
8930e1c218bffff,소매,4
8930e1c218bffff,수리·개인,4
8930e1c218bffff,시설관리·임대,1
8930e1c218bffff,음식,9
8930e1c218fffff,교육,3
8930e1c218fffff,보건의료,5
8930e1c218fffff,부동산,3
8930e1c218fffff,소매,9
8930e1c218fffff,수리·개인,2
8930e1c218fffff,시설관리·임대,1
8930e1c218fffff,예술·스포츠,1
8930e1c218fffff,음식,4
8930e1c2193ffff,교육,5
8930e1c2193ffff,부동산,3
8930e1c2193ffff,소매,4
8930e1c2193ffff,수리·개인,7
8930e1c2193ffff,시설관리·임대,1
8930e1c2193ffff,예술·스포츠,2
8930e1c2193ffff,음식,4
8930e1c2197ffff,소매,1
8930e1c2197ffff,수리·개인,1
8930e1c2197ffff,시설관리·임대,1
8930e1c219bffff,과학·기술,1
8930e1c21a3ffff,소매,1
8930e1c21a7ffff,과학·기술,5
8930e1c21a7ffff,교육,8
8930e1c21a7ffff,부동산,3
8930e1c21a7ffff,소매,4
8930e1c21a7ffff,수리·개인,8
8930e1c21a7ffff,시설관리·임대,1
8930e1c21a7ffff,예술·스포츠,2
8930e1c21a7ffff,음식,3
8930e1c21afffff,과학·기술,9
8930e1c21afffff,교육,42
8930e1c21afffff,보건의료,17
8930e1c21afffff,부동산,9
8930e1c21afffff,소매,57
8930e1c21afffff,수리·개인,24
8930e1c21afffff,숙박,1
8930e1c21afffff,시설관리·임대,3
8930e1c21afffff,예술·스포츠,14
8930e1c21afffff,음식,56
8930e1c21b3ffff,과학·기술,2
8930e1c21b3ffff,교육,5
8930e1c21b3ffff,부동산,2
8930e1c21b3ffff,소매,2
8930e1c21b3ffff,수리·개인,3
8930e1c21b3ffff,음식,1
8930e1c21bbffff,과학·기술,2
8930e1c21bbffff,교육,2
8930e1c21bbffff,보건의료,1
8930e1c21bbffff,부동산,4
8930e1c21bbffff,소매,8
8930e1c21bbffff,수리·개인,8
8930e1c21bbffff,음식,7
8930e1c21c3ffff,소매,1
8930e1c21cbffff,과학·기술,1
8930e1c21cbffff,보건의료,1
8930e1c21cbffff,소매,8
8930e1c21cbffff,수리·개인,5
8930e1c21cbffff,음식,17
8930e1c21cfffff,음식,2
8930e1c21d3ffff,과학·기술,5
8930e1c21d3ffff,교육,10
8930e1c21d3ffff,보건의료,2
8930e1c21d3ffff,부동산,3
8930e1c21d3ffff,소매,2
8930e1c21d3ffff,수리·개인,4
8930e1c21d3ffff,시설관리·임대,1
8930e1c21d3ffff,음식,14
8930e1c21dbffff,과학·기술,3
8930e1c21dbffff,교육,9
8930e1c21dbffff,보건의료,2
8930e1c21dbffff,부동산,7
8930e1c21dbffff,소매,4
8930e1c21dbffff,수리·개인,9
8930e1c21dbffff,예술·스포츠,2
8930e1c21dbffff,음식,7
8930e1c2203ffff,부동산,1
8930e1c2203ffff,소매,1
8930e1c2203ffff,수리·개인,2
8930e1c2203ffff,음식,4
8930e1c2207ffff,과학·기술,1
8930e1c2207ffff,교육,11
8930e1c2207ffff,보건의료,2
8930e1c2207ffff,부동산,3
8930e1c2207ffff,소매,14
8930e1c2207ffff,수리·개인,11
8930e1c2207ffff,시설관리·임대,2
8930e1c2207ffff,예술·스포츠,1
8930e1c2207ffff,음식,17
8930e1c220bffff,과학·기술,3
8930e1c220bffff,교육,11
8930e1c220bffff,보건의료,14
8930e1c220bffff,부동산,1
8930e1c220bffff,소매,26
8930e1c220bffff,수리·개인,10
8930e1c220bffff,예술·스포츠,10
8930e1c220bffff,음식,30
8930e1c220fffff,소매,1
8930e1c220fffff,수리·개인,1
8930e1c2213ffff,교육,1
8930e1c2213ffff,소매,3
8930e1c2213ffff,음식,4
8930e1c2217ffff,과학·기술,7
8930e1c2217ffff,부동산,1
8930e1c2217ffff,소매,21
8930e1c2217ffff,수리·개인,23
8930e1c2217ffff,시설관리·임대,1
8930e1c2217ffff,예술·스포츠,2
8930e1c2217ffff,음식,20
8930e1c221bffff,교육,1
8930e1c221bffff,보건의료,1
8930e1c221bffff,소매,1
8930e1c221bffff,수리·개인,3
8930e1c221bffff,예술·스포츠,1
8930e1c221bffff,음식,1
8930e1c2227ffff,과학·기술,1
8930e1c2227ffff,교육,4
8930e1c2227ffff,부동산,1
8930e1c2227ffff,소매,2
8930e1c222bffff,소매,2
8930e1c222bffff,수리·개인,4
8930e1c222bffff,시설관리·임대,2
8930e1c222bffff,음식,1
8930e1c222fffff,교육,1
8930e1c2233ffff,과학·기술,2
8930e1c2233ffff,부동산,1
8930e1c2233ffff,소매,3
8930e1c2233ffff,수리·개인,3
8930e1c2233ffff,음식,1
8930e1c223bffff,교육,1
8930e1c223bffff,부동산,3
8930e1c223bffff,소매,4
8930e1c223bffff,수리·개인,4
8930e1c223bffff,시설관리·임대,1
8930e1c223bffff,예술·스포츠,2
8930e1c2243ffff,과학·기술,2
8930e1c2243ffff,교육,1
8930e1c2243ffff,부동산,1
8930e1c2243ffff,수리·개인,1
8930e1c2243ffff,예술·스포츠,2
8930e1c2243ffff,음식,4
8930e1c2247ffff,과학·기술,1
8930e1c2247ffff,교육,2
8930e1c2247ffff,부동산,2
8930e1c2247ffff,소매,2
8930e1c2247ffff,수리·개인,1
8930e1c2247ffff,음식,1
8930e1c224bffff,소매,1
8930e1c224bffff,예술·스포츠,1
8930e1c224bffff,음식,1
8930e1c224fffff,소매,1
8930e1c2253ffff,과학·기술,2
8930e1c2253ffff,교육,1
8930e1c2253ffff,부동산,1
8930e1c2253ffff,소매,6
8930e1c2253ffff,수리·개인,5
8930e1c2253ffff,시설관리·임대,2
8930e1c2253ffff,음식,4
8930e1c2257ffff,과학·기술,1
8930e1c2257ffff,교육,2
8930e1c2257ffff,부동산,3
8930e1c2257ffff,소매,4
8930e1c2257ffff,수리·개인,7
8930e1c2257ffff,시설관리·임대,1
8930e1c2257ffff,음식,4
8930e1c225bffff,과학·기술,3
8930e1c225bffff,교육,1
8930e1c225bffff,부동산,2
8930e1c225bffff,소매,6
8930e1c225bffff,수리·개인,8
8930e1c225bffff,숙박,1
8930e1c225bffff,음식,3
8930e1c2263ffff,과학·기술,1
8930e1c2263ffff,교육,1
8930e1c2263ffff,부동산,1
8930e1c2263ffff,소매,3
8930e1c2263ffff,수리·개인,6
8930e1c2263ffff,예술·스포츠,1
8930e1c2263ffff,음식,3
8930e1c2267ffff,과학·기술,2
8930e1c2267ffff,교육,2
8930e1c2267ffff,보건의료,1
8930e1c2267ffff,부동산,3
8930e1c2267ffff,소매,3
8930e1c2267ffff,수리·개인,5
8930e1c2267ffff,예술·스포츠,1
8930e1c2267ffff,음식,8
8930e1c226bffff,수리·개인,1
8930e1c226fffff,교육,5
8930e1c226fffff,보건의료,2
8930e1c226fffff,부동산,6
8930e1c226fffff,소매,6
8930e1c226fffff,수리·개인,1
8930e1c226fffff,음식,6
8930e1c2273ffff,과학·기술,2
8930e1c2273ffff,교육,11
8930e1c2273ffff,보건의료,1
8930e1c2273ffff,부동산,1
8930e1c2273ffff,소매,13
8930e1c2273ffff,수리·개인,9
8930e1c2273ffff,시설관리·임대,1
8930e1c2273ffff,예술·스포츠,3
8930e1c2273ffff,음식,31
8930e1c2277ffff,과학·기술,5
8930e1c2277ffff,교육,8
8930e1c2277ffff,부동산,1
8930e1c2277ffff,소매,14
8930e1c2277ffff,수리·개인,10
8930e1c2277ffff,예술·스포츠,7
8930e1c2277ffff,음식,11
8930e1c2283ffff,과학·기술,2
8930e1c2283ffff,소매,11
8930e1c2283ffff,수리·개인,9
8930e1c2283ffff,예술·스포츠,1
8930e1c2283ffff,음식,7
8930e1c2287ffff,과학·기술,7
8930e1c2287ffff,교육,8
8930e1c2287ffff,보건의료,17
8930e1c2287ffff,부동산,4
8930e1c2287ffff,소매,111
8930e1c2287ffff,수리·개인,27
8930e1c2287ffff,시설관리·임대,6
8930e1c2287ffff,예술·스포츠,16
8930e1c2287ffff,음식,61
8930e1c228bffff,과학·기술,7
8930e1c228bffff,보건의료,1
8930e1c228bffff,부동산,1
8930e1c228bffff,소매,8
8930e1c228bffff,수리·개인,8
8930e1c228bffff,숙박,1
8930e1c228bffff,예술·스포츠,2
8930e1c228bffff,음식,11
8930e1c228fffff,과학·기술,8
8930e1c228fffff,보건의료,2
8930e1c228fffff,부동산,2
8930e1c228fffff,소매,7
8930e1c228fffff,수리·개인,8
8930e1c228fffff,시설관리·임대,2
8930e1c228fffff,음식,22
8930e1c2293ffff,과학·기술,11
8930e1c2293ffff,교육,1
8930e1c2293ffff,부동산,3
8930e1c2293ffff,소매,15
8930e1c2293ffff,수리·개인,11
8930e1c2293ffff,시설관리·임대,7
8930e1c2293ffff,예술·스포츠,1
8930e1c2293ffff,음식,16
8930e1c2297ffff,과학·기술,6
8930e1c2297ffff,교육,2
8930e1c2297ffff,부동산,3
8930e1c2297ffff,소매,16
8930e1c2297ffff,수리·개인,20
8930e1c2297ffff,숙박,1
8930e1c2297ffff,시설관리·임대,3
8930e1c2297ffff,예술·스포츠,1
8930e1c2297ffff,음식,15
8930e1c229bffff,과학·기술,5
8930e1c229bffff,교육,18
8930e1c229bffff,보건의료,1
8930e1c229bffff,부동산,3
8930e1c229bffff,소매,24
8930e1c229bffff,수리·개인,19
8930e1c229bffff,시설관리·임대,3
8930e1c229bffff,예술·스포츠,1
8930e1c229bffff,음식,21
8930e1c22a3ffff,과학·기술,4
8930e1c22a3ffff,소매,5
8930e1c22a3ffff,수리·개인,1
8930e1c22a3ffff,시설관리·임대,1
8930e1c22a3ffff,음식,1
8930e1c22abffff,과학·기술,5
8930e1c22abffff,교육,1
8930e1c22abffff,부동산,2
8930e1c22abffff,소매,10
8930e1c22abffff,수리·개인,7
8930e1c22abffff,시설관리·임대,1
8930e1c22abffff,음식,4
8930e1c22b3ffff,과학·기술,3
8930e1c22b3ffff,교육,5
8930e1c22b3ffff,보건의료,9
8930e1c22b3ffff,부동산,7
8930e1c22b3ffff,소매,38
8930e1c22b3ffff,수리·개인,23
8930e1c22b3ffff,시설관리·임대,3
8930e1c22b3ffff,예술·스포츠,10
8930e1c22b3ffff,음식,45
8930e1c22bbffff,과학·기술,6
8930e1c22bbffff,교육,2
8930e1c22bbffff,부동산,5
8930e1c22bbffff,소매,62
8930e1c22bbffff,수리·개인,21
8930e1c22bbffff,시설관리·임대,3
8930e1c22bbffff,예술·스포츠,3
8930e1c22bbffff,음식,44
8930e1c22c7ffff,소매,2
8930e1c22c7ffff,수리·개인,5
8930e1c22c7ffff,음식,6
8930e1c22cbffff,과학·기술,1
8930e1c22cbffff,부동산,1
8930e1c22cbffff,소매,2
8930e1c22cbffff,수리·개인,1
8930e1c22d3ffff,소매,1
8930e1c22d3ffff,음식,1
8930e1c22d7ffff,과학·기술,5
8930e1c22d7ffff,교육,2
8930e1c22d7ffff,보건의료,1
8930e1c22d7ffff,소매,11
8930e1c22d7ffff,수리·개인,6
8930e1c22d7ffff,시설관리·임대,3
8930e1c22d7ffff,예술·스포츠,2
8930e1c22d7ffff,음식,9
8930e1c2307ffff,과학·기술,1
8930e1c230fffff,과학·기술,3
8930e1c230fffff,교육,9
8930e1c230fffff,보건의료,1
8930e1c230fffff,부동산,2
8930e1c230fffff,소매,5
8930e1c230fffff,수리·개인,7
8930e1c230fffff,예술·스포츠,1
8930e1c230fffff,음식,3
8930e1c2317ffff,과학·기술,1
8930e1c2317ffff,교육,1
8930e1c2317ffff,소매,3
8930e1c231bffff,소매,1
8930e1c231bffff,예술·스포츠,2
8930e1c2323ffff,소매,2
8930e1c2323ffff,음식,1
8930e1c2327ffff,과학·기술,7
8930e1c2327ffff,교육,12
8930e1c2327ffff,보건의료,9
8930e1c2327ffff,부동산,3
8930e1c2327ffff,소매,172
8930e1c2327ffff,수리·개인,24
8930e1c2327ffff,시설관리·임대,5
8930e1c2327ffff,예술·스포츠,3
8930e1c2327ffff,음식,30
8930e1c232bffff,과학·기술,1
8930e1c232bffff,교육,2
8930e1c232bffff,부동산,1
8930e1c232bffff,소매,3
8930e1c232bffff,수리·개인,1
8930e1c232bffff,음식,2
8930e1c232fffff,교육,1
8930e1c232fffff,보건의료,1
8930e1c232fffff,소매,68
8930e1c232fffff,수리·개인,3
8930e1c232fffff,예술·스포츠,1
8930e1c232fffff,음식,23
8930e1c2333ffff,과학·기술,1
8930e1c2333ffff,교육,3
8930e1c2333ffff,소매,2
8930e1c2333ffff,수리·개인,5
8930e1c2333ffff,시설관리·임대,1
8930e1c2333ffff,음식,4
8930e1c2337ffff,과학·기술,3
8930e1c2337ffff,교육,5
8930e1c2337ffff,보건의료,3
8930e1c2337ffff,부동산,4
8930e1c2337ffff,소매,9
8930e1c2337ffff,수리·개인,5
8930e1c2337ffff,예술·스포츠,3
8930e1c2337ffff,음식,13
8930e1c233bffff,과학·기술,6
8930e1c233bffff,교육,25
8930e1c233bffff,보건의료,9
8930e1c233bffff,부동산,3
8930e1c233bffff,소매,112
8930e1c233bffff,수리·개인,17
8930e1c233bffff,시설관리·임대,4
8930e1c233bffff,예술·스포츠,10
8930e1c233bffff,음식,64
8930e1c2347ffff,과학·기술,2
8930e1c2347ffff,교육,2
8930e1c2347ffff,부동산,2
8930e1c2347ffff,소매,6
8930e1c2347ffff,수리·개인,6
8930e1c2347ffff,숙박,1
8930e1c2347ffff,시설관리·임대,2
8930e1c2347ffff,예술·스포츠,1
8930e1c2347ffff,음식,12
8930e1c234bffff,과학·기술,8
8930e1c234bffff,교육,6
8930e1c234bffff,소매,11
8930e1c234bffff,수리·개인,3
8930e1c234bffff,시설관리·임대,2
8930e1c234bffff,예술·스포츠,1
8930e1c234bffff,음식,6
8930e1c234fffff,교육,7
8930e1c234fffff,부동산,6
8930e1c234fffff,소매,14
8930e1c234fffff,수리·개인,14
8930e1c234fffff,숙박,1
8930e1c234fffff,시설관리·임대,1
8930e1c234fffff,예술·스포츠,4
8930e1c234fffff,음식,32
8930e1c2353ffff,과학·기술,1
8930e1c2353ffff,수리·개인,2
8930e1c235bffff,과학·기술,5
8930e1c235bffff,교육,7
8930e1c235bffff,보건의료,4
8930e1c235bffff,부동산,1
8930e1c235bffff,소매,13
8930e1c235bffff,수리·개인,5
8930e1c235bffff,예술·스포츠,1
8930e1c235bffff,음식,8
8930e1c2363ffff,음식,1
8930e1c2367ffff,과학·기술,5
8930e1c2367ffff,교육,11
8930e1c2367ffff,보건의료,6
8930e1c2367ffff,부동산,7
8930e1c2367ffff,소매,15
8930e1c2367ffff,수리·개인,8
8930e1c2367ffff,시설관리·임대,1
8930e1c2367ffff,예술·스포츠,2
8930e1c2367ffff,음식,19
8930e1c236fffff,교육,5
8930e1c236fffff,보건의료,2
8930e1c236fffff,소매,3
8930e1c236fffff,수리·개인,3
8930e1c236fffff,음식,1
8930e1c2373ffff,예술·스포츠,1
8930e1c2373ffff,음식,4
8930e1c2377ffff,과학·기술,1
8930e1c2377ffff,교육,1
8930e1c2377ffff,부동산,2
8930e1c2377ffff,소매,7
8930e1c2377ffff,수리·개인,3
8930e1c2377ffff,음식,1
8930e1c237bffff,과학·기술,7
8930e1c237bffff,교육,9
8930e1c237bffff,보건의료,5
8930e1c237bffff,부동산,2
8930e1c237bffff,소매,17
8930e1c237bffff,수리·개인,11
8930e1c237bffff,예술·스포츠,2
8930e1c237bffff,음식,17
8930e1c2383ffff,교육,3
8930e1c2383ffff,보건의료,1
8930e1c2383ffff,부동산,2
8930e1c2383ffff,소매,3
8930e1c2383ffff,수리·개인,2
8930e1c2383ffff,시설관리·임대,1
8930e1c2383ffff,예술·스포츠,1
8930e1c2383ffff,음식,5
8930e1c238bffff,교육,1
8930e1c238bffff,보건의료,1
8930e1c238bffff,부동산,2
8930e1c238bffff,소매,2
8930e1c238bffff,수리·개인,6
8930e1c238bffff,음식,2
8930e1c238fffff,시설관리·임대,1
8930e1c2393ffff,교육,2
8930e1c2393ffff,부동산,1
8930e1c2393ffff,소매,2
8930e1c2397ffff,교육,4
8930e1c2397ffff,부동산,1
8930e1c2397ffff,소매,4
8930e1c2397ffff,수리·개인,2
8930e1c2397ffff,시설관리·임대,2
8930e1c2397ffff,예술·스포츠,3
8930e1c2397ffff,음식,2
8930e1c239bffff,교육,1
8930e1c239bffff,소매,1
8930e1c239bffff,음식,2
8930e1c23a3ffff,과학·기술,4
8930e1c23a3ffff,교육,4
8930e1c23a3ffff,보건의료,2
8930e1c23a3ffff,부동산,2
8930e1c23a3ffff,소매,14
8930e1c23a3ffff,수리·개인,8
8930e1c23a3ffff,예술·스포츠,5
8930e1c23a3ffff,음식,8
8930e1c23a7ffff,보건의료,5
8930e1c23a7ffff,소매,4
8930e1c23a7ffff,수리·개인,3
8930e1c23a7ffff,시설관리·임대,1
8930e1c23a7ffff,예술·스포츠,1
8930e1c23a7ffff,음식,3
8930e1c23abffff,과학·기술,1
8930e1c23abffff,교육,3
8930e1c23abffff,소매,6
8930e1c23abffff,수리·개인,6
8930e1c23abffff,음식,1
8930e1c23afffff,과학·기술,3
8930e1c23afffff,교육,14
8930e1c23afffff,부동산,6
8930e1c23afffff,소매,7
8930e1c23afffff,수리·개인,9
8930e1c23afffff,예술·스포츠,2
8930e1c23afffff,음식,9
8930e1c23b3ffff,과학·기술,3
8930e1c23b3ffff,교육,18
8930e1c23b3ffff,부동산,3
8930e1c23b3ffff,소매,11
8930e1c23b3ffff,수리·개인,7
8930e1c23b3ffff,예술·스포츠,2
8930e1c23b3ffff,음식,11
8930e1c23b7ffff,과학·기술,7
8930e1c23b7ffff,교육,17
8930e1c23b7ffff,보건의료,17
8930e1c23b7ffff,부동산,4
8930e1c23b7ffff,소매,30
8930e1c23b7ffff,수리·개인,23
8930e1c23b7ffff,시설관리·임대,3
8930e1c23b7ffff,예술·스포츠,7
8930e1c23b7ffff,음식,39
8930e1c23bbffff,부동산,1
8930e1c23bbffff,소매,2
8930e1c23bbffff,수리·개인,4
8930e1c23bbffff,예술·스포츠,1
8930e1c23bbffff,음식,3
8930e1c23c7ffff,과학·기술,1
8930e1c23cbffff,교육,2
8930e1c23cbffff,소매,1
8930e1c23cbffff,수리·개인,1
8930e1c23cfffff,소매,1
8930e1c23cfffff,수리·개인,1
8930e1c23d7ffff,소매,1
8930e1c2403ffff,소매,1
8930e1c2403ffff,음식,2
8930e1c2407ffff,교육,1
8930e1c2407ffff,소매,6
8930e1c2407ffff,수리·개인,1
8930e1c2407ffff,음식,4
8930e1c240bffff,과학·기술,1
8930e1c240bffff,교육,2
8930e1c240bffff,부동산,1
8930e1c240bffff,소매,5
8930e1c240bffff,수리·개인,4
8930e1c240bffff,예술·스포츠,1
8930e1c240bffff,음식,9
8930e1c240fffff,교육,7
8930e1c240fffff,보건의료,1
8930e1c240fffff,부동산,1
8930e1c240fffff,소매,7
8930e1c240fffff,수리·개인,2
8930e1c240fffff,예술·스포츠,1
8930e1c240fffff,음식,4
8930e1c241bffff,소매,1
8930e1c241bffff,시설관리·임대,1
8930e1c241bffff,음식,8
8930e1c2423ffff,과학·기술,2
8930e1c2423ffff,교육,8
8930e1c2423ffff,소매,7
8930e1c2423ffff,수리·개인,8
8930e1c2423ffff,시설관리·임대,1
8930e1c2423ffff,예술·스포츠,1
8930e1c2423ffff,음식,6
8930e1c2427ffff,과학·기술,6
8930e1c2427ffff,교육,6
8930e1c2427ffff,보건의료,7
8930e1c2427ffff,부동산,4
8930e1c2427ffff,소매,74
8930e1c2427ffff,수리·개인,23
8930e1c2427ffff,시설관리·임대,5
8930e1c2427ffff,예술·스포츠,7
8930e1c2427ffff,음식,47
8930e1c242bffff,과학·기술,2
8930e1c242bffff,교육,8
8930e1c242bffff,보건의료,5
8930e1c242bffff,부동산,3
8930e1c242bffff,소매,13
8930e1c242bffff,수리·개인,7
8930e1c242bffff,예술·스포츠,6
8930e1c242bffff,음식,13
8930e1c242fffff,과학·기술,14
8930e1c242fffff,교육,20
8930e1c242fffff,보건의료,13
8930e1c242fffff,부동산,3
8930e1c242fffff,소매,40
8930e1c242fffff,수리·개인,25
8930e1c242fffff,시설관리·임대,4
8930e1c242fffff,예술·스포츠,20
8930e1c242fffff,음식,44
8930e1c2433ffff,교육,1
8930e1c2433ffff,음식,1
8930e1c2437ffff,부동산,1
8930e1c2437ffff,소매,15
8930e1c2437ffff,수리·개인,4
8930e1c2437ffff,시설관리·임대,3
8930e1c2437ffff,음식,7
8930e1c243bffff,과학·기술,3
8930e1c243bffff,교육,6
8930e1c243bffff,보건의료,3
8930e1c243bffff,소매,10
8930e1c243bffff,수리·개인,9
8930e1c243bffff,시설관리·임대,1
8930e1c243bffff,예술·스포츠,6
8930e1c243bffff,음식,15
8930e1c2443ffff,교육,1
8930e1c2443ffff,음식,1
8930e1c2447ffff,과학·기술,1
8930e1c2447ffff,교육,12
8930e1c2447ffff,부동산,3
8930e1c2447ffff,소매,4
8930e1c2447ffff,음식,7
8930e1c244bffff,과학·기술,2
8930e1c244bffff,소매,1
8930e1c244bffff,수리·개인,1
8930e1c244bffff,시설관리·임대,1
8930e1c2453ffff,음식,1
8930e1c2457ffff,음식,1
8930e1c245bffff,과학·기술,3
8930e1c245bffff,교육,1
8930e1c245bffff,소매,3
8930e1c245bffff,시설관리·임대,3
8930e1c245bffff,예술·스포츠,1
8930e1c245bffff,음식,3
8930e1c2463ffff,과학·기술,5
8930e1c2463ffff,교육,22
8930e1c2463ffff,부동산,3
8930e1c2463ffff,소매,13
8930e1c2463ffff,수리·개인,13
8930e1c2463ffff,시설관리·임대,1
8930e1c2463ffff,예술·스포츠,9
8930e1c2463ffff,음식,28
8930e1c2467ffff,과학·기술,4
8930e1c2467ffff,교육,30
8930e1c2467ffff,보건의료,7
8930e1c2467ffff,부동산,5
8930e1c2467ffff,소매,16
8930e1c2467ffff,수리·개인,15
8930e1c2467ffff,시설관리·임대,1
8930e1c2467ffff,예술·스포츠,3
8930e1c2467ffff,음식,14
8930e1c246bffff,과학·기술,1
8930e1c246bffff,교육,8
8930e1c246bffff,부동산,1
8930e1c246bffff,소매,1
8930e1c246bffff,수리·개인,2
8930e1c246bffff,예술·스포츠,2
8930e1c246bffff,음식,1
8930e1c246fffff,과학·기술,1
8930e1c246fffff,교육,3
8930e1c246fffff,부동산,2
8930e1c246fffff,소매,4
8930e1c246fffff,수리·개인,4
8930e1c246fffff,음식,3
8930e1c2473ffff,과학·기술,4
8930e1c2473ffff,교육,4
8930e1c2473ffff,부동산,2
8930e1c2473ffff,소매,6
8930e1c2473ffff,수리·개인,3
8930e1c2473ffff,음식,3
8930e1c2477ffff,과학·기술,3
8930e1c2477ffff,교육,14
8930e1c2477ffff,보건의료,2
8930e1c2477ffff,부동산,6
8930e1c2477ffff,소매,16
8930e1c2477ffff,수리·개인,7
8930e1c2477ffff,예술·스포츠,2
8930e1c2477ffff,음식,4
8930e1c247bffff,음식,2
8930e1c24afffff,과학·기술,1
8930e1c24afffff,교육,1
8930e1c24afffff,소매,5
8930e1c24c7ffff,소매,1
8930e1c24c7ffff,음식,3
8930e1c24cbffff,음식,2
8930e1c24d3ffff,과학·기술,1
8930e1c24d3ffff,음식,1
8930e1c24dbffff,과학·기술,1
8930e1c24dbffff,소매,6
8930e1c24dbffff,수리·개인,2
8930e1c24dbffff,숙박,1
8930e1c24dbffff,예술·스포츠,3
8930e1c24dbffff,음식,18
8930e1c2503ffff,과학·기술,8
8930e1c2503ffff,교육,1
8930e1c2503ffff,보건의료,6
8930e1c2503ffff,부동산,4
8930e1c2503ffff,소매,29
8930e1c2503ffff,수리·개인,18
8930e1c2503ffff,숙박,2
8930e1c2503ffff,시설관리·임대,2
8930e1c2503ffff,예술·스포츠,9
8930e1c2503ffff,음식,52
8930e1c2507ffff,과학·기술,11
8930e1c2507ffff,교육,1
8930e1c2507ffff,보건의료,4
8930e1c2507ffff,부동산,5
8930e1c2507ffff,소매,25
8930e1c2507ffff,수리·개인,15
8930e1c2507ffff,숙박,4
8930e1c2507ffff,시설관리·임대,1
8930e1c2507ffff,예술·스포츠,8
8930e1c2507ffff,음식,33
8930e1c250bffff,과학·기술,4
8930e1c250bffff,교육,5
8930e1c250bffff,보건의료,6
8930e1c250bffff,부동산,6
8930e1c250bffff,소매,22
8930e1c250bffff,수리·개인,9
8930e1c250bffff,숙박,2
8930e1c250bffff,시설관리·임대,9
8930e1c250bffff,예술·스포츠,9
8930e1c250bffff,음식,28
8930e1c250fffff,과학·기술,18
8930e1c250fffff,교육,15
8930e1c250fffff,보건의료,7
8930e1c250fffff,부동산,7
8930e1c250fffff,소매,26
8930e1c250fffff,수리·개인,20
8930e1c250fffff,숙박,1
8930e1c250fffff,시설관리·임대,5
8930e1c250fffff,예술·스포츠,6
8930e1c250fffff,음식,78
8930e1c2513ffff,과학·기술,4
8930e1c2513ffff,부동산,1
8930e1c2513ffff,소매,4
8930e1c2513ffff,수리·개인,1
8930e1c2513ffff,시설관리·임대,1
8930e1c2517ffff,과학·기술,8
8930e1c2517ffff,교육,6
8930e1c2517ffff,보건의료,2
8930e1c2517ffff,부동산,8
8930e1c2517ffff,소매,25
8930e1c2517ffff,수리·개인,12
8930e1c2517ffff,숙박,3
8930e1c2517ffff,시설관리·임대,7
8930e1c2517ffff,예술·스포츠,4
8930e1c2517ffff,음식,28
8930e1c251bffff,과학·기술,8
8930e1c251bffff,교육,8
8930e1c251bffff,보건의료,3
8930e1c251bffff,부동산,9
8930e1c251bffff,소매,47
8930e1c251bffff,수리·개인,25
8930e1c251bffff,시설관리·임대,8
8930e1c251bffff,예술·스포츠,5
8930e1c251bffff,음식,42
8930e1c2523ffff,과학·기술,1
8930e1c2523ffff,교육,1
8930e1c2523ffff,부동산,2
8930e1c2523ffff,소매,1
8930e1c2523ffff,수리·개인,3
8930e1c2523ffff,음식,2
8930e1c2527ffff,과학·기술,5
8930e1c2527ffff,교육,6
8930e1c2527ffff,보건의료,1
8930e1c2527ffff,부동산,3
8930e1c2527ffff,소매,11
8930e1c2527ffff,수리·개인,12
8930e1c2527ffff,시설관리·임대,2
8930e1c2527ffff,예술·스포츠,4
8930e1c2527ffff,음식,13
8930e1c252fffff,과학·기술,1
8930e1c252fffff,교육,3
8930e1c252fffff,보건의료,3
8930e1c252fffff,부동산,1
8930e1c252fffff,소매,6
8930e1c252fffff,수리·개인,1
8930e1c252fffff,예술·스포츠,6
8930e1c252fffff,음식,3
8930e1c2533ffff,과학·기술,2
8930e1c2533ffff,부동산,2
8930e1c2533ffff,소매,5
8930e1c2533ffff,수리·개인,4
8930e1c2533ffff,시설관리·임대,2
8930e1c2533ffff,음식,8
8930e1c2537ffff,과학·기술,4
8930e1c2537ffff,교육,5
8930e1c2537ffff,부동산,2
8930e1c2537ffff,소매,11
8930e1c2537ffff,수리·개인,7
8930e1c2537ffff,시설관리·임대,2
8930e1c2537ffff,예술·스포츠,2
8930e1c2537ffff,음식,7
8930e1c253bffff,과학·기술,13
8930e1c253bffff,교육,8
8930e1c253bffff,보건의료,5
8930e1c253bffff,부동산,4
8930e1c253bffff,소매,14
8930e1c253bffff,수리·개인,9
8930e1c253bffff,시설관리·임대,3
8930e1c253bffff,예술·스포츠,4
8930e1c253bffff,음식,17
8930e1c2543ffff,과학·기술,3
8930e1c2543ffff,교육,3
8930e1c2543ffff,부동산,9
8930e1c2543ffff,소매,27
8930e1c2543ffff,수리·개인,17
8930e1c2543ffff,시설관리·임대,5
8930e1c2543ffff,예술·스포츠,8
8930e1c2543ffff,음식,36
8930e1c2547ffff,과학·기술,12
8930e1c2547ffff,교육,6
8930e1c2547ffff,보건의료,22
8930e1c2547ffff,부동산,6
8930e1c2547ffff,소매,78
8930e1c2547ffff,수리·개인,34
8930e1c2547ffff,시설관리·임대,7
8930e1c2547ffff,예술·스포츠,20
8930e1c2547ffff,음식,80
8930e1c254bffff,과학·기술,5
8930e1c254bffff,교육,5
8930e1c254bffff,부동산,1
8930e1c254bffff,소매,15
8930e1c254bffff,수리·개인,9
8930e1c254bffff,시설관리·임대,3
8930e1c254bffff,예술·스포츠,3
8930e1c254bffff,음식,20
8930e1c254fffff,과학·기술,6
8930e1c254fffff,교육,3
8930e1c254fffff,보건의료,3
8930e1c254fffff,부동산,3
8930e1c254fffff,소매,17
8930e1c254fffff,수리·개인,8
8930e1c254fffff,시설관리·임대,6
8930e1c254fffff,예술·스포츠,7
8930e1c254fffff,음식,21
8930e1c2553ffff,과학·기술,10
8930e1c2553ffff,교육,3
8930e1c2553ffff,보건의료,3
8930e1c2553ffff,부동산,7
8930e1c2553ffff,소매,65
8930e1c2553ffff,수리·개인,25
8930e1c2553ffff,시설관리·임대,2
8930e1c2553ffff,예술·스포츠,5
8930e1c2553ffff,음식,50
8930e1c2557ffff,과학·기술,11
8930e1c2557ffff,교육,5
8930e1c2557ffff,보건의료,2
8930e1c2557ffff,부동산,8
8930e1c2557ffff,소매,25
8930e1c2557ffff,수리·개인,24
8930e1c2557ffff,시설관리·임대,1
8930e1c2557ffff,예술·스포츠,10
8930e1c2557ffff,음식,38
8930e1c255bffff,과학·기술,12
8930e1c255bffff,교육,3
8930e1c255bffff,보건의료,6
8930e1c255bffff,부동산,4
8930e1c255bffff,소매,27
8930e1c255bffff,수리·개인,14
8930e1c255bffff,숙박,2
8930e1c255bffff,시설관리·임대,1
8930e1c255bffff,예술·스포츠,21
8930e1c255bffff,음식,47
8930e1c2563ffff,과학·기술,1
8930e1c2563ffff,교육,12
8930e1c2563ffff,보건의료,1
8930e1c2563ffff,부동산,3
8930e1c2563ffff,소매,2
8930e1c2563ffff,수리·개인,3
8930e1c2563ffff,예술·스포츠,3
8930e1c256bffff,과학·기술,2
8930e1c256bffff,교육,8
8930e1c256bffff,보건의료,1
8930e1c256bffff,부동산,3
8930e1c256bffff,소매,10
8930e1c256bffff,수리·개인,8
8930e1c256bffff,시설관리·임대,1
8930e1c256bffff,예술·스포츠,1
8930e1c256bffff,음식,6
8930e1c256fffff,과학·기술,1
8930e1c256fffff,소매,1
8930e1c256fffff,수리·개인,3
8930e1c2573ffff,과학·기술,3
8930e1c2573ffff,교육,6
8930e1c2573ffff,보건의료,4
8930e1c2573ffff,부동산,4
8930e1c2573ffff,소매,20
8930e1c2573ffff,수리·개인,8
8930e1c2573ffff,예술·스포츠,7
8930e1c2573ffff,음식,53
8930e1c2577ffff,과학·기술,2
8930e1c2577ffff,교육,25
8930e1c2577ffff,보건의료,8
8930e1c2577ffff,부동산,2
8930e1c2577ffff,소매,16
8930e1c2577ffff,수리·개인,16
8930e1c2577ffff,시설관리·임대,1
8930e1c2577ffff,예술·스포츠,6
8930e1c2577ffff,음식,12
8930e1c257bffff,과학·기술,2
8930e1c257bffff,부동산,1
8930e1c257bffff,소매,31
8930e1c257bffff,수리·개인,5
8930e1c257bffff,시설관리·임대,3
8930e1c257bffff,예술·스포츠,2
8930e1c257bffff,음식,4
8930e1c2583ffff,음식,1
8930e1c2587ffff,소매,3
8930e1c2587ffff,시설관리·임대,1
8930e1c2587ffff,예술·스포츠,1
8930e1c2587ffff,음식,1
8930e1c258fffff,음식,1
8930e1c2593ffff,과학·기술,1
8930e1c2593ffff,교육,1
8930e1c2593ffff,수리·개인,2
8930e1c2593ffff,시설관리·임대,1
8930e1c2593ffff,음식,2
8930e1c2597ffff,과학·기술,2
8930e1c2597ffff,시설관리·임대,1
8930e1c259bffff,음식,1
8930e1c25a3ffff,과학·기술,50
8930e1c25a3ffff,소매,9
8930e1c25a3ffff,수리·개인,1
8930e1c25a3ffff,예술·스포츠,3
8930e1c25a3ffff,음식,16
8930e1c25a7ffff,과학·기술,27
8930e1c25a7ffff,소매,7
8930e1c25a7ffff,수리·개인,1
8930e1c25a7ffff,시설관리·임대,2
8930e1c25a7ffff,음식,5
8930e1c25abffff,과학·기술,11
8930e1c25abffff,교육,1
8930e1c25abffff,부동산,1
8930e1c25abffff,소매,13
8930e1c25abffff,수리·개인,6
8930e1c25abffff,숙박,1
8930e1c25abffff,시설관리·임대,7
8930e1c25abffff,예술·스포츠,5
8930e1c25abffff,음식,32
8930e1c25afffff,과학·기술,35
8930e1c25afffff,교육,4
8930e1c25afffff,부동산,4
8930e1c25afffff,소매,15
8930e1c25afffff,수리·개인,15
8930e1c25afffff,숙박,1
8930e1c25afffff,시설관리·임대,6
8930e1c25afffff,예술·스포츠,3
8930e1c25afffff,음식,15
8930e1c25b3ffff,과학·기술,6
8930e1c25b3ffff,교육,5
8930e1c25b3ffff,부동산,3
8930e1c25b3ffff,소매,14
8930e1c25b3ffff,수리·개인,9
8930e1c25b3ffff,숙박,1
8930e1c25b3ffff,시설관리·임대,2
8930e1c25b3ffff,예술·스포츠,1
8930e1c25b3ffff,음식,5
8930e1c25b7ffff,과학·기술,8
8930e1c25b7ffff,교육,4
8930e1c25b7ffff,보건의료,2
8930e1c25b7ffff,부동산,4
8930e1c25b7ffff,소매,26
8930e1c25b7ffff,수리·개인,6
8930e1c25b7ffff,숙박,1
8930e1c25b7ffff,시설관리·임대,9
8930e1c25b7ffff,음식,8
8930e1c25bbffff,과학·기술,6
8930e1c25bbffff,교육,2
8930e1c25bbffff,보건의료,2
8930e1c25bbffff,부동산,6
8930e1c25bbffff,소매,25
8930e1c25bbffff,수리·개인,18
8930e1c25bbffff,숙박,1
8930e1c25bbffff,시설관리·임대,5
8930e1c25bbffff,예술·스포츠,6
8930e1c25bbffff,음식,33
8930e1c25c3ffff,과학·기술,1
8930e1c25c3ffff,부동산,1
8930e1c25cbffff,과학·기술,3
8930e1c25cbffff,교육,6
8930e1c25cbffff,보건의료,1
8930e1c25cbffff,부동산,5
8930e1c25cbffff,소매,34
8930e1c25cbffff,수리·개인,24
8930e1c25cbffff,시설관리·임대,5
8930e1c25cbffff,예술·스포츠,3
8930e1c25cbffff,음식,33
8930e1c25cfffff,과학·기술,6
8930e1c25cfffff,교육,1
8930e1c25cfffff,소매,10
8930e1c25cfffff,수리·개인,6
8930e1c25cfffff,시설관리·임대,4
8930e1c25dbffff,과학·기술,3
8930e1c25dbffff,교육,1
8930e1c25dbffff,보건의료,1
8930e1c25dbffff,소매,6
8930e1c25dbffff,수리·개인,7
8930e1c25dbffff,시설관리·임대,4
8930e1c25dbffff,예술·스포츠,1
8930e1c25dbffff,음식,1
8930e1c2603ffff,과학·기술,9
8930e1c2603ffff,교육,14
8930e1c2603ffff,보건의료,15
8930e1c2603ffff,부동산,7
8930e1c2603ffff,소매,34
8930e1c2603ffff,수리·개인,19
8930e1c2603ffff,시설관리·임대,3
8930e1c2603ffff,예술·스포츠,13
8930e1c2603ffff,음식,57
8930e1c2607ffff,과학·기술,7
8930e1c2607ffff,교육,5
8930e1c2607ffff,보건의료,2
8930e1c2607ffff,부동산,3
8930e1c2607ffff,소매,19
8930e1c2607ffff,수리·개인,13
8930e1c2607ffff,시설관리·임대,6
8930e1c2607ffff,예술·스포츠,1
8930e1c2607ffff,음식,27
8930e1c260bffff,과학·기술,18
8930e1c260bffff,교육,7
8930e1c260bffff,보건의료,2
8930e1c260bffff,부동산,5
8930e1c260bffff,소매,43
8930e1c260bffff,수리·개인,25
8930e1c260bffff,숙박,2
8930e1c260bffff,시설관리·임대,8
8930e1c260bffff,예술·스포츠,7
8930e1c260bffff,음식,67
8930e1c260fffff,과학·기술,11
8930e1c260fffff,교육,8
8930e1c260fffff,보건의료,7
8930e1c260fffff,부동산,7
8930e1c260fffff,소매,64
8930e1c260fffff,수리·개인,25
8930e1c260fffff,숙박,5
8930e1c260fffff,시설관리·임대,9
8930e1c260fffff,예술·스포츠,23
8930e1c260fffff,음식,83
8930e1c2613ffff,과학·기술,7
8930e1c2613ffff,교육,10
8930e1c2613ffff,보건의료,4
8930e1c2613ffff,부동산,6
8930e1c2613ffff,소매,58
8930e1c2613ffff,수리·개인,26
8930e1c2613ffff,시설관리·임대,3
8930e1c2613ffff,예술·스포츠,9
8930e1c2613ffff,음식,43
8930e1c2617ffff,과학·기술,8
8930e1c2617ffff,교육,4
8930e1c2617ffff,부동산,2
8930e1c2617ffff,소매,21
8930e1c2617ffff,수리·개인,14
8930e1c2617ffff,시설관리·임대,4
8930e1c2617ffff,음식,14
8930e1c261bffff,과학·기술,3
8930e1c261bffff,교육,11
8930e1c261bffff,부동산,7
8930e1c261bffff,소매,5
8930e1c261bffff,수리·개인,4
8930e1c261bffff,시설관리·임대,7
8930e1c261bffff,음식,4
8930e1c2623ffff,과학·기술,3
8930e1c2623ffff,교육,4
8930e1c2623ffff,소매,14
8930e1c2623ffff,수리·개인,6
8930e1c2623ffff,숙박,1
8930e1c2623ffff,시설관리·임대,2
8930e1c2623ffff,예술·스포츠,4
8930e1c2623ffff,음식,16
8930e1c2627ffff,과학·기술,2
8930e1c2627ffff,교육,4
8930e1c2627ffff,보건의료,3
8930e1c2627ffff,부동산,6
8930e1c2627ffff,소매,20
8930e1c2627ffff,수리·개인,18
8930e1c2627ffff,숙박,4
8930e1c2627ffff,시설관리·임대,3
8930e1c2627ffff,예술·스포츠,5
8930e1c2627ffff,음식,52
8930e1c262bffff,과학·기술,12
8930e1c262bffff,교육,6
8930e1c262bffff,보건의료,8
8930e1c262bffff,부동산,10
8930e1c262bffff,소매,59
8930e1c262bffff,수리·개인,25
8930e1c262bffff,숙박,4
8930e1c262bffff,시설관리·임대,3
8930e1c262bffff,예술·스포츠,26
8930e1c262bffff,음식,99
8930e1c262fffff,과학·기술,1
8930e1c262fffff,교육,4
8930e1c262fffff,부동산,3
8930e1c262fffff,소매,7
8930e1c262fffff,수리·개인,3
8930e1c262fffff,음식,4
8930e1c2633ffff,과학·기술,2
8930e1c2633ffff,교육,1
8930e1c2633ffff,소매,6
8930e1c2633ffff,수리·개인,3
8930e1c2633ffff,시설관리·임대,1
8930e1c2633ffff,음식,3
8930e1c2637ffff,과학·기술,3
8930e1c2637ffff,교육,8
8930e1c2637ffff,보건의료,1
8930e1c2637ffff,부동산,7
8930e1c2637ffff,소매,14
8930e1c2637ffff,수리·개인,17
8930e1c2637ffff,예술·스포츠,2
8930e1c2637ffff,음식,20
8930e1c263bffff,과학·기술,9
8930e1c263bffff,보건의료,1
8930e1c263bffff,부동산,7
8930e1c263bffff,소매,38
8930e1c263bffff,수리·개인,21
8930e1c263bffff,시설관리·임대,2
8930e1c263bffff,예술·스포츠,2
8930e1c263bffff,음식,57
8930e1c2643ffff,과학·기술,4
8930e1c2643ffff,부동산,1
8930e1c2643ffff,소매,10
8930e1c2643ffff,수리·개인,8
8930e1c2643ffff,시설관리·임대,1
8930e1c2643ffff,예술·스포츠,2
8930e1c2643ffff,음식,14
8930e1c2647ffff,과학·기술,9
8930e1c2647ffff,교육,4
8930e1c2647ffff,부동산,11
8930e1c2647ffff,소매,32
8930e1c2647ffff,수리·개인,27
8930e1c2647ffff,숙박,3
8930e1c2647ffff,시설관리·임대,9
8930e1c2647ffff,예술·스포츠,9
8930e1c2647ffff,음식,44
8930e1c264bffff,과학·기술,8
8930e1c264bffff,교육,1
8930e1c264bffff,보건의료,9
8930e1c264bffff,부동산,2
8930e1c264bffff,소매,29
8930e1c264bffff,수리·개인,11
8930e1c264bffff,시설관리·임대,3
8930e1c264bffff,예술·스포츠,8
8930e1c264bffff,음식,31
8930e1c264fffff,과학·기술,9
8930e1c264fffff,교육,5
8930e1c264fffff,보건의료,9
8930e1c264fffff,부동산,11
8930e1c264fffff,소매,29
8930e1c264fffff,수리·개인,20
8930e1c264fffff,숙박,8
8930e1c264fffff,시설관리·임대,7
8930e1c264fffff,예술·스포츠,9
8930e1c264fffff,음식,59
8930e1c2653ffff,과학·기술,2
8930e1c2653ffff,교육,12
8930e1c2653ffff,부동산,1
8930e1c2653ffff,소매,8
8930e1c2653ffff,수리·개인,10
8930e1c2653ffff,시설관리·임대,2
8930e1c2653ffff,음식,7
8930e1c2657ffff,과학·기술,9
8930e1c2657ffff,교육,7
8930e1c2657ffff,보건의료,1
8930e1c2657ffff,부동산,4
8930e1c2657ffff,소매,27
8930e1c2657ffff,수리·개인,26
8930e1c2657ffff,숙박,1
8930e1c2657ffff,시설관리·임대,7
8930e1c2657ffff,음식,21
8930e1c265bffff,과학·기술,7
8930e1c265bffff,교육,3
8930e1c265bffff,부동산,6
8930e1c265bffff,소매,30
8930e1c265bffff,수리·개인,20
8930e1c265bffff,시설관리·임대,4
8930e1c265bffff,예술·스포츠,2
8930e1c265bffff,음식,22
8930e1c2663ffff,과학·기술,17
8930e1c2663ffff,교육,6
8930e1c2663ffff,보건의료,23
8930e1c2663ffff,부동산,9
8930e1c2663ffff,소매,55
8930e1c2663ffff,수리·개인,53
8930e1c2663ffff,숙박,14
8930e1c2663ffff,시설관리·임대,8
8930e1c2663ffff,예술·스포츠,19
8930e1c2663ffff,음식,106
8930e1c2667ffff,과학·기술,22
8930e1c2667ffff,교육,2
8930e1c2667ffff,보건의료,3
8930e1c2667ffff,부동산,7
8930e1c2667ffff,소매,21
8930e1c2667ffff,수리·개인,21
8930e1c2667ffff,숙박,2
8930e1c2667ffff,시설관리·임대,4
8930e1c2667ffff,예술·스포츠,10
8930e1c2667ffff,음식,34
8930e1c266bffff,과학·기술,16
8930e1c266bffff,교육,3
8930e1c266bffff,부동산,7
8930e1c266bffff,소매,22
8930e1c266bffff,수리·개인,20
8930e1c266bffff,숙박,3
8930e1c266bffff,시설관리·임대,7
8930e1c266bffff,예술·스포츠,4
8930e1c266bffff,음식,34
8930e1c266fffff,과학·기술,7
8930e1c266fffff,교육,8
8930e1c266fffff,보건의료,2
8930e1c266fffff,부동산,8
8930e1c266fffff,소매,47
8930e1c266fffff,수리·개인,33
8930e1c266fffff,숙박,1
8930e1c266fffff,시설관리·임대,1
8930e1c266fffff,예술·스포츠,6
8930e1c266fffff,음식,41
8930e1c2673ffff,과학·기술,23
8930e1c2673ffff,교육,8
8930e1c2673ffff,보건의료,10
8930e1c2673ffff,부동산,10
8930e1c2673ffff,소매,37
8930e1c2673ffff,수리·개인,42
8930e1c2673ffff,숙박,10
8930e1c2673ffff,시설관리·임대,6
8930e1c2673ffff,예술·스포츠,47
8930e1c2673ffff,음식,248
8930e1c2677ffff,과학·기술,42
8930e1c2677ffff,교육,7
8930e1c2677ffff,보건의료,19
8930e1c2677ffff,부동산,14
8930e1c2677ffff,소매,50
8930e1c2677ffff,수리·개인,30
8930e1c2677ffff,숙박,12
8930e1c2677ffff,시설관리·임대,13
8930e1c2677ffff,예술·스포츠,64
8930e1c2677ffff,음식,133
8930e1c267bffff,과학·기술,92
8930e1c267bffff,교육,16
8930e1c267bffff,보건의료,41
8930e1c267bffff,부동산,14
8930e1c267bffff,소매,77
8930e1c267bffff,수리·개인,51
8930e1c267bffff,숙박,10
8930e1c267bffff,시설관리·임대,37
8930e1c267bffff,예술·스포츠,19
8930e1c267bffff,음식,84
8930e1c2687ffff,소매,1
8930e1c268bffff,과학·기술,8
8930e1c268bffff,교육,3
8930e1c268bffff,보건의료,1
8930e1c268bffff,부동산,2
8930e1c268bffff,소매,22
8930e1c268bffff,수리·개인,18
8930e1c268bffff,숙박,2
8930e1c268bffff,시설관리·임대,2
8930e1c268bffff,예술·스포츠,2
8930e1c268bffff,음식,24
8930e1c268fffff,과학·기술,4
8930e1c268fffff,교육,4
8930e1c268fffff,부동산,1
8930e1c268fffff,소매,11
8930e1c268fffff,수리·개인,6
8930e1c268fffff,음식,2
8930e1c2693ffff,과학·기술,5
8930e1c2693ffff,교육,4
8930e1c2693ffff,소매,13
8930e1c2693ffff,수리·개인,2
8930e1c2693ffff,숙박,1
8930e1c2693ffff,시설관리·임대,4
8930e1c2693ffff,음식,22
8930e1c2697ffff,과학·기술,1
8930e1c2697ffff,소매,3
8930e1c269bffff,과학·기술,6
8930e1c269bffff,교육,2
8930e1c269bffff,보건의료,8
8930e1c269bffff,부동산,7
8930e1c269bffff,소매,24
8930e1c269bffff,수리·개인,8
8930e1c269bffff,예술·스포츠,11
8930e1c269bffff,음식,47
8930e1c26a3ffff,과학·기술,7
8930e1c26a3ffff,교육,11
8930e1c26a3ffff,보건의료,4
8930e1c26a3ffff,부동산,5
8930e1c26a3ffff,소매,20
8930e1c26a3ffff,수리·개인,18
8930e1c26a3ffff,시설관리·임대,1
8930e1c26a3ffff,예술·스포츠,6
8930e1c26a3ffff,음식,18
8930e1c26a7ffff,과학·기술,3
8930e1c26a7ffff,교육,9
8930e1c26a7ffff,부동산,3
8930e1c26a7ffff,소매,2
8930e1c26a7ffff,수리·개인,2
8930e1c26a7ffff,음식,3
8930e1c26abffff,과학·기술,4
8930e1c26abffff,교육,6
8930e1c26abffff,보건의료,2
8930e1c26abffff,부동산,2
8930e1c26abffff,소매,12
8930e1c26abffff,수리·개인,10
8930e1c26abffff,예술·스포츠,3
8930e1c26abffff,음식,16
8930e1c26afffff,과학·기술,3
8930e1c26afffff,교육,6
8930e1c26afffff,부동산,4
8930e1c26afffff,소매,7
8930e1c26afffff,수리·개인,3
8930e1c26afffff,시설관리·임대,2
8930e1c26afffff,예술·스포츠,2
8930e1c26afffff,음식,8
8930e1c26b3ffff,과학·기술,4
8930e1c26b3ffff,소매,7
8930e1c26b3ffff,수리·개인,2
8930e1c26b3ffff,시설관리·임대,1
8930e1c26b7ffff,시설관리·임대,1
8930e1c26bbffff,과학·기술,6
8930e1c26bbffff,교육,1
8930e1c26bbffff,부동산,2
8930e1c26bbffff,소매,9
8930e1c26bbffff,수리·개인,4
8930e1c26bbffff,시설관리·임대,1
8930e1c26bbffff,음식,7
8930e1c26c3ffff,과학·기술,3
8930e1c26c3ffff,교육,2
8930e1c26c3ffff,부동산,4
8930e1c26c3ffff,소매,44
8930e1c26c3ffff,수리·개인,16
8930e1c26c3ffff,시설관리·임대,1
8930e1c26c3ffff,음식,8
8930e1c26c7ffff,과학·기술,8
8930e1c26c7ffff,교육,11
8930e1c26c7ffff,보건의료,4
8930e1c26c7ffff,부동산,5
8930e1c26c7ffff,소매,29
8930e1c26c7ffff,수리·개인,26
8930e1c26c7ffff,숙박,2
8930e1c26c7ffff,시설관리·임대,3
8930e1c26c7ffff,예술·스포츠,12
8930e1c26c7ffff,음식,18
8930e1c26cbffff,과학·기술,6
8930e1c26cbffff,교육,8
8930e1c26cbffff,보건의료,1
8930e1c26cbffff,부동산,1
8930e1c26cbffff,소매,13
8930e1c26cbffff,수리·개인,9
8930e1c26cbffff,시설관리·임대,3
8930e1c26cbffff,예술·스포츠,2
8930e1c26cbffff,음식,23
8930e1c26cfffff,과학·기술,6
8930e1c26cfffff,교육,15
8930e1c26cfffff,보건의료,11
8930e1c26cfffff,부동산,3
8930e1c26cfffff,소매,29
8930e1c26cfffff,수리·개인,12
8930e1c26cfffff,시설관리·임대,3
8930e1c26cfffff,예술·스포츠,22
8930e1c26cfffff,음식,40
8930e1c26d3ffff,과학·기술,4
8930e1c26d3ffff,교육,5
8930e1c26d3ffff,보건의료,2
8930e1c26d3ffff,부동산,4
8930e1c26d3ffff,소매,23
8930e1c26d3ffff,수리·개인,16
8930e1c26d3ffff,예술·스포츠,3
8930e1c26d3ffff,음식,16
8930e1c26d7ffff,과학·기술,4
8930e1c26d7ffff,교육,1
8930e1c26d7ffff,보건의료,3
8930e1c26d7ffff,부동산,1
8930e1c26d7ffff,소매,28
8930e1c26d7ffff,수리·개인,13
8930e1c26d7ffff,숙박,2
8930e1c26d7ffff,시설관리·임대,4
8930e1c26d7ffff,예술·스포츠,5
8930e1c26d7ffff,음식,13
8930e1c26dbffff,과학·기술,5
8930e1c26dbffff,교육,10
8930e1c26dbffff,부동산,1
8930e1c26dbffff,소매,10
8930e1c26dbffff,수리·개인,4
8930e1c26dbffff,시설관리·임대,1
8930e1c26dbffff,음식,5
8930e1c2a23ffff,소매,2
8930e1c2a43ffff,교육,3
8930e1c2a43ffff,소매,7
8930e1c2a43ffff,시설관리·임대,1
8930e1c2a43ffff,음식,16
8930e1c2a4bffff,과학·기술,1
8930e1c2a4bffff,교육,1
8930e1c2a4bffff,소매,1
8930e1c2a4fffff,음식,3
8930e1c2a5bffff,과학·기술,1
8930e1c2a5bffff,교육,6
8930e1c2a5bffff,부동산,2
8930e1c2a6fffff,소매,2
8930e1c2a6fffff,예술·스포츠,1
8930e1c2a6fffff,음식,7
8930e1c2a73ffff,교육,2
8930e1c2a73ffff,소매,1
8930e1c2a73ffff,음식,1
8930e1c2ac3ffff,소매,1
8930e1c2ac3ffff,음식,1
8930e1c2b53ffff,소매,1
8930e1c2b57ffff,소매,5
8930e1c2bc7ffff,과학·기술,4
8930e1c2bc7ffff,교육,5
8930e1c2bc7ffff,소매,7
8930e1c2bc7ffff,시설관리·임대,1
8930e1c2bc7ffff,예술·스포츠,1
8930e1c2bc7ffff,음식,5
8930e1c2c03ffff,과학·기술,4
8930e1c2c03ffff,교육,16
8930e1c2c03ffff,보건의료,6
8930e1c2c03ffff,부동산,4
8930e1c2c03ffff,소매,25
8930e1c2c03ffff,수리·개인,15
8930e1c2c03ffff,숙박,1
8930e1c2c03ffff,시설관리·임대,7
8930e1c2c03ffff,예술·스포츠,8
8930e1c2c03ffff,음식,26
8930e1c2c07ffff,과학·기술,7
8930e1c2c07ffff,교육,6
8930e1c2c07ffff,부동산,1
8930e1c2c07ffff,소매,6
8930e1c2c07ffff,수리·개인,5
8930e1c2c07ffff,시설관리·임대,3
8930e1c2c07ffff,음식,1
8930e1c2c13ffff,과학·기술,2
8930e1c2c13ffff,교육,1
8930e1c2c13ffff,소매,2
8930e1c2c13ffff,수리·개인,1
8930e1c2c13ffff,시설관리·임대,2
8930e1c2c13ffff,음식,2
8930e1c2c17ffff,과학·기술,5
8930e1c2c17ffff,교육,7
8930e1c2c17ffff,보건의료,3
8930e1c2c17ffff,부동산,10
8930e1c2c17ffff,소매,45
8930e1c2c17ffff,수리·개인,16
8930e1c2c17ffff,숙박,1
8930e1c2c17ffff,시설관리·임대,8
8930e1c2c17ffff,예술·스포츠,13
8930e1c2c17ffff,음식,59
8930e1c2c1bffff,과학·기술,2
8930e1c2c1bffff,교육,2
8930e1c2c1bffff,부동산,3
8930e1c2c1bffff,소매,15
8930e1c2c1bffff,수리·개인,2
8930e1c2c1bffff,시설관리·임대,4
8930e1c2c1bffff,예술·스포츠,3
8930e1c2c1bffff,음식,17
8930e1c2c37ffff,과학·기술,1
8930e1c2c43ffff,과학·기술,11
8930e1c2c43ffff,교육,10
8930e1c2c43ffff,보건의료,6
8930e1c2c43ffff,부동산,3
8930e1c2c43ffff,소매,16
8930e1c2c43ffff,수리·개인,23
8930e1c2c43ffff,숙박,3
8930e1c2c43ffff,시설관리·임대,13
8930e1c2c43ffff,예술·스포츠,31
8930e1c2c43ffff,음식,51
8930e1c2c47ffff,교육,5
8930e1c2c47ffff,부동산,1
8930e1c2c47ffff,소매,2
8930e1c2c47ffff,수리·개인,1
8930e1c2c47ffff,음식,2
8930e1c2c4bffff,교육,21
8930e1c2c4bffff,보건의료,8
8930e1c2c4bffff,부동산,4
8930e1c2c4bffff,소매,18
8930e1c2c4bffff,수리·개인,10
8930e1c2c4bffff,시설관리·임대,2
8930e1c2c4bffff,예술·스포츠,12
8930e1c2c4bffff,음식,19
8930e1c2c4fffff,과학·기술,3
8930e1c2c4fffff,교육,2
8930e1c2c4fffff,부동산,5
8930e1c2c4fffff,소매,5
8930e1c2c4fffff,수리·개인,5
8930e1c2c4fffff,음식,2
8930e1c2c53ffff,과학·기술,15
8930e1c2c53ffff,교육,19
8930e1c2c53ffff,보건의료,3
8930e1c2c53ffff,부동산,15
8930e1c2c53ffff,소매,73
8930e1c2c53ffff,수리·개인,41
8930e1c2c53ffff,숙박,2
8930e1c2c53ffff,시설관리·임대,10
8930e1c2c53ffff,예술·스포츠,19
8930e1c2c53ffff,음식,99
8930e1c2c57ffff,과학·기술,4
8930e1c2c57ffff,교육,9
8930e1c2c57ffff,보건의료,5
8930e1c2c57ffff,부동산,4
8930e1c2c57ffff,소매,11
8930e1c2c57ffff,수리·개인,12
8930e1c2c57ffff,예술·스포츠,2
8930e1c2c57ffff,음식,17
8930e1c2c5bffff,과학·기술,2
8930e1c2c5bffff,교육,11
8930e1c2c5bffff,보건의료,9
8930e1c2c5bffff,부동산,3
8930e1c2c5bffff,소매,54
8930e1c2c5bffff,수리·개인,22
8930e1c2c5bffff,숙박,1
8930e1c2c5bffff,시설관리·임대,4
8930e1c2c5bffff,예술·스포츠,16
8930e1c2c5bffff,음식,70
8930e1c2c73ffff,교육,1
8930e1c2c73ffff,소매,1
8930e1c2c8fffff,부동산,1
8930e1c2c8fffff,소매,4
8930e1c2c8fffff,수리·개인,2
8930e1c2c8fffff,음식,3
8930e1c2ca3ffff,과학·기술,32
8930e1c2ca3ffff,교육,7
8930e1c2ca3ffff,부동산,3
8930e1c2ca3ffff,소매,28
8930e1c2ca3ffff,수리·개인,7
8930e1c2ca3ffff,시설관리·임대,22
8930e1c2ca3ffff,예술·스포츠,1
8930e1c2ca3ffff,음식,2
8930e1c2ca7ffff,과학·기술,2
8930e1c2ca7ffff,소매,6
8930e1c2ca7ffff,수리·개인,2
8930e1c2ca7ffff,시설관리·임대,1
8930e1c2ca7ffff,음식,2
8930e1c2cabffff,과학·기술,4
8930e1c2cabffff,교육,4
8930e1c2cabffff,보건의료,7
8930e1c2cabffff,부동산,6
8930e1c2cabffff,소매,23
8930e1c2cabffff,수리·개인,11
8930e1c2cabffff,숙박,1
8930e1c2cabffff,시설관리·임대,3
8930e1c2cabffff,예술·스포츠,10
8930e1c2cabffff,음식,44
8930e1c2cafffff,과학·기술,2
8930e1c2cafffff,소매,3
8930e1c2cafffff,수리·개인,2
8930e1c2cbbffff,과학·기술,3
8930e1c2cbbffff,교육,1
8930e1c2cbbffff,보건의료,3
8930e1c2cbbffff,부동산,1
8930e1c2cbbffff,소매,12
8930e1c2cbbffff,수리·개인,3
8930e1c2cbbffff,시설관리·임대,1
8930e1c2cbbffff,예술·스포츠,3
8930e1c2cbbffff,음식,6
8930e1c2cc3ffff,과학·기술,7
8930e1c2cc3ffff,교육,3
8930e1c2cc3ffff,부동산,2
8930e1c2cc3ffff,소매,12
8930e1c2cc3ffff,수리·개인,8
8930e1c2cc3ffff,시설관리·임대,3
8930e1c2cc3ffff,음식,2
8930e1c2ccbffff,과학·기술,14
8930e1c2ccbffff,교육,1
8930e1c2ccbffff,부동산,2
8930e1c2ccbffff,소매,25
8930e1c2ccbffff,수리·개인,15
8930e1c2ccbffff,숙박,1
8930e1c2ccbffff,시설관리·임대,3
8930e1c2ccbffff,예술·스포츠,1
8930e1c2ccbffff,음식,15
8930e1c2ccfffff,과학·기술,6
8930e1c2ccfffff,교육,4
8930e1c2ccfffff,보건의료,1
8930e1c2ccfffff,부동산,8
8930e1c2ccfffff,소매,15
8930e1c2ccfffff,수리·개인,17
8930e1c2ccfffff,예술·스포츠,1
8930e1c2ccfffff,음식,14
8930e1c2cd3ffff,교육,1
8930e1c2cd3ffff,부동산,1
8930e1c2cd3ffff,소매,1
8930e1c2cd3ffff,수리·개인,4
8930e1c2cd3ffff,시설관리·임대,1
8930e1c2cd7ffff,음식,1
8930e1c2cdbffff,과학·기술,3
8930e1c2cdbffff,교육,14
8930e1c2cdbffff,보건의료,2
8930e1c2cdbffff,부동산,5
8930e1c2cdbffff,소매,17
8930e1c2cdbffff,수리·개인,9
8930e1c2cdbffff,시설관리·임대,3
8930e1c2cdbffff,예술·스포츠,1
8930e1c2cdbffff,음식,19
8930e1c2d9bffff,음식,1
8930e1c2e03ffff,과학·기술,2
8930e1c2e03ffff,교육,5
8930e1c2e03ffff,부동산,2
8930e1c2e03ffff,소매,2
8930e1c2e03ffff,수리·개인,3
8930e1c2e03ffff,음식,1
8930e1c2e07ffff,과학·기술,2
8930e1c2e07ffff,교육,5
8930e1c2e07ffff,부동산,3
8930e1c2e07ffff,소매,5
8930e1c2e07ffff,수리·개인,4
8930e1c2e07ffff,예술·스포츠,1
8930e1c2e07ffff,음식,9
8930e1c2e0bffff,음식,1
8930e1c2e0fffff,교육,1
8930e1c2e13ffff,과학·기술,6
8930e1c2e13ffff,교육,67
8930e1c2e13ffff,보건의료,4
8930e1c2e13ffff,부동산,1
8930e1c2e13ffff,소매,21
8930e1c2e13ffff,수리·개인,13
8930e1c2e13ffff,시설관리·임대,2
8930e1c2e13ffff,예술·스포츠,9
8930e1c2e13ffff,음식,29
8930e1c2e17ffff,과학·기술,9
8930e1c2e17ffff,교육,271
8930e1c2e17ffff,보건의료,29
8930e1c2e17ffff,부동산,9
8930e1c2e17ffff,소매,57
8930e1c2e17ffff,수리·개인,23
8930e1c2e17ffff,시설관리·임대,3
8930e1c2e17ffff,예술·스포츠,30
8930e1c2e17ffff,음식,102
8930e1c2e1bffff,교육,4
8930e1c2e1bffff,소매,2
8930e1c2e1bffff,수리·개인,1
8930e1c2e1bffff,음식,2
8930e1c2e23ffff,과학·기술,1
8930e1c2e23ffff,교육,2
8930e1c2e23ffff,소매,2
8930e1c2e23ffff,예술·스포츠,2
8930e1c2e23ffff,음식,4
8930e1c2e2bffff,과학·기술,1
8930e1c2e2bffff,교육,1
8930e1c2e2bffff,부동산,2
8930e1c2e2bffff,소매,5
8930e1c2e2bffff,수리·개인,2
8930e1c2e2bffff,시설관리·임대,1
8930e1c2e2bffff,음식,1
8930e1c2e2fffff,부동산,1
8930e1c2e33ffff,과학·기술,5
8930e1c2e33ffff,교육,24
8930e1c2e33ffff,보건의료,2
8930e1c2e33ffff,부동산,7
8930e1c2e33ffff,소매,20
8930e1c2e33ffff,수리·개인,18
8930e1c2e33ffff,시설관리·임대,1
8930e1c2e33ffff,예술·스포츠,9
8930e1c2e33ffff,음식,24
8930e1c2e37ffff,음식,1
8930e1c2e3bffff,과학·기술,3
8930e1c2e3bffff,교육,14
8930e1c2e3bffff,보건의료,2
8930e1c2e3bffff,부동산,5
8930e1c2e3bffff,소매,11
8930e1c2e3bffff,수리·개인,10
8930e1c2e3bffff,예술·스포츠,7
8930e1c2e3bffff,음식,12
8930e1c2e43ffff,과학·기술,6
8930e1c2e43ffff,교육,35
8930e1c2e43ffff,보건의료,4
8930e1c2e43ffff,부동산,2
8930e1c2e43ffff,소매,12
8930e1c2e43ffff,수리·개인,8
8930e1c2e43ffff,시설관리·임대,1
8930e1c2e43ffff,예술·스포츠,13
8930e1c2e43ffff,음식,25
8930e1c2e47ffff,보건의료,1
8930e1c2e47ffff,수리·개인,1
8930e1c2e47ffff,예술·스포츠,1
8930e1c2e47ffff,음식,1
8930e1c2e4bffff,과학·기술,1
8930e1c2e4bffff,교육,4
8930e1c2e4bffff,소매,6
8930e1c2e4bffff,수리·개인,3
8930e1c2e4bffff,숙박,1
8930e1c2e4bffff,시설관리·임대,3
8930e1c2e4bffff,음식,12
8930e1c2e4fffff,과학·기술,1
8930e1c2e4fffff,교육,1
8930e1c2e4fffff,부동산,1
8930e1c2e4fffff,소매,1
8930e1c2e4fffff,수리·개인,2
8930e1c2e4fffff,음식,1
8930e1c2e53ffff,과학·기술,4
8930e1c2e53ffff,소매,9
8930e1c2e53ffff,수리·개인,1
8930e1c2e53ffff,예술·스포츠,2
8930e1c2e53ffff,음식,3
8930e1c2e57ffff,소매,2
8930e1c2e57ffff,수리·개인,1
8930e1c2e57ffff,음식,10
8930e1c2e5bffff,과학·기술,5
8930e1c2e5bffff,교육,7
8930e1c2e5bffff,보건의료,1
8930e1c2e5bffff,부동산,3
8930e1c2e5bffff,소매,3
8930e1c2e5bffff,수리·개인,3
8930e1c2e5bffff,시설관리·임대,2
8930e1c2e5bffff,음식,27
8930e1c2e67ffff,소매,2
8930e1c2e77ffff,과학·기술,1
8930e1c2e77ffff,교육,1
8930e1c2e77ffff,소매,1
8930e1c2e77ffff,수리·개인,1
8930e1c2e77ffff,시설관리·임대,1
8930e1c2e77ffff,예술·스포츠,3
8930e1c2e77ffff,음식,6
8930e1c2e83ffff,과학·기술,1
8930e1c2e83ffff,교육,24
8930e1c2e83ffff,보건의료,2
8930e1c2e83ffff,부동산,3
8930e1c2e83ffff,소매,9
8930e1c2e83ffff,수리·개인,9
8930e1c2e83ffff,시설관리·임대,1
8930e1c2e83ffff,예술·스포츠,5
8930e1c2e83ffff,음식,11
8930e1c2e87ffff,과학·기술,1
8930e1c2e87ffff,교육,1
8930e1c2e87ffff,소매,1
8930e1c2e8bffff,과학·기술,1
8930e1c2e8bffff,교육,8
8930e1c2e8bffff,부동산,2
8930e1c2e8bffff,소매,3
8930e1c2e8bffff,수리·개인,3
8930e1c2e8bffff,예술·스포츠,1
8930e1c2e8bffff,음식,4
8930e1c2e8fffff,과학·기술,3
8930e1c2e8fffff,교육,90
8930e1c2e8fffff,보건의료,11
8930e1c2e8fffff,부동산,6
8930e1c2e8fffff,소매,28
8930e1c2e8fffff,수리·개인,19
8930e1c2e8fffff,시설관리·임대,1
8930e1c2e8fffff,예술·스포츠,9
8930e1c2e8fffff,음식,26
8930e1c2e93ffff,과학·기술,4
8930e1c2e93ffff,교육,6
8930e1c2e93ffff,부동산,5
8930e1c2e93ffff,소매,22
8930e1c2e93ffff,수리·개인,8
8930e1c2e93ffff,예술·스포츠,6
8930e1c2e93ffff,음식,29
8930e1c2e97ffff,교육,16
8930e1c2e97ffff,부동산,6
8930e1c2e97ffff,소매,10
8930e1c2e97ffff,수리·개인,12
8930e1c2e97ffff,시설관리·임대,1
8930e1c2e97ffff,예술·스포츠,3
8930e1c2e97ffff,음식,7
8930e1c2e9bffff,과학·기술,3
8930e1c2e9bffff,교육,5
8930e1c2e9bffff,부동산,5
8930e1c2e9bffff,소매,6
8930e1c2e9bffff,수리·개인,8
8930e1c2e9bffff,시설관리·임대,2
8930e1c2e9bffff,음식,5
8930e1c2eabffff,과학·기술,1
8930e1c2eabffff,교육,20
8930e1c2eabffff,부동산,1
8930e1c2eabffff,소매,7
8930e1c2eabffff,수리·개인,8
8930e1c2eabffff,시설관리·임대,3
8930e1c2eabffff,예술·스포츠,2
8930e1c2eabffff,음식,18
8930e1c2eafffff,교육,5
8930e1c2eafffff,소매,3
8930e1c2eafffff,수리·개인,6
8930e1c2eafffff,예술·스포츠,1
8930e1c2eafffff,음식,8
8930e1c2eb3ffff,교육,7
8930e1c2eb3ffff,보건의료,1
8930e1c2eb3ffff,소매,3
8930e1c2eb3ffff,수리·개인,2
8930e1c2eb3ffff,예술·스포츠,4
8930e1c2eb3ffff,음식,7
8930e1c2eb7ffff,음식,1
8930e1c2ebbffff,과학·기술,5
8930e1c2ebbffff,교육,108
8930e1c2ebbffff,보건의료,13
8930e1c2ebbffff,부동산,2
8930e1c2ebbffff,소매,14
8930e1c2ebbffff,수리·개인,6
8930e1c2ebbffff,시설관리·임대,2
8930e1c2ebbffff,예술·스포츠,12
8930e1c2ebbffff,음식,35
8930e1c2ec3ffff,과학·기술,2
8930e1c2ec3ffff,교육,1
8930e1c2ec3ffff,보건의료,4
8930e1c2ec3ffff,소매,21
8930e1c2ec3ffff,수리·개인,7
8930e1c2ec3ffff,시설관리·임대,1
8930e1c2ec3ffff,예술·스포츠,2
8930e1c2ec3ffff,음식,23
8930e1c2ec7ffff,과학·기술,1
8930e1c2ec7ffff,교육,9
8930e1c2ec7ffff,부동산,3
8930e1c2ec7ffff,소매,7
8930e1c2ec7ffff,수리·개인,4
8930e1c2ec7ffff,음식,4
8930e1c2ecbffff,과학·기술,2
8930e1c2ecbffff,보건의료,2
8930e1c2ecbffff,소매,5
8930e1c2ecbffff,수리·개인,3
8930e1c2ecbffff,음식,9
8930e1c2ecfffff,과학·기술,1
8930e1c2ecfffff,교육,3
8930e1c2ecfffff,부동산,2
8930e1c2ecfffff,소매,6
8930e1c2ecfffff,수리·개인,1
8930e1c2ecfffff,시설관리·임대,1
8930e1c2ecfffff,예술·스포츠,1
8930e1c2ecfffff,음식,3
8930e1c2ed3ffff,과학·기술,1
8930e1c2ed3ffff,소매,1
8930e1c2ed7ffff,교육,3
8930e1c2ed7ffff,부동산,2
8930e1c2ed7ffff,소매,1
8930e1c2ed7ffff,수리·개인,2
8930e1c2ed7ffff,음식,3
8930e1c2edbffff,교육,3
8930e1c2edbffff,부동산,1
8930e1c2edbffff,소매,3
8930e1c2edbffff,수리·개인,2
8930e1c2edbffff,예술·스포츠,1
8930e1c2edbffff,음식,3
8930e1c3003ffff,과학·기술,1
8930e1c3003ffff,교육,13
8930e1c3003ffff,부동산,4
8930e1c3003ffff,소매,6
8930e1c3003ffff,수리·개인,6
8930e1c3003ffff,예술·스포츠,1
8930e1c3003ffff,음식,5
8930e1c3007ffff,과학·기술,2
8930e1c3007ffff,교육,10
8930e1c3007ffff,보건의료,10
8930e1c3007ffff,부동산,5
8930e1c3007ffff,소매,20
8930e1c3007ffff,수리·개인,7
8930e1c3007ffff,음식,23
8930e1c300bffff,과학·기술,11
8930e1c300bffff,교육,11
8930e1c300bffff,보건의료,6
8930e1c300bffff,부동산,2
8930e1c300bffff,소매,31
8930e1c300bffff,수리·개인,19
8930e1c300bffff,숙박,1
8930e1c300bffff,시설관리·임대,4
8930e1c300bffff,예술·스포츠,10
8930e1c300bffff,음식,35
8930e1c300fffff,과학·기술,11
8930e1c300fffff,교육,10
8930e1c300fffff,보건의료,7
8930e1c300fffff,부동산,6
8930e1c300fffff,소매,76
8930e1c300fffff,수리·개인,22
8930e1c300fffff,숙박,4
8930e1c300fffff,시설관리·임대,4
8930e1c300fffff,예술·스포츠,10
8930e1c300fffff,음식,41
8930e1c3013ffff,과학·기술,4
8930e1c3013ffff,교육,11
8930e1c3013ffff,보건의료,3
8930e1c3013ffff,부동산,5
8930e1c3013ffff,소매,6
8930e1c3013ffff,수리·개인,10
8930e1c3013ffff,예술·스포츠,3
8930e1c3013ffff,음식,2
8930e1c3017ffff,교육,2
8930e1c3017ffff,보건의료,1
8930e1c3017ffff,소매,1
8930e1c3017ffff,음식,2
8930e1c301bffff,과학·기술,8
8930e1c301bffff,교육,12
8930e1c301bffff,보건의료,6
8930e1c301bffff,부동산,4
8930e1c301bffff,소매,23
8930e1c301bffff,수리·개인,21
8930e1c301bffff,시설관리·임대,5
8930e1c301bffff,예술·스포츠,2
8930e1c301bffff,음식,25
8930e1c3023ffff,과학·기술,7
8930e1c3023ffff,교육,79
8930e1c3023ffff,보건의료,2
8930e1c3023ffff,부동산,3
8930e1c3023ffff,소매,12
8930e1c3023ffff,수리·개인,7
8930e1c3023ffff,숙박,2
8930e1c3023ffff,시설관리·임대,6
8930e1c3023ffff,예술·스포츠,1
8930e1c3023ffff,음식,7
8930e1c3027ffff,과학·기술,5
8930e1c3027ffff,교육,6
8930e1c3027ffff,보건의료,4
8930e1c3027ffff,부동산,4
8930e1c3027ffff,소매,11
8930e1c3027ffff,수리·개인,5
8930e1c3027ffff,숙박,1
8930e1c3027ffff,시설관리·임대,1
8930e1c3027ffff,예술·스포츠,1
8930e1c3027ffff,음식,26
8930e1c302bffff,교육,6
8930e1c302bffff,보건의료,2
8930e1c302bffff,부동산,3
8930e1c302bffff,소매,5
8930e1c302bffff,수리·개인,1
8930e1c302bffff,음식,5
8930e1c302fffff,과학·기술,1
8930e1c302fffff,교육,12
8930e1c302fffff,보건의료,3
8930e1c302fffff,부동산,2
8930e1c302fffff,소매,14
8930e1c302fffff,수리·개인,7
8930e1c302fffff,시설관리·임대,1
8930e1c302fffff,예술·스포츠,3
8930e1c302fffff,음식,5
8930e1c3033ffff,과학·기술,11
8930e1c3033ffff,교육,18
8930e1c3033ffff,부동산,1
8930e1c3033ffff,소매,8
8930e1c3033ffff,수리·개인,26
8930e1c3033ffff,숙박,1
8930e1c3033ffff,시설관리·임대,4
8930e1c3033ffff,예술·스포츠,5
8930e1c3033ffff,음식,22
8930e1c3037ffff,과학·기술,2
8930e1c3037ffff,교육,14
8930e1c3037ffff,보건의료,1
8930e1c3037ffff,부동산,2
8930e1c3037ffff,소매,14
8930e1c3037ffff,수리·개인,5
8930e1c3037ffff,시설관리·임대,1
8930e1c3037ffff,예술·스포츠,4
8930e1c3037ffff,음식,10
8930e1c303bffff,과학·기술,2
8930e1c303bffff,교육,38
8930e1c303bffff,보건의료,16
8930e1c303bffff,부동산,14
8930e1c303bffff,소매,37
8930e1c303bffff,수리·개인,31
8930e1c303bffff,숙박,1
8930e1c303bffff,시설관리·임대,2
8930e1c303bffff,예술·스포츠,11
8930e1c303bffff,음식,57
8930e1c3043ffff,과학·기술,4
8930e1c3043ffff,교육,24
8930e1c3043ffff,부동산,2
8930e1c3043ffff,소매,16
8930e1c3043ffff,수리·개인,19
8930e1c3043ffff,시설관리·임대,2
8930e1c3043ffff,예술·스포츠,2
8930e1c3043ffff,음식,22
8930e1c3047ffff,과학·기술,2
8930e1c3047ffff,교육,10
8930e1c3047ffff,보건의료,1
8930e1c3047ffff,부동산,3
8930e1c3047ffff,소매,6
8930e1c3047ffff,수리·개인,5
8930e1c3047ffff,시설관리·임대,1
8930e1c3047ffff,예술·스포츠,1
8930e1c3047ffff,음식,6
8930e1c304bffff,과학·기술,13
8930e1c304bffff,교육,37
8930e1c304bffff,보건의료,17
8930e1c304bffff,부동산,7
8930e1c304bffff,소매,40
8930e1c304bffff,수리·개인,41
8930e1c304bffff,숙박,1
8930e1c304bffff,시설관리·임대,8
8930e1c304bffff,예술·스포츠,10
8930e1c304bffff,음식,46
8930e1c304fffff,과학·기술,14
8930e1c304fffff,교육,5
8930e1c304fffff,보건의료,3
8930e1c304fffff,부동산,3
8930e1c304fffff,소매,15
8930e1c304fffff,수리·개인,12
8930e1c304fffff,숙박,4
8930e1c304fffff,시설관리·임대,3
8930e1c304fffff,음식,15
8930e1c3053ffff,과학·기술,5
8930e1c3053ffff,교육,3
8930e1c3053ffff,부동산,2
8930e1c3053ffff,소매,4
8930e1c3053ffff,수리·개인,2
8930e1c3053ffff,음식,10
8930e1c3057ffff,과학·기술,4
8930e1c3057ffff,교육,11
8930e1c3057ffff,보건의료,1
8930e1c3057ffff,부동산,4
8930e1c3057ffff,소매,8
8930e1c3057ffff,수리·개인,5
8930e1c3057ffff,예술·스포츠,2
8930e1c3057ffff,음식,3
8930e1c305bffff,과학·기술,2
8930e1c305bffff,교육,12
8930e1c305bffff,보건의료,3
8930e1c305bffff,부동산,3
8930e1c305bffff,소매,7
8930e1c305bffff,수리·개인,4
8930e1c305bffff,숙박,2
8930e1c305bffff,시설관리·임대,1
8930e1c305bffff,음식,7
8930e1c3063ffff,과학·기술,1
8930e1c3063ffff,교육,1
8930e1c3063ffff,보건의료,1
8930e1c3063ffff,소매,3
8930e1c3063ffff,수리·개인,3
8930e1c3063ffff,음식,2
8930e1c3067ffff,소매,1
8930e1c3067ffff,예술·스포츠,1
8930e1c306bffff,과학·기술,4
8930e1c306bffff,교육,2
8930e1c306bffff,부동산,1
8930e1c306bffff,소매,5
8930e1c306bffff,수리·개인,2
8930e1c306bffff,시설관리·임대,3
8930e1c306bffff,음식,5
8930e1c306fffff,예술·스포츠,1
8930e1c3073ffff,과학·기술,7
8930e1c3073ffff,교육,10
8930e1c3073ffff,보건의료,7
8930e1c3073ffff,소매,24
8930e1c3073ffff,수리·개인,6
8930e1c3073ffff,시설관리·임대,2
8930e1c3073ffff,예술·스포츠,7
8930e1c3073ffff,음식,17
8930e1c3077ffff,보건의료,1
8930e1c3077ffff,소매,4
8930e1c3077ffff,예술·스포츠,1
8930e1c3077ffff,음식,4
8930e1c307bffff,과학·기술,7
8930e1c307bffff,교육,8
8930e1c307bffff,보건의료,1
8930e1c307bffff,부동산,2
8930e1c307bffff,소매,5
8930e1c307bffff,수리·개인,4
8930e1c307bffff,숙박,2
8930e1c307bffff,시설관리·임대,6
8930e1c307bffff,예술·스포츠,2
8930e1c307bffff,음식,4
8930e1c3083ffff,과학·기술,6
8930e1c3083ffff,교육,18
8930e1c3083ffff,부동산,3
8930e1c3083ffff,소매,10
8930e1c3083ffff,수리·개인,9
8930e1c3083ffff,숙박,1
8930e1c3083ffff,시설관리·임대,5
8930e1c3083ffff,예술·스포츠,3
8930e1c3083ffff,음식,33
8930e1c3087ffff,과학·기술,3
8930e1c3087ffff,교육,5
8930e1c3087ffff,부동산,5
8930e1c3087ffff,소매,2
8930e1c3087ffff,수리·개인,2
8930e1c3087ffff,예술·스포츠,1
8930e1c3087ffff,음식,1
8930e1c308bffff,과학·기술,3
8930e1c308bffff,교육,1
8930e1c308bffff,소매,4
8930e1c308bffff,수리·개인,4
8930e1c308bffff,시설관리·임대,1
8930e1c308bffff,예술·스포츠,1
8930e1c308bffff,음식,2
8930e1c308fffff,과학·기술,1
8930e1c308fffff,교육,6
8930e1c308fffff,보건의료,1
8930e1c308fffff,부동산,2
8930e1c308fffff,소매,7
8930e1c308fffff,수리·개인,6
8930e1c308fffff,예술·스포츠,1
8930e1c308fffff,음식,5
8930e1c3093ffff,과학·기술,5
8930e1c3093ffff,교육,6
8930e1c3093ffff,소매,9
8930e1c3093ffff,수리·개인,4
8930e1c3093ffff,숙박,2
8930e1c3093ffff,시설관리·임대,1
8930e1c3093ffff,음식,6
8930e1c3097ffff,과학·기술,1
8930e1c3097ffff,소매,6
8930e1c3097ffff,숙박,1
8930e1c3097ffff,음식,2
8930e1c309bffff,과학·기술,2
8930e1c309bffff,교육,4
8930e1c309bffff,보건의료,4
8930e1c309bffff,소매,12
8930e1c309bffff,수리·개인,3
8930e1c309bffff,숙박,1
8930e1c309bffff,예술·스포츠,2
8930e1c309bffff,음식,7
8930e1c30a3ffff,과학·기술,5
8930e1c30a3ffff,교육,33
8930e1c30a3ffff,보건의료,1
8930e1c30a3ffff,부동산,3
8930e1c30a3ffff,소매,14
8930e1c30a3ffff,수리·개인,10
8930e1c30a3ffff,시설관리·임대,2
8930e1c30a3ffff,음식,16
8930e1c30a7ffff,교육,5
8930e1c30a7ffff,부동산,2
8930e1c30a7ffff,소매,2
8930e1c30a7ffff,수리·개인,2
8930e1c30a7ffff,시설관리·임대,2
8930e1c30a7ffff,음식,1
8930e1c30abffff,과학·기술,2
8930e1c30abffff,교육,8
8930e1c30abffff,부동산,4
8930e1c30abffff,소매,12
8930e1c30abffff,수리·개인,9
8930e1c30abffff,시설관리·임대,1
8930e1c30abffff,예술·스포츠,2
8930e1c30abffff,음식,18
8930e1c30afffff,과학·기술,1
8930e1c30afffff,교육,25
8930e1c30afffff,보건의료,3
8930e1c30afffff,부동산,7
8930e1c30afffff,소매,12
8930e1c30afffff,수리·개인,5
8930e1c30afffff,예술·스포츠,1
8930e1c30afffff,음식,18
8930e1c30b7ffff,과학·기술,3
8930e1c30b7ffff,교육,1
8930e1c30b7ffff,부동산,3
8930e1c30b7ffff,소매,8
8930e1c30b7ffff,수리·개인,11
8930e1c30b7ffff,시설관리·임대,4
8930e1c30b7ffff,예술·스포츠,2
8930e1c30b7ffff,음식,11
8930e1c30bbffff,과학·기술,5
8930e1c30bbffff,교육,34
8930e1c30bbffff,보건의료,6
8930e1c30bbffff,부동산,8
8930e1c30bbffff,소매,16
8930e1c30bbffff,수리·개인,10
8930e1c30bbffff,예술·스포츠,2
8930e1c30bbffff,음식,17
8930e1c30c3ffff,과학·기술,8
8930e1c30c3ffff,교육,11
8930e1c30c3ffff,보건의료,4
8930e1c30c3ffff,부동산,6
8930e1c30c3ffff,소매,13
8930e1c30c3ffff,수리·개인,21
8930e1c30c3ffff,시설관리·임대,2
8930e1c30c3ffff,예술·스포츠,8
8930e1c30c3ffff,음식,28
8930e1c30c7ffff,과학·기술,8
8930e1c30c7ffff,교육,9
8930e1c30c7ffff,부동산,3
8930e1c30c7ffff,소매,12
8930e1c30c7ffff,수리·개인,9
8930e1c30c7ffff,시설관리·임대,3
8930e1c30c7ffff,예술·스포츠,1
8930e1c30c7ffff,음식,9
8930e1c30cbffff,과학·기술,2
8930e1c30cbffff,교육,6
8930e1c30cbffff,부동산,2
8930e1c30cbffff,소매,3
8930e1c30cbffff,수리·개인,2
8930e1c30cbffff,음식,4
8930e1c30cfffff,과학·기술,6
8930e1c30cfffff,교육,16
8930e1c30cfffff,보건의료,9
8930e1c30cfffff,부동산,9
8930e1c30cfffff,소매,39
8930e1c30cfffff,수리·개인,18
8930e1c30cfffff,시설관리·임대,2
8930e1c30cfffff,예술·스포츠,3
8930e1c30cfffff,음식,39
8930e1c30d3ffff,과학·기술,1
8930e1c30d3ffff,부동산,1
8930e1c30d3ffff,소매,4
8930e1c30d3ffff,수리·개인,1
8930e1c30d3ffff,음식,2
8930e1c30d7ffff,과학·기술,3
8930e1c30d7ffff,교육,14
8930e1c30d7ffff,보건의료,6
8930e1c30d7ffff,부동산,3
8930e1c30d7ffff,소매,29
8930e1c30d7ffff,수리·개인,11
8930e1c30d7ffff,숙박,2
8930e1c30d7ffff,시설관리·임대,1
8930e1c30d7ffff,예술·스포츠,6
8930e1c30d7ffff,음식,39
8930e1c30dbffff,과학·기술,1
8930e1c30dbffff,교육,1
8930e1c30dbffff,부동산,1
8930e1c30dbffff,음식,1
8930e1c3103ffff,과학·기술,3
8930e1c3103ffff,교육,2
8930e1c3103ffff,부동산,2
8930e1c3103ffff,소매,3
8930e1c3103ffff,수리·개인,1
8930e1c3103ffff,숙박,1
8930e1c3103ffff,예술·스포츠,1
8930e1c3103ffff,음식,1
8930e1c3107ffff,과학·기술,3
8930e1c3107ffff,소매,8
8930e1c3107ffff,수리·개인,10
8930e1c3107ffff,시설관리·임대,2
8930e1c3107ffff,예술·스포츠,3
8930e1c3107ffff,음식,10
8930e1c310bffff,교육,7
8930e1c310bffff,부동산,4
8930e1c310bffff,소매,1
8930e1c310bffff,수리·개인,2
8930e1c310fffff,교육,1
8930e1c310fffff,소매,1
8930e1c310fffff,음식,1
8930e1c3113ffff,과학·기술,12
8930e1c3113ffff,교육,15
8930e1c3113ffff,보건의료,3
8930e1c3113ffff,부동산,3
8930e1c3113ffff,소매,22
8930e1c3113ffff,수리·개인,18
8930e1c3113ffff,시설관리·임대,1
8930e1c3113ffff,예술·스포츠,7
8930e1c3113ffff,음식,31
8930e1c3117ffff,교육,1
8930e1c3117ffff,소매,10
8930e1c3117ffff,수리·개인,2
8930e1c3117ffff,시설관리·임대,4
8930e1c3117ffff,음식,5
8930e1c311bffff,과학·기술,6
8930e1c311bffff,교육,16
8930e1c311bffff,보건의료,15
8930e1c311bffff,부동산,7
8930e1c311bffff,소매,31
8930e1c311bffff,수리·개인,20
8930e1c311bffff,시설관리·임대,2
8930e1c311bffff,예술·스포츠,8
8930e1c311bffff,음식,42
8930e1c3123ffff,과학·기술,5
8930e1c3123ffff,소매,3
8930e1c3123ffff,수리·개인,2
8930e1c3123ffff,시설관리·임대,1
8930e1c3127ffff,과학·기술,5
8930e1c3127ffff,교육,2
8930e1c3127ffff,보건의료,4
8930e1c3127ffff,부동산,13
8930e1c3127ffff,소매,33
8930e1c3127ffff,수리·개인,14
8930e1c3127ffff,숙박,1
8930e1c3127ffff,시설관리·임대,3
8930e1c3127ffff,예술·스포츠,2
8930e1c3127ffff,음식,19
8930e1c312bffff,교육,3
8930e1c312bffff,부동산,3
8930e1c312bffff,소매,1
8930e1c312bffff,수리·개인,2
8930e1c312bffff,음식,3
8930e1c312fffff,과학·기술,7
8930e1c312fffff,교육,2
8930e1c312fffff,부동산,1
8930e1c312fffff,소매,9
8930e1c312fffff,수리·개인,6
8930e1c312fffff,시설관리·임대,4
8930e1c312fffff,음식,2
8930e1c3133ffff,과학·기술,4
8930e1c3133ffff,교육,2
8930e1c3133ffff,보건의료,1
8930e1c3133ffff,부동산,3
8930e1c3133ffff,소매,22
8930e1c3133ffff,수리·개인,16
8930e1c3133ffff,시설관리·임대,1
8930e1c3133ffff,예술·스포츠,4
8930e1c3133ffff,음식,23
8930e1c3137ffff,과학·기술,1
8930e1c3137ffff,교육,2
8930e1c3137ffff,부동산,8
8930e1c3137ffff,소매,11
8930e1c3137ffff,수리·개인,12
8930e1c3137ffff,숙박,1
8930e1c3137ffff,시설관리·임대,2
8930e1c3137ffff,예술·스포츠,2
8930e1c3137ffff,음식,12
8930e1c313bffff,과학·기술,5
8930e1c313bffff,소매,4
8930e1c313bffff,시설관리·임대,2
8930e1c3143ffff,과학·기술,3
8930e1c3143ffff,교육,5
8930e1c3143ffff,부동산,8
8930e1c3143ffff,소매,15
8930e1c3143ffff,수리·개인,11
8930e1c3143ffff,시설관리·임대,5
8930e1c3143ffff,음식,13
8930e1c3147ffff,과학·기술,3
8930e1c3147ffff,교육,9
8930e1c3147ffff,보건의료,4
8930e1c3147ffff,부동산,3
8930e1c3147ffff,소매,19
8930e1c3147ffff,수리·개인,8
8930e1c3147ffff,예술·스포츠,7
8930e1c3147ffff,음식,18
8930e1c314bffff,과학·기술,6
8930e1c314bffff,교육,14
8930e1c314bffff,보건의료,10
8930e1c314bffff,부동산,4
8930e1c314bffff,소매,18
8930e1c314bffff,수리·개인,12
8930e1c314bffff,숙박,2
8930e1c314bffff,시설관리·임대,2
8930e1c314bffff,예술·스포츠,5
8930e1c314bffff,음식,31
8930e1c314fffff,과학·기술,6
8930e1c314fffff,교육,3
8930e1c314fffff,보건의료,6
8930e1c314fffff,소매,12
8930e1c314fffff,수리·개인,13
8930e1c314fffff,숙박,1
8930e1c314fffff,시설관리·임대,2
8930e1c314fffff,예술·스포츠,10
8930e1c314fffff,음식,34
8930e1c3153ffff,과학·기술,4
8930e1c3153ffff,교육,3
8930e1c3153ffff,보건의료,2
8930e1c3153ffff,부동산,4
8930e1c3153ffff,소매,15
8930e1c3153ffff,수리·개인,14
8930e1c3153ffff,숙박,2
8930e1c3153ffff,시설관리·임대,2
8930e1c3153ffff,예술·스포츠,1
8930e1c3153ffff,음식,17
8930e1c3157ffff,과학·기술,10
8930e1c3157ffff,교육,10
8930e1c3157ffff,보건의료,5
8930e1c3157ffff,부동산,5
8930e1c3157ffff,소매,50
8930e1c3157ffff,수리·개인,26
8930e1c3157ffff,시설관리·임대,5
8930e1c3157ffff,예술·스포츠,4
8930e1c3157ffff,음식,53
8930e1c315bffff,과학·기술,9
8930e1c315bffff,교육,16
8930e1c315bffff,보건의료,8
8930e1c315bffff,부동산,10
8930e1c315bffff,소매,35
8930e1c315bffff,수리·개인,15
8930e1c315bffff,시설관리·임대,6
8930e1c315bffff,예술·스포츠,3
8930e1c315bffff,음식,38
8930e1c3163ffff,과학·기술,6
8930e1c3163ffff,교육,7
8930e1c3163ffff,보건의료,2
8930e1c3163ffff,부동산,4
8930e1c3163ffff,소매,13
8930e1c3163ffff,수리·개인,8
8930e1c3163ffff,숙박,4
8930e1c3163ffff,시설관리·임대,6
8930e1c3163ffff,예술·스포츠,11
8930e1c3163ffff,음식,44
8930e1c3167ffff,과학·기술,4
8930e1c3167ffff,교육,7
8930e1c3167ffff,보건의료,4
8930e1c3167ffff,부동산,2
8930e1c3167ffff,소매,18
8930e1c3167ffff,수리·개인,14
8930e1c3167ffff,시설관리·임대,2
8930e1c3167ffff,예술·스포츠,6
8930e1c3167ffff,음식,33
8930e1c316bffff,과학·기술,10
8930e1c316bffff,교육,12
8930e1c316bffff,보건의료,12
8930e1c316bffff,부동산,7
8930e1c316bffff,소매,51
8930e1c316bffff,수리·개인,26
8930e1c316bffff,숙박,3
8930e1c316bffff,시설관리·임대,3
8930e1c316bffff,예술·스포츠,18
8930e1c316bffff,음식,80
8930e1c316fffff,과학·기술,3
8930e1c316fffff,교육,2
8930e1c316fffff,부동산,2
8930e1c316fffff,소매,10
8930e1c316fffff,수리·개인,8
8930e1c316fffff,숙박,1
8930e1c316fffff,시설관리·임대,2
8930e1c316fffff,예술·스포츠,1
8930e1c316fffff,음식,20
8930e1c3173ffff,과학·기술,1
8930e1c3173ffff,교육,28
8930e1c3173ffff,보건의료,2
8930e1c3173ffff,부동산,2
8930e1c3173ffff,소매,18
8930e1c3173ffff,수리·개인,5
8930e1c3173ffff,시설관리·임대,2
8930e1c3173ffff,음식,26
8930e1c3177ffff,소매,2
8930e1c3177ffff,예술·스포츠,4
8930e1c317bffff,과학·기술,5
8930e1c317bffff,교육,8
8930e1c317bffff,보건의료,2
8930e1c317bffff,부동산,1
8930e1c317bffff,소매,23
8930e1c317bffff,수리·개인,12
8930e1c317bffff,숙박,1
8930e1c317bffff,시설관리·임대,2
8930e1c317bffff,예술·스포츠,4
8930e1c317bffff,음식,45
8930e1c3183ffff,과학·기술,5
8930e1c3183ffff,교육,5
8930e1c3183ffff,소매,1
8930e1c3183ffff,수리·개인,1
8930e1c3183ffff,시설관리·임대,1
8930e1c3183ffff,음식,3
8930e1c318bffff,과학·기술,8
8930e1c318bffff,교육,9
8930e1c318bffff,보건의료,1
8930e1c318bffff,부동산,4
8930e1c318bffff,소매,14
8930e1c318bffff,수리·개인,22
8930e1c318bffff,시설관리·임대,4
8930e1c318bffff,음식,19
8930e1c318fffff,과학·기술,3
8930e1c318fffff,교육,6
8930e1c318fffff,부동산,7
8930e1c318fffff,소매,10
8930e1c318fffff,수리·개인,15
8930e1c318fffff,시설관리·임대,3
8930e1c318fffff,예술·스포츠,1
8930e1c318fffff,음식,15
8930e1c3193ffff,과학·기술,9
8930e1c3193ffff,교육,2
8930e1c3193ffff,부동산,3
8930e1c3193ffff,소매,20
8930e1c3193ffff,수리·개인,21
8930e1c3193ffff,숙박,3
8930e1c3193ffff,시설관리·임대,3
8930e1c3193ffff,예술·스포츠,1
8930e1c3193ffff,음식,14
8930e1c3197ffff,과학·기술,2
8930e1c3197ffff,교육,2
8930e1c3197ffff,부동산,2
8930e1c3197ffff,소매,1
8930e1c3197ffff,수리·개인,3
8930e1c3197ffff,시설관리·임대,1
8930e1c3197ffff,음식,1
8930e1c319bffff,과학·기술,12
8930e1c319bffff,교육,15
8930e1c319bffff,보건의료,4
8930e1c319bffff,부동산,4
8930e1c319bffff,소매,20
8930e1c319bffff,수리·개인,18
8930e1c319bffff,숙박,1
8930e1c319bffff,시설관리·임대,4
8930e1c319bffff,예술·스포츠,3
8930e1c319bffff,음식,26
8930e1c31a7ffff,과학·기술,1
8930e1c31a7ffff,교육,3
8930e1c31a7ffff,보건의료,1
8930e1c31a7ffff,소매,5
8930e1c31a7ffff,수리·개인,7
8930e1c31a7ffff,예술·스포츠,5
8930e1c31a7ffff,음식,15
8930e1c31abffff,과학·기술,2
8930e1c31abffff,교육,3
8930e1c31abffff,부동산,3
8930e1c31abffff,소매,10
8930e1c31abffff,수리·개인,10
8930e1c31abffff,음식,10
8930e1c31afffff,과학·기술,5
8930e1c31afffff,소매,6
8930e1c31afffff,수리·개인,2
8930e1c31afffff,음식,1
8930e1c31bbffff,과학·기술,1
8930e1c31bbffff,시설관리·임대,1
8930e1c31bbffff,음식,1
8930e1c31c3ffff,과학·기술,10
8930e1c31c3ffff,교육,18
8930e1c31c3ffff,보건의료,28
8930e1c31c3ffff,부동산,9
8930e1c31c3ffff,소매,51
8930e1c31c3ffff,수리·개인,21
8930e1c31c3ffff,숙박,6
8930e1c31c3ffff,시설관리·임대,6
8930e1c31c3ffff,예술·스포츠,21
8930e1c31c3ffff,음식,70
8930e1c31c7ffff,과학·기술,7
8930e1c31c7ffff,교육,3
8930e1c31c7ffff,보건의료,4
8930e1c31c7ffff,부동산,11
8930e1c31c7ffff,소매,37
8930e1c31c7ffff,수리·개인,24
8930e1c31c7ffff,숙박,5
8930e1c31c7ffff,시설관리·임대,2
8930e1c31c7ffff,예술·스포츠,25
8930e1c31c7ffff,음식,152
8930e1c31cbffff,과학·기술,1
8930e1c31cbffff,교육,9
8930e1c31cbffff,보건의료,14
8930e1c31cbffff,부동산,2
8930e1c31cbffff,소매,208
8930e1c31cbffff,수리·개인,17
8930e1c31cbffff,시설관리·임대,2
8930e1c31cbffff,음식,37
8930e1c31cfffff,과학·기술,4
8930e1c31cfffff,교육,8
8930e1c31cfffff,보건의료,3
8930e1c31cfffff,부동산,2
8930e1c31cfffff,소매,26
8930e1c31cfffff,수리·개인,16
8930e1c31cfffff,숙박,5
8930e1c31cfffff,시설관리·임대,10
8930e1c31cfffff,음식,36
8930e1c31d3ffff,교육,4
8930e1c31d3ffff,보건의료,5
8930e1c31d3ffff,부동산,7
8930e1c31d3ffff,소매,7
8930e1c31d3ffff,수리·개인,4
8930e1c31d3ffff,시설관리·임대,2
8930e1c31d3ffff,예술·스포츠,3
8930e1c31d3ffff,음식,10
8930e1c31d7ffff,과학·기술,12
8930e1c31d7ffff,교육,11
8930e1c31d7ffff,보건의료,28
8930e1c31d7ffff,부동산,9
8930e1c31d7ffff,소매,202
8930e1c31d7ffff,수리·개인,33
8930e1c31d7ffff,숙박,4
8930e1c31d7ffff,시설관리·임대,5
8930e1c31d7ffff,예술·스포츠,7
8930e1c31d7ffff,음식,120
8930e1c31dbffff,교육,7
8930e1c31dbffff,보건의료,1
8930e1c31dbffff,부동산,10
8930e1c31dbffff,소매,7
8930e1c31dbffff,수리·개인,6
8930e1c31dbffff,음식,8
8930e1c3203ffff,과학·기술,4
8930e1c3203ffff,교육,4
8930e1c3203ffff,부동산,1
8930e1c3203ffff,소매,8
8930e1c3203ffff,수리·개인,3
8930e1c3203ffff,시설관리·임대,3
8930e1c3203ffff,예술·스포츠,2
8930e1c3203ffff,음식,1
8930e1c3207ffff,과학·기술,15
8930e1c3207ffff,교육,14
8930e1c3207ffff,보건의료,8
8930e1c3207ffff,부동산,12
8930e1c3207ffff,소매,35
8930e1c3207ffff,수리·개인,17
8930e1c3207ffff,시설관리·임대,2
8930e1c3207ffff,예술·스포츠,3
8930e1c3207ffff,음식,42
8930e1c320bffff,과학·기술,1
8930e1c320bffff,교육,1
8930e1c320bffff,부동산,6
8930e1c320bffff,소매,4
8930e1c320bffff,수리·개인,2
8930e1c320bffff,숙박,2
8930e1c320bffff,음식,3
8930e1c320fffff,과학·기술,18
8930e1c320fffff,교육,9
8930e1c320fffff,보건의료,9
8930e1c320fffff,부동산,6
8930e1c320fffff,소매,36
8930e1c320fffff,수리·개인,25
8930e1c320fffff,숙박,4
8930e1c320fffff,시설관리·임대,3
8930e1c320fffff,예술·스포츠,9
8930e1c320fffff,음식,21
8930e1c3213ffff,과학·기술,5
8930e1c3213ffff,교육,3
8930e1c3213ffff,부동산,2
8930e1c3213ffff,소매,4
8930e1c3213ffff,수리·개인,3
8930e1c3213ffff,시설관리·임대,3
8930e1c3213ffff,예술·스포츠,2
8930e1c3213ffff,음식,2
8930e1c3217ffff,과학·기술,21
8930e1c3217ffff,교육,7
8930e1c3217ffff,보건의료,5
8930e1c3217ffff,부동산,9
8930e1c3217ffff,소매,38
8930e1c3217ffff,수리·개인,16
8930e1c3217ffff,숙박,2
8930e1c3217ffff,시설관리·임대,5
8930e1c3217ffff,예술·스포츠,4
8930e1c3217ffff,음식,40
8930e1c321bffff,교육,1
8930e1c321bffff,부동산,1
8930e1c321bffff,소매,1
8930e1c321bffff,음식,1
8930e1c3223ffff,수리·개인,1
8930e1c3223ffff,시설관리·임대,1
8930e1c3223ffff,음식,1
8930e1c3227ffff,과학·기술,1
8930e1c3227ffff,교육,2
8930e1c3227ffff,부동산,1
8930e1c3227ffff,소매,16
8930e1c3227ffff,수리·개인,2
8930e1c3227ffff,숙박,4
8930e1c3227ffff,시설관리·임대,2
8930e1c3227ffff,예술·스포츠,2
8930e1c3227ffff,음식,14
8930e1c322bffff,과학·기술,5
8930e1c322bffff,교육,1
8930e1c322bffff,부동산,1
8930e1c322bffff,소매,4
8930e1c322bffff,수리·개인,2
8930e1c322bffff,시설관리·임대,1
8930e1c322bffff,음식,3
8930e1c322fffff,과학·기술,2
8930e1c322fffff,교육,4
8930e1c322fffff,부동산,2
8930e1c322fffff,소매,9
8930e1c322fffff,수리·개인,4
8930e1c322fffff,숙박,1
8930e1c322fffff,시설관리·임대,6
8930e1c322fffff,예술·스포츠,5
8930e1c322fffff,음식,37
8930e1c3233ffff,과학·기술,4
8930e1c3233ffff,교육,11
8930e1c3233ffff,보건의료,3
8930e1c3233ffff,부동산,11
8930e1c3233ffff,소매,15
8930e1c3233ffff,수리·개인,21
8930e1c3233ffff,시설관리·임대,2
8930e1c3233ffff,음식,27
8930e1c3237ffff,과학·기술,4
8930e1c3237ffff,보건의료,1
8930e1c3237ffff,소매,9
8930e1c3237ffff,숙박,2
8930e1c3237ffff,시설관리·임대,1
8930e1c3237ffff,음식,10
8930e1c323bffff,과학·기술,11
8930e1c323bffff,교육,2
8930e1c323bffff,부동산,3
8930e1c323bffff,소매,10
8930e1c323bffff,수리·개인,9
8930e1c323bffff,숙박,4
8930e1c323bffff,시설관리·임대,1
8930e1c323bffff,음식,17
8930e1c3243ffff,과학·기술,3
8930e1c3243ffff,교육,3
8930e1c3243ffff,보건의료,1
8930e1c3243ffff,부동산,2
8930e1c3243ffff,소매,8
8930e1c3243ffff,수리·개인,4
8930e1c3243ffff,숙박,3
8930e1c3243ffff,시설관리·임대,2
8930e1c3243ffff,예술·스포츠,4
8930e1c3243ffff,음식,17
8930e1c3247ffff,과학·기술,5
8930e1c3247ffff,교육,1
8930e1c3247ffff,보건의료,1
8930e1c3247ffff,부동산,3
8930e1c3247ffff,소매,7
8930e1c3247ffff,수리·개인,5
8930e1c3247ffff,숙박,4
8930e1c3247ffff,예술·스포츠,2
8930e1c3247ffff,음식,5
8930e1c324bffff,과학·기술,1
8930e1c324bffff,교육,1
8930e1c324bffff,부동산,2
8930e1c324bffff,소매,9
8930e1c324bffff,수리·개인,6
8930e1c324bffff,숙박,2
8930e1c324bffff,예술·스포츠,3
8930e1c324bffff,음식,10
8930e1c324fffff,과학·기술,8
8930e1c324fffff,교육,11
8930e1c324fffff,보건의료,7
8930e1c324fffff,부동산,7
8930e1c324fffff,소매,24
8930e1c324fffff,수리·개인,15
8930e1c324fffff,숙박,8
8930e1c324fffff,시설관리·임대,4
8930e1c324fffff,예술·스포츠,2
8930e1c324fffff,음식,33
8930e1c3253ffff,과학·기술,3
8930e1c3253ffff,교육,1
8930e1c3253ffff,소매,1
8930e1c3253ffff,수리·개인,2
8930e1c3253ffff,숙박,4
8930e1c3253ffff,시설관리·임대,2
8930e1c3253ffff,음식,5
8930e1c3257ffff,과학·기술,4
8930e1c3257ffff,교육,1
8930e1c3257ffff,부동산,8
8930e1c3257ffff,소매,9
8930e1c3257ffff,수리·개인,12
8930e1c3257ffff,음식,6
8930e1c325bffff,과학·기술,7
8930e1c325bffff,교육,2
8930e1c325bffff,부동산,2
8930e1c325bffff,소매,14
8930e1c325bffff,수리·개인,6
8930e1c325bffff,숙박,8
8930e1c325bffff,시설관리·임대,4
8930e1c325bffff,예술·스포츠,1
8930e1c325bffff,음식,8
8930e1c3263ffff,과학·기술,5
8930e1c3263ffff,교육,3
8930e1c3263ffff,부동산,2
8930e1c3263ffff,소매,21
8930e1c3263ffff,수리·개인,19
8930e1c3263ffff,숙박,8
8930e1c3263ffff,시설관리·임대,4
8930e1c3263ffff,음식,25
8930e1c3267ffff,과학·기술,11
8930e1c3267ffff,교육,4
8930e1c3267ffff,보건의료,3
8930e1c3267ffff,부동산,2
8930e1c3267ffff,소매,14
8930e1c3267ffff,수리·개인,7
8930e1c3267ffff,숙박,4
8930e1c3267ffff,시설관리·임대,6
8930e1c3267ffff,음식,15
8930e1c326bffff,과학·기술,17
8930e1c326bffff,교육,9
8930e1c326bffff,보건의료,5
8930e1c326bffff,부동산,12
8930e1c326bffff,소매,45
8930e1c326bffff,수리·개인,14
8930e1c326bffff,숙박,19
8930e1c326bffff,시설관리·임대,13
8930e1c326bffff,예술·스포츠,14
8930e1c326bffff,음식,79
8930e1c326fffff,과학·기술,26
8930e1c326fffff,교육,30
8930e1c326fffff,보건의료,10
8930e1c326fffff,부동산,13
8930e1c326fffff,소매,51
8930e1c326fffff,수리·개인,15
8930e1c326fffff,숙박,11
8930e1c326fffff,시설관리·임대,15
8930e1c326fffff,예술·스포츠,21
8930e1c326fffff,음식,117
8930e1c3273ffff,과학·기술,4
8930e1c3273ffff,교육,5
8930e1c3273ffff,부동산,2
8930e1c3273ffff,소매,9
8930e1c3273ffff,수리·개인,8
8930e1c3273ffff,숙박,5
8930e1c3273ffff,음식,9
8930e1c3277ffff,과학·기술,15
8930e1c3277ffff,교육,5
8930e1c3277ffff,보건의료,2
8930e1c3277ffff,부동산,6
8930e1c3277ffff,소매,44
8930e1c3277ffff,수리·개인,15
8930e1c3277ffff,숙박,2
8930e1c3277ffff,시설관리·임대,10
8930e1c3277ffff,예술·스포츠,4
8930e1c3277ffff,음식,60
8930e1c327bffff,소매,4
8930e1c327bffff,수리·개인,2
8930e1c327bffff,숙박,3
8930e1c327bffff,음식,1
8930e1c3283ffff,과학·기술,32
8930e1c3283ffff,교육,40
8930e1c3283ffff,보건의료,7
8930e1c3283ffff,부동산,5
8930e1c3283ffff,소매,44
8930e1c3283ffff,수리·개인,11
8930e1c3283ffff,숙박,3
8930e1c3283ffff,시설관리·임대,7
8930e1c3283ffff,예술·스포츠,7
8930e1c3283ffff,음식,27
8930e1c3287ffff,과학·기술,33
8930e1c3287ffff,교육,21
8930e1c3287ffff,보건의료,18
8930e1c3287ffff,부동산,9
8930e1c3287ffff,소매,80
8930e1c3287ffff,수리·개인,28
8930e1c3287ffff,숙박,4
8930e1c3287ffff,시설관리·임대,14
8930e1c3287ffff,예술·스포츠,8
8930e1c3287ffff,음식,119
8930e1c328bffff,과학·기술,11
8930e1c328bffff,교육,5
8930e1c328bffff,부동산,4
8930e1c328bffff,소매,3
8930e1c328bffff,수리·개인,8
8930e1c328bffff,숙박,2
8930e1c328bffff,시설관리·임대,3
8930e1c328bffff,예술·스포츠,1
8930e1c328bffff,음식,20
8930e1c328fffff,과학·기술,32
8930e1c328fffff,교육,12
8930e1c328fffff,보건의료,6
8930e1c328fffff,부동산,6
8930e1c328fffff,소매,26
8930e1c328fffff,수리·개인,22
8930e1c328fffff,숙박,2
8930e1c328fffff,시설관리·임대,4
8930e1c328fffff,예술·스포츠,10
8930e1c328fffff,음식,41
8930e1c3293ffff,과학·기술,7
8930e1c3293ffff,교육,4
8930e1c3293ffff,부동산,2
8930e1c3293ffff,소매,5
8930e1c3293ffff,수리·개인,5
8930e1c3293ffff,시설관리·임대,4
8930e1c3293ffff,음식,3
8930e1c3297ffff,과학·기술,11
8930e1c3297ffff,교육,55
8930e1c3297ffff,보건의료,3
8930e1c3297ffff,부동산,10
8930e1c3297ffff,소매,39
8930e1c3297ffff,수리·개인,27
8930e1c3297ffff,숙박,2
8930e1c3297ffff,시설관리·임대,7
8930e1c3297ffff,예술·스포츠,8
8930e1c3297ffff,음식,35
8930e1c329bffff,과학·기술,35
8930e1c329bffff,교육,26
8930e1c329bffff,보건의료,11
8930e1c329bffff,부동산,6
8930e1c329bffff,소매,46
8930e1c329bffff,수리·개인,17
8930e1c329bffff,숙박,12
8930e1c329bffff,시설관리·임대,5
8930e1c329bffff,예술·스포츠,5
8930e1c329bffff,음식,57
8930e1c32a3ffff,과학·기술,14
8930e1c32a3ffff,교육,7
8930e1c32a3ffff,부동산,5
8930e1c32a3ffff,소매,35
8930e1c32a3ffff,수리·개인,31
8930e1c32a3ffff,숙박,6
8930e1c32a3ffff,시설관리·임대,5
8930e1c32a3ffff,예술·스포츠,7
8930e1c32a3ffff,음식,100
8930e1c32a7ffff,교육,2
8930e1c32a7ffff,소매,4
8930e1c32a7ffff,시설관리·임대,2
8930e1c32a7ffff,예술·스포츠,1
8930e1c32a7ffff,음식,3
8930e1c32abffff,과학·기술,5
8930e1c32abffff,교육,8
8930e1c32abffff,부동산,3
8930e1c32abffff,소매,19
8930e1c32abffff,수리·개인,20
8930e1c32abffff,숙박,3
8930e1c32abffff,예술·스포츠,5
8930e1c32abffff,음식,48
8930e1c32afffff,과학·기술,10
8930e1c32afffff,교육,11
8930e1c32afffff,부동산,7
8930e1c32afffff,소매,10
8930e1c32afffff,수리·개인,9
8930e1c32afffff,숙박,1
8930e1c32afffff,시설관리·임대,1
8930e1c32afffff,음식,11
8930e1c32b3ffff,과학·기술,18
8930e1c32b3ffff,교육,29
8930e1c32b3ffff,보건의료,37
8930e1c32b3ffff,부동산,18
8930e1c32b3ffff,소매,92
8930e1c32b3ffff,수리·개인,77
8930e1c32b3ffff,숙박,17
8930e1c32b3ffff,시설관리·임대,4
8930e1c32b3ffff,예술·스포츠,36
8930e1c32b3ffff,음식,219
8930e1c32b7ffff,과학·기술,13
8930e1c32b7ffff,교육,8
8930e1c32b7ffff,보건의료,1
8930e1c32b7ffff,부동산,6
8930e1c32b7ffff,소매,25
8930e1c32b7ffff,수리·개인,14
8930e1c32b7ffff,숙박,4
8930e1c32b7ffff,시설관리·임대,2
8930e1c32b7ffff,예술·스포츠,1
8930e1c32b7ffff,음식,31
8930e1c32bbffff,과학·기술,20
8930e1c32bbffff,교육,13
8930e1c32bbffff,보건의료,1
8930e1c32bbffff,부동산,4
8930e1c32bbffff,소매,39
8930e1c32bbffff,수리·개인,35
8930e1c32bbffff,숙박,14
8930e1c32bbffff,시설관리·임대,2
8930e1c32bbffff,예술·스포츠,32
8930e1c32bbffff,음식,176
8930e1c32c3ffff,과학·기술,9
8930e1c32c3ffff,교육,3
8930e1c32c3ffff,소매,9
8930e1c32c3ffff,수리·개인,2
8930e1c32c3ffff,숙박,1
8930e1c32c3ffff,시설관리·임대,4
8930e1c32c3ffff,예술·스포츠,1
8930e1c32c3ffff,음식,7
8930e1c32c7ffff,과학·기술,5
8930e1c32c7ffff,교육,14
8930e1c32c7ffff,부동산,4
8930e1c32c7ffff,소매,12
8930e1c32c7ffff,수리·개인,3
8930e1c32c7ffff,시설관리·임대,4
8930e1c32c7ffff,음식,6
8930e1c32cbffff,과학·기술,6
8930e1c32cbffff,교육,2
8930e1c32cbffff,수리·개인,1
8930e1c32cbffff,시설관리·임대,1
8930e1c32cfffff,과학·기술,2
8930e1c32cfffff,교육,2
8930e1c32cfffff,부동산,1
8930e1c32cfffff,소매,5
8930e1c32cfffff,예술·스포츠,2
8930e1c32cfffff,음식,1
8930e1c32d3ffff,과학·기술,5
8930e1c32d3ffff,교육,1
8930e1c32d3ffff,소매,1
8930e1c32d3ffff,수리·개인,3
8930e1c32d3ffff,숙박,5
8930e1c32d3ffff,시설관리·임대,2
8930e1c32d3ffff,음식,3
8930e1c32d7ffff,과학·기술,26
8930e1c32d7ffff,교육,14
8930e1c32d7ffff,보건의료,2
8930e1c32d7ffff,부동산,14
8930e1c32d7ffff,소매,29
8930e1c32d7ffff,수리·개인,25
8930e1c32d7ffff,숙박,3
8930e1c32d7ffff,시설관리·임대,11
8930e1c32d7ffff,예술·스포츠,12
8930e1c32d7ffff,음식,71
8930e1c32dbffff,과학·기술,4
8930e1c32dbffff,교육,2
8930e1c32dbffff,부동산,1
8930e1c32dbffff,소매,2
8930e1c32dbffff,숙박,6
8930e1c32dbffff,시설관리·임대,3
8930e1c32dbffff,음식,3
8930e1c3303ffff,과학·기술,4
8930e1c3303ffff,교육,3
8930e1c3303ffff,보건의료,1
8930e1c3303ffff,부동산,1
8930e1c3303ffff,소매,15
8930e1c3303ffff,수리·개인,5
8930e1c3303ffff,숙박,5
8930e1c3303ffff,시설관리·임대,1
8930e1c3303ffff,예술·스포츠,5
8930e1c3303ffff,음식,33
8930e1c3307ffff,과학·기술,3
8930e1c3307ffff,교육,2
8930e1c3307ffff,소매,4
8930e1c3307ffff,시설관리·임대,1
8930e1c3307ffff,음식,1
8930e1c330bffff,과학·기술,7
8930e1c330bffff,교육,1
8930e1c330bffff,부동산,4
8930e1c330bffff,소매,21
8930e1c330bffff,수리·개인,15
8930e1c330bffff,숙박,8
8930e1c330bffff,시설관리·임대,7
8930e1c330bffff,예술·스포츠,4
8930e1c330bffff,음식,38
8930e1c330fffff,과학·기술,3
8930e1c330fffff,교육,3
8930e1c330fffff,부동산,3
8930e1c330fffff,소매,11
8930e1c330fffff,수리·개인,6
8930e1c330fffff,시설관리·임대,4
8930e1c330fffff,음식,21
8930e1c3313ffff,과학·기술,6
8930e1c3313ffff,교육,10
8930e1c3313ffff,부동산,2
8930e1c3313ffff,소매,12
8930e1c3313ffff,수리·개인,9
8930e1c3313ffff,숙박,6
8930e1c3313ffff,시설관리·임대,3
8930e1c3313ffff,예술·스포츠,6
8930e1c3313ffff,음식,14
8930e1c3317ffff,과학·기술,6
8930e1c3317ffff,교육,6
8930e1c3317ffff,부동산,1
8930e1c3317ffff,소매,12
8930e1c3317ffff,수리·개인,11
8930e1c3317ffff,숙박,1
8930e1c3317ffff,시설관리·임대,2
8930e1c3317ffff,예술·스포츠,3
8930e1c3317ffff,음식,27
8930e1c331bffff,교육,1
8930e1c331bffff,소매,1
8930e1c331bffff,숙박,6
8930e1c3327ffff,과학·기술,2
8930e1c3327ffff,소매,2
8930e1c3327ffff,시설관리·임대,2
8930e1c3327ffff,음식,1
8930e1c332bffff,교육,1
8930e1c332bffff,소매,2
8930e1c332bffff,시설관리·임대,1
8930e1c332fffff,과학·기술,1
8930e1c332fffff,수리·개인,1
8930e1c332fffff,시설관리·임대,1
8930e1c332fffff,음식,3
8930e1c3333ffff,음식,1
8930e1c3337ffff,과학·기술,1
8930e1c333bffff,과학·기술,6
8930e1c333bffff,교육,2
8930e1c333bffff,소매,11
8930e1c333bffff,수리·개인,3
8930e1c333bffff,숙박,3
8930e1c333bffff,시설관리·임대,1
8930e1c333bffff,예술·스포츠,1
8930e1c333bffff,음식,13
8930e1c3343ffff,과학·기술,5
8930e1c3343ffff,교육,5
8930e1c3343ffff,보건의료,1
8930e1c3343ffff,부동산,4
8930e1c3343ffff,소매,18
8930e1c3343ffff,수리·개인,15
8930e1c3343ffff,숙박,6
8930e1c3343ffff,시설관리·임대,3
8930e1c3343ffff,예술·스포츠,2
8930e1c3343ffff,음식,26
8930e1c3347ffff,과학·기술,6
8930e1c3347ffff,교육,6
8930e1c3347ffff,부동산,1
8930e1c3347ffff,소매,19
8930e1c3347ffff,수리·개인,10
8930e1c3347ffff,숙박,3
8930e1c3347ffff,시설관리·임대,4
8930e1c3347ffff,예술·스포츠,2
8930e1c3347ffff,음식,33
8930e1c334bffff,과학·기술,5
8930e1c334bffff,교육,11
8930e1c334bffff,보건의료,1
8930e1c334bffff,부동산,3
8930e1c334bffff,소매,9
8930e1c334bffff,수리·개인,5
8930e1c334bffff,숙박,1
8930e1c334bffff,음식,7
8930e1c334fffff,과학·기술,6
8930e1c334fffff,교육,2
8930e1c334fffff,보건의료,1
8930e1c334fffff,부동산,2
8930e1c334fffff,소매,13
8930e1c334fffff,수리·개인,6
8930e1c334fffff,숙박,2
8930e1c334fffff,시설관리·임대,1
8930e1c334fffff,예술·스포츠,1
8930e1c334fffff,음식,9
8930e1c3353ffff,과학·기술,6
8930e1c3353ffff,교육,15
8930e1c3353ffff,보건의료,4
8930e1c3353ffff,부동산,4
8930e1c3353ffff,소매,28
8930e1c3353ffff,수리·개인,8
8930e1c3353ffff,숙박,2
8930e1c3353ffff,시설관리·임대,7
8930e1c3353ffff,예술·스포츠,13
8930e1c3353ffff,음식,129
8930e1c3357ffff,과학·기술,1
8930e1c3357ffff,교육,4
8930e1c3357ffff,보건의료,1
8930e1c3357ffff,부동산,3
8930e1c3357ffff,소매,5
8930e1c3357ffff,수리·개인,2
8930e1c3357ffff,숙박,2
8930e1c3357ffff,시설관리·임대,5
8930e1c3357ffff,음식,32
8930e1c335bffff,과학·기술,13
8930e1c335bffff,교육,15
8930e1c335bffff,보건의료,5
8930e1c335bffff,부동산,5
8930e1c335bffff,소매,28
8930e1c335bffff,수리·개인,20
8930e1c335bffff,숙박,6
8930e1c335bffff,시설관리·임대,4
8930e1c335bffff,예술·스포츠,36
8930e1c335bffff,음식,156
8930e1c3363ffff,과학·기술,3
8930e1c3363ffff,교육,5
8930e1c3363ffff,보건의료,1
8930e1c3363ffff,부동산,6
8930e1c3363ffff,소매,17
8930e1c3363ffff,수리·개인,12
8930e1c3363ffff,숙박,2
8930e1c3363ffff,시설관리·임대,2
8930e1c3363ffff,예술·스포츠,1
8930e1c3363ffff,음식,20
8930e1c3367ffff,과학·기술,4
8930e1c3367ffff,교육,5
8930e1c3367ffff,보건의료,3
8930e1c3367ffff,부동산,4
8930e1c3367ffff,소매,23
8930e1c3367ffff,수리·개인,16
8930e1c3367ffff,숙박,1
8930e1c3367ffff,시설관리·임대,4
8930e1c3367ffff,예술·스포츠,3
8930e1c3367ffff,음식,21
8930e1c336bffff,과학·기술,5
8930e1c336bffff,교육,2
8930e1c336bffff,보건의료,1
8930e1c336bffff,부동산,2
8930e1c336bffff,소매,22
8930e1c336bffff,수리·개인,8
8930e1c336bffff,숙박,2
8930e1c336bffff,시설관리·임대,1
8930e1c336bffff,예술·스포츠,3
8930e1c336bffff,음식,17
8930e1c336fffff,과학·기술,16
8930e1c336fffff,보건의료,6
8930e1c336fffff,부동산,10
8930e1c336fffff,소매,42
8930e1c336fffff,수리·개인,15
8930e1c336fffff,숙박,12
8930e1c336fffff,시설관리·임대,3
8930e1c336fffff,예술·스포츠,6
8930e1c336fffff,음식,67
8930e1c3373ffff,과학·기술,3
8930e1c3373ffff,교육,10
8930e1c3373ffff,보건의료,1
8930e1c3373ffff,부동산,5
8930e1c3373ffff,소매,26
8930e1c3373ffff,수리·개인,7
8930e1c3373ffff,시설관리·임대,1
8930e1c3373ffff,예술·스포츠,1
8930e1c3373ffff,음식,14
8930e1c3377ffff,과학·기술,10
8930e1c3377ffff,교육,1
8930e1c3377ffff,부동산,4
8930e1c3377ffff,소매,10
8930e1c3377ffff,수리·개인,11
8930e1c3377ffff,시설관리·임대,1
8930e1c3377ffff,음식,4
8930e1c337bffff,과학·기술,14
8930e1c337bffff,교육,5
8930e1c337bffff,보건의료,2
8930e1c337bffff,부동산,2
8930e1c337bffff,소매,36
8930e1c337bffff,수리·개인,15
8930e1c337bffff,숙박,3
8930e1c337bffff,시설관리·임대,12
8930e1c337bffff,음식,9
8930e1c3383ffff,과학·기술,4
8930e1c3383ffff,교육,5
8930e1c3383ffff,부동산,4
8930e1c3383ffff,소매,9
8930e1c3383ffff,수리·개인,14
8930e1c3383ffff,예술·스포츠,2
8930e1c3383ffff,음식,8
8930e1c3387ffff,과학·기술,8
8930e1c3387ffff,교육,22
8930e1c3387ffff,보건의료,19
8930e1c3387ffff,부동산,13
8930e1c3387ffff,소매,64
8930e1c3387ffff,수리·개인,28
8930e1c3387ffff,숙박,4
8930e1c3387ffff,시설관리·임대,5
8930e1c3387ffff,예술·스포츠,24
8930e1c3387ffff,음식,83
8930e1c338fffff,과학·기술,8
8930e1c338fffff,교육,21
8930e1c338fffff,부동산,3
8930e1c338fffff,소매,20
8930e1c338fffff,수리·개인,7
8930e1c338fffff,숙박,1
8930e1c338fffff,시설관리·임대,3
8930e1c338fffff,음식,17
8930e1c3393ffff,부동산,1
8930e1c3393ffff,소매,1
8930e1c3397ffff,과학·기술,7
8930e1c3397ffff,교육,27
8930e1c3397ffff,보건의료,11
8930e1c3397ffff,부동산,4
8930e1c3397ffff,소매,24
8930e1c3397ffff,수리·개인,12
8930e1c3397ffff,숙박,2
8930e1c3397ffff,시설관리·임대,4
8930e1c3397ffff,예술·스포츠,8
8930e1c3397ffff,음식,25
8930e1c339bffff,과학·기술,5
8930e1c339bffff,교육,1
8930e1c339bffff,소매,3
8930e1c339bffff,수리·개인,3
8930e1c339bffff,숙박,1
8930e1c339bffff,예술·스포츠,1
8930e1c339bffff,음식,3
8930e1c33a3ffff,과학·기술,5
8930e1c33a3ffff,교육,6
8930e1c33a3ffff,부동산,5
8930e1c33a3ffff,소매,5
8930e1c33a3ffff,수리·개인,8
8930e1c33a3ffff,시설관리·임대,1
8930e1c33a3ffff,예술·스포츠,1
8930e1c33a3ffff,음식,9
8930e1c33a7ffff,과학·기술,5
8930e1c33a7ffff,교육,11
8930e1c33a7ffff,부동산,7
8930e1c33a7ffff,소매,5
8930e1c33a7ffff,수리·개인,12
8930e1c33a7ffff,시설관리·임대,3
8930e1c33a7ffff,음식,5
8930e1c33abffff,과학·기술,4
8930e1c33abffff,교육,1
8930e1c33abffff,소매,5
8930e1c33abffff,수리·개인,5
8930e1c33abffff,음식,3
8930e1c33afffff,부동산,1
8930e1c33afffff,수리·개인,1
8930e1c33b3ffff,과학·기술,5
8930e1c33b3ffff,교육,10
8930e1c33b3ffff,보건의료,1
8930e1c33b3ffff,부동산,9
8930e1c33b3ffff,소매,14
8930e1c33b3ffff,수리·개인,19
8930e1c33b3ffff,시설관리·임대,1
8930e1c33b3ffff,예술·스포츠,1
8930e1c33b3ffff,음식,19
8930e1c33b7ffff,과학·기술,3
8930e1c33b7ffff,보건의료,3
8930e1c33b7ffff,부동산,1
8930e1c33b7ffff,소매,15
8930e1c33b7ffff,수리·개인,8
8930e1c33b7ffff,시설관리·임대,1
8930e1c33b7ffff,예술·스포츠,2
8930e1c33b7ffff,음식,20
8930e1c33bbffff,과학·기술,3
8930e1c33bbffff,교육,8
8930e1c33bbffff,보건의료,2
8930e1c33bbffff,부동산,6
8930e1c33bbffff,소매,18
8930e1c33bbffff,수리·개인,9
8930e1c33bbffff,숙박,5
8930e1c33bbffff,시설관리·임대,3
8930e1c33bbffff,예술·스포츠,1
8930e1c33bbffff,음식,13
8930e1c33c3ffff,교육,1
8930e1c33cbffff,과학·기술,2
8930e1c33cbffff,교육,2
8930e1c33cbffff,소매,4
8930e1c33cbffff,수리·개인,3
8930e1c33cbffff,숙박,3
8930e1c33cbffff,시설관리·임대,1
8930e1c33cbffff,예술·스포츠,1
8930e1c33cbffff,음식,13
8930e1c33cfffff,과학·기술,11
8930e1c33cfffff,교육,12
8930e1c33cfffff,소매,16
8930e1c33cfffff,수리·개인,1
8930e1c33cfffff,숙박,1
8930e1c33cfffff,시설관리·임대,10
8930e1c33cfffff,음식,32
8930e1c3403ffff,과학·기술,2
8930e1c3403ffff,교육,1
8930e1c3403ffff,부동산,1
8930e1c3403ffff,소매,5
8930e1c3403ffff,수리·개인,4
8930e1c3403ffff,음식,14
8930e1c3407ffff,과학·기술,1
8930e1c3407ffff,교육,7
8930e1c3407ffff,보건의료,4
8930e1c3407ffff,부동산,3
8930e1c3407ffff,소매,22
8930e1c3407ffff,수리·개인,13
8930e1c3407ffff,시설관리·임대,2
8930e1c3407ffff,예술·스포츠,2
8930e1c3407ffff,음식,9
8930e1c340bffff,소매,1
8930e1c340fffff,과학·기술,2
8930e1c340fffff,수리·개인,1
8930e1c340fffff,음식,1
8930e1c3413ffff,과학·기술,3
8930e1c3413ffff,교육,2
8930e1c3413ffff,소매,12
8930e1c3413ffff,수리·개인,1
8930e1c3413ffff,숙박,1
8930e1c3413ffff,음식,8
8930e1c3417ffff,과학·기술,1
8930e1c3417ffff,소매,2
8930e1c3417ffff,시설관리·임대,1
8930e1c3417ffff,음식,1
8930e1c341bffff,과학·기술,1
8930e1c341bffff,소매,1
8930e1c341bffff,수리·개인,1
8930e1c3423ffff,교육,15
8930e1c3423ffff,보건의료,1
8930e1c3423ffff,부동산,4
8930e1c3423ffff,소매,4
8930e1c3423ffff,수리·개인,2
8930e1c3423ffff,예술·스포츠,3
8930e1c3423ffff,음식,5
8930e1c3427ffff,과학·기술,1
8930e1c3427ffff,교육,11
8930e1c3427ffff,보건의료,1
8930e1c3427ffff,부동산,6
8930e1c3427ffff,소매,9
8930e1c3427ffff,수리·개인,5
8930e1c3427ffff,음식,12
8930e1c342bffff,과학·기술,4
8930e1c342bffff,교육,2
8930e1c342bffff,부동산,6
8930e1c342bffff,소매,6
8930e1c342bffff,수리·개인,5
8930e1c342bffff,숙박,3
8930e1c342bffff,시설관리·임대,1
8930e1c342bffff,예술·스포츠,4
8930e1c342bffff,음식,7
8930e1c342fffff,교육,4
8930e1c342fffff,수리·개인,2
8930e1c3433ffff,과학·기술,1
8930e1c3433ffff,교육,10
8930e1c3433ffff,보건의료,1
8930e1c3433ffff,부동산,4
8930e1c3433ffff,소매,7
8930e1c3433ffff,수리·개인,2
8930e1c3433ffff,음식,2
8930e1c3437ffff,과학·기술,1
8930e1c3437ffff,음식,1
8930e1c343bffff,교육,1
8930e1c343bffff,부동산,3
8930e1c343bffff,소매,6
8930e1c343bffff,시설관리·임대,1
8930e1c343bffff,음식,3
8930e1c3443ffff,과학·기술,12
8930e1c3443ffff,교육,5
8930e1c3443ffff,소매,17
8930e1c3443ffff,수리·개인,1
8930e1c3443ffff,숙박,1
8930e1c3443ffff,시설관리·임대,3
8930e1c3443ffff,예술·스포츠,1
8930e1c3443ffff,음식,14
8930e1c3447ffff,과학·기술,1
8930e1c3447ffff,교육,3
8930e1c3447ffff,수리·개인,1
8930e1c3447ffff,시설관리·임대,1
8930e1c3447ffff,음식,4
8930e1c344bffff,과학·기술,5
8930e1c344bffff,소매,2
8930e1c344bffff,수리·개인,1
8930e1c344bffff,숙박,1
8930e1c344bffff,시설관리·임대,1
8930e1c344bffff,음식,1
8930e1c344fffff,과학·기술,1
8930e1c344fffff,교육,3
8930e1c344fffff,보건의료,2
8930e1c344fffff,부동산,3
8930e1c344fffff,소매,8
8930e1c344fffff,수리·개인,6
8930e1c344fffff,숙박,1
8930e1c344fffff,시설관리·임대,1
8930e1c344fffff,예술·스포츠,3
8930e1c344fffff,음식,23
8930e1c3453ffff,과학·기술,3
8930e1c3453ffff,예술·스포츠,1
8930e1c3453ffff,음식,3
8930e1c3457ffff,수리·개인,1
8930e1c345bffff,소매,1
8930e1c3463ffff,과학·기술,8
8930e1c3463ffff,교육,5
8930e1c3463ffff,부동산,6
8930e1c3463ffff,소매,10
8930e1c3463ffff,수리·개인,18
8930e1c3463ffff,음식,13
8930e1c3467ffff,과학·기술,7
8930e1c3467ffff,교육,7
8930e1c3467ffff,보건의료,5
8930e1c3467ffff,부동산,8
8930e1c3467ffff,소매,20
8930e1c3467ffff,수리·개인,14
8930e1c3467ffff,시설관리·임대,4
8930e1c3467ffff,예술·스포츠,11
8930e1c3467ffff,음식,46
8930e1c346bffff,과학·기술,1
8930e1c346bffff,부동산,3
8930e1c346bffff,소매,4
8930e1c346bffff,수리·개인,5
8930e1c346bffff,숙박,1
8930e1c346bffff,시설관리·임대,1
8930e1c346bffff,예술·스포츠,2
8930e1c346bffff,음식,5
8930e1c346fffff,과학·기술,3
8930e1c346fffff,교육,7
8930e1c346fffff,보건의료,17
8930e1c346fffff,부동산,6
8930e1c346fffff,소매,64
8930e1c346fffff,수리·개인,23
8930e1c346fffff,시설관리·임대,4
8930e1c346fffff,예술·스포츠,15
8930e1c346fffff,음식,99
8930e1c3473ffff,과학·기술,5
8930e1c3473ffff,교육,1
8930e1c3473ffff,소매,3
8930e1c3473ffff,수리·개인,3
8930e1c3473ffff,숙박,2
8930e1c3473ffff,시설관리·임대,1
8930e1c3477ffff,과학·기술,8
8930e1c3477ffff,교육,2
8930e1c3477ffff,부동산,3
8930e1c3477ffff,소매,6
8930e1c3477ffff,수리·개인,3
8930e1c3477ffff,시설관리·임대,3
8930e1c3477ffff,예술·스포츠,2
8930e1c3477ffff,음식,8
8930e1c347bffff,과학·기술,8
8930e1c347bffff,교육,4
8930e1c347bffff,보건의료,1
8930e1c347bffff,부동산,2
8930e1c347bffff,소매,9
8930e1c347bffff,수리·개인,3
8930e1c347bffff,숙박,2
8930e1c347bffff,시설관리·임대,1
8930e1c347bffff,예술·스포츠,2
8930e1c347bffff,음식,17
8930e1c348bffff,소매,1
8930e1c34afffff,수리·개인,1
8930e1c3503ffff,과학·기술,5
8930e1c3503ffff,교육,6
8930e1c3503ffff,보건의료,2
8930e1c3503ffff,소매,24
8930e1c3503ffff,수리·개인,14
8930e1c3503ffff,숙박,6
8930e1c3503ffff,시설관리·임대,3
8930e1c3503ffff,예술·스포츠,5
8930e1c3503ffff,음식,21
8930e1c3507ffff,과학·기술,9
8930e1c3507ffff,교육,2
8930e1c3507ffff,보건의료,1
8930e1c3507ffff,부동산,4
8930e1c3507ffff,소매,25
8930e1c3507ffff,수리·개인,19
8930e1c3507ffff,시설관리·임대,7
8930e1c3507ffff,예술·스포츠,12
8930e1c3507ffff,음식,43
8930e1c350bffff,과학·기술,6
8930e1c350bffff,교육,9
8930e1c350bffff,보건의료,19
8930e1c350bffff,부동산,9
8930e1c350bffff,소매,35
8930e1c350bffff,수리·개인,26
8930e1c350bffff,숙박,5
8930e1c350bffff,시설관리·임대,4
8930e1c350bffff,예술·스포츠,12
8930e1c350bffff,음식,45
8930e1c350fffff,과학·기술,4
8930e1c350fffff,교육,2
8930e1c350fffff,부동산,2
8930e1c350fffff,소매,11
8930e1c350fffff,수리·개인,9
8930e1c350fffff,시설관리·임대,2
8930e1c350fffff,음식,3
8930e1c3513ffff,과학·기술,9
8930e1c3513ffff,교육,4
8930e1c3513ffff,보건의료,18
8930e1c3513ffff,부동산,6
8930e1c3513ffff,소매,39
8930e1c3513ffff,수리·개인,22
8930e1c3513ffff,시설관리·임대,2
8930e1c3513ffff,예술·스포츠,5
8930e1c3513ffff,음식,49
8930e1c3517ffff,과학·기술,1
8930e1c3517ffff,부동산,3
8930e1c3517ffff,소매,2
8930e1c3517ffff,수리·개인,1
8930e1c3517ffff,시설관리·임대,1
8930e1c3517ffff,음식,1
8930e1c351bffff,과학·기술,3
8930e1c351bffff,교육,4
8930e1c351bffff,소매,14
8930e1c351bffff,수리·개인,6
8930e1c351bffff,시설관리·임대,3
8930e1c351bffff,음식,9
8930e1c3523ffff,과학·기술,5
8930e1c3523ffff,교육,26
8930e1c3523ffff,보건의료,10
8930e1c3523ffff,부동산,5
8930e1c3523ffff,소매,19
8930e1c3523ffff,수리·개인,19
8930e1c3523ffff,숙박,1
8930e1c3523ffff,시설관리·임대,2
8930e1c3523ffff,예술·스포츠,6
8930e1c3523ffff,음식,45
8930e1c3527ffff,과학·기술,3
8930e1c3527ffff,교육,2
8930e1c3527ffff,보건의료,2
8930e1c3527ffff,부동산,2
8930e1c3527ffff,소매,8
8930e1c3527ffff,수리·개인,3
8930e1c3527ffff,시설관리·임대,2
8930e1c3527ffff,예술·스포츠,1
8930e1c3527ffff,음식,5
8930e1c352bffff,과학·기술,48
8930e1c352bffff,교육,22
8930e1c352bffff,보건의료,6
8930e1c352bffff,부동산,10
8930e1c352bffff,소매,49
8930e1c352bffff,수리·개인,33
8930e1c352bffff,숙박,3
8930e1c352bffff,시설관리·임대,14
8930e1c352bffff,예술·스포츠,10
8930e1c352bffff,음식,59
8930e1c352fffff,과학·기술,3
8930e1c352fffff,교육,13
8930e1c352fffff,부동산,2
8930e1c352fffff,소매,8
8930e1c352fffff,수리·개인,2
8930e1c352fffff,시설관리·임대,3
8930e1c352fffff,예술·스포츠,1
8930e1c352fffff,음식,7
8930e1c3533ffff,과학·기술,43
8930e1c3533ffff,교육,18
8930e1c3533ffff,보건의료,26
8930e1c3533ffff,부동산,20
8930e1c3533ffff,소매,74
8930e1c3533ffff,수리·개인,62
8930e1c3533ffff,숙박,4
8930e1c3533ffff,시설관리·임대,28
8930e1c3533ffff,예술·스포츠,24
8930e1c3533ffff,음식,123
8930e1c3537ffff,과학·기술,2
8930e1c3537ffff,교육,2
8930e1c3537ffff,부동산,1
8930e1c3537ffff,소매,3
8930e1c3537ffff,수리·개인,1
8930e1c3537ffff,숙박,1
8930e1c3537ffff,시설관리·임대,3
8930e1c3537ffff,예술·스포츠,1
8930e1c3537ffff,음식,3
8930e1c353bffff,과학·기술,9
8930e1c353bffff,교육,10
8930e1c353bffff,보건의료,7
8930e1c353bffff,부동산,6
8930e1c353bffff,소매,27
8930e1c353bffff,수리·개인,24
8930e1c353bffff,숙박,1
8930e1c353bffff,시설관리·임대,4
8930e1c353bffff,예술·스포츠,8
8930e1c353bffff,음식,34
8930e1c3543ffff,과학·기술,2
8930e1c3543ffff,교육,12
8930e1c3543ffff,부동산,3
8930e1c3543ffff,소매,2
8930e1c3543ffff,수리·개인,2
8930e1c3543ffff,예술·스포츠,4
8930e1c3547ffff,과학·기술,7
8930e1c3547ffff,교육,26
8930e1c3547ffff,보건의료,15
8930e1c3547ffff,부동산,7
8930e1c3547ffff,소매,57
8930e1c3547ffff,수리·개인,19
8930e1c3547ffff,시설관리·임대,5
8930e1c3547ffff,예술·스포츠,15
8930e1c3547ffff,음식,65
8930e1c354bffff,교육,1
8930e1c354bffff,소매,1
8930e1c354bffff,음식,1
8930e1c354fffff,과학·기술,2
8930e1c354fffff,교육,6
8930e1c354fffff,보건의료,1
8930e1c354fffff,부동산,1
8930e1c354fffff,소매,4
8930e1c354fffff,수리·개인,3
8930e1c354fffff,음식,9
8930e1c3553ffff,과학·기술,3
8930e1c3553ffff,교육,14
8930e1c3553ffff,보건의료,7
8930e1c3553ffff,부동산,1
8930e1c3553ffff,소매,7
8930e1c3553ffff,수리·개인,5
8930e1c3553ffff,시설관리·임대,1
8930e1c3553ffff,예술·스포츠,1
8930e1c3553ffff,음식,11
8930e1c3557ffff,과학·기술,3
8930e1c3557ffff,교육,13
8930e1c3557ffff,보건의료,12
8930e1c3557ffff,부동산,5
8930e1c3557ffff,소매,28
8930e1c3557ffff,수리·개인,17
8930e1c3557ffff,시설관리·임대,5
8930e1c3557ffff,예술·스포츠,12
8930e1c3557ffff,음식,58
8930e1c355bffff,과학·기술,11
8930e1c355bffff,교육,14
8930e1c355bffff,보건의료,4
8930e1c355bffff,소매,11
8930e1c355bffff,수리·개인,6
8930e1c355bffff,시설관리·임대,4
8930e1c355bffff,예술·스포츠,3
8930e1c355bffff,음식,11
8930e1c3563ffff,과학·기술,9
8930e1c3563ffff,교육,3
8930e1c3563ffff,보건의료,1
8930e1c3563ffff,부동산,3
8930e1c3563ffff,소매,19
8930e1c3563ffff,수리·개인,14
8930e1c3563ffff,숙박,1
8930e1c3563ffff,시설관리·임대,4
8930e1c3563ffff,예술·스포츠,2
8930e1c3563ffff,음식,10
8930e1c3567ffff,과학·기술,27
8930e1c3567ffff,교육,2
8930e1c3567ffff,보건의료,2
8930e1c3567ffff,부동산,7
8930e1c3567ffff,소매,13
8930e1c3567ffff,수리·개인,13
8930e1c3567ffff,숙박,1
8930e1c3567ffff,시설관리·임대,4
8930e1c3567ffff,예술·스포츠,6
8930e1c3567ffff,음식,17
8930e1c356bffff,과학·기술,11
8930e1c356bffff,교육,8
8930e1c356bffff,부동산,5
8930e1c356bffff,소매,9
8930e1c356bffff,수리·개인,6
8930e1c356bffff,시설관리·임대,5
8930e1c356bffff,음식,5
8930e1c356fffff,과학·기술,6
8930e1c356fffff,교육,1
8930e1c356fffff,보건의료,1
8930e1c356fffff,부동산,12
8930e1c356fffff,소매,42
8930e1c356fffff,수리·개인,39
8930e1c356fffff,숙박,4
8930e1c356fffff,시설관리·임대,4
8930e1c356fffff,예술·스포츠,6
8930e1c356fffff,음식,53
8930e1c3573ffff,과학·기술,8
8930e1c3573ffff,교육,10
8930e1c3573ffff,보건의료,5
8930e1c3573ffff,부동산,6
8930e1c3573ffff,소매,19
8930e1c3573ffff,수리·개인,10
8930e1c3573ffff,숙박,3
8930e1c3573ffff,시설관리·임대,5
8930e1c3573ffff,예술·스포츠,3
8930e1c3573ffff,음식,39
8930e1c3577ffff,과학·기술,5
8930e1c3577ffff,교육,3
8930e1c3577ffff,부동산,3
8930e1c3577ffff,소매,16
8930e1c3577ffff,수리·개인,11
8930e1c3577ffff,시설관리·임대,2
8930e1c3577ffff,음식,10
8930e1c357bffff,과학·기술,6
8930e1c357bffff,교육,1
8930e1c357bffff,부동산,15
8930e1c357bffff,소매,9
8930e1c357bffff,수리·개인,15
8930e1c357bffff,시설관리·임대,3
8930e1c357bffff,음식,25
8930e1c3583ffff,과학·기술,2
8930e1c3583ffff,교육,3
8930e1c3583ffff,부동산,2
8930e1c3583ffff,소매,17
8930e1c3583ffff,수리·개인,12
8930e1c3583ffff,시설관리·임대,1
8930e1c3583ffff,예술·스포츠,2
8930e1c3583ffff,음식,16
8930e1c3587ffff,과학·기술,8
8930e1c3587ffff,교육,8
8930e1c3587ffff,보건의료,6
8930e1c3587ffff,부동산,8
8930e1c3587ffff,소매,35
8930e1c3587ffff,수리·개인,15
8930e1c3587ffff,숙박,1
8930e1c3587ffff,시설관리·임대,6
8930e1c3587ffff,예술·스포츠,2
8930e1c3587ffff,음식,27
8930e1c358bffff,과학·기술,5
8930e1c358bffff,교육,3
8930e1c358bffff,부동산,2
8930e1c358bffff,소매,4
8930e1c358bffff,수리·개인,3
8930e1c358fffff,과학·기술,4
8930e1c358fffff,교육,5
8930e1c358fffff,보건의료,2
8930e1c358fffff,부동산,4
8930e1c358fffff,소매,14
8930e1c358fffff,수리·개인,14
8930e1c358fffff,숙박,2
8930e1c358fffff,시설관리·임대,2
8930e1c358fffff,예술·스포츠,5
8930e1c358fffff,음식,20
8930e1c3593ffff,과학·기술,2
8930e1c3593ffff,교육,8
8930e1c3593ffff,보건의료,1
8930e1c3593ffff,소매,11
8930e1c3593ffff,수리·개인,7
8930e1c3593ffff,예술·스포츠,3
8930e1c3593ffff,음식,8
8930e1c3597ffff,과학·기술,9
8930e1c3597ffff,교육,2
8930e1c3597ffff,부동산,5
8930e1c3597ffff,소매,16
8930e1c3597ffff,수리·개인,15
8930e1c3597ffff,예술·스포츠,4
8930e1c3597ffff,음식,21
8930e1c359bffff,과학·기술,3
8930e1c359bffff,교육,2
8930e1c359bffff,부동산,2
8930e1c359bffff,수리·개인,1
8930e1c359bffff,시설관리·임대,3
8930e1c359bffff,음식,3
8930e1c35a3ffff,과학·기술,9
8930e1c35a3ffff,교육,7
8930e1c35a3ffff,보건의료,27
8930e1c35a3ffff,부동산,7
8930e1c35a3ffff,소매,225
8930e1c35a3ffff,수리·개인,29
8930e1c35a3ffff,숙박,5
8930e1c35a3ffff,시설관리·임대,4
8930e1c35a3ffff,예술·스포츠,16
8930e1c35a3ffff,음식,113
8930e1c35a7ffff,과학·기술,8
8930e1c35a7ffff,교육,6
8930e1c35a7ffff,부동산,3
8930e1c35a7ffff,소매,11
8930e1c35a7ffff,수리·개인,10
8930e1c35a7ffff,시설관리·임대,2
8930e1c35a7ffff,예술·스포츠,2
8930e1c35a7ffff,음식,35
8930e1c35abffff,과학·기술,9
8930e1c35abffff,교육,5
8930e1c35abffff,부동산,11
8930e1c35abffff,소매,21
8930e1c35abffff,수리·개인,27
8930e1c35abffff,숙박,2
8930e1c35abffff,시설관리·임대,6
8930e1c35abffff,음식,12
8930e1c35afffff,과학·기술,1
8930e1c35afffff,교육,4
8930e1c35afffff,보건의료,4
8930e1c35afffff,소매,7
8930e1c35afffff,수리·개인,3
8930e1c35afffff,예술·스포츠,1
8930e1c35afffff,음식,3
8930e1c35b3ffff,과학·기술,1
8930e1c35b3ffff,교육,4
8930e1c35b3ffff,보건의료,1
8930e1c35b3ffff,부동산,5
8930e1c35b3ffff,소매,28
8930e1c35b3ffff,수리·개인,22
8930e1c35b3ffff,숙박,1
8930e1c35b3ffff,시설관리·임대,3
8930e1c35b3ffff,예술·스포츠,1
8930e1c35b3ffff,음식,18
8930e1c35b7ffff,과학·기술,30
8930e1c35b7ffff,교육,6
8930e1c35b7ffff,보건의료,5
8930e1c35b7ffff,부동산,14
8930e1c35b7ffff,소매,42
8930e1c35b7ffff,수리·개인,19
8930e1c35b7ffff,숙박,19
8930e1c35b7ffff,시설관리·임대,3
8930e1c35b7ffff,예술·스포츠,17
8930e1c35b7ffff,음식,70
8930e1c35bbffff,과학·기술,8
8930e1c35bbffff,교육,4
8930e1c35bbffff,보건의료,1
8930e1c35bbffff,부동산,4
8930e1c35bbffff,소매,18
8930e1c35bbffff,수리·개인,14
8930e1c35bbffff,숙박,1
8930e1c35bbffff,시설관리·임대,4
8930e1c35bbffff,음식,12
8930e1c35c3ffff,과학·기술,2
8930e1c35c3ffff,교육,1
8930e1c35c3ffff,부동산,1
8930e1c35c3ffff,소매,4
8930e1c35c3ffff,수리·개인,2
8930e1c35c7ffff,과학·기술,3
8930e1c35c7ffff,교육,1
8930e1c35c7ffff,소매,6
8930e1c35c7ffff,수리·개인,2
8930e1c35c7ffff,음식,1
8930e1c35cbffff,과학·기술,3
8930e1c35cbffff,교육,33
8930e1c35cbffff,부동산,12
8930e1c35cbffff,소매,14
8930e1c35cbffff,수리·개인,19
8930e1c35cbffff,예술·스포츠,1
8930e1c35cbffff,음식,11
8930e1c35cfffff,과학·기술,5
8930e1c35cfffff,교육,3
8930e1c35cfffff,부동산,1
8930e1c35cfffff,소매,7
8930e1c35cfffff,수리·개인,5
8930e1c35cfffff,시설관리·임대,4
8930e1c35cfffff,예술·스포츠,1
8930e1c35cfffff,음식,1
8930e1c35d3ffff,수리·개인,1
8930e1c35d7ffff,과학·기술,1
8930e1c35d7ffff,교육,1
8930e1c35d7ffff,소매,3
8930e1c35d7ffff,수리·개인,5
8930e1c35d7ffff,시설관리·임대,2
8930e1c35d7ffff,음식,1
8930e1c3603ffff,과학·기술,1
8930e1c3603ffff,부동산,2
8930e1c3603ffff,소매,5
8930e1c3603ffff,수리·개인,1
8930e1c3603ffff,숙박,1
8930e1c3603ffff,시설관리·임대,2
8930e1c3603ffff,음식,1
8930e1c3607ffff,소매,1
8930e1c360bffff,과학·기술,16
8930e1c360bffff,교육,8
8930e1c360bffff,부동산,4
8930e1c360bffff,소매,17
8930e1c360bffff,수리·개인,7
8930e1c360bffff,숙박,2
8930e1c360bffff,시설관리·임대,3
8930e1c360bffff,음식,20
8930e1c360fffff,과학·기술,8
8930e1c360fffff,교육,5
8930e1c360fffff,소매,4
8930e1c360fffff,수리·개인,1
8930e1c360fffff,시설관리·임대,1
8930e1c360fffff,음식,4
8930e1c3613ffff,과학·기술,1
8930e1c3617ffff,과학·기술,1
8930e1c3617ffff,음식,1
8930e1c361bffff,과학·기술,3
8930e1c361bffff,보건의료,2
8930e1c361bffff,소매,5
8930e1c361bffff,시설관리·임대,1
8930e1c361bffff,음식,1
8930e1c3627ffff,교육,1
8930e1c3627ffff,부동산,2
8930e1c3627ffff,소매,5
8930e1c3627ffff,음식,4
8930e1c362bffff,소매,1
8930e1c362fffff,예술·스포츠,1
8930e1c362fffff,음식,2
8930e1c3633ffff,과학·기술,1
8930e1c3633ffff,교육,3
8930e1c3633ffff,보건의료,2
8930e1c3633ffff,소매,2
8930e1c3633ffff,수리·개인,1
8930e1c3633ffff,숙박,1
8930e1c3633ffff,시설관리·임대,1
8930e1c3633ffff,예술·스포츠,1
8930e1c3633ffff,음식,1
8930e1c3637ffff,교육,1
8930e1c3637ffff,소매,4
8930e1c3637ffff,수리·개인,2
8930e1c3637ffff,숙박,1
8930e1c3637ffff,음식,1
8930e1c363bffff,부동산,1
8930e1c363bffff,음식,2
8930e1c3643ffff,과학·기술,9
8930e1c3643ffff,교육,3
8930e1c3643ffff,소매,8
8930e1c3643ffff,수리·개인,6
8930e1c3643ffff,숙박,6
8930e1c3643ffff,시설관리·임대,3
8930e1c3643ffff,음식,7
8930e1c3647ffff,과학·기술,2
8930e1c3647ffff,교육,12
8930e1c3647ffff,보건의료,1
8930e1c3647ffff,소매,10
8930e1c3647ffff,수리·개인,1
8930e1c3647ffff,숙박,5
8930e1c3647ffff,예술·스포츠,3
8930e1c3647ffff,음식,9
8930e1c364bffff,과학·기술,8
8930e1c364bffff,교육,4
8930e1c364bffff,보건의료,4
8930e1c364bffff,부동산,5
8930e1c364bffff,소매,23
8930e1c364bffff,수리·개인,12
8930e1c364bffff,숙박,10
8930e1c364bffff,시설관리·임대,3
8930e1c364bffff,예술·스포츠,5
8930e1c364bffff,음식,33
8930e1c364fffff,과학·기술,15
8930e1c364fffff,교육,13
8930e1c364fffff,부동산,3
8930e1c364fffff,소매,14
8930e1c364fffff,수리·개인,10
8930e1c364fffff,숙박,2
8930e1c364fffff,시설관리·임대,2
8930e1c364fffff,예술·스포츠,3
8930e1c364fffff,음식,14
8930e1c3653ffff,과학·기술,6
8930e1c3653ffff,교육,3
8930e1c3653ffff,소매,2
8930e1c3653ffff,수리·개인,2
8930e1c3653ffff,숙박,1
8930e1c3653ffff,시설관리·임대,3
8930e1c3653ffff,음식,5
8930e1c3657ffff,과학·기술,12
8930e1c3657ffff,교육,2
8930e1c3657ffff,부동산,1
8930e1c3657ffff,소매,14
8930e1c3657ffff,수리·개인,1
8930e1c3657ffff,숙박,1
8930e1c3657ffff,시설관리·임대,3
8930e1c3657ffff,예술·스포츠,1
8930e1c3657ffff,음식,25
8930e1c365bffff,과학·기술,1
8930e1c365bffff,교육,1
8930e1c365bffff,소매,8
8930e1c365bffff,수리·개인,7
8930e1c365bffff,숙박,2
8930e1c365bffff,시설관리·임대,2
8930e1c365bffff,예술·스포츠,1
8930e1c365bffff,음식,34
8930e1c3663ffff,과학·기술,26
8930e1c3663ffff,교육,16
8930e1c3663ffff,보건의료,8
8930e1c3663ffff,부동산,12
8930e1c3663ffff,소매,43
8930e1c3663ffff,수리·개인,23
8930e1c3663ffff,숙박,3
8930e1c3663ffff,시설관리·임대,4
8930e1c3663ffff,예술·스포츠,10
8930e1c3663ffff,음식,54
8930e1c3667ffff,과학·기술,8
8930e1c3667ffff,교육,3
8930e1c3667ffff,소매,3
8930e1c3667ffff,수리·개인,3
8930e1c3667ffff,숙박,1
8930e1c3667ffff,시설관리·임대,2
8930e1c3667ffff,음식,1
8930e1c366bffff,과학·기술,14
8930e1c366bffff,교육,7
8930e1c366bffff,보건의료,2
8930e1c366bffff,부동산,3
8930e1c366bffff,소매,12
8930e1c366bffff,수리·개인,5
8930e1c366bffff,숙박,5
8930e1c366bffff,시설관리·임대,1
8930e1c366bffff,음식,26
8930e1c366fffff,과학·기술,23
8930e1c366fffff,교육,30
8930e1c366fffff,보건의료,29
8930e1c366fffff,부동산,3
8930e1c366fffff,소매,75
8930e1c366fffff,수리·개인,23
8930e1c366fffff,숙박,6
8930e1c366fffff,시설관리·임대,10
8930e1c366fffff,예술·스포츠,15
8930e1c366fffff,음식,116
8930e1c3673ffff,과학·기술,19
8930e1c3673ffff,교육,8
8930e1c3673ffff,보건의료,1
8930e1c3673ffff,부동산,8
8930e1c3673ffff,소매,23
8930e1c3673ffff,수리·개인,9
8930e1c3673ffff,숙박,2
8930e1c3673ffff,시설관리·임대,3
8930e1c3673ffff,예술·스포츠,2
8930e1c3673ffff,음식,20
8930e1c3677ffff,과학·기술,3
8930e1c3677ffff,교육,1
8930e1c3677ffff,소매,3
8930e1c3677ffff,숙박,3
8930e1c3677ffff,음식,1
8930e1c367bffff,과학·기술,9
8930e1c367bffff,교육,4
8930e1c367bffff,숙박,2
8930e1c367bffff,음식,3
8930e1c3683ffff,소매,1
8930e1c3687ffff,부동산,1
8930e1c3687ffff,소매,2
8930e1c3687ffff,수리·개인,1
8930e1c3687ffff,예술·스포츠,2
8930e1c3687ffff,음식,6
8930e1c368bffff,과학·기술,2
8930e1c368bffff,소매,2
8930e1c368fffff,과학·기술,4
8930e1c368fffff,교육,1
8930e1c368fffff,부동산,1
8930e1c36b3ffff,과학·기술,2
8930e1c36b3ffff,소매,1
8930e1c36b7ffff,교육,1
8930e1c36b7ffff,소매,2
8930e1c36b7ffff,음식,1
8930e1c36c3ffff,과학·기술,5
8930e1c36c3ffff,교육,3
8930e1c36c3ffff,소매,1
8930e1c36c3ffff,숙박,1
8930e1c36c3ffff,음식,2
8930e1c36c7ffff,과학·기술,1
8930e1c36c7ffff,부동산,1
8930e1c36c7ffff,소매,3
8930e1c36cbffff,과학·기술,4
8930e1c36cbffff,교육,2
8930e1c36cbffff,소매,4
8930e1c36cbffff,시설관리·임대,1
8930e1c36cbffff,음식,2
8930e1c36cfffff,과학·기술,6
8930e1c36cfffff,교육,2
8930e1c36cfffff,부동산,1
8930e1c36cfffff,소매,5
8930e1c36cfffff,수리·개인,1
8930e1c36cfffff,시설관리·임대,1
8930e1c36cfffff,예술·스포츠,1
8930e1c36cfffff,음식,19
8930e1c36d3ffff,과학·기술,1
8930e1c36d3ffff,부동산,1
8930e1c36d3ffff,소매,1
8930e1c36d7ffff,과학·기술,3
8930e1c36d7ffff,교육,1
8930e1c36d7ffff,부동산,1
8930e1c36d7ffff,소매,4
8930e1c36d7ffff,시설관리·임대,1
8930e1c36dbffff,과학·기술,3
8930e1c36dbffff,교육,1
8930e1c36dbffff,소매,5
8930e1c36dbffff,음식,5
8930e1c804fffff,소매,1
8930e1c8093ffff,과학·기술,4
8930e1c8093ffff,부동산,2
8930e1c8093ffff,수리·개인,1
8930e1c8097ffff,과학·기술,2
8930e1c8097ffff,교육,1
8930e1c8097ffff,부동산,1
8930e1c8097ffff,소매,1
8930e1c8097ffff,시설관리·임대,1
8930e1c809bffff,과학·기술,18
8930e1c809bffff,교육,5
8930e1c809bffff,소매,10
8930e1c809bffff,수리·개인,3
8930e1c809bffff,시설관리·임대,2
8930e1c809bffff,예술·스포츠,2
8930e1c809bffff,음식,3
8930e1c80a7ffff,과학·기술,3
8930e1c80a7ffff,교육,1
8930e1c80a7ffff,소매,14
8930e1c80a7ffff,수리·개인,1
8930e1c80a7ffff,음식,1
8930e1c80b7ffff,소매,2
8930e1c812fffff,소매,1
8930e1c8143ffff,소매,1
8930e1c8167ffff,과학·기술,4
8930e1c8167ffff,부동산,2
8930e1c8167ffff,소매,4
8930e1c8167ffff,수리·개인,1
8930e1c8167ffff,음식,2
8930e1c816bffff,과학·기술,1
8930e1c816bffff,소매,1
8930e1c816bffff,예술·스포츠,1
8930e1c8183ffff,과학·기술,1
8930e1c8183ffff,교육,9
8930e1c8183ffff,부동산,1
8930e1c8183ffff,수리·개인,1
8930e1c8183ffff,예술·스포츠,1
8930e1c8183ffff,음식,1
8930e1c8187ffff,과학·기술,4
8930e1c8187ffff,교육,4
8930e1c8187ffff,보건의료,2
8930e1c8187ffff,소매,3
8930e1c8187ffff,수리·개인,5
8930e1c8187ffff,시설관리·임대,1
8930e1c8187ffff,예술·스포츠,2
8930e1c8187ffff,음식,1
8930e1c81a3ffff,과학·기술,3
8930e1c81a3ffff,교육,24
8930e1c81a3ffff,보건의료,6
8930e1c81a3ffff,부동산,6
8930e1c81a3ffff,소매,18
8930e1c81a3ffff,수리·개인,5
8930e1c81a3ffff,예술·스포츠,5
8930e1c81a3ffff,음식,10
8930e1c81a7ffff,과학·기술,1
8930e1c81a7ffff,교육,5
8930e1c81a7ffff,보건의료,1
8930e1c81a7ffff,부동산,4
8930e1c81a7ffff,소매,1
8930e1c81a7ffff,수리·개인,3
8930e1c81a7ffff,시설관리·임대,1
8930e1c81a7ffff,예술·스포츠,1
8930e1c81a7ffff,음식,6
8930e1c81abffff,교육,6
8930e1c81abffff,부동산,3
8930e1c81abffff,소매,2
8930e1c81abffff,수리·개인,1
8930e1c81abffff,시설관리·임대,2
8930e1c81abffff,예술·스포츠,1
8930e1c81abffff,음식,2
8930e1c81b3ffff,과학·기술,2
8930e1c81b3ffff,교육,2
8930e1c81b3ffff,보건의료,1
8930e1c81b3ffff,부동산,7
8930e1c81b3ffff,소매,11
8930e1c81b3ffff,수리·개인,7
8930e1c81b3ffff,예술·스포츠,1
8930e1c81b3ffff,음식,5
8930e1c81b7ffff,과학·기술,1
8930e1c81b7ffff,교육,4
8930e1c81b7ffff,보건의료,4
8930e1c81b7ffff,부동산,3
8930e1c81b7ffff,소매,23
8930e1c81b7ffff,수리·개인,8
8930e1c81b7ffff,시설관리·임대,1
8930e1c81b7ffff,예술·스포츠,1
8930e1c81b7ffff,음식,7
8930e1c81bbffff,소매,1
8930e1c81bbffff,음식,1
8930e1c8213ffff,교육,3
8930e1c8213ffff,부동산,1
8930e1c8213ffff,소매,1
8930e1c8213ffff,수리·개인,1
8930e1c821bffff,과학·기술,9
8930e1c821bffff,교육,2
8930e1c821bffff,소매,6
8930e1c821bffff,음식,6
8930e1c8233ffff,과학·기술,7
8930e1c8233ffff,소매,1
8930e1c8243ffff,교육,1
8930e1c8243ffff,음식,2
8930e1c8247ffff,소매,3
8930e1c824fffff,소매,1
8930e1c8253ffff,과학·기술,6
8930e1c8253ffff,교육,1
8930e1c8253ffff,보건의료,1
8930e1c8253ffff,소매,7
8930e1c8253ffff,시설관리·임대,1
8930e1c8253ffff,음식,22
8930e1c8257ffff,과학·기술,6
8930e1c8257ffff,보건의료,1
8930e1c8257ffff,부동산,1
8930e1c8257ffff,소매,8
8930e1c8257ffff,시설관리·임대,5
8930e1c8257ffff,음식,29
8930e1c8283ffff,과학·기술,2
8930e1c8283ffff,부동산,2
8930e1c8283ffff,수리·개인,2
8930e1c8287ffff,과학·기술,8
8930e1c8287ffff,교육,14
8930e1c8287ffff,보건의료,8
8930e1c8287ffff,부동산,8
8930e1c8287ffff,소매,8
8930e1c8287ffff,수리·개인,5
8930e1c8287ffff,예술·스포츠,2
8930e1c8287ffff,음식,7
8930e1c828bffff,과학·기술,2
8930e1c828bffff,교육,1
8930e1c828bffff,보건의료,1
8930e1c828bffff,소매,2
8930e1c828bffff,시설관리·임대,2
8930e1c828fffff,과학·기술,1
8930e1c828fffff,교육,5
8930e1c828fffff,보건의료,2
8930e1c828fffff,소매,3
8930e1c828fffff,시설관리·임대,1
8930e1c828fffff,예술·스포츠,1
8930e1c828fffff,음식,5
8930e1c8297ffff,과학·기술,7
8930e1c8297ffff,교육,3
8930e1c8297ffff,부동산,1
8930e1c8297ffff,소매,4
8930e1c8297ffff,시설관리·임대,1
8930e1c8297ffff,음식,1
8930e1c829bffff,과학·기술,5
8930e1c829bffff,교육,1
8930e1c829bffff,소매,5
8930e1c829bffff,시설관리·임대,1
8930e1c829bffff,음식,5
8930e1c82a3ffff,과학·기술,6
8930e1c82a3ffff,부동산,2
8930e1c82a3ffff,소매,1
8930e1c82a3ffff,수리·개인,1
8930e1c82a3ffff,시설관리·임대,2
8930e1c82a3ffff,예술·스포츠,2
8930e1c82a3ffff,음식,2
8930e1c82a7ffff,과학·기술,2
8930e1c82abffff,교육,6
8930e1c82abffff,부동산,3
8930e1c82abffff,음식,2
8930e1c82afffff,과학·기술,9
8930e1c82afffff,교육,3
8930e1c82afffff,부동산,1
8930e1c82afffff,소매,2
8930e1c82afffff,음식,1
8930e1c82b3ffff,보건의료,1
8930e1c82b3ffff,소매,3
8930e1c82b3ffff,수리·개인,1
8930e1c82bbffff,교육,2
8930e1c82bbffff,보건의료,1
8930e1c82bbffff,부동산,1
8930e1c82bbffff,소매,6
8930e1c82bbffff,음식,2
8930e1c82c3ffff,소매,2
8930e1c82c7ffff,과학·기술,3
8930e1c82c7ffff,교육,1
8930e1c82c7ffff,부동산,3
8930e1c82c7ffff,소매,5
8930e1c82c7ffff,수리·개인,2
8930e1c82c7ffff,숙박,1
8930e1c82c7ffff,음식,6
8930e1c82cfffff,과학·기술,31
8930e1c82cfffff,교육,13
8930e1c82cfffff,보건의료,8
8930e1c82cfffff,부동산,10
8930e1c82cfffff,소매,16
8930e1c82cfffff,수리·개인,3
8930e1c82cfffff,시설관리·임대,1
8930e1c82cfffff,예술·스포츠,7
8930e1c82cfffff,음식,19
8930e1c82d3ffff,소매,1
8930e1c82d7ffff,음식,1
8930e1c8307ffff,소매,1
8930e1c8307ffff,음식,1
8930e1c830bffff,교육,1
8930e1c830bffff,소매,3
8930e1c830bffff,음식,2
8930e1c830fffff,음식,1
8930e1c8313ffff,소매,1
8930e1c831bffff,음식,1
8930e1c8323ffff,과학·기술,1
8930e1c8323ffff,소매,2
8930e1c8323ffff,음식,2
8930e1c8337ffff,과학·기술,1
8930e1c8337ffff,소매,1
8930e1c8353ffff,과학·기술,1
8930e1c8353ffff,소매,1
8930e1c8357ffff,과학·기술,1
8930e1c8357ffff,소매,2
8930e1c8357ffff,음식,2
8930e1c8373ffff,과학·기술,1
8930e1c83a3ffff,소매,8
8930e1c83a7ffff,소매,8
8930e1c83abffff,소매,2
8930e1c83afffff,음식,1
8930e1c83bbffff,소매,1
8930e1c83bbffff,음식,1
8930e1c83c3ffff,보건의료,1
8930e1c83c3ffff,음식,1
8930e1c83cfffff,과학·기술,1
8930e1c83d3ffff,과학·기술,2
8930e1c83d3ffff,소매,1
8930e1c83d7ffff,교육,1
8930e1c83d7ffff,음식,1
8930e1c83dbffff,보건의료,1
8930e1c83dbffff,음식,2
8930e1c8403ffff,과학·기술,34
8930e1c8403ffff,교육,8
8930e1c8403ffff,보건의료,2
8930e1c8403ffff,부동산,2
8930e1c8403ffff,소매,19
8930e1c8403ffff,수리·개인,5
8930e1c8403ffff,시설관리·임대,1
8930e1c8403ffff,음식,12
8930e1c8407ffff,과학·기술,2
8930e1c8407ffff,교육,1
8930e1c8407ffff,소매,3
8930e1c8407ffff,음식,4
8930e1c840bffff,과학·기술,179
8930e1c840bffff,교육,21
8930e1c840bffff,보건의료,13
8930e1c840bffff,부동산,18
8930e1c840bffff,소매,72
8930e1c840bffff,수리·개인,36
8930e1c840bffff,숙박,3
8930e1c840bffff,시설관리·임대,52
8930e1c840bffff,예술·스포츠,7
8930e1c840bffff,음식,50
8930e1c840fffff,과학·기술,76
8930e1c840fffff,교육,24
8930e1c840fffff,보건의료,12
8930e1c840fffff,부동산,12
8930e1c840fffff,소매,65
8930e1c840fffff,수리·개인,21
8930e1c840fffff,숙박,1
8930e1c840fffff,시설관리·임대,9
8930e1c840fffff,예술·스포츠,21
8930e1c840fffff,음식,45
8930e1c8413ffff,과학·기술,59
8930e1c8413ffff,교육,12
8930e1c8413ffff,보건의료,5
8930e1c8413ffff,부동산,6
8930e1c8413ffff,소매,37
8930e1c8413ffff,수리·개인,11
8930e1c8413ffff,시설관리·임대,9
8930e1c8413ffff,예술·스포츠,5
8930e1c8413ffff,음식,37
8930e1c8417ffff,과학·기술,114
8930e1c8417ffff,교육,25
8930e1c8417ffff,보건의료,5
8930e1c8417ffff,부동산,10
8930e1c8417ffff,소매,37
8930e1c8417ffff,수리·개인,13
8930e1c8417ffff,시설관리·임대,15
8930e1c8417ffff,예술·스포츠,8
8930e1c8417ffff,음식,100
8930e1c841bffff,과학·기술,58
8930e1c841bffff,교육,11
8930e1c841bffff,보건의료,1
8930e1c841bffff,부동산,1
8930e1c841bffff,소매,30
8930e1c841bffff,수리·개인,12
8930e1c841bffff,시설관리·임대,10
8930e1c841bffff,예술·스포츠,7
8930e1c841bffff,음식,42
8930e1c8423ffff,과학·기술,1
8930e1c8423ffff,교육,9
8930e1c8423ffff,보건의료,3
8930e1c8423ffff,부동산,4
8930e1c8423ffff,소매,4
8930e1c8423ffff,예술·스포츠,2
8930e1c8423ffff,음식,6
8930e1c842bffff,교육,1
8930e1c842bffff,부동산,7
8930e1c842bffff,소매,5
8930e1c842bffff,수리·개인,1
8930e1c842bffff,시설관리·임대,1
8930e1c842bffff,음식,10
8930e1c842fffff,과학·기술,2
8930e1c842fffff,교육,2
8930e1c842fffff,보건의료,1
8930e1c842fffff,부동산,13
8930e1c842fffff,소매,4
8930e1c842fffff,수리·개인,4
8930e1c842fffff,예술·스포츠,1
8930e1c842fffff,음식,2
8930e1c8433ffff,교육,1
8930e1c8433ffff,부동산,3
8930e1c8433ffff,소매,5
8930e1c8433ffff,예술·스포츠,1
8930e1c8433ffff,음식,1
8930e1c8437ffff,과학·기술,1
8930e1c8437ffff,보건의료,1
8930e1c8437ffff,부동산,6
8930e1c8437ffff,소매,3
8930e1c8437ffff,수리·개인,4
8930e1c8437ffff,시설관리·임대,1
8930e1c8437ffff,음식,2
8930e1c843bffff,과학·기술,9
8930e1c843bffff,교육,4
8930e1c843bffff,부동산,3
8930e1c843bffff,소매,6
8930e1c843bffff,수리·개인,5
8930e1c843bffff,시설관리·임대,3
8930e1c843bffff,음식,4
8930e1c8443ffff,과학·기술,102
8930e1c8443ffff,교육,22
8930e1c8443ffff,부동산,14
8930e1c8443ffff,소매,36
8930e1c8443ffff,수리·개인,23
8930e1c8443ffff,숙박,1
8930e1c8443ffff,시설관리·임대,16
8930e1c8443ffff,예술·스포츠,5
8930e1c8443ffff,음식,27
8930e1c8447ffff,과학·기술,109
8930e1c8447ffff,교육,9
8930e1c8447ffff,보건의료,6
8930e1c8447ffff,부동산,8
8930e1c8447ffff,소매,38
8930e1c8447ffff,수리·개인,21
8930e1c8447ffff,숙박,5
8930e1c8447ffff,시설관리·임대,17
8930e1c8447ffff,예술·스포츠,21
8930e1c8447ffff,음식,140
8930e1c844bffff,과학·기술,42
8930e1c844bffff,교육,8
8930e1c844bffff,보건의료,1
8930e1c844bffff,부동산,7
8930e1c844bffff,소매,12
8930e1c844bffff,수리·개인,3
8930e1c844bffff,시설관리·임대,9
8930e1c844bffff,예술·스포츠,1
8930e1c844bffff,음식,14
8930e1c844fffff,과학·기술,38
8930e1c844fffff,교육,20
8930e1c844fffff,보건의료,5
8930e1c844fffff,부동산,5
8930e1c844fffff,소매,24
8930e1c844fffff,수리·개인,8
8930e1c844fffff,시설관리·임대,13
8930e1c844fffff,예술·스포츠,8
8930e1c844fffff,음식,22
8930e1c8453ffff,과학·기술,48
8930e1c8453ffff,교육,8
8930e1c8453ffff,부동산,3
8930e1c8453ffff,소매,17
8930e1c8453ffff,수리·개인,2
8930e1c8453ffff,시설관리·임대,8
8930e1c8453ffff,예술·스포츠,2
8930e1c8453ffff,음식,24
8930e1c8457ffff,과학·기술,47
8930e1c8457ffff,교육,2
8930e1c8457ffff,부동산,6
8930e1c8457ffff,소매,23
8930e1c8457ffff,수리·개인,10
8930e1c8457ffff,시설관리·임대,11
8930e1c8457ffff,예술·스포츠,6
8930e1c8457ffff,음식,34
8930e1c845bffff,과학·기술,59
8930e1c845bffff,교육,9
8930e1c845bffff,보건의료,2
8930e1c845bffff,부동산,4
8930e1c845bffff,소매,14
8930e1c845bffff,수리·개인,8
8930e1c845bffff,숙박,1
8930e1c845bffff,시설관리·임대,10
8930e1c845bffff,예술·스포츠,5
8930e1c845bffff,음식,13
8930e1c8463ffff,과학·기술,48
8930e1c8463ffff,교육,21
8930e1c8463ffff,보건의료,3
8930e1c8463ffff,부동산,8
8930e1c8463ffff,소매,39
8930e1c8463ffff,수리·개인,21
8930e1c8463ffff,숙박,2
8930e1c8463ffff,시설관리·임대,15
8930e1c8463ffff,예술·스포츠,6
8930e1c8463ffff,음식,33
8930e1c8467ffff,과학·기술,17
8930e1c8467ffff,교육,20
8930e1c8467ffff,부동산,4
8930e1c8467ffff,소매,9
8930e1c8467ffff,수리·개인,13
8930e1c8467ffff,시설관리·임대,5
8930e1c8467ffff,예술·스포츠,2
8930e1c8467ffff,음식,7
8930e1c846bffff,과학·기술,38
8930e1c846bffff,교육,5
8930e1c846bffff,부동산,2
8930e1c846bffff,소매,18
8930e1c846bffff,수리·개인,6
8930e1c846bffff,시설관리·임대,12
8930e1c846bffff,예술·스포츠,1
8930e1c846bffff,음식,11
8930e1c846fffff,과학·기술,18
8930e1c846fffff,교육,2
8930e1c846fffff,보건의료,2
8930e1c846fffff,부동산,1
8930e1c846fffff,소매,18
8930e1c846fffff,수리·개인,6
8930e1c846fffff,시설관리·임대,3
8930e1c846fffff,음식,5
8930e1c8473ffff,과학·기술,69
8930e1c8473ffff,교육,10
8930e1c8473ffff,보건의료,3
8930e1c8473ffff,부동산,6
8930e1c8473ffff,소매,33
8930e1c8473ffff,수리·개인,15
8930e1c8473ffff,숙박,3
8930e1c8473ffff,시설관리·임대,12
8930e1c8473ffff,예술·스포츠,3
8930e1c8473ffff,음식,45
8930e1c8477ffff,과학·기술,37
8930e1c8477ffff,교육,13
8930e1c8477ffff,부동산,6
8930e1c8477ffff,소매,22
8930e1c8477ffff,수리·개인,22
8930e1c8477ffff,숙박,2
8930e1c8477ffff,시설관리·임대,14
8930e1c8477ffff,예술·스포츠,4
8930e1c8477ffff,음식,25
8930e1c847bffff,과학·기술,85
8930e1c847bffff,교육,13
8930e1c847bffff,보건의료,1
8930e1c847bffff,부동산,6
8930e1c847bffff,소매,47
8930e1c847bffff,수리·개인,17
8930e1c847bffff,숙박,2
8930e1c847bffff,시설관리·임대,15
8930e1c847bffff,예술·스포츠,6
8930e1c847bffff,음식,45
8930e1c8483ffff,과학·기술,8
8930e1c8483ffff,교육,26
8930e1c8483ffff,보건의료,2
8930e1c8483ffff,부동산,6
8930e1c8483ffff,소매,12
8930e1c8483ffff,수리·개인,8
8930e1c8483ffff,시설관리·임대,2
8930e1c8483ffff,예술·스포츠,3
8930e1c8483ffff,음식,10
8930e1c8487ffff,과학·기술,1
8930e1c848bffff,과학·기술,84
8930e1c848bffff,교육,14
8930e1c848bffff,보건의료,2
8930e1c848bffff,부동산,15
8930e1c848bffff,소매,23
8930e1c848bffff,수리·개인,10
8930e1c848bffff,숙박,1
8930e1c848bffff,시설관리·임대,18
8930e1c848bffff,예술·스포츠,4
8930e1c848bffff,음식,25
8930e1c848fffff,과학·기술,81
8930e1c848fffff,교육,20
8930e1c848fffff,보건의료,1
8930e1c848fffff,부동산,3
8930e1c848fffff,소매,20
8930e1c848fffff,수리·개인,9
8930e1c848fffff,숙박,2
8930e1c848fffff,시설관리·임대,12
8930e1c848fffff,예술·스포츠,6
8930e1c848fffff,음식,47
8930e1c8493ffff,과학·기술,6
8930e1c8493ffff,교육,10
8930e1c8493ffff,부동산,4
8930e1c8493ffff,소매,4
8930e1c8493ffff,수리·개인,7
8930e1c8493ffff,시설관리·임대,3
8930e1c8493ffff,예술·스포츠,1
8930e1c8493ffff,음식,1
8930e1c8497ffff,과학·기술,9
8930e1c8497ffff,교육,10
8930e1c8497ffff,부동산,8
8930e1c8497ffff,소매,4
8930e1c8497ffff,수리·개인,8
8930e1c8497ffff,시설관리·임대,3
8930e1c8497ffff,예술·스포츠,2
8930e1c8497ffff,음식,7
8930e1c849bffff,과학·기술,59
8930e1c849bffff,교육,29
8930e1c849bffff,보건의료,10
8930e1c849bffff,부동산,8
8930e1c849bffff,소매,53
8930e1c849bffff,수리·개인,26
8930e1c849bffff,숙박,5
8930e1c849bffff,시설관리·임대,12
8930e1c849bffff,예술·스포츠,4
8930e1c849bffff,음식,51
8930e1c84a3ffff,교육,1
8930e1c84a3ffff,보건의료,1
8930e1c84a3ffff,부동산,2
8930e1c84a3ffff,소매,10
8930e1c84a3ffff,수리·개인,3
8930e1c84a3ffff,음식,8
8930e1c84a7ffff,과학·기술,2
8930e1c84a7ffff,교육,2
8930e1c84a7ffff,보건의료,5
8930e1c84a7ffff,부동산,13
8930e1c84a7ffff,소매,28
8930e1c84a7ffff,수리·개인,14
8930e1c84a7ffff,예술·스포츠,1
8930e1c84a7ffff,음식,23
8930e1c84abffff,수리·개인,1
8930e1c84abffff,예술·스포츠,1
8930e1c84afffff,과학·기술,18
8930e1c84afffff,교육,18
8930e1c84afffff,보건의료,4
8930e1c84afffff,부동산,14
8930e1c84afffff,소매,15
8930e1c84afffff,수리·개인,14
8930e1c84afffff,시설관리·임대,6
8930e1c84afffff,예술·스포츠,10
8930e1c84afffff,음식,19
8930e1c84b3ffff,교육,1
8930e1c84b3ffff,부동산,3
8930e1c84b3ffff,수리·개인,2
8930e1c84bbffff,과학·기술,24
8930e1c84bbffff,교육,13
8930e1c84bbffff,보건의료,13
8930e1c84bbffff,부동산,5
8930e1c84bbffff,소매,20
8930e1c84bbffff,수리·개인,13
8930e1c84bbffff,시설관리·임대,4
8930e1c84bbffff,예술·스포츠,7
8930e1c84bbffff,음식,40
8930e1c84c3ffff,과학·기술,19
8930e1c84c3ffff,교육,4
8930e1c84c3ffff,보건의료,1
8930e1c84c3ffff,소매,5
8930e1c84c3ffff,수리·개인,2
8930e1c84c3ffff,시설관리·임대,2
8930e1c84c3ffff,음식,6
8930e1c84c7ffff,과학·기술,57
8930e1c84c7ffff,교육,11
8930e1c84c7ffff,보건의료,2
8930e1c84c7ffff,부동산,7
8930e1c84c7ffff,소매,31
8930e1c84c7ffff,수리·개인,23
8930e1c84c7ffff,숙박,1
8930e1c84c7ffff,시설관리·임대,10
8930e1c84c7ffff,예술·스포츠,5
8930e1c84c7ffff,음식,46
8930e1c84cbffff,과학·기술,83
8930e1c84cbffff,교육,8
8930e1c84cbffff,부동산,6
8930e1c84cbffff,소매,15
8930e1c84cbffff,수리·개인,7
8930e1c84cbffff,시설관리·임대,9
8930e1c84cbffff,음식,30
8930e1c84cfffff,과학·기술,88
8930e1c84cfffff,교육,9
8930e1c84cfffff,보건의료,1
8930e1c84cfffff,부동산,7
8930e1c84cfffff,소매,26
8930e1c84cfffff,수리·개인,15
8930e1c84cfffff,시설관리·임대,13
8930e1c84cfffff,예술·스포츠,17
8930e1c84cfffff,음식,52
8930e1c84d3ffff,과학·기술,18
8930e1c84d3ffff,교육,3
8930e1c84d3ffff,보건의료,9
8930e1c84d3ffff,소매,18
8930e1c84d3ffff,수리·개인,9
8930e1c84d3ffff,시설관리·임대,3
8930e1c84d3ffff,예술·스포츠,4
8930e1c84d3ffff,음식,21
8930e1c84d7ffff,과학·기술,95
8930e1c84d7ffff,교육,16
8930e1c84d7ffff,보건의료,17
8930e1c84d7ffff,부동산,14
8930e1c84d7ffff,소매,43
8930e1c84d7ffff,수리·개인,20
8930e1c84d7ffff,숙박,8
8930e1c84d7ffff,시설관리·임대,13
8930e1c84d7ffff,예술·스포츠,26
8930e1c84d7ffff,음식,125
8930e1c84dbffff,과학·기술,1
8930e1c84dbffff,교육,1
8930e1c8503ffff,음식,1
8930e1c8507ffff,과학·기술,39
8930e1c8507ffff,교육,41
8930e1c8507ffff,보건의료,23
8930e1c8507ffff,부동산,20
8930e1c8507ffff,소매,42
8930e1c8507ffff,수리·개인,19
8930e1c8507ffff,숙박,2
8930e1c8507ffff,시설관리·임대,11
8930e1c8507ffff,예술·스포츠,13
8930e1c8507ffff,음식,52
8930e1c850bffff,소매,2
8930e1c851bffff,교육,2
8930e1c851bffff,부동산,3
8930e1c851bffff,소매,2
8930e1c851bffff,수리·개인,2
8930e1c851bffff,시설관리·임대,1
8930e1c851bffff,음식,2
8930e1c8523ffff,과학·기술,1
8930e1c8523ffff,교육,4
8930e1c8523ffff,보건의료,1
8930e1c8523ffff,부동산,13
8930e1c8523ffff,소매,3
8930e1c8523ffff,수리·개인,6
8930e1c8523ffff,시설관리·임대,1
8930e1c8523ffff,예술·스포츠,1
8930e1c8523ffff,음식,1
8930e1c8527ffff,과학·기술,1
8930e1c8527ffff,교육,5
8930e1c8527ffff,부동산,5
8930e1c8527ffff,소매,9
8930e1c8527ffff,수리·개인,4
8930e1c8527ffff,음식,14
8930e1c852bffff,음식,1
8930e1c852fffff,교육,1
8930e1c853bffff,과학·기술,4
8930e1c853bffff,교육,33
8930e1c853bffff,보건의료,5
8930e1c853bffff,부동산,16
8930e1c853bffff,소매,24
8930e1c853bffff,수리·개인,14
8930e1c853bffff,숙박,1
8930e1c853bffff,시설관리·임대,1
8930e1c853bffff,예술·스포츠,2
8930e1c853bffff,음식,23
8930e1c8543ffff,과학·기술,8
8930e1c8543ffff,교육,37
8930e1c8543ffff,보건의료,20
8930e1c8543ffff,부동산,32
8930e1c8543ffff,소매,24
8930e1c8543ffff,수리·개인,9
8930e1c8543ffff,시설관리·임대,2
8930e1c8543ffff,예술·스포츠,16
8930e1c8543ffff,음식,30
8930e1c8547ffff,과학·기술,4
8930e1c8547ffff,교육,9
8930e1c8547ffff,부동산,3
8930e1c8547ffff,소매,4
8930e1c8547ffff,수리·개인,1
8930e1c8547ffff,시설관리·임대,1
8930e1c8547ffff,예술·스포츠,2
8930e1c8547ffff,음식,4
8930e1c854bffff,교육,1
8930e1c854fffff,과학·기술,1
8930e1c854fffff,교육,4
8930e1c854fffff,부동산,16
8930e1c854fffff,소매,3
8930e1c854fffff,수리·개인,4
8930e1c854fffff,시설관리·임대,2
8930e1c854fffff,음식,2
8930e1c8553ffff,과학·기술,3
8930e1c8553ffff,교육,9
8930e1c8553ffff,보건의료,5
8930e1c8553ffff,부동산,8
8930e1c8553ffff,소매,5
8930e1c8553ffff,수리·개인,2
8930e1c8553ffff,예술·스포츠,3
8930e1c8553ffff,음식,5
8930e1c8557ffff,과학·기술,4
8930e1c8557ffff,교육,10
8930e1c8557ffff,부동산,2
8930e1c8557ffff,소매,2
8930e1c8557ffff,수리·개인,6
8930e1c8557ffff,숙박,1
8930e1c8557ffff,시설관리·임대,1
8930e1c8557ffff,예술·스포츠,1
8930e1c8557ffff,음식,2
8930e1c8577ffff,교육,11
8930e1c8577ffff,보건의료,1
8930e1c8577ffff,부동산,22
8930e1c8577ffff,소매,9
8930e1c8577ffff,수리·개인,9
8930e1c8577ffff,예술·스포츠,1
8930e1c8577ffff,음식,13
8930e1c857bffff,과학·기술,1
8930e1c857bffff,부동산,2
8930e1c8583ffff,과학·기술,6
8930e1c8583ffff,교육,31
8930e1c8583ffff,보건의료,10
8930e1c8583ffff,부동산,16
8930e1c8583ffff,소매,24
8930e1c8583ffff,수리·개인,19
8930e1c8583ffff,시설관리·임대,1
8930e1c8583ffff,예술·스포츠,1
8930e1c8583ffff,음식,7
8930e1c8587ffff,과학·기술,3
8930e1c8587ffff,교육,24
8930e1c8587ffff,보건의료,5
8930e1c8587ffff,부동산,2
8930e1c8587ffff,소매,14
8930e1c8587ffff,수리·개인,4
8930e1c8587ffff,예술·스포츠,3
8930e1c8587ffff,음식,14
8930e1c858bffff,과학·기술,5
8930e1c858bffff,교육,33
8930e1c858bffff,보건의료,9
8930e1c858bffff,부동산,25
8930e1c858bffff,소매,20
8930e1c858bffff,수리·개인,8
8930e1c858bffff,시설관리·임대,1
8930e1c858bffff,예술·스포츠,1
8930e1c858bffff,음식,28
8930e1c858fffff,과학·기술,5
8930e1c858fffff,교육,82
8930e1c858fffff,보건의료,34
8930e1c858fffff,부동산,6
8930e1c858fffff,소매,37
8930e1c858fffff,수리·개인,16
8930e1c858fffff,시설관리·임대,1
8930e1c858fffff,예술·스포츠,11
8930e1c858fffff,음식,27
8930e1c8593ffff,과학·기술,2
8930e1c8593ffff,교육,49
8930e1c8593ffff,보건의료,8
8930e1c8593ffff,부동산,2
8930e1c8593ffff,소매,13
8930e1c8593ffff,수리·개인,5
8930e1c8593ffff,숙박,1
8930e1c8593ffff,예술·스포츠,6
8930e1c8593ffff,음식,17
8930e1c8597ffff,과학·기술,9
8930e1c8597ffff,교육,117
8930e1c8597ffff,보건의료,20
8930e1c8597ffff,부동산,13
8930e1c8597ffff,소매,26
8930e1c8597ffff,수리·개인,7
8930e1c8597ffff,숙박,1
8930e1c8597ffff,시설관리·임대,7
8930e1c8597ffff,예술·스포츠,23
8930e1c8597ffff,음식,46
8930e1c859bffff,과학·기술,1
8930e1c859bffff,교육,6
8930e1c859bffff,보건의료,1
8930e1c859bffff,부동산,1
8930e1c859bffff,소매,1
8930e1c859bffff,수리·개인,1
8930e1c859bffff,시설관리·임대,1
8930e1c859bffff,예술·스포츠,1
8930e1c859bffff,음식,1
8930e1c85a3ffff,과학·기술,4
8930e1c85a3ffff,교육,13
8930e1c85a3ffff,보건의료,3
8930e1c85a3ffff,부동산,9
8930e1c85a3ffff,소매,34
8930e1c85a3ffff,수리·개인,9
8930e1c85a3ffff,예술·스포츠,4
8930e1c85a3ffff,음식,31
8930e1c85a7ffff,수리·개인,2
8930e1c85abffff,소매,1
8930e1c85b3ffff,음식,1
8930e1c85b7ffff,과학·기술,5
8930e1c85b7ffff,교육,10
8930e1c85b7ffff,보건의료,6
8930e1c85b7ffff,부동산,1
8930e1c85b7ffff,소매,11
8930e1c85b7ffff,수리·개인,3
8930e1c85b7ffff,시설관리·임대,1
8930e1c85b7ffff,예술·스포츠,4
8930e1c85b7ffff,음식,16
8930e1c85bbffff,소매,1
8930e1c85bbffff,음식,1
8930e1c85cbffff,과학·기술,7
8930e1c85cbffff,교육,11
8930e1c85cbffff,보건의료,2
8930e1c85cbffff,부동산,24
8930e1c85cbffff,소매,20
8930e1c85cbffff,수리·개인,9
8930e1c85cbffff,음식,7
8930e1c85cfffff,소매,1
8930e1c85cfffff,시설관리·임대,1
8930e1c85d3ffff,과학·기술,3
8930e1c85d3ffff,교육,1
8930e1c85d3ffff,보건의료,8
8930e1c85d3ffff,부동산,1
8930e1c85d3ffff,소매,8
8930e1c85d3ffff,수리·개인,2
8930e1c85d3ffff,음식,19
8930e1c85d7ffff,과학·기술,5
8930e1c85d7ffff,교육,27
8930e1c85d7ffff,보건의료,12
8930e1c85d7ffff,부동산,17
8930e1c85d7ffff,소매,19
8930e1c85d7ffff,수리·개인,10
8930e1c85d7ffff,시설관리·임대,1
8930e1c85d7ffff,예술·스포츠,1
8930e1c85d7ffff,음식,11
8930e1c85dbffff,과학·기술,1
8930e1c85dbffff,소매,3
8930e1c85dbffff,수리·개인,5
8930e1c85dbffff,예술·스포츠,1
8930e1c85dbffff,음식,12
8930e1c8607ffff,소매,1
8930e1c8607ffff,수리·개인,1
8930e1c860bffff,소매,4
8930e1c860bffff,예술·스포츠,1
8930e1c860bffff,음식,3
8930e1c860fffff,소매,10
8930e1c860fffff,수리·개인,1
8930e1c860fffff,예술·스포츠,1
8930e1c860fffff,음식,1
8930e1c8617ffff,과학·기술,7
8930e1c8617ffff,보건의료,1
8930e1c8617ffff,소매,21
8930e1c8617ffff,수리·개인,3
8930e1c8617ffff,시설관리·임대,3
8930e1c8617ffff,음식,39
8930e1c861bffff,소매,1
8930e1c8623ffff,과학·기술,2
8930e1c8623ffff,교육,2
8930e1c8623ffff,부동산,2
8930e1c8623ffff,소매,8
8930e1c8623ffff,수리·개인,3
8930e1c8623ffff,시설관리·임대,1
8930e1c8623ffff,음식,1
8930e1c8627ffff,과학·기술,2
8930e1c8627ffff,교육,1
8930e1c8627ffff,시설관리·임대,1
8930e1c8633ffff,교육,2
8930e1c8633ffff,보건의료,1
8930e1c8633ffff,소매,1
8930e1c8633ffff,수리·개인,1
8930e1c863bffff,부동산,1
8930e1c863bffff,소매,2
8930e1c863bffff,수리·개인,1
8930e1c864fffff,음식,1
8930e1c8667ffff,부동산,3
8930e1c8667ffff,음식,2
8930e1c866fffff,과학·기술,1
8930e1c866fffff,부동산,1
8930e1c866fffff,소매,4
8930e1c866fffff,시설관리·임대,1
8930e1c866fffff,음식,1
8930e1c8673ffff,소매,2
8930e1c8677ffff,소매,4
8930e1c867bffff,소매,2
8930e1c8683ffff,과학·기술,7
8930e1c8683ffff,소매,179
8930e1c8683ffff,수리·개인,1
8930e1c8683ffff,예술·스포츠,1
8930e1c8683ffff,음식,6
8930e1c8687ffff,과학·기술,74
8930e1c8687ffff,교육,19
8930e1c8687ffff,보건의료,5
8930e1c8687ffff,부동산,8
8930e1c8687ffff,소매,26
8930e1c8687ffff,수리·개인,16
8930e1c8687ffff,숙박,2
8930e1c8687ffff,시설관리·임대,15
8930e1c8687ffff,예술·스포츠,20
8930e1c8687ffff,음식,108
8930e1c868bffff,음식,1
8930e1c868fffff,과학·기술,1
8930e1c868fffff,수리·개인,1
8930e1c868fffff,음식,1
8930e1c8697ffff,과학·기술,40
8930e1c8697ffff,교육,13
8930e1c8697ffff,보건의료,7
8930e1c8697ffff,부동산,9
8930e1c8697ffff,소매,18
8930e1c8697ffff,수리·개인,9
8930e1c8697ffff,숙박,2
8930e1c8697ffff,시설관리·임대,20
8930e1c8697ffff,예술·스포츠,1
8930e1c8697ffff,음식,25
8930e1c869bffff,과학·기술,17
8930e1c869bffff,교육,5
8930e1c869bffff,소매,7
8930e1c869bffff,숙박,1
8930e1c869bffff,시설관리·임대,4
8930e1c869bffff,음식,7
8930e1c86a3ffff,과학·기술,12
8930e1c86a3ffff,교육,7
8930e1c86a3ffff,부동산,1
8930e1c86a3ffff,소매,3
8930e1c86a3ffff,수리·개인,2
8930e1c86a3ffff,시설관리·임대,5
8930e1c86a3ffff,예술·스포츠,1
8930e1c86a3ffff,음식,3
8930e1c86a7ffff,과학·기술,3
8930e1c86a7ffff,음식,1
8930e1c86abffff,시설관리·임대,1
8930e1c86b3ffff,과학·기술,42
8930e1c86b3ffff,교육,5
8930e1c86b3ffff,보건의료,1
8930e1c86b3ffff,부동산,18
8930e1c86b3ffff,소매,41
8930e1c86b3ffff,수리·개인,26
8930e1c86b3ffff,숙박,4
8930e1c86b3ffff,시설관리·임대,8
8930e1c86b3ffff,예술·스포츠,1
8930e1c86b3ffff,음식,27
8930e1c86b7ffff,과학·기술,39
8930e1c86b7ffff,교육,14
8930e1c86b7ffff,보건의료,1
8930e1c86b7ffff,부동산,1
8930e1c86b7ffff,소매,26
8930e1c86b7ffff,수리·개인,8
8930e1c86b7ffff,시설관리·임대,7
8930e1c86b7ffff,음식,9
8930e1c86bbffff,과학·기술,23
8930e1c86bbffff,교육,5
8930e1c86bbffff,보건의료,1
8930e1c86bbffff,부동산,2
8930e1c86bbffff,소매,22
8930e1c86bbffff,수리·개인,9
8930e1c86bbffff,시설관리·임대,1
8930e1c86bbffff,예술·스포츠,4
8930e1c86bbffff,음식,35
8930e1c86c3ffff,과학·기술,17
8930e1c86c3ffff,보건의료,2
8930e1c86c3ffff,부동산,3
8930e1c86c3ffff,소매,14
8930e1c86c3ffff,수리·개인,30
8930e1c86c3ffff,시설관리·임대,4
8930e1c86c3ffff,예술·스포츠,1
8930e1c86c3ffff,음식,14
8930e1c86c7ffff,과학·기술,73
8930e1c86c7ffff,교육,9
8930e1c86c7ffff,부동산,6
8930e1c86c7ffff,소매,60
8930e1c86c7ffff,수리·개인,6
8930e1c86c7ffff,시설관리·임대,18
8930e1c86c7ffff,예술·스포츠,2
8930e1c86c7ffff,음식,28
8930e1c86cbffff,과학·기술,1
8930e1c86cbffff,소매,3
8930e1c86cbffff,수리·개인,1
8930e1c86cbffff,시설관리·임대,2
8930e1c86cbffff,음식,2
8930e1c86cfffff,소매,1
8930e1c86d3ffff,과학·기술,1
8930e1c86d3ffff,소매,3
8930e1c86d3ffff,시설관리·임대,1
8930e1c86d3ffff,음식,9
8930e1c86d7ffff,과학·기술,10
8930e1c86d7ffff,교육,1
8930e1c86d7ffff,보건의료,4
8930e1c86d7ffff,부동산,2
8930e1c86d7ffff,소매,6
8930e1c86d7ffff,수리·개인,4
8930e1c86d7ffff,숙박,1
8930e1c86d7ffff,예술·스포츠,4
8930e1c86d7ffff,음식,13
8930e1c8803ffff,수리·개인,9
8930e1c8803ffff,시설관리·임대,1
8930e1c880bffff,과학·기술,8
8930e1c880bffff,부동산,1
8930e1c880bffff,소매,2
8930e1c880bffff,수리·개인,11
8930e1c880bffff,시설관리·임대,6
8930e1c880bffff,예술·스포츠,2
8930e1c880fffff,과학·기술,3
8930e1c880fffff,부동산,1
8930e1c880fffff,소매,4
8930e1c880fffff,수리·개인,11
8930e1c880fffff,시설관리·임대,9
8930e1c880fffff,음식,6
8930e1c8813ffff,과학·기술,4
8930e1c8813ffff,교육,2
8930e1c8813ffff,보건의료,1
8930e1c8813ffff,부동산,2
8930e1c8813ffff,소매,1
8930e1c8813ffff,수리·개인,2
8930e1c8813ffff,예술·스포츠,1
8930e1c8813ffff,음식,4
8930e1c8823ffff,소매,1
8930e1c8833ffff,과학·기술,1
8930e1c8833ffff,소매,2
8930e1c8833ffff,수리·개인,3
8930e1c8833ffff,시설관리·임대,4
8930e1c8833ffff,음식,4
8930e1c8837ffff,소매,1
8930e1c8837ffff,수리·개인,3
8930e1c8847ffff,소매,4
8930e1c8847ffff,시설관리·임대,2
8930e1c8847ffff,음식,1
8930e1c885bffff,소매,11
8930e1c8873ffff,교육,4
8930e1c8873ffff,소매,4
8930e1c8873ffff,수리·개인,3
8930e1c8873ffff,시설관리·임대,1
8930e1c887bffff,수리·개인,1
8930e1c888bffff,교육,4
8930e1c888bffff,소매,4
8930e1c888bffff,시설관리·임대,1
8930e1c888bffff,음식,6
8930e1c889bffff,교육,2
8930e1c889bffff,부동산,1
8930e1c889bffff,수리·개인,1
8930e1c88a3ffff,과학·기술,14
8930e1c88a3ffff,교육,1
8930e1c88a3ffff,부동산,5
8930e1c88a3ffff,소매,17
8930e1c88a3ffff,수리·개인,3
8930e1c88a3ffff,시설관리·임대,6
8930e1c88a3ffff,음식,4
8930e1c88a7ffff,과학·기술,31
8930e1c88a7ffff,교육,7
8930e1c88a7ffff,보건의료,1
8930e1c88a7ffff,부동산,9
8930e1c88a7ffff,소매,61
8930e1c88a7ffff,수리·개인,8
8930e1c88a7ffff,시설관리·임대,17
8930e1c88a7ffff,예술·스포츠,1
8930e1c88a7ffff,음식,53
8930e1c88afffff,과학·기술,56
8930e1c88afffff,보건의료,2
8930e1c88afffff,부동산,6
8930e1c88afffff,소매,22
8930e1c88afffff,수리·개인,6
8930e1c88afffff,시설관리·임대,10
8930e1c88afffff,예술·스포츠,5
8930e1c88afffff,음식,15
8930e1c88b3ffff,과학·기술,3
8930e1c88b3ffff,교육,1
8930e1c88b3ffff,부동산,3
8930e1c88b3ffff,소매,3
8930e1c88b3ffff,수리·개인,2
8930e1c88b3ffff,시설관리·임대,2
8930e1c88b3ffff,음식,15
8930e1c88b7ffff,과학·기술,23
8930e1c88b7ffff,교육,19
8930e1c88b7ffff,보건의료,3
8930e1c88b7ffff,부동산,21
8930e1c88b7ffff,소매,19
8930e1c88b7ffff,수리·개인,31
8930e1c88b7ffff,시설관리·임대,5
8930e1c88b7ffff,예술·스포츠,10
8930e1c88b7ffff,음식,55
8930e1c88bbffff,과학·기술,110
8930e1c88bbffff,교육,8
8930e1c88bbffff,부동산,10
8930e1c88bbffff,소매,61
8930e1c88bbffff,수리·개인,8
8930e1c88bbffff,시설관리·임대,31
8930e1c88bbffff,음식,10
8930e1c88c3ffff,과학·기술,2
8930e1c88c3ffff,수리·개인,1
8930e1c88c3ffff,시설관리·임대,1
8930e1c88c3ffff,예술·스포츠,2
8930e1c88cbffff,과학·기술,2
8930e1c88cbffff,교육,1
8930e1c88cbffff,소매,1
8930e1c88d3ffff,과학·기술,9
8930e1c88d3ffff,교육,11
8930e1c88d3ffff,보건의료,4
8930e1c88d3ffff,부동산,5
8930e1c88d3ffff,소매,15
8930e1c88d3ffff,수리·개인,5
8930e1c88d3ffff,시설관리·임대,2
8930e1c88d3ffff,예술·스포츠,3
8930e1c88d3ffff,음식,16
8930e1c88d7ffff,과학·기술,1
8930e1c88d7ffff,소매,1
8930e1c88d7ffff,수리·개인,1
8930e1c88dbffff,과학·기술,4
8930e1c88dbffff,교육,1
8930e1c88dbffff,부동산,2
8930e1c88dbffff,소매,2
8930e1c88dbffff,수리·개인,1
8930e1c88dbffff,시설관리·임대,1
8930e1c88dbffff,음식,1
8930e1c8903ffff,과학·기술,1
8930e1c8903ffff,수리·개인,1
8930e1c8903ffff,시설관리·임대,1
8930e1c8903ffff,음식,2
8930e1c8907ffff,과학·기술,1
8930e1c8907ffff,부동산,9
8930e1c8907ffff,소매,1
8930e1c8907ffff,음식,1
8930e1c890bffff,교육,1
8930e1c890fffff,부동산,12
8930e1c890fffff,소매,1
8930e1c8913ffff,부동산,2
8930e1c8913ffff,소매,1
8930e1c8917ffff,소매,1
8930e1c8917ffff,음식,1
8930e1c891bffff,과학·기술,13
8930e1c891bffff,교육,6
8930e1c891bffff,소매,2
8930e1c891bffff,시설관리·임대,3
8930e1c891bffff,예술·스포츠,1
8930e1c891bffff,음식,2
8930e1c8923ffff,소매,1
8930e1c892bffff,과학·기술,2
8930e1c892bffff,교육,17
8930e1c892bffff,보건의료,1
8930e1c892bffff,부동산,2
8930e1c892bffff,소매,8
8930e1c892bffff,수리·개인,16
8930e1c892bffff,시설관리·임대,2
8930e1c892bffff,음식,32
8930e1c8933ffff,과학·기술,14
8930e1c8933ffff,교육,115
8930e1c8933ffff,보건의료,13
8930e1c8933ffff,부동산,6
8930e1c8933ffff,소매,26
8930e1c8933ffff,수리·개인,16
8930e1c8933ffff,시설관리·임대,5
8930e1c8933ffff,예술·스포츠,15
8930e1c8933ffff,음식,28
8930e1c8937ffff,소매,3
8930e1c8937ffff,음식,1
8930e1c893bffff,과학·기술,2
8930e1c893bffff,교육,12
8930e1c893bffff,보건의료,3
8930e1c893bffff,부동산,4
8930e1c893bffff,소매,14
8930e1c893bffff,수리·개인,8
8930e1c893bffff,시설관리·임대,1
8930e1c893bffff,예술·스포츠,1
8930e1c893bffff,음식,35
8930e1c8947ffff,소매,3
8930e1c8947ffff,수리·개인,1
8930e1c8947ffff,음식,2
8930e1c8953ffff,소매,4
8930e1c8953ffff,음식,1
8930e1c8957ffff,과학·기술,1
8930e1c8957ffff,음식,2
8930e1c8967ffff,소매,1
8930e1c8973ffff,음식,1
8930e1c8977ffff,과학·기술,6
8930e1c8977ffff,교육,9
8930e1c8977ffff,보건의료,3
8930e1c8977ffff,부동산,7
8930e1c8977ffff,소매,25
8930e1c8977ffff,수리·개인,14
8930e1c8977ffff,시설관리·임대,2
8930e1c8977ffff,예술·스포츠,4
8930e1c8977ffff,음식,71
8930e1c8983ffff,과학·기술,9
8930e1c8983ffff,교육,10
8930e1c8983ffff,보건의료,4
8930e1c8983ffff,부동산,5
8930e1c8983ffff,소매,8
8930e1c8983ffff,수리·개인,10
8930e1c8983ffff,시설관리·임대,2
8930e1c8983ffff,예술·스포츠,3
8930e1c8983ffff,음식,21
8930e1c8987ffff,과학·기술,2
8930e1c8987ffff,부동산,3
8930e1c8987ffff,소매,2
8930e1c8987ffff,수리·개인,2
8930e1c8987ffff,숙박,1
8930e1c8987ffff,음식,7
8930e1c898bffff,부동산,7
8930e1c898bffff,소매,2
8930e1c898fffff,교육,2
8930e1c8993ffff,과학·기술,13
8930e1c8993ffff,교육,4
8930e1c8993ffff,부동산,2
8930e1c8993ffff,소매,5
8930e1c8993ffff,수리·개인,7
8930e1c8993ffff,숙박,1
8930e1c8993ffff,시설관리·임대,4
8930e1c8993ffff,예술·스포츠,2
8930e1c8993ffff,음식,11
8930e1c8997ffff,과학·기술,5
8930e1c8997ffff,교육,10
8930e1c8997ffff,보건의료,5
8930e1c8997ffff,부동산,7
8930e1c8997ffff,소매,14
8930e1c8997ffff,수리·개인,7
8930e1c8997ffff,시설관리·임대,2
8930e1c8997ffff,예술·스포츠,3
8930e1c8997ffff,음식,12
8930e1c899bffff,과학·기술,22
8930e1c899bffff,교육,22
8930e1c899bffff,보건의료,1
8930e1c899bffff,부동산,4
8930e1c899bffff,소매,20
8930e1c899bffff,수리·개인,17
8930e1c899bffff,시설관리·임대,1
8930e1c899bffff,예술·스포츠,8
8930e1c899bffff,음식,31
8930e1c89a7ffff,과학·기술,56
8930e1c89a7ffff,교육,12
8930e1c89a7ffff,보건의료,4
8930e1c89a7ffff,부동산,4
8930e1c89a7ffff,소매,14
8930e1c89a7ffff,수리·개인,7
8930e1c89a7ffff,시설관리·임대,3
8930e1c89a7ffff,예술·스포츠,3
8930e1c89a7ffff,음식,6
8930e1c89abffff,과학·기술,1
8930e1c89afffff,과학·기술,9
8930e1c89afffff,교육,27
8930e1c89afffff,보건의료,2
8930e1c89afffff,부동산,3
8930e1c89afffff,소매,8
8930e1c89afffff,수리·개인,9
8930e1c89afffff,시설관리·임대,1
8930e1c89afffff,음식,16
8930e1c89bbffff,부동산,3
8930e1c89bbffff,소매,1
8930e1c89bbffff,수리·개인,1
8930e1c89bbffff,음식,1
8930e1c89c3ffff,교육,1
8930e1c89c3ffff,부동산,3
8930e1c89c3ffff,소매,6
8930e1c89c3ffff,수리·개인,3
8930e1c89c3ffff,음식,1
8930e1c89c7ffff,음식,1
8930e1c89cbffff,과학·기술,2
8930e1c89cbffff,교육,6
8930e1c89cbffff,보건의료,2
8930e1c89cbffff,부동산,1
8930e1c89cbffff,소매,6
8930e1c89cbffff,수리·개인,4
8930e1c89cbffff,음식,2
8930e1c89cfffff,교육,2
8930e1c89cfffff,부동산,2
8930e1c89cfffff,수리·개인,2
8930e1c89cfffff,음식,1
8930e1c89d3ffff,과학·기술,17
8930e1c89d3ffff,교육,8
8930e1c89d3ffff,보건의료,9
8930e1c89d3ffff,부동산,7
8930e1c89d3ffff,소매,20
8930e1c89d3ffff,수리·개인,12
8930e1c89d3ffff,숙박,3
8930e1c89d3ffff,시설관리·임대,3
8930e1c89d3ffff,예술·스포츠,12
8930e1c89d3ffff,음식,30
8930e1c89d7ffff,과학·기술,11
8930e1c89d7ffff,교육,13
8930e1c89d7ffff,보건의료,2
8930e1c89d7ffff,소매,10
8930e1c89d7ffff,수리·개인,6
8930e1c89d7ffff,시설관리·임대,1
8930e1c89d7ffff,예술·스포츠,6
8930e1c89d7ffff,음식,14
8930e1c89dbffff,과학·기술,204
8930e1c89dbffff,교육,22
8930e1c89dbffff,보건의료,11
8930e1c89dbffff,부동산,37
8930e1c89dbffff,소매,530
8930e1c89dbffff,수리·개인,42
8930e1c89dbffff,시설관리·임대,79
8930e1c89dbffff,예술·스포츠,6
8930e1c89dbffff,음식,109
8930e1c8b97ffff,음식,1
8930e1c8c03ffff,과학·기술,1
8930e1c8c03ffff,예술·스포츠,1
8930e1c8c03ffff,음식,1
8930e1c8c07ffff,소매,4
8930e1c8c07ffff,음식,14
8930e1c8c0bffff,과학·기술,2
8930e1c8c0bffff,교육,1
8930e1c8c0bffff,부동산,1
8930e1c8c0bffff,소매,3
8930e1c8c0bffff,시설관리·임대,1
8930e1c8c0fffff,과학·기술,3
8930e1c8c0fffff,교육,1
8930e1c8c0fffff,보건의료,1
8930e1c8c0fffff,소매,5
8930e1c8c0fffff,시설관리·임대,1
8930e1c8c0fffff,예술·스포츠,1
8930e1c8c0fffff,음식,3
8930e1c8c13ffff,교육,1
8930e1c8c13ffff,보건의료,1
8930e1c8c13ffff,부동산,3
8930e1c8c13ffff,소매,5
8930e1c8c13ffff,예술·스포츠,2
8930e1c8c13ffff,음식,22
8930e1c8c17ffff,과학·기술,85
8930e1c8c17ffff,교육,10
8930e1c8c17ffff,보건의료,11
8930e1c8c17ffff,부동산,16
8930e1c8c17ffff,소매,56
8930e1c8c17ffff,수리·개인,18
8930e1c8c17ffff,숙박,1
8930e1c8c17ffff,시설관리·임대,21
8930e1c8c17ffff,예술·스포츠,1
8930e1c8c17ffff,음식,58
8930e1c8c33ffff,소매,1
8930e1c8c33ffff,음식,1
8930e1c8c3bffff,소매,1
8930e1c8c4bffff,과학·기술,7
8930e1c8c4bffff,소매,3
8930e1c8c4bffff,수리·개인,1
8930e1c8c4bffff,시설관리·임대,1
8930e1c8c4bffff,음식,1
8930e1c8c4fffff,소매,1
8930e1c8c4fffff,시설관리·임대,1
8930e1c8c63ffff,소매,5
8930e1c8c67ffff,교육,3
8930e1c8c6bffff,과학·기술,18
8930e1c8c6bffff,교육,6
8930e1c8c6bffff,보건의료,2
8930e1c8c6bffff,부동산,8
8930e1c8c6bffff,소매,12
8930e1c8c6bffff,수리·개인,13
8930e1c8c6bffff,숙박,1
8930e1c8c6bffff,시설관리·임대,7
8930e1c8c6bffff,예술·스포츠,3
8930e1c8c6bffff,음식,32
8930e1c8c6fffff,과학·기술,2
8930e1c8c6fffff,교육,1
8930e1c8c6fffff,부동산,5
8930e1c8c6fffff,소매,4
8930e1c8c6fffff,수리·개인,1
8930e1c8c6fffff,숙박,1
8930e1c8c6fffff,음식,1
8930e1c8c73ffff,과학·기술,2
8930e1c8c73ffff,소매,1
8930e1c8c73ffff,음식,3
8930e1c8c77ffff,수리·개인,1
8930e1c8c77ffff,음식,2
8930e1c8c83ffff,소매,1
8930e1c8c83ffff,시설관리·임대,1
8930e1c8c87ffff,보건의료,2
8930e1c8c87ffff,소매,2
8930e1c8c87ffff,수리·개인,2
8930e1c8c87ffff,음식,4
8930e1c8c8fffff,과학·기술,1
8930e1c8c8fffff,교육,1
8930e1c8c8fffff,부동산,2
8930e1c8c8fffff,소매,1
8930e1c8c8fffff,수리·개인,2
8930e1c8c8fffff,시설관리·임대,8
8930e1c8c8fffff,음식,6
8930e1c8c93ffff,과학·기술,1
8930e1c8ca3ffff,과학·기술,1
8930e1c8ca3ffff,교육,2
8930e1c8ca3ffff,부동산,2
8930e1c8ca3ffff,소매,3
8930e1c8ca3ffff,수리·개인,1
8930e1c8ca3ffff,예술·스포츠,1
8930e1c8ca3ffff,음식,3
8930e1c8cabffff,과학·기술,183
8930e1c8cabffff,교육,26
8930e1c8cabffff,보건의료,30
8930e1c8cabffff,부동산,26
8930e1c8cabffff,소매,60
8930e1c8cabffff,수리·개인,24
8930e1c8cabffff,숙박,2
8930e1c8cabffff,시설관리·임대,35
8930e1c8cabffff,예술·스포츠,14
8930e1c8cabffff,음식,86
8930e1c8cafffff,부동산,1
8930e1c8cafffff,소매,3
8930e1c8cafffff,음식,8
8930e1c8cbbffff,과학·기술,2
8930e1c8cbbffff,교육,1
8930e1c8cbbffff,부동산,4
8930e1c8cbbffff,소매,4
8930e1c8cbbffff,수리·개인,2
8930e1c8cbbffff,음식,5
8930e1c8cc3ffff,과학·기술,1
8930e1c8cc3ffff,부동산,1
8930e1c8cc3ffff,소매,1
8930e1c8cc3ffff,음식,1
8930e1c8cc7ffff,보건의료,2
8930e1c8cc7ffff,소매,4
8930e1c8cc7ffff,수리·개인,2
8930e1c8cc7ffff,음식,3
8930e1c8ccbffff,부동산,3
8930e1c8ccbffff,소매,3
8930e1c8ccbffff,수리·개인,2
8930e1c8ccfffff,교육,1
8930e1c8ccfffff,부동산,4
8930e1c8ccfffff,소매,2
8930e1c8ccfffff,수리·개인,3
8930e1c8ccfffff,시설관리·임대,1
8930e1c8ccfffff,예술·스포츠,1
8930e1c8ccfffff,음식,2
8930e1c8cd3ffff,과학·기술,1
8930e1c8cd3ffff,교육,4
8930e1c8cd3ffff,부동산,6
8930e1c8cd3ffff,소매,3
8930e1c8cd3ffff,수리·개인,6
8930e1c8cd3ffff,음식,8
8930e1c8cd7ffff,소매,1
8930e1c8d03ffff,과학·기술,73
8930e1c8d03ffff,교육,7
8930e1c8d03ffff,보건의료,1
8930e1c8d03ffff,부동산,5
8930e1c8d03ffff,소매,17
8930e1c8d03ffff,수리·개인,4
8930e1c8d03ffff,시설관리·임대,21
8930e1c8d03ffff,예술·스포츠,2
8930e1c8d03ffff,음식,9
8930e1c8d07ffff,과학·기술,11
8930e1c8d07ffff,교육,3
8930e1c8d07ffff,보건의료,7
8930e1c8d07ffff,소매,15
8930e1c8d07ffff,수리·개인,8
8930e1c8d07ffff,숙박,1
8930e1c8d07ffff,시설관리·임대,5
8930e1c8d07ffff,예술·스포츠,5
8930e1c8d07ffff,음식,22
8930e1c8d0bffff,소매,1
8930e1c8d0bffff,수리·개인,1
8930e1c8d0fffff,과학·기술,21
8930e1c8d0fffff,교육,7
8930e1c8d0fffff,보건의료,2
8930e1c8d0fffff,부동산,6
8930e1c8d0fffff,소매,38
8930e1c8d0fffff,수리·개인,17
8930e1c8d0fffff,시설관리·임대,12
8930e1c8d0fffff,예술·스포츠,3
8930e1c8d0fffff,음식,16
8930e1c8d13ffff,과학·기술,6
8930e1c8d13ffff,교육,1
8930e1c8d13ffff,보건의료,8
8930e1c8d13ffff,부동산,1
8930e1c8d13ffff,소매,2
8930e1c8d13ffff,수리·개인,3
8930e1c8d13ffff,숙박,1
8930e1c8d13ffff,예술·스포츠,6
8930e1c8d13ffff,음식,6
8930e1c8d17ffff,과학·기술,119
8930e1c8d17ffff,교육,12
8930e1c8d17ffff,보건의료,8
8930e1c8d17ffff,부동산,18
8930e1c8d17ffff,소매,48
8930e1c8d17ffff,수리·개인,15
8930e1c8d17ffff,숙박,3
8930e1c8d17ffff,시설관리·임대,43
8930e1c8d17ffff,예술·스포츠,52
8930e1c8d17ffff,음식,172
8930e1c8d1bffff,과학·기술,7
8930e1c8d1bffff,교육,11
8930e1c8d1bffff,보건의료,22
8930e1c8d1bffff,소매,39
8930e1c8d1bffff,수리·개인,4
8930e1c8d1bffff,숙박,1
8930e1c8d1bffff,예술·스포츠,8
8930e1c8d1bffff,음식,21
8930e1c8d23ffff,과학·기술,9
8930e1c8d23ffff,교육,6
8930e1c8d23ffff,보건의료,8
8930e1c8d23ffff,부동산,5
8930e1c8d23ffff,소매,23
8930e1c8d23ffff,수리·개인,17
8930e1c8d23ffff,숙박,3
8930e1c8d23ffff,시설관리·임대,5
8930e1c8d23ffff,예술·스포츠,7
8930e1c8d23ffff,음식,18
8930e1c8d27ffff,과학·기술,1
8930e1c8d27ffff,교육,4
8930e1c8d27ffff,부동산,1
8930e1c8d27ffff,소매,4
8930e1c8d27ffff,수리·개인,3
8930e1c8d27ffff,예술·스포츠,1
8930e1c8d27ffff,음식,3
8930e1c8d2bffff,과학·기술,11
8930e1c8d2bffff,교육,26
8930e1c8d2bffff,보건의료,1
8930e1c8d2bffff,부동산,8
8930e1c8d2bffff,소매,27
8930e1c8d2bffff,수리·개인,27
8930e1c8d2bffff,숙박,1
8930e1c8d2bffff,시설관리·임대,3
8930e1c8d2bffff,예술·스포츠,5
8930e1c8d2bffff,음식,25
8930e1c8d2fffff,과학·기술,2
8930e1c8d2fffff,교육,8
8930e1c8d2fffff,부동산,7
8930e1c8d2fffff,소매,5
8930e1c8d2fffff,수리·개인,6
8930e1c8d2fffff,시설관리·임대,1
8930e1c8d2fffff,예술·스포츠,1
8930e1c8d2fffff,음식,6
8930e1c8d33ffff,과학·기술,26
8930e1c8d33ffff,교육,10
8930e1c8d33ffff,보건의료,6
8930e1c8d33ffff,부동산,10
8930e1c8d33ffff,소매,21
8930e1c8d33ffff,수리·개인,21
8930e1c8d33ffff,숙박,4
8930e1c8d33ffff,시설관리·임대,5
8930e1c8d33ffff,예술·스포츠,4
8930e1c8d33ffff,음식,30
8930e1c8d37ffff,과학·기술,1
8930e1c8d37ffff,교육,8
8930e1c8d37ffff,부동산,6
8930e1c8d37ffff,소매,17
8930e1c8d37ffff,수리·개인,12
8930e1c8d37ffff,숙박,1
8930e1c8d37ffff,시설관리·임대,2
8930e1c8d37ffff,음식,9
8930e1c8d3bffff,과학·기술,16
8930e1c8d3bffff,교육,10
8930e1c8d3bffff,보건의료,8
8930e1c8d3bffff,부동산,3
8930e1c8d3bffff,소매,55
8930e1c8d3bffff,수리·개인,17
8930e1c8d3bffff,숙박,3
8930e1c8d3bffff,시설관리·임대,6
8930e1c8d3bffff,예술·스포츠,7
8930e1c8d3bffff,음식,25
8930e1c8d43ffff,과학·기술,395
8930e1c8d43ffff,교육,22
8930e1c8d43ffff,보건의료,4
8930e1c8d43ffff,부동산,35
8930e1c8d43ffff,소매,59
8930e1c8d43ffff,수리·개인,17
8930e1c8d43ffff,시설관리·임대,35
8930e1c8d43ffff,예술·스포츠,3
8930e1c8d43ffff,음식,98
8930e1c8d47ffff,과학·기술,282
8930e1c8d47ffff,교육,16
8930e1c8d47ffff,보건의료,8
8930e1c8d47ffff,부동산,29
8930e1c8d47ffff,소매,44
8930e1c8d47ffff,수리·개인,13
8930e1c8d47ffff,시설관리·임대,24
8930e1c8d47ffff,예술·스포츠,8
8930e1c8d47ffff,음식,128
8930e1c8d4bffff,음식,1
8930e1c8d4fffff,음식,2
8930e1c8d53ffff,과학·기술,3
8930e1c8d53ffff,소매,1
8930e1c8d53ffff,예술·스포츠,1
8930e1c8d53ffff,음식,2
8930e1c8d57ffff,시설관리·임대,1
8930e1c8d57ffff,음식,2
8930e1c8d5bffff,과학·기술,2
8930e1c8d5bffff,소매,1
8930e1c8d5bffff,수리·개인,1
8930e1c8d5bffff,시설관리·임대,1
8930e1c8d63ffff,과학·기술,42
8930e1c8d63ffff,교육,15
8930e1c8d63ffff,보건의료,3
8930e1c8d63ffff,부동산,18
8930e1c8d63ffff,소매,23
8930e1c8d63ffff,수리·개인,31
8930e1c8d63ffff,숙박,3
8930e1c8d63ffff,시설관리·임대,21
8930e1c8d63ffff,예술·스포츠,6
8930e1c8d63ffff,음식,33
8930e1c8d67ffff,과학·기술,13
8930e1c8d67ffff,교육,11
8930e1c8d67ffff,부동산,7
8930e1c8d67ffff,소매,12
8930e1c8d67ffff,수리·개인,15
8930e1c8d67ffff,숙박,1
8930e1c8d67ffff,시설관리·임대,1
8930e1c8d67ffff,예술·스포츠,5
8930e1c8d67ffff,음식,21
8930e1c8d6bffff,과학·기술,61
8930e1c8d6bffff,교육,16
8930e1c8d6bffff,보건의료,6
8930e1c8d6bffff,부동산,12
8930e1c8d6bffff,소매,27
8930e1c8d6bffff,수리·개인,52
8930e1c8d6bffff,숙박,1
8930e1c8d6bffff,시설관리·임대,9
8930e1c8d6bffff,예술·스포츠,10
8930e1c8d6bffff,음식,40
8930e1c8d6fffff,과학·기술,33
8930e1c8d6fffff,교육,28
8930e1c8d6fffff,보건의료,5
8930e1c8d6fffff,부동산,6
8930e1c8d6fffff,소매,28
8930e1c8d6fffff,수리·개인,27
8930e1c8d6fffff,숙박,1
8930e1c8d6fffff,시설관리·임대,8
8930e1c8d6fffff,예술·스포츠,14
8930e1c8d6fffff,음식,44
8930e1c8d73ffff,과학·기술,609
8930e1c8d73ffff,교육,49
8930e1c8d73ffff,보건의료,24
8930e1c8d73ffff,부동산,72
8930e1c8d73ffff,소매,138
8930e1c8d73ffff,수리·개인,61
8930e1c8d73ffff,숙박,4
8930e1c8d73ffff,시설관리·임대,87
8930e1c8d73ffff,예술·스포츠,21
8930e1c8d73ffff,음식,217
8930e1c8d77ffff,과학·기술,30
8930e1c8d77ffff,교육,10
8930e1c8d77ffff,보건의료,1
8930e1c8d77ffff,부동산,10
8930e1c8d77ffff,소매,48
8930e1c8d77ffff,수리·개인,36
8930e1c8d77ffff,숙박,5
8930e1c8d77ffff,시설관리·임대,3
8930e1c8d77ffff,예술·스포츠,18
8930e1c8d77ffff,음식,66
8930e1c8d7bffff,과학·기술,648
8930e1c8d7bffff,교육,44
8930e1c8d7bffff,보건의료,16
8930e1c8d7bffff,부동산,49
8930e1c8d7bffff,소매,73
8930e1c8d7bffff,수리·개인,54
8930e1c8d7bffff,시설관리·임대,40
8930e1c8d7bffff,예술·스포츠,13
8930e1c8d7bffff,음식,193
8930e1c8d83ffff,교육,4
8930e1c8d83ffff,소매,4
8930e1c8d83ffff,음식,1
8930e1c8d87ffff,과학·기술,30
8930e1c8d87ffff,교육,11
8930e1c8d87ffff,보건의료,2
8930e1c8d87ffff,부동산,7
8930e1c8d87ffff,소매,21
8930e1c8d87ffff,수리·개인,10
8930e1c8d87ffff,시설관리·임대,6
8930e1c8d87ffff,예술·스포츠,2
8930e1c8d87ffff,음식,17
8930e1c8d8fffff,과학·기술,7
8930e1c8d8fffff,교육,9
8930e1c8d8fffff,보건의료,11
8930e1c8d8fffff,부동산,13
8930e1c8d8fffff,소매,24
8930e1c8d8fffff,수리·개인,11
8930e1c8d8fffff,시설관리·임대,1
8930e1c8d8fffff,예술·스포츠,16
8930e1c8d8fffff,음식,37
8930e1c8d93ffff,과학·기술,6
8930e1c8d93ffff,교육,15
8930e1c8d93ffff,보건의료,4
8930e1c8d93ffff,부동산,5
8930e1c8d93ffff,소매,20
8930e1c8d93ffff,수리·개인,8
8930e1c8d93ffff,시설관리·임대,7
8930e1c8d93ffff,예술·스포츠,1
8930e1c8d93ffff,음식,40
8930e1c8d97ffff,과학·기술,11
8930e1c8d97ffff,교육,7
8930e1c8d97ffff,부동산,2
8930e1c8d97ffff,소매,11
8930e1c8d97ffff,수리·개인,4
8930e1c8d97ffff,시설관리·임대,4
8930e1c8d97ffff,음식,16
8930e1c8da3ffff,과학·기술,18
8930e1c8da3ffff,교육,6
8930e1c8da3ffff,부동산,5
8930e1c8da3ffff,소매,16
8930e1c8da3ffff,수리·개인,17
8930e1c8da3ffff,시설관리·임대,2
8930e1c8da3ffff,예술·스포츠,3
8930e1c8da3ffff,음식,39
8930e1c8da7ffff,과학·기술,122
8930e1c8da7ffff,교육,19
8930e1c8da7ffff,보건의료,2
8930e1c8da7ffff,부동산,7
8930e1c8da7ffff,소매,35
8930e1c8da7ffff,수리·개인,20
8930e1c8da7ffff,숙박,3
8930e1c8da7ffff,시설관리·임대,35
8930e1c8da7ffff,예술·스포츠,3
8930e1c8da7ffff,음식,32
8930e1c8dabffff,과학·기술,54
8930e1c8dabffff,교육,12
8930e1c8dabffff,보건의료,10
8930e1c8dabffff,부동산,6
8930e1c8dabffff,소매,29
8930e1c8dabffff,수리·개인,12
8930e1c8dabffff,숙박,2
8930e1c8dabffff,시설관리·임대,5
8930e1c8dabffff,예술·스포츠,16
8930e1c8dabffff,음식,48
8930e1c8dafffff,과학·기술,21
8930e1c8dafffff,교육,11
8930e1c8dafffff,보건의료,2
8930e1c8dafffff,부동산,5
8930e1c8dafffff,소매,21
8930e1c8dafffff,수리·개인,16
8930e1c8dafffff,시설관리·임대,8
8930e1c8dafffff,예술·스포츠,2
8930e1c8dafffff,음식,28
8930e1c8db3ffff,과학·기술,5
8930e1c8db3ffff,교육,11
8930e1c8db3ffff,보건의료,2
8930e1c8db3ffff,부동산,2
8930e1c8db3ffff,소매,7
8930e1c8db3ffff,수리·개인,3
8930e1c8db3ffff,음식,4
8930e1c8db7ffff,과학·기술,10
8930e1c8db7ffff,교육,8
8930e1c8db7ffff,부동산,8
8930e1c8db7ffff,소매,17
8930e1c8db7ffff,수리·개인,12
8930e1c8db7ffff,숙박,1
8930e1c8db7ffff,시설관리·임대,4
8930e1c8db7ffff,예술·스포츠,10
8930e1c8db7ffff,음식,32
8930e1c8dbbffff,과학·기술,40
8930e1c8dbbffff,교육,9
8930e1c8dbbffff,보건의료,8
8930e1c8dbbffff,부동산,7
8930e1c8dbbffff,소매,47
8930e1c8dbbffff,수리·개인,22
8930e1c8dbbffff,숙박,17
8930e1c8dbbffff,시설관리·임대,8
8930e1c8dbbffff,예술·스포츠,42
8930e1c8dbbffff,음식,112
8930e1c8dc7ffff,과학·기술,4
8930e1c8dc7ffff,교육,1
8930e1c8dc7ffff,소매,3
8930e1c8dc7ffff,시설관리·임대,1
8930e1c8dc7ffff,음식,1
8930e1c8dcbffff,과학·기술,3
8930e1c8dcbffff,교육,22
8930e1c8dcbffff,보건의료,2
8930e1c8dcbffff,부동산,14
8930e1c8dcbffff,소매,23
8930e1c8dcbffff,수리·개인,21
8930e1c8dcbffff,시설관리·임대,2
8930e1c8dcbffff,예술·스포츠,3
8930e1c8dcbffff,음식,15
8930e1c8e07ffff,과학·기술,11
8930e1c8e07ffff,교육,23
8930e1c8e07ffff,보건의료,10
8930e1c8e07ffff,부동산,7
8930e1c8e07ffff,소매,20
8930e1c8e07ffff,수리·개인,10
8930e1c8e07ffff,시설관리·임대,2
8930e1c8e07ffff,예술·스포츠,6
8930e1c8e07ffff,음식,34
8930e1c8e0fffff,부동산,1
8930e1c8e0fffff,수리·개인,1
8930e1c8e0fffff,음식,1
8930e1c8e13ffff,과학·기술,3
8930e1c8e13ffff,교육,2
8930e1c8e13ffff,부동산,1
8930e1c8e13ffff,소매,2
8930e1c8e13ffff,수리·개인,2
8930e1c8e13ffff,음식,3
8930e1c8e17ffff,과학·기술,12
8930e1c8e17ffff,교육,9
8930e1c8e17ffff,보건의료,3
8930e1c8e17ffff,부동산,2
8930e1c8e17ffff,소매,19
8930e1c8e17ffff,수리·개인,6
8930e1c8e17ffff,시설관리·임대,7
8930e1c8e17ffff,예술·스포츠,3
8930e1c8e17ffff,음식,20
8930e1c8e23ffff,과학·기술,3
8930e1c8e23ffff,교육,3
8930e1c8e23ffff,보건의료,2
8930e1c8e23ffff,부동산,1
8930e1c8e23ffff,소매,8
8930e1c8e23ffff,수리·개인,3
8930e1c8e23ffff,예술·스포츠,2
8930e1c8e23ffff,음식,13
8930e1c8e27ffff,과학·기술,4
8930e1c8e27ffff,부동산,2
8930e1c8e27ffff,소매,5
8930e1c8e27ffff,수리·개인,2
8930e1c8e27ffff,시설관리·임대,1
8930e1c8e27ffff,음식,2
8930e1c8e2bffff,과학·기술,1
8930e1c8e2bffff,부동산,2
8930e1c8e2bffff,소매,5
8930e1c8e2bffff,음식,7
8930e1c8e33ffff,부동산,1
8930e1c8e33ffff,음식,1
8930e1c8e3bffff,과학·기술,4
8930e1c8e3bffff,교육,16
8930e1c8e3bffff,보건의료,5
8930e1c8e3bffff,부동산,1
8930e1c8e3bffff,소매,12
8930e1c8e3bffff,수리·개인,8
8930e1c8e3bffff,시설관리·임대,1
8930e1c8e3bffff,예술·스포츠,1
8930e1c8e3bffff,음식,2
8930e1c8e53ffff,과학·기술,3
8930e1c8e53ffff,소매,2
8930e1c8e53ffff,시설관리·임대,1
8930e1c8e73ffff,교육,2
8930e1c8e73ffff,부동산,2
8930e1c8e73ffff,소매,1
8930e1c8e73ffff,수리·개인,1
8930e1c8e73ffff,음식,2
8930e1c8e77ffff,보건의료,1
8930e1c8e77ffff,음식,3
8930e1c8e83ffff,교육,13
8930e1c8e83ffff,소매,3
8930e1c8e83ffff,수리·개인,2
8930e1c8e83ffff,예술·스포츠,1
8930e1c8e83ffff,음식,2
8930e1c8e87ffff,과학·기술,2
8930e1c8e87ffff,교육,32
8930e1c8e87ffff,보건의료,5
8930e1c8e87ffff,부동산,6
8930e1c8e87ffff,소매,13
8930e1c8e87ffff,수리·개인,6
8930e1c8e87ffff,예술·스포츠,5
8930e1c8e87ffff,음식,11
8930e1c8e8bffff,과학·기술,2
8930e1c8e8bffff,교육,2
8930e1c8e8bffff,부동산,3
8930e1c8e8bffff,소매,1
8930e1c8e8bffff,수리·개인,1
8930e1c8e8fffff,과학·기술,4
8930e1c8e8fffff,교육,3
8930e1c8e8fffff,보건의료,1
8930e1c8e8fffff,소매,1
8930e1c8e8fffff,시설관리·임대,4
8930e1c8e97ffff,음식,2
8930e1c8e9bffff,부동산,1
8930e1c8e9bffff,소매,3
8930e1c8e9bffff,수리·개인,2
8930e1c8ea3ffff,과학·기술,1
8930e1c8ea3ffff,소매,1
8930e1c8ea7ffff,과학·기술,2
8930e1c8ea7ffff,교육,2
8930e1c8ea7ffff,부동산,2
8930e1c8ea7ffff,소매,8
8930e1c8ea7ffff,숙박,1
8930e1c8ea7ffff,음식,3
8930e1c8eabffff,과학·기술,2
8930e1c8eabffff,교육,1
8930e1c8eabffff,부동산,4
8930e1c8eabffff,소매,1
8930e1c8eabffff,수리·개인,1
8930e1c8eabffff,음식,1
8930e1c8eafffff,과학·기술,4
8930e1c8eafffff,교육,3
8930e1c8eafffff,소매,5
8930e1c8eafffff,수리·개인,1
8930e1c8eafffff,음식,1
8930e1c8eb3ffff,과학·기술,5
8930e1c8eb3ffff,부동산,1
8930e1c8eb3ffff,소매,4
8930e1c8eb3ffff,수리·개인,4
8930e1c8eb3ffff,시설관리·임대,3
8930e1c8eb3ffff,음식,2
8930e1c8eb7ffff,과학·기술,122
8930e1c8eb7ffff,교육,5
8930e1c8eb7ffff,보건의료,3
8930e1c8eb7ffff,부동산,8
8930e1c8eb7ffff,소매,20
8930e1c8eb7ffff,수리·개인,3
8930e1c8eb7ffff,시설관리·임대,7
8930e1c8eb7ffff,음식,26
8930e1c8ebbffff,교육,1
8930e1c8ebbffff,수리·개인,1
8930e1c8ebbffff,시설관리·임대,1
8930e1c8ecbffff,소매,2
8930e1c8ed3ffff,소매,1
8930e1c9127ffff,과학·기술,1
8930e1c9127ffff,소매,1
8930e1c9127ffff,음식,1
8930e1c9137ffff,시설관리·임대,1
8930e1c91a3ffff,소매,1
8930e1c91a7ffff,소매,2
8930e1c95a3ffff,소매,1
8930e1c95a3ffff,숙박,1
8930e1c9cc3ffff,과학·기술,1
8930e1c9cc3ffff,교육,1
8930e1c9cc3ffff,시설관리·임대,1
8930e1c9ccbffff,과학·기술,2
8930e1c9ccbffff,시설관리·임대,1
8930e1c9cdbffff,과학·기술,1
8930e1c9cdbffff,소매,3
8930e1c9cdbffff,시설관리·임대,1
8930e1ca003ffff,과학·기술,124
8930e1ca003ffff,교육,17
8930e1ca003ffff,보건의료,5
8930e1ca003ffff,부동산,16
8930e1ca003ffff,소매,53
8930e1ca003ffff,수리·개인,8
8930e1ca003ffff,숙박,1
8930e1ca003ffff,시설관리·임대,32
8930e1ca003ffff,예술·스포츠,6
8930e1ca003ffff,음식,30
8930e1ca007ffff,과학·기술,196
8930e1ca007ffff,교육,26
8930e1ca007ffff,보건의료,20
8930e1ca007ffff,부동산,27
8930e1ca007ffff,소매,72
8930e1ca007ffff,수리·개인,29
8930e1ca007ffff,시설관리·임대,44
8930e1ca007ffff,예술·스포츠,9
8930e1ca007ffff,음식,54
8930e1ca00bffff,과학·기술,26
8930e1ca00bffff,교육,3
8930e1ca00bffff,부동산,2
8930e1ca00bffff,소매,20
8930e1ca00bffff,수리·개인,13
8930e1ca00bffff,숙박,2
8930e1ca00bffff,시설관리·임대,2
8930e1ca00bffff,예술·스포츠,1
8930e1ca00bffff,음식,11
8930e1ca00fffff,과학·기술,88
8930e1ca00fffff,교육,9
8930e1ca00fffff,보건의료,4
8930e1ca00fffff,부동산,23
8930e1ca00fffff,소매,32
8930e1ca00fffff,수리·개인,10
8930e1ca00fffff,숙박,4
8930e1ca00fffff,시설관리·임대,13
8930e1ca00fffff,예술·스포츠,4
8930e1ca00fffff,음식,31
8930e1ca013ffff,과학·기술,56
8930e1ca013ffff,교육,5
8930e1ca013ffff,보건의료,1
8930e1ca013ffff,부동산,2
8930e1ca013ffff,소매,12
8930e1ca013ffff,수리·개인,5
8930e1ca013ffff,시설관리·임대,7
8930e1ca013ffff,예술·스포츠,3
8930e1ca013ffff,음식,11
8930e1ca017ffff,과학·기술,97
8930e1ca017ffff,교육,19
8930e1ca017ffff,보건의료,7
8930e1ca017ffff,부동산,16
8930e1ca017ffff,소매,37
8930e1ca017ffff,수리·개인,10
8930e1ca017ffff,숙박,1
8930e1ca017ffff,시설관리·임대,6
8930e1ca017ffff,예술·스포츠,4
8930e1ca017ffff,음식,35
8930e1ca01bffff,과학·기술,73
8930e1ca01bffff,교육,13
8930e1ca01bffff,보건의료,1
8930e1ca01bffff,부동산,14
8930e1ca01bffff,소매,32
8930e1ca01bffff,수리·개인,21
8930e1ca01bffff,숙박,2
8930e1ca01bffff,시설관리·임대,10
8930e1ca01bffff,예술·스포츠,4
8930e1ca01bffff,음식,45
8930e1ca023ffff,과학·기술,31
8930e1ca023ffff,교육,2
8930e1ca023ffff,부동산,4
8930e1ca023ffff,소매,12
8930e1ca023ffff,수리·개인,6
8930e1ca023ffff,시설관리·임대,4
8930e1ca023ffff,예술·스포츠,5
8930e1ca023ffff,음식,12
8930e1ca027ffff,과학·기술,94
8930e1ca027ffff,교육,11
8930e1ca027ffff,보건의료,1
8930e1ca027ffff,부동산,5
8930e1ca027ffff,소매,22
8930e1ca027ffff,수리·개인,14
8930e1ca027ffff,시설관리·임대,11
8930e1ca027ffff,예술·스포츠,7
8930e1ca027ffff,음식,28
8930e1ca02bffff,과학·기술,47
8930e1ca02bffff,교육,9
8930e1ca02bffff,보건의료,2
8930e1ca02bffff,부동산,14
8930e1ca02bffff,소매,26
8930e1ca02bffff,수리·개인,15
8930e1ca02bffff,숙박,1
8930e1ca02bffff,시설관리·임대,7
8930e1ca02bffff,예술·스포츠,3
8930e1ca02bffff,음식,60
8930e1ca02fffff,과학·기술,18
8930e1ca02fffff,교육,20
8930e1ca02fffff,부동산,3
8930e1ca02fffff,소매,13
8930e1ca02fffff,수리·개인,16
8930e1ca02fffff,숙박,6
8930e1ca02fffff,시설관리·임대,1
8930e1ca02fffff,예술·스포츠,3
8930e1ca02fffff,음식,9
8930e1ca033ffff,과학·기술,141
8930e1ca033ffff,교육,9
8930e1ca033ffff,보건의료,14
8930e1ca033ffff,부동산,11
8930e1ca033ffff,소매,42
8930e1ca033ffff,수리·개인,10
8930e1ca033ffff,숙박,1
8930e1ca033ffff,시설관리·임대,19
8930e1ca033ffff,예술·스포츠,5
8930e1ca033ffff,음식,39
8930e1ca037ffff,과학·기술,163
8930e1ca037ffff,교육,17
8930e1ca037ffff,보건의료,6
8930e1ca037ffff,부동산,14
8930e1ca037ffff,소매,33
8930e1ca037ffff,수리·개인,27
8930e1ca037ffff,숙박,2
8930e1ca037ffff,시설관리·임대,29
8930e1ca037ffff,예술·스포츠,6
8930e1ca037ffff,음식,66
8930e1ca03bffff,과학·기술,94
8930e1ca03bffff,교육,12
8930e1ca03bffff,보건의료,5
8930e1ca03bffff,부동산,8
8930e1ca03bffff,소매,33
8930e1ca03bffff,수리·개인,18
8930e1ca03bffff,숙박,1
8930e1ca03bffff,시설관리·임대,12
8930e1ca03bffff,예술·스포츠,3
8930e1ca03bffff,음식,41
8930e1ca043ffff,과학·기술,159
8930e1ca043ffff,교육,33
8930e1ca043ffff,보건의료,32
8930e1ca043ffff,부동산,23
8930e1ca043ffff,소매,76
8930e1ca043ffff,수리·개인,91
8930e1ca043ffff,숙박,9
8930e1ca043ffff,시설관리·임대,24
8930e1ca043ffff,예술·스포츠,18
8930e1ca043ffff,음식,108
8930e1ca047ffff,과학·기술,158
8930e1ca047ffff,교육,20
8930e1ca047ffff,보건의료,1
8930e1ca047ffff,부동산,23
8930e1ca047ffff,소매,39
8930e1ca047ffff,수리·개인,44
8930e1ca047ffff,숙박,9
8930e1ca047ffff,시설관리·임대,26
8930e1ca047ffff,예술·스포츠,8
8930e1ca047ffff,음식,33
8930e1ca04bffff,과학·기술,85
8930e1ca04bffff,교육,13
8930e1ca04bffff,보건의료,59
8930e1ca04bffff,부동산,10
8930e1ca04bffff,소매,50
8930e1ca04bffff,수리·개인,42
8930e1ca04bffff,숙박,4
8930e1ca04bffff,시설관리·임대,8
8930e1ca04bffff,예술·스포츠,24
8930e1ca04bffff,음식,164
8930e1ca04fffff,과학·기술,123
8930e1ca04fffff,교육,13
8930e1ca04fffff,보건의료,1
8930e1ca04fffff,부동산,20
8930e1ca04fffff,소매,41
8930e1ca04fffff,수리·개인,8
8930e1ca04fffff,숙박,4
8930e1ca04fffff,시설관리·임대,38
8930e1ca04fffff,예술·스포츠,1
8930e1ca04fffff,음식,19
8930e1ca053ffff,과학·기술,77
8930e1ca053ffff,교육,17
8930e1ca053ffff,보건의료,36
8930e1ca053ffff,부동산,37
8930e1ca053ffff,소매,80
8930e1ca053ffff,수리·개인,19
8930e1ca053ffff,숙박,4
8930e1ca053ffff,시설관리·임대,28
8930e1ca053ffff,예술·스포츠,22
8930e1ca053ffff,음식,221
8930e1ca057ffff,과학·기술,42
8930e1ca057ffff,교육,12
8930e1ca057ffff,보건의료,11
8930e1ca057ffff,부동산,9
8930e1ca057ffff,소매,98
8930e1ca057ffff,수리·개인,51
8930e1ca057ffff,숙박,4
8930e1ca057ffff,시설관리·임대,13
8930e1ca057ffff,예술·스포츠,6
8930e1ca057ffff,음식,72
8930e1ca05bffff,과학·기술,96
8930e1ca05bffff,교육,22
8930e1ca05bffff,보건의료,84
8930e1ca05bffff,부동산,18
8930e1ca05bffff,소매,59
8930e1ca05bffff,수리·개인,19
8930e1ca05bffff,숙박,4
8930e1ca05bffff,시설관리·임대,20
8930e1ca05bffff,예술·스포츠,12
8930e1ca05bffff,음식,86
8930e1ca063ffff,과학·기술,105
8930e1ca063ffff,교육,18
8930e1ca063ffff,보건의료,38
8930e1ca063ffff,부동산,21
8930e1ca063ffff,소매,49
8930e1ca063ffff,수리·개인,18
8930e1ca063ffff,시설관리·임대,14
8930e1ca063ffff,예술·스포츠,11
8930e1ca063ffff,음식,56
8930e1ca067ffff,과학·기술,105
8930e1ca067ffff,교육,10
8930e1ca067ffff,보건의료,13
8930e1ca067ffff,부동산,13
8930e1ca067ffff,소매,41
8930e1ca067ffff,수리·개인,20
8930e1ca067ffff,숙박,1
8930e1ca067ffff,시설관리·임대,21
8930e1ca067ffff,예술·스포츠,5
8930e1ca067ffff,음식,75
8930e1ca06bffff,과학·기술,59
8930e1ca06bffff,교육,16
8930e1ca06bffff,보건의료,4
8930e1ca06bffff,부동산,14
8930e1ca06bffff,소매,21
8930e1ca06bffff,수리·개인,7
8930e1ca06bffff,숙박,3
8930e1ca06bffff,시설관리·임대,12
8930e1ca06bffff,예술·스포츠,2
8930e1ca06bffff,음식,35
8930e1ca06fffff,과학·기술,51
8930e1ca06fffff,교육,6
8930e1ca06fffff,보건의료,3
8930e1ca06fffff,부동산,6
8930e1ca06fffff,소매,28
8930e1ca06fffff,수리·개인,14
8930e1ca06fffff,숙박,5
8930e1ca06fffff,시설관리·임대,11
8930e1ca06fffff,예술·스포츠,2
8930e1ca06fffff,음식,32
8930e1ca073ffff,과학·기술,54
8930e1ca073ffff,교육,3
8930e1ca073ffff,보건의료,6
8930e1ca073ffff,부동산,29
8930e1ca073ffff,소매,27
8930e1ca073ffff,수리·개인,25
8930e1ca073ffff,숙박,3
8930e1ca073ffff,시설관리·임대,8
8930e1ca073ffff,예술·스포츠,5
8930e1ca073ffff,음식,64
8930e1ca077ffff,과학·기술,83
8930e1ca077ffff,교육,16
8930e1ca077ffff,보건의료,4
8930e1ca077ffff,부동산,15
8930e1ca077ffff,소매,42
8930e1ca077ffff,수리·개인,25
8930e1ca077ffff,숙박,1
8930e1ca077ffff,시설관리·임대,21
8930e1ca077ffff,예술·스포츠,12
8930e1ca077ffff,음식,96
8930e1ca07bffff,과학·기술,56
8930e1ca07bffff,교육,10
8930e1ca07bffff,보건의료,3
8930e1ca07bffff,부동산,8
8930e1ca07bffff,소매,24
8930e1ca07bffff,수리·개인,12
8930e1ca07bffff,숙박,5
8930e1ca07bffff,시설관리·임대,3
8930e1ca07bffff,예술·스포츠,1
8930e1ca07bffff,음식,15
8930e1ca083ffff,과학·기술,219
8930e1ca083ffff,교육,31
8930e1ca083ffff,보건의료,9
8930e1ca083ffff,부동산,24
8930e1ca083ffff,소매,83
8930e1ca083ffff,수리·개인,37
8930e1ca083ffff,숙박,2
8930e1ca083ffff,시설관리·임대,37
8930e1ca083ffff,예술·스포츠,4
8930e1ca083ffff,음식,121
8930e1ca087ffff,과학·기술,129
8930e1ca087ffff,교육,30
8930e1ca087ffff,보건의료,27
8930e1ca087ffff,부동산,8
8930e1ca087ffff,소매,51
8930e1ca087ffff,수리·개인,19
8930e1ca087ffff,숙박,2
8930e1ca087ffff,시설관리·임대,12
8930e1ca087ffff,예술·스포츠,8
8930e1ca087ffff,음식,51
8930e1ca08bffff,과학·기술,74
8930e1ca08bffff,교육,10
8930e1ca08bffff,보건의료,10
8930e1ca08bffff,소매,20
8930e1ca08bffff,수리·개인,11
8930e1ca08bffff,숙박,2
8930e1ca08bffff,시설관리·임대,11
8930e1ca08bffff,예술·스포츠,2
8930e1ca08bffff,음식,25
8930e1ca08fffff,과학·기술,108
8930e1ca08fffff,교육,9
8930e1ca08fffff,보건의료,1
8930e1ca08fffff,부동산,4
8930e1ca08fffff,소매,38
8930e1ca08fffff,수리·개인,7
8930e1ca08fffff,숙박,2
8930e1ca08fffff,시설관리·임대,17
8930e1ca08fffff,예술·스포츠,1
8930e1ca08fffff,음식,36
8930e1ca093ffff,과학·기술,106
8930e1ca093ffff,교육,16
8930e1ca093ffff,보건의료,7
8930e1ca093ffff,부동산,3
8930e1ca093ffff,소매,118
8930e1ca093ffff,수리·개인,41
8930e1ca093ffff,숙박,1
8930e1ca093ffff,시설관리·임대,10
8930e1ca093ffff,예술·스포츠,3
8930e1ca093ffff,음식,88
8930e1ca097ffff,과학·기술,94
8930e1ca097ffff,교육,30
8930e1ca097ffff,보건의료,2
8930e1ca097ffff,부동산,10
8930e1ca097ffff,소매,65
8930e1ca097ffff,수리·개인,43
8930e1ca097ffff,숙박,2
8930e1ca097ffff,시설관리·임대,9
8930e1ca097ffff,예술·스포츠,5
8930e1ca097ffff,음식,45
8930e1ca09bffff,과학·기술,91
8930e1ca09bffff,교육,28
8930e1ca09bffff,보건의료,63
8930e1ca09bffff,부동산,10
8930e1ca09bffff,소매,69
8930e1ca09bffff,수리·개인,52
8930e1ca09bffff,숙박,7
8930e1ca09bffff,시설관리·임대,9
8930e1ca09bffff,예술·스포츠,19
8930e1ca09bffff,음식,182
8930e1ca0a3ffff,과학·기술,79
8930e1ca0a3ffff,교육,3
8930e1ca0a3ffff,보건의료,5
8930e1ca0a3ffff,부동산,7
8930e1ca0a3ffff,소매,29
8930e1ca0a3ffff,수리·개인,12
8930e1ca0a3ffff,시설관리·임대,7
8930e1ca0a3ffff,예술·스포츠,4
8930e1ca0a3ffff,음식,50
8930e1ca0a7ffff,과학·기술,49
8930e1ca0a7ffff,교육,4
8930e1ca0a7ffff,보건의료,1
8930e1ca0a7ffff,부동산,7
8930e1ca0a7ffff,소매,27
8930e1ca0a7ffff,수리·개인,8
8930e1ca0a7ffff,숙박,1
8930e1ca0a7ffff,시설관리·임대,3
8930e1ca0a7ffff,예술·스포츠,6
8930e1ca0a7ffff,음식,70
8930e1ca0abffff,과학·기술,90
8930e1ca0abffff,교육,10
8930e1ca0abffff,부동산,8
8930e1ca0abffff,소매,33
8930e1ca0abffff,수리·개인,10
8930e1ca0abffff,시설관리·임대,11
8930e1ca0abffff,예술·스포츠,2
8930e1ca0abffff,음식,27
8930e1ca0afffff,과학·기술,53
8930e1ca0afffff,교육,4
8930e1ca0afffff,보건의료,2
8930e1ca0afffff,부동산,3
8930e1ca0afffff,소매,21
8930e1ca0afffff,수리·개인,5
8930e1ca0afffff,숙박,1
8930e1ca0afffff,시설관리·임대,4
8930e1ca0afffff,예술·스포츠,1
8930e1ca0afffff,음식,29
8930e1ca0b3ffff,과학·기술,98
8930e1ca0b3ffff,교육,19
8930e1ca0b3ffff,보건의료,10
8930e1ca0b3ffff,부동산,7
8930e1ca0b3ffff,소매,37
8930e1ca0b3ffff,수리·개인,28
8930e1ca0b3ffff,숙박,1
8930e1ca0b3ffff,시설관리·임대,12
8930e1ca0b3ffff,예술·스포츠,12
8930e1ca0b3ffff,음식,56
8930e1ca0b7ffff,과학·기술,61
8930e1ca0b7ffff,교육,9
8930e1ca0b7ffff,보건의료,6
8930e1ca0b7ffff,부동산,3
8930e1ca0b7ffff,소매,36
8930e1ca0b7ffff,수리·개인,15
8930e1ca0b7ffff,숙박,1
8930e1ca0b7ffff,시설관리·임대,9
8930e1ca0b7ffff,예술·스포츠,3
8930e1ca0b7ffff,음식,32
8930e1ca0bbffff,과학·기술,161
8930e1ca0bbffff,교육,17
8930e1ca0bbffff,보건의료,5
8930e1ca0bbffff,부동산,12
8930e1ca0bbffff,소매,53
8930e1ca0bbffff,수리·개인,23
8930e1ca0bbffff,숙박,5
8930e1ca0bbffff,시설관리·임대,23
8930e1ca0bbffff,예술·스포츠,7
8930e1ca0bbffff,음식,82
8930e1ca0c3ffff,과학·기술,113
8930e1ca0c3ffff,교육,21
8930e1ca0c3ffff,보건의료,36
8930e1ca0c3ffff,부동산,19
8930e1ca0c3ffff,소매,35
8930e1ca0c3ffff,수리·개인,7
8930e1ca0c3ffff,숙박,1
8930e1ca0c3ffff,시설관리·임대,24
8930e1ca0c3ffff,예술·스포츠,4
8930e1ca0c3ffff,음식,31
8930e1ca0c7ffff,과학·기술,55
8930e1ca0c7ffff,교육,8
8930e1ca0c7ffff,보건의료,1
8930e1ca0c7ffff,부동산,7
8930e1ca0c7ffff,소매,17
8930e1ca0c7ffff,수리·개인,4
8930e1ca0c7ffff,시설관리·임대,7
8930e1ca0c7ffff,음식,7
8930e1ca0cbffff,과학·기술,89
8930e1ca0cbffff,교육,29
8930e1ca0cbffff,보건의료,75
8930e1ca0cbffff,부동산,20
8930e1ca0cbffff,소매,52
8930e1ca0cbffff,수리·개인,47
8930e1ca0cbffff,숙박,8
8930e1ca0cbffff,시설관리·임대,14
8930e1ca0cbffff,예술·스포츠,17
8930e1ca0cbffff,음식,84
8930e1ca0cfffff,과학·기술,148
8930e1ca0cfffff,교육,9
8930e1ca0cfffff,보건의료,10
8930e1ca0cfffff,부동산,20
8930e1ca0cfffff,소매,69
8930e1ca0cfffff,수리·개인,21
8930e1ca0cfffff,숙박,1
8930e1ca0cfffff,시설관리·임대,20
8930e1ca0cfffff,예술·스포츠,8
8930e1ca0cfffff,음식,79
8930e1ca0d3ffff,과학·기술,193
8930e1ca0d3ffff,교육,38
8930e1ca0d3ffff,보건의료,53
8930e1ca0d3ffff,부동산,27
8930e1ca0d3ffff,소매,39
8930e1ca0d3ffff,수리·개인,21
8930e1ca0d3ffff,숙박,4
8930e1ca0d3ffff,시설관리·임대,21
8930e1ca0d3ffff,예술·스포츠,19
8930e1ca0d3ffff,음식,94
8930e1ca0d7ffff,과학·기술,124
8930e1ca0d7ffff,교육,22
8930e1ca0d7ffff,보건의료,45
8930e1ca0d7ffff,부동산,16
8930e1ca0d7ffff,소매,39
8930e1ca0d7ffff,수리·개인,27
8930e1ca0d7ffff,숙박,5
8930e1ca0d7ffff,시설관리·임대,23
8930e1ca0d7ffff,예술·스포츠,4
8930e1ca0d7ffff,음식,44
8930e1ca0dbffff,과학·기술,177
8930e1ca0dbffff,교육,24
8930e1ca0dbffff,보건의료,10
8930e1ca0dbffff,부동산,43
8930e1ca0dbffff,소매,52
8930e1ca0dbffff,수리·개인,28
8930e1ca0dbffff,숙박,6
8930e1ca0dbffff,시설관리·임대,35
8930e1ca0dbffff,예술·스포츠,6
8930e1ca0dbffff,음식,91
8930e1ca103ffff,과학·기술,44
8930e1ca103ffff,교육,16
8930e1ca103ffff,보건의료,19
8930e1ca103ffff,부동산,12
8930e1ca103ffff,소매,57
8930e1ca103ffff,수리·개인,28
8930e1ca103ffff,시설관리·임대,10
8930e1ca103ffff,예술·스포츠,4
8930e1ca103ffff,음식,29
8930e1ca107ffff,과학·기술,8
8930e1ca107ffff,교육,1
8930e1ca107ffff,부동산,1
8930e1ca107ffff,소매,3
8930e1ca107ffff,수리·개인,3
8930e1ca107ffff,시설관리·임대,1
8930e1ca107ffff,음식,1
8930e1ca10bffff,과학·기술,8
8930e1ca10bffff,교육,2
8930e1ca10bffff,보건의료,11
8930e1ca10bffff,부동산,1
8930e1ca10bffff,소매,4
8930e1ca10bffff,수리·개인,1
8930e1ca10bffff,시설관리·임대,1
8930e1ca10bffff,예술·스포츠,2
8930e1ca10bffff,음식,10
8930e1ca10fffff,과학·기술,27
8930e1ca10fffff,교육,13
8930e1ca10fffff,보건의료,28
8930e1ca10fffff,부동산,8
8930e1ca10fffff,소매,42
8930e1ca10fffff,수리·개인,22
8930e1ca10fffff,시설관리·임대,3
8930e1ca10fffff,예술·스포츠,11
8930e1ca10fffff,음식,38
8930e1ca113ffff,과학·기술,43
8930e1ca113ffff,교육,19
8930e1ca113ffff,보건의료,3
8930e1ca113ffff,부동산,8
8930e1ca113ffff,소매,50
8930e1ca113ffff,수리·개인,50
8930e1ca113ffff,숙박,1
8930e1ca113ffff,시설관리·임대,15
8930e1ca113ffff,예술·스포츠,6
8930e1ca113ffff,음식,53
8930e1ca117ffff,과학·기술,69
8930e1ca117ffff,교육,16
8930e1ca117ffff,보건의료,19
8930e1ca117ffff,부동산,13
8930e1ca117ffff,소매,61
8930e1ca117ffff,수리·개인,30
8930e1ca117ffff,숙박,1
8930e1ca117ffff,시설관리·임대,6
8930e1ca117ffff,예술·스포츠,2
8930e1ca117ffff,음식,51
8930e1ca11bffff,과학·기술,61
8930e1ca11bffff,교육,36
8930e1ca11bffff,보건의료,18
8930e1ca11bffff,부동산,6
8930e1ca11bffff,소매,22
8930e1ca11bffff,수리·개인,15
8930e1ca11bffff,시설관리·임대,8
8930e1ca11bffff,예술·스포츠,5
8930e1ca11bffff,음식,21
8930e1ca123ffff,과학·기술,43
8930e1ca123ffff,교육,21
8930e1ca123ffff,보건의료,19
8930e1ca123ffff,부동산,27
8930e1ca123ffff,소매,48
8930e1ca123ffff,수리·개인,26
8930e1ca123ffff,숙박,1
8930e1ca123ffff,시설관리·임대,16
8930e1ca123ffff,예술·스포츠,4
8930e1ca123ffff,음식,28
8930e1ca127ffff,과학·기술,28
8930e1ca127ffff,교육,14
8930e1ca127ffff,보건의료,1
8930e1ca127ffff,부동산,22
8930e1ca127ffff,소매,45
8930e1ca127ffff,수리·개인,21
8930e1ca127ffff,시설관리·임대,9
8930e1ca127ffff,예술·스포츠,2
8930e1ca127ffff,음식,18
8930e1ca12bffff,과학·기술,22
8930e1ca12bffff,교육,5
8930e1ca12bffff,부동산,2
8930e1ca12bffff,소매,11
8930e1ca12bffff,수리·개인,8
8930e1ca12bffff,시설관리·임대,2
8930e1ca12bffff,예술·스포츠,6
8930e1ca12bffff,음식,8
8930e1ca12fffff,과학·기술,19
8930e1ca12fffff,교육,4
8930e1ca12fffff,보건의료,1
8930e1ca12fffff,부동산,10
8930e1ca12fffff,소매,9
8930e1ca12fffff,수리·개인,5
8930e1ca12fffff,시설관리·임대,8
8930e1ca12fffff,음식,11
8930e1ca133ffff,과학·기술,63
8930e1ca133ffff,교육,17
8930e1ca133ffff,보건의료,1
8930e1ca133ffff,부동산,6
8930e1ca133ffff,소매,14
8930e1ca133ffff,수리·개인,12
8930e1ca133ffff,숙박,2
8930e1ca133ffff,시설관리·임대,10
8930e1ca133ffff,예술·스포츠,11
8930e1ca133ffff,음식,28
8930e1ca137ffff,과학·기술,29
8930e1ca137ffff,교육,7
8930e1ca137ffff,보건의료,4
8930e1ca137ffff,부동산,19
8930e1ca137ffff,소매,43
8930e1ca137ffff,수리·개인,15
8930e1ca137ffff,숙박,1
8930e1ca137ffff,시설관리·임대,8
8930e1ca137ffff,예술·스포츠,5
8930e1ca137ffff,음식,31
8930e1ca13bffff,과학·기술,22
8930e1ca13bffff,교육,5
8930e1ca13bffff,부동산,5
8930e1ca13bffff,소매,13
8930e1ca13bffff,수리·개인,3
8930e1ca13bffff,예술·스포츠,1
8930e1ca13bffff,음식,6
8930e1ca143ffff,과학·기술,17
8930e1ca143ffff,교육,12
8930e1ca143ffff,부동산,5
8930e1ca143ffff,소매,10
8930e1ca143ffff,수리·개인,7
8930e1ca143ffff,숙박,4
8930e1ca143ffff,시설관리·임대,8
8930e1ca143ffff,음식,8
8930e1ca147ffff,과학·기술,20
8930e1ca147ffff,교육,35
8930e1ca147ffff,부동산,11
8930e1ca147ffff,소매,10
8930e1ca147ffff,수리·개인,9
8930e1ca147ffff,예술·스포츠,3
8930e1ca147ffff,음식,14
8930e1ca14bffff,과학·기술,174
8930e1ca14bffff,교육,20
8930e1ca14bffff,보건의료,10
8930e1ca14bffff,부동산,23
8930e1ca14bffff,소매,34
8930e1ca14bffff,수리·개인,17
8930e1ca14bffff,숙박,5
8930e1ca14bffff,시설관리·임대,31
8930e1ca14bffff,예술·스포츠,3
8930e1ca14bffff,음식,51
8930e1ca14fffff,과학·기술,145
8930e1ca14fffff,교육,24
8930e1ca14fffff,보건의료,3
8930e1ca14fffff,부동산,14
8930e1ca14fffff,소매,27
8930e1ca14fffff,수리·개인,19
8930e1ca14fffff,숙박,3
8930e1ca14fffff,시설관리·임대,18
8930e1ca14fffff,예술·스포츠,8
8930e1ca14fffff,음식,35
8930e1ca153ffff,과학·기술,69
8930e1ca153ffff,교육,41
8930e1ca153ffff,보건의료,12
8930e1ca153ffff,부동산,13
8930e1ca153ffff,소매,32
8930e1ca153ffff,수리·개인,33
8930e1ca153ffff,시설관리·임대,10
8930e1ca153ffff,예술·스포츠,14
8930e1ca153ffff,음식,68
8930e1ca157ffff,과학·기술,5
8930e1ca157ffff,교육,10
8930e1ca157ffff,보건의료,1
8930e1ca157ffff,부동산,17
8930e1ca157ffff,소매,17
8930e1ca157ffff,수리·개인,4
8930e1ca157ffff,예술·스포츠,2
8930e1ca157ffff,음식,30
8930e1ca15bffff,과학·기술,86
8930e1ca15bffff,교육,18
8930e1ca15bffff,보건의료,7
8930e1ca15bffff,부동산,14
8930e1ca15bffff,소매,25
8930e1ca15bffff,수리·개인,13
8930e1ca15bffff,시설관리·임대,8
8930e1ca15bffff,예술·스포츠,1
8930e1ca15bffff,음식,29
8930e1ca163ffff,과학·기술,25
8930e1ca163ffff,교육,9
8930e1ca163ffff,보건의료,6
8930e1ca163ffff,부동산,5
8930e1ca163ffff,소매,12
8930e1ca163ffff,수리·개인,5
8930e1ca163ffff,숙박,1
8930e1ca163ffff,시설관리·임대,8
8930e1ca163ffff,예술·스포츠,5
8930e1ca163ffff,음식,18
8930e1ca16bffff,과학·기술,91
8930e1ca16bffff,교육,13
8930e1ca16bffff,보건의료,6
8930e1ca16bffff,부동산,37
8930e1ca16bffff,소매,33
8930e1ca16bffff,수리·개인,37
8930e1ca16bffff,숙박,5
8930e1ca16bffff,시설관리·임대,13
8930e1ca16bffff,예술·스포츠,6
8930e1ca16bffff,음식,54
8930e1ca16fffff,과학·기술,57
8930e1ca16fffff,교육,5
8930e1ca16fffff,부동산,10
8930e1ca16fffff,소매,38
8930e1ca16fffff,수리·개인,8
8930e1ca16fffff,숙박,2
8930e1ca16fffff,시설관리·임대,5
8930e1ca16fffff,예술·스포츠,4
8930e1ca16fffff,음식,40
8930e1ca173ffff,과학·기술,14
8930e1ca173ffff,교육,17
8930e1ca173ffff,보건의료,5
8930e1ca173ffff,부동산,9
8930e1ca173ffff,소매,21
8930e1ca173ffff,수리·개인,18
8930e1ca173ffff,숙박,1
8930e1ca173ffff,시설관리·임대,2
8930e1ca173ffff,예술·스포츠,6
8930e1ca173ffff,음식,11
8930e1ca177ffff,과학·기술,5
8930e1ca177ffff,교육,6
8930e1ca177ffff,부동산,3
8930e1ca177ffff,소매,10
8930e1ca177ffff,수리·개인,5
8930e1ca177ffff,숙박,1
8930e1ca177ffff,시설관리·임대,3
8930e1ca177ffff,예술·스포츠,1
8930e1ca177ffff,음식,3
8930e1ca17bffff,과학·기술,45
8930e1ca17bffff,교육,18
8930e1ca17bffff,보건의료,9
8930e1ca17bffff,부동산,11
8930e1ca17bffff,소매,30
8930e1ca17bffff,수리·개인,21
8930e1ca17bffff,숙박,1
8930e1ca17bffff,시설관리·임대,2
8930e1ca17bffff,예술·스포츠,6
8930e1ca17bffff,음식,20
8930e1ca183ffff,과학·기술,19
8930e1ca183ffff,교육,5
8930e1ca183ffff,보건의료,17
8930e1ca183ffff,부동산,2
8930e1ca183ffff,소매,47
8930e1ca183ffff,수리·개인,18
8930e1ca183ffff,시설관리·임대,9
8930e1ca183ffff,예술·스포츠,2
8930e1ca183ffff,음식,22
8930e1ca187ffff,과학·기술,22
8930e1ca187ffff,교육,3
8930e1ca187ffff,보건의료,9
8930e1ca187ffff,부동산,3
8930e1ca187ffff,소매,26
8930e1ca187ffff,수리·개인,19
8930e1ca187ffff,시설관리·임대,7
8930e1ca187ffff,예술·스포츠,4
8930e1ca187ffff,음식,8
8930e1ca18bffff,과학·기술,85
8930e1ca18bffff,교육,11
8930e1ca18bffff,보건의료,23
8930e1ca18bffff,부동산,12
8930e1ca18bffff,소매,88
8930e1ca18bffff,수리·개인,48
8930e1ca18bffff,숙박,1
8930e1ca18bffff,시설관리·임대,30
8930e1ca18bffff,예술·스포츠,12
8930e1ca18bffff,음식,77
8930e1ca18fffff,과학·기술,35
8930e1ca18fffff,교육,16
8930e1ca18fffff,보건의료,27
8930e1ca18fffff,부동산,8
8930e1ca18fffff,소매,78
8930e1ca18fffff,수리·개인,39
8930e1ca18fffff,시설관리·임대,20
8930e1ca18fffff,예술·스포츠,4
8930e1ca18fffff,음식,41
8930e1ca193ffff,과학·기술,2
8930e1ca193ffff,보건의료,2
8930e1ca193ffff,부동산,2
8930e1ca193ffff,소매,93
8930e1ca193ffff,시설관리·임대,2
8930e1ca193ffff,음식,28
8930e1ca197ffff,음식,1
8930e1ca19bffff,과학·기술,63
8930e1ca19bffff,교육,21
8930e1ca19bffff,보건의료,51
8930e1ca19bffff,부동산,10
8930e1ca19bffff,소매,78
8930e1ca19bffff,수리·개인,49
8930e1ca19bffff,시설관리·임대,16
8930e1ca19bffff,예술·스포츠,6
8930e1ca19bffff,음식,77
8930e1ca1a3ffff,과학·기술,16
8930e1ca1a3ffff,교육,8
8930e1ca1a3ffff,부동산,7
8930e1ca1a3ffff,소매,16
8930e1ca1a3ffff,수리·개인,15
8930e1ca1a3ffff,시설관리·임대,3
8930e1ca1a3ffff,예술·스포츠,1
8930e1ca1a3ffff,음식,6
8930e1ca1a7ffff,음식,2
8930e1ca1abffff,과학·기술,43
8930e1ca1abffff,교육,18
8930e1ca1abffff,보건의료,4
8930e1ca1abffff,부동산,19
8930e1ca1abffff,소매,37
8930e1ca1abffff,수리·개인,26
8930e1ca1abffff,숙박,2
8930e1ca1abffff,시설관리·임대,3
8930e1ca1abffff,예술·스포츠,10
8930e1ca1abffff,음식,86
8930e1ca1afffff,과학·기술,23
8930e1ca1afffff,교육,3
8930e1ca1afffff,부동산,5
8930e1ca1afffff,소매,12
8930e1ca1afffff,수리·개인,5
8930e1ca1afffff,시설관리·임대,2
8930e1ca1afffff,예술·스포츠,3
8930e1ca1afffff,음식,8
8930e1ca1b3ffff,과학·기술,1
8930e1ca1b3ffff,소매,3
8930e1ca1bbffff,과학·기술,34
8930e1ca1bbffff,교육,13
8930e1ca1bbffff,보건의료,6
8930e1ca1bbffff,부동산,13
8930e1ca1bbffff,소매,51
8930e1ca1bbffff,수리·개인,39
8930e1ca1bbffff,숙박,2
8930e1ca1bbffff,시설관리·임대,8
8930e1ca1bbffff,예술·스포츠,9
8930e1ca1bbffff,음식,63
8930e1ca1c3ffff,과학·기술,43
8930e1ca1c3ffff,교육,6
8930e1ca1c3ffff,보건의료,6
8930e1ca1c3ffff,부동산,2
8930e1ca1c3ffff,소매,35
8930e1ca1c3ffff,수리·개인,20
8930e1ca1c3ffff,시설관리·임대,21
8930e1ca1c3ffff,예술·스포츠,5
8930e1ca1c3ffff,음식,8
8930e1ca1c7ffff,과학·기술,46
8930e1ca1c7ffff,교육,7
8930e1ca1c7ffff,보건의료,1
8930e1ca1c7ffff,부동산,2
8930e1ca1c7ffff,소매,16
8930e1ca1c7ffff,수리·개인,18
8930e1ca1c7ffff,시설관리·임대,3
8930e1ca1c7ffff,예술·스포츠,2
8930e1ca1c7ffff,음식,39
8930e1ca1cbffff,과학·기술,339
8930e1ca1cbffff,교육,65
8930e1ca1cbffff,보건의료,48
8930e1ca1cbffff,부동산,25
8930e1ca1cbffff,소매,110
8930e1ca1cbffff,수리·개인,68
8930e1ca1cbffff,숙박,4
8930e1ca1cbffff,시설관리·임대,56
8930e1ca1cbffff,예술·스포츠,17
8930e1ca1cbffff,음식,144
8930e1ca1cfffff,과학·기술,43
8930e1ca1cfffff,교육,33
8930e1ca1cfffff,보건의료,9
8930e1ca1cfffff,부동산,7
8930e1ca1cfffff,소매,26
8930e1ca1cfffff,수리·개인,20
8930e1ca1cfffff,숙박,1
8930e1ca1cfffff,시설관리·임대,10
8930e1ca1cfffff,예술·스포츠,2
8930e1ca1cfffff,음식,8
8930e1ca1d3ffff,과학·기술,62
8930e1ca1d3ffff,교육,10
8930e1ca1d3ffff,보건의료,27
8930e1ca1d3ffff,부동산,5
8930e1ca1d3ffff,소매,48
8930e1ca1d3ffff,수리·개인,40
8930e1ca1d3ffff,시설관리·임대,18
8930e1ca1d3ffff,예술·스포츠,12
8930e1ca1d3ffff,음식,86
8930e1ca1d7ffff,과학·기술,54
8930e1ca1d7ffff,교육,16
8930e1ca1d7ffff,보건의료,40
8930e1ca1d7ffff,부동산,5
8930e1ca1d7ffff,소매,52
8930e1ca1d7ffff,수리·개인,41
8930e1ca1d7ffff,숙박,2
8930e1ca1d7ffff,시설관리·임대,17
8930e1ca1d7ffff,예술·스포츠,10
8930e1ca1d7ffff,음식,100
8930e1ca1dbffff,과학·기술,37
8930e1ca1dbffff,교육,9
8930e1ca1dbffff,부동산,9
8930e1ca1dbffff,소매,19
8930e1ca1dbffff,수리·개인,34
8930e1ca1dbffff,숙박,1
8930e1ca1dbffff,시설관리·임대,10
8930e1ca1dbffff,예술·스포츠,1
8930e1ca1dbffff,음식,45
8930e1ca203ffff,과학·기술,355
8930e1ca203ffff,교육,110
8930e1ca203ffff,보건의료,54
8930e1ca203ffff,부동산,55
8930e1ca203ffff,소매,103
8930e1ca203ffff,수리·개인,58
8930e1ca203ffff,숙박,4
8930e1ca203ffff,시설관리·임대,54
8930e1ca203ffff,예술·스포츠,19
8930e1ca203ffff,음식,95
8930e1ca207ffff,과학·기술,234
8930e1ca207ffff,교육,63
8930e1ca207ffff,보건의료,21
8930e1ca207ffff,부동산,46
8930e1ca207ffff,소매,52
8930e1ca207ffff,수리·개인,18
8930e1ca207ffff,숙박,7
8930e1ca207ffff,시설관리·임대,26
8930e1ca207ffff,예술·스포츠,22
8930e1ca207ffff,음식,167
8930e1ca20bffff,교육,16
8930e1ca20bffff,보건의료,7
8930e1ca20bffff,부동산,11
8930e1ca20bffff,소매,38
8930e1ca20bffff,수리·개인,17
8930e1ca20bffff,예술·스포츠,1
8930e1ca20bffff,음식,9
8930e1ca20fffff,과학·기술,641
8930e1ca20fffff,교육,103
8930e1ca20fffff,보건의료,13
8930e1ca20fffff,부동산,89
8930e1ca20fffff,소매,146
8930e1ca20fffff,수리·개인,61
8930e1ca20fffff,숙박,1
8930e1ca20fffff,시설관리·임대,99
8930e1ca20fffff,예술·스포츠,18
8930e1ca20fffff,음식,104
8930e1ca213ffff,과학·기술,16
8930e1ca213ffff,교육,4
8930e1ca213ffff,보건의료,1
8930e1ca213ffff,부동산,2
8930e1ca213ffff,소매,3
8930e1ca213ffff,숙박,1
8930e1ca213ffff,시설관리·임대,1
8930e1ca213ffff,예술·스포츠,4
8930e1ca213ffff,음식,53
8930e1ca217ffff,과학·기술,320
8930e1ca217ffff,교육,161
8930e1ca217ffff,보건의료,72
8930e1ca217ffff,부동산,44
8930e1ca217ffff,소매,98
8930e1ca217ffff,수리·개인,46
8930e1ca217ffff,숙박,1
8930e1ca217ffff,시설관리·임대,39
8930e1ca217ffff,예술·스포츠,7
8930e1ca217ffff,음식,132
8930e1ca21bffff,과학·기술,16
8930e1ca21bffff,교육,73
8930e1ca21bffff,보건의료,7
8930e1ca21bffff,부동산,15
8930e1ca21bffff,소매,33
8930e1ca21bffff,수리·개인,15
8930e1ca21bffff,시설관리·임대,1
8930e1ca21bffff,예술·스포츠,6
8930e1ca21bffff,음식,8
8930e1ca223ffff,과학·기술,86
8930e1ca223ffff,교육,17
8930e1ca223ffff,부동산,17
8930e1ca223ffff,소매,34
8930e1ca223ffff,수리·개인,26
8930e1ca223ffff,숙박,6
8930e1ca223ffff,시설관리·임대,10
8930e1ca223ffff,예술·스포츠,9
8930e1ca223ffff,음식,67
8930e1ca227ffff,과학·기술,105
8930e1ca227ffff,교육,6
8930e1ca227ffff,보건의료,3
8930e1ca227ffff,부동산,14
8930e1ca227ffff,소매,30
8930e1ca227ffff,수리·개인,18
8930e1ca227ffff,숙박,1
8930e1ca227ffff,시설관리·임대,15
8930e1ca227ffff,예술·스포츠,9
8930e1ca227ffff,음식,70
8930e1ca22bffff,과학·기술,92
8930e1ca22bffff,교육,14
8930e1ca22bffff,보건의료,2
8930e1ca22bffff,부동산,17
8930e1ca22bffff,소매,48
8930e1ca22bffff,수리·개인,22
8930e1ca22bffff,숙박,1
8930e1ca22bffff,시설관리·임대,20
8930e1ca22bffff,예술·스포츠,7
8930e1ca22bffff,음식,28
8930e1ca22fffff,과학·기술,48
8930e1ca22fffff,교육,36
8930e1ca22fffff,보건의료,4
8930e1ca22fffff,부동산,10
8930e1ca22fffff,소매,35
8930e1ca22fffff,수리·개인,24
8930e1ca22fffff,숙박,1
8930e1ca22fffff,시설관리·임대,8
8930e1ca22fffff,예술·스포츠,15
8930e1ca22fffff,음식,66
8930e1ca233ffff,과학·기술,114
8930e1ca233ffff,교육,21
8930e1ca233ffff,보건의료,2
8930e1ca233ffff,부동산,28
8930e1ca233ffff,소매,33
8930e1ca233ffff,수리·개인,30
8930e1ca233ffff,숙박,15
8930e1ca233ffff,시설관리·임대,16
8930e1ca233ffff,예술·스포츠,10
8930e1ca233ffff,음식,91
8930e1ca237ffff,과학·기술,90
8930e1ca237ffff,교육,17
8930e1ca237ffff,보건의료,1
8930e1ca237ffff,부동산,15
8930e1ca237ffff,소매,31
8930e1ca237ffff,수리·개인,17
8930e1ca237ffff,숙박,3
8930e1ca237ffff,시설관리·임대,22
8930e1ca237ffff,예술·스포츠,8
8930e1ca237ffff,음식,18
8930e1ca23bffff,과학·기술,69
8930e1ca23bffff,교육,12
8930e1ca23bffff,보건의료,3
8930e1ca23bffff,부동산,17
8930e1ca23bffff,소매,10
8930e1ca23bffff,수리·개인,14
8930e1ca23bffff,숙박,1
8930e1ca23bffff,시설관리·임대,13
8930e1ca23bffff,예술·스포츠,9
8930e1ca23bffff,음식,72
8930e1ca243ffff,과학·기술,6
8930e1ca243ffff,교육,2
8930e1ca243ffff,보건의료,2
8930e1ca243ffff,부동산,2
8930e1ca243ffff,소매,2
8930e1ca243ffff,수리·개인,3
8930e1ca243ffff,음식,6
8930e1ca247ffff,과학·기술,36
8930e1ca247ffff,교육,34
8930e1ca247ffff,보건의료,13
8930e1ca247ffff,부동산,13
8930e1ca247ffff,소매,42
8930e1ca247ffff,수리·개인,25
8930e1ca247ffff,숙박,2
8930e1ca247ffff,시설관리·임대,8
8930e1ca247ffff,예술·스포츠,5
8930e1ca247ffff,음식,30
8930e1ca24bffff,과학·기술,21
8930e1ca24bffff,교육,1
8930e1ca24bffff,부동산,1
8930e1ca24bffff,소매,7
8930e1ca24bffff,수리·개인,2
8930e1ca24bffff,숙박,1
8930e1ca24bffff,시설관리·임대,2
8930e1ca24bffff,예술·스포츠,2
8930e1ca24bffff,음식,2
8930e1ca24fffff,과학·기술,6
8930e1ca24fffff,교육,2
8930e1ca24fffff,보건의료,1
8930e1ca24fffff,소매,2
8930e1ca24fffff,수리·개인,2
8930e1ca24fffff,예술·스포츠,1
8930e1ca24fffff,음식,3
8930e1ca253ffff,과학·기술,21
8930e1ca253ffff,교육,3
8930e1ca253ffff,보건의료,1
8930e1ca253ffff,부동산,6
8930e1ca253ffff,소매,11
8930e1ca253ffff,수리·개인,10
8930e1ca253ffff,숙박,1
8930e1ca253ffff,시설관리·임대,4
8930e1ca253ffff,음식,5
8930e1ca257ffff,과학·기술,8
8930e1ca257ffff,교육,7
8930e1ca257ffff,보건의료,4
8930e1ca257ffff,부동산,7
8930e1ca257ffff,소매,9
8930e1ca257ffff,수리·개인,6
8930e1ca257ffff,음식,2
8930e1ca25bffff,과학·기술,54
8930e1ca25bffff,교육,19
8930e1ca25bffff,보건의료,3
8930e1ca25bffff,부동산,10
8930e1ca25bffff,소매,20
8930e1ca25bffff,수리·개인,14
8930e1ca25bffff,숙박,3
8930e1ca25bffff,시설관리·임대,24
8930e1ca25bffff,예술·스포츠,9
8930e1ca25bffff,음식,36
8930e1ca263ffff,과학·기술,78
8930e1ca263ffff,교육,24
8930e1ca263ffff,보건의료,5
8930e1ca263ffff,부동산,10
8930e1ca263ffff,소매,39
8930e1ca263ffff,수리·개인,13
8930e1ca263ffff,숙박,6
8930e1ca263ffff,시설관리·임대,22
8930e1ca263ffff,예술·스포츠,6
8930e1ca263ffff,음식,80
8930e1ca267ffff,과학·기술,9
8930e1ca267ffff,교육,8
8930e1ca267ffff,보건의료,2
8930e1ca267ffff,부동산,2
8930e1ca267ffff,소매,11
8930e1ca267ffff,수리·개인,5
8930e1ca267ffff,숙박,1
8930e1ca267ffff,시설관리·임대,1
8930e1ca267ffff,예술·스포츠,3
8930e1ca267ffff,음식,15
8930e1ca26bffff,과학·기술,51
8930e1ca26bffff,교육,9
8930e1ca26bffff,보건의료,3
8930e1ca26bffff,부동산,5
8930e1ca26bffff,소매,9
8930e1ca26bffff,수리·개인,3
8930e1ca26bffff,시설관리·임대,13
8930e1ca26bffff,예술·스포츠,6
8930e1ca26bffff,음식,51
8930e1ca26fffff,과학·기술,118
8930e1ca26fffff,교육,24
8930e1ca26fffff,보건의료,63
8930e1ca26fffff,부동산,11
8930e1ca26fffff,소매,62
8930e1ca26fffff,수리·개인,23
8930e1ca26fffff,숙박,3
8930e1ca26fffff,시설관리·임대,8
8930e1ca26fffff,예술·스포츠,13
8930e1ca26fffff,음식,91
8930e1ca273ffff,과학·기술,67
8930e1ca273ffff,교육,13
8930e1ca273ffff,보건의료,3
8930e1ca273ffff,부동산,40
8930e1ca273ffff,소매,25
8930e1ca273ffff,수리·개인,12
8930e1ca273ffff,숙박,2
8930e1ca273ffff,시설관리·임대,16
8930e1ca273ffff,예술·스포츠,10
8930e1ca273ffff,음식,48
8930e1ca277ffff,과학·기술,152
8930e1ca277ffff,교육,39
8930e1ca277ffff,보건의료,5
8930e1ca277ffff,부동산,20
8930e1ca277ffff,소매,47
8930e1ca277ffff,수리·개인,22
8930e1ca277ffff,숙박,7
8930e1ca277ffff,시설관리·임대,31
8930e1ca277ffff,예술·스포츠,9
8930e1ca277ffff,음식,89
8930e1ca27bffff,과학·기술,214
8930e1ca27bffff,교육,49
8930e1ca27bffff,보건의료,7
8930e1ca27bffff,부동산,24
8930e1ca27bffff,소매,57
8930e1ca27bffff,수리·개인,22
8930e1ca27bffff,숙박,3
8930e1ca27bffff,시설관리·임대,41
8930e1ca27bffff,예술·스포츠,6
8930e1ca27bffff,음식,73
8930e1ca283ffff,교육,3
8930e1ca283ffff,부동산,3
8930e1ca283ffff,소매,6
8930e1ca283ffff,수리·개인,2
8930e1ca283ffff,시설관리·임대,2
8930e1ca283ffff,예술·스포츠,3
8930e1ca283ffff,음식,4
8930e1ca287ffff,과학·기술,165
8930e1ca287ffff,교육,50
8930e1ca287ffff,보건의료,155
8930e1ca287ffff,부동산,28
8930e1ca287ffff,소매,115
8930e1ca287ffff,수리·개인,31
8930e1ca287ffff,시설관리·임대,32
8930e1ca287ffff,예술·스포츠,33
8930e1ca287ffff,음식,131
8930e1ca28bffff,과학·기술,3
8930e1ca28bffff,교육,5
8930e1ca28bffff,보건의료,1
8930e1ca28bffff,부동산,17
8930e1ca28bffff,소매,7
8930e1ca28bffff,수리·개인,17
8930e1ca28bffff,시설관리·임대,3
8930e1ca28bffff,예술·스포츠,2
8930e1ca28bffff,음식,4
8930e1ca28fffff,과학·기술,223
8930e1ca28fffff,교육,61
8930e1ca28fffff,보건의료,77
8930e1ca28fffff,부동산,21
8930e1ca28fffff,소매,61
8930e1ca28fffff,수리·개인,18
8930e1ca28fffff,시설관리·임대,32
8930e1ca28fffff,예술·스포츠,10
8930e1ca28fffff,음식,65
8930e1ca293ffff,과학·기술,3
8930e1ca293ffff,교육,24
8930e1ca293ffff,보건의료,2
8930e1ca293ffff,부동산,17
8930e1ca293ffff,소매,10
8930e1ca293ffff,수리·개인,7
8930e1ca293ffff,예술·스포츠,3
8930e1ca293ffff,음식,4
8930e1ca297ffff,과학·기술,107
8930e1ca297ffff,교육,35
8930e1ca297ffff,보건의료,60
8930e1ca297ffff,부동산,21
8930e1ca297ffff,소매,48
8930e1ca297ffff,수리·개인,35
8930e1ca297ffff,숙박,6
8930e1ca297ffff,시설관리·임대,10
8930e1ca297ffff,예술·스포츠,13
8930e1ca297ffff,음식,120
8930e1ca2a3ffff,과학·기술,190
8930e1ca2a3ffff,교육,49
8930e1ca2a3ffff,보건의료,32
8930e1ca2a3ffff,부동산,19
8930e1ca2a3ffff,소매,49
8930e1ca2a3ffff,수리·개인,24
8930e1ca2a3ffff,숙박,7
8930e1ca2a3ffff,시설관리·임대,22
8930e1ca2a3ffff,예술·스포츠,12
8930e1ca2a3ffff,음식,90
8930e1ca2a7ffff,과학·기술,134
8930e1ca2a7ffff,교육,33
8930e1ca2a7ffff,보건의료,13
8930e1ca2a7ffff,부동산,15
8930e1ca2a7ffff,소매,49
8930e1ca2a7ffff,수리·개인,16
8930e1ca2a7ffff,숙박,9
8930e1ca2a7ffff,시설관리·임대,18
8930e1ca2a7ffff,예술·스포츠,14
8930e1ca2a7ffff,음식,139
8930e1ca2abffff,과학·기술,478
8930e1ca2abffff,교육,114
8930e1ca2abffff,보건의료,10
8930e1ca2abffff,부동산,55
8930e1ca2abffff,소매,63
8930e1ca2abffff,수리·개인,46
8930e1ca2abffff,숙박,6
8930e1ca2abffff,시설관리·임대,45
8930e1ca2abffff,예술·스포츠,22
8930e1ca2abffff,음식,147
8930e1ca2afffff,과학·기술,314
8930e1ca2afffff,교육,51
8930e1ca2afffff,보건의료,9
8930e1ca2afffff,부동산,76
8930e1ca2afffff,소매,55
8930e1ca2afffff,수리·개인,45
8930e1ca2afffff,숙박,6
8930e1ca2afffff,시설관리·임대,36
8930e1ca2afffff,예술·스포츠,13
8930e1ca2afffff,음식,138
8930e1ca2b3ffff,과학·기술,68
8930e1ca2b3ffff,교육,28
8930e1ca2b3ffff,보건의료,1
8930e1ca2b3ffff,부동산,8
8930e1ca2b3ffff,소매,21
8930e1ca2b3ffff,수리·개인,15
8930e1ca2b3ffff,숙박,3
8930e1ca2b3ffff,시설관리·임대,11
8930e1ca2b3ffff,예술·스포츠,12
8930e1ca2b3ffff,음식,85
8930e1ca2b7ffff,과학·기술,49
8930e1ca2b7ffff,교육,4
8930e1ca2b7ffff,보건의료,1
8930e1ca2b7ffff,부동산,2
8930e1ca2b7ffff,소매,4
8930e1ca2b7ffff,수리·개인,4
8930e1ca2b7ffff,시설관리·임대,6
8930e1ca2b7ffff,음식,4
8930e1ca2bbffff,과학·기술,154
8930e1ca2bbffff,교육,92
8930e1ca2bbffff,보건의료,116
8930e1ca2bbffff,부동산,88
8930e1ca2bbffff,소매,243
8930e1ca2bbffff,수리·개인,58
8930e1ca2bbffff,숙박,2
8930e1ca2bbffff,시설관리·임대,28
8930e1ca2bbffff,예술·스포츠,20
8930e1ca2bbffff,음식,191
8930e1ca2c3ffff,과학·기술,12
8930e1ca2c3ffff,교육,10
8930e1ca2c3ffff,부동산,6
8930e1ca2c3ffff,소매,9
8930e1ca2c3ffff,수리·개인,8
8930e1ca2c3ffff,숙박,3
8930e1ca2c3ffff,시설관리·임대,5
8930e1ca2c3ffff,예술·스포츠,1
8930e1ca2c3ffff,음식,6
8930e1ca2c7ffff,과학·기술,8
8930e1ca2c7ffff,교육,3
8930e1ca2c7ffff,보건의료,1
8930e1ca2c7ffff,부동산,2
8930e1ca2c7ffff,소매,5
8930e1ca2c7ffff,수리·개인,1
8930e1ca2c7ffff,시설관리·임대,1
8930e1ca2c7ffff,예술·스포츠,1
8930e1ca2c7ffff,음식,3
8930e1ca2cbffff,과학·기술,23
8930e1ca2cbffff,교육,7
8930e1ca2cbffff,부동산,6
8930e1ca2cbffff,소매,11
8930e1ca2cbffff,수리·개인,5
8930e1ca2cbffff,시설관리·임대,2
8930e1ca2cbffff,예술·스포츠,4
8930e1ca2cbffff,음식,9
8930e1ca2cfffff,과학·기술,9
8930e1ca2cfffff,교육,3
8930e1ca2cfffff,부동산,2
8930e1ca2cfffff,소매,8
8930e1ca2cfffff,수리·개인,11
8930e1ca2cfffff,숙박,2
8930e1ca2cfffff,예술·스포츠,6
8930e1ca2cfffff,음식,13
8930e1ca2d3ffff,과학·기술,218
8930e1ca2d3ffff,교육,30
8930e1ca2d3ffff,보건의료,37
8930e1ca2d3ffff,부동산,19
8930e1ca2d3ffff,소매,57
8930e1ca2d3ffff,수리·개인,26
8930e1ca2d3ffff,숙박,8
8930e1ca2d3ffff,시설관리·임대,9
8930e1ca2d3ffff,예술·스포츠,17
8930e1ca2d3ffff,음식,84
8930e1ca2d7ffff,과학·기술,124
8930e1ca2d7ffff,교육,46
8930e1ca2d7ffff,보건의료,8
8930e1ca2d7ffff,부동산,19
8930e1ca2d7ffff,소매,34
8930e1ca2d7ffff,수리·개인,21
8930e1ca2d7ffff,숙박,1
8930e1ca2d7ffff,시설관리·임대,14
8930e1ca2d7ffff,예술·스포츠,8
8930e1ca2d7ffff,음식,62
8930e1ca2dbffff,과학·기술,114
8930e1ca2dbffff,교육,33
8930e1ca2dbffff,보건의료,1
8930e1ca2dbffff,부동산,9
8930e1ca2dbffff,소매,17
8930e1ca2dbffff,수리·개인,9
8930e1ca2dbffff,숙박,2
8930e1ca2dbffff,시설관리·임대,19
8930e1ca2dbffff,예술·스포츠,6
8930e1ca2dbffff,음식,26
8930e1ca303ffff,과학·기술,1
8930e1ca303ffff,교육,1
8930e1ca303ffff,음식,1
8930e1ca307ffff,과학·기술,47
8930e1ca307ffff,교육,53
8930e1ca307ffff,보건의료,17
8930e1ca307ffff,부동산,27
8930e1ca307ffff,소매,18
8930e1ca307ffff,수리·개인,13
8930e1ca307ffff,숙박,3
8930e1ca307ffff,시설관리·임대,3
8930e1ca307ffff,예술·스포츠,9
8930e1ca307ffff,음식,49
8930e1ca30bffff,과학·기술,6
8930e1ca30bffff,교육,22
8930e1ca30bffff,보건의료,3
8930e1ca30bffff,부동산,11
8930e1ca30bffff,소매,12
8930e1ca30bffff,수리·개인,10
8930e1ca30bffff,예술·스포츠,2
8930e1ca30bffff,음식,5
8930e1ca30fffff,과학·기술,11
8930e1ca30fffff,교육,10
8930e1ca30fffff,보건의료,7
8930e1ca30fffff,부동산,52
8930e1ca30fffff,소매,35
8930e1ca30fffff,수리·개인,11
8930e1ca30fffff,시설관리·임대,5
8930e1ca30fffff,예술·스포츠,10
8930e1ca30fffff,음식,6
8930e1ca313ffff,과학·기술,352
8930e1ca313ffff,교육,38
8930e1ca313ffff,보건의료,14
8930e1ca313ffff,부동산,62
8930e1ca313ffff,소매,63
8930e1ca313ffff,수리·개인,11
8930e1ca313ffff,시설관리·임대,52
8930e1ca313ffff,예술·스포츠,5
8930e1ca313ffff,음식,56
8930e1ca317ffff,과학·기술,372
8930e1ca317ffff,교육,39
8930e1ca317ffff,보건의료,31
8930e1ca317ffff,부동산,92
8930e1ca317ffff,소매,98
8930e1ca317ffff,수리·개인,68
8930e1ca317ffff,숙박,1
8930e1ca317ffff,시설관리·임대,74
8930e1ca317ffff,예술·스포츠,12
8930e1ca317ffff,음식,156
8930e1ca31bffff,과학·기술,30
8930e1ca31bffff,교육,9
8930e1ca31bffff,보건의료,6
8930e1ca31bffff,부동산,14
8930e1ca31bffff,소매,29
8930e1ca31bffff,수리·개인,11
8930e1ca31bffff,숙박,2
8930e1ca31bffff,시설관리·임대,5
8930e1ca31bffff,예술·스포츠,7
8930e1ca31bffff,음식,45
8930e1ca323ffff,과학·기술,23
8930e1ca323ffff,교육,64
8930e1ca323ffff,보건의료,2
8930e1ca323ffff,부동산,6
8930e1ca323ffff,소매,23
8930e1ca323ffff,수리·개인,23
8930e1ca323ffff,숙박,5
8930e1ca323ffff,시설관리·임대,2
8930e1ca323ffff,예술·스포츠,9
8930e1ca323ffff,음식,14
8930e1ca327ffff,과학·기술,27
8930e1ca327ffff,교육,152
8930e1ca327ffff,보건의료,1
8930e1ca327ffff,부동산,7
8930e1ca327ffff,소매,39
8930e1ca327ffff,수리·개인,21
8930e1ca327ffff,숙박,5
8930e1ca327ffff,시설관리·임대,6
8930e1ca327ffff,예술·스포츠,12
8930e1ca327ffff,음식,47
8930e1ca32bffff,과학·기술,8
8930e1ca32bffff,교육,162
8930e1ca32bffff,보건의료,15
8930e1ca32bffff,부동산,12
8930e1ca32bffff,소매,32
8930e1ca32bffff,수리·개인,20
8930e1ca32bffff,숙박,4
8930e1ca32bffff,시설관리·임대,6
8930e1ca32bffff,예술·스포츠,16
8930e1ca32bffff,음식,71
8930e1ca32fffff,과학·기술,2
8930e1ca32fffff,교육,73
8930e1ca32fffff,부동산,8
8930e1ca32fffff,소매,18
8930e1ca32fffff,수리·개인,10
8930e1ca32fffff,숙박,1
8930e1ca32fffff,시설관리·임대,2
8930e1ca32fffff,예술·스포츠,14
8930e1ca32fffff,음식,16
8930e1ca333ffff,과학·기술,107
8930e1ca333ffff,교육,73
8930e1ca333ffff,보건의료,18
8930e1ca333ffff,부동산,44
8930e1ca333ffff,소매,54
8930e1ca333ffff,수리·개인,55
8930e1ca333ffff,숙박,12
8930e1ca333ffff,시설관리·임대,24
8930e1ca333ffff,예술·스포츠,25
8930e1ca333ffff,음식,169
8930e1ca337ffff,과학·기술,80
8930e1ca337ffff,교육,38
8930e1ca337ffff,보건의료,4
8930e1ca337ffff,부동산,18
8930e1ca337ffff,소매,24
8930e1ca337ffff,수리·개인,24
8930e1ca337ffff,숙박,5
8930e1ca337ffff,시설관리·임대,23
8930e1ca337ffff,예술·스포츠,12
8930e1ca337ffff,음식,152
8930e1ca33bffff,과학·기술,36
8930e1ca33bffff,교육,171
8930e1ca33bffff,보건의료,12
8930e1ca33bffff,부동산,28
8930e1ca33bffff,소매,35
8930e1ca33bffff,수리·개인,23
8930e1ca33bffff,숙박,4
8930e1ca33bffff,시설관리·임대,9
8930e1ca33bffff,예술·스포츠,26
8930e1ca33bffff,음식,76
8930e1ca343ffff,과학·기술,29
8930e1ca343ffff,교육,8
8930e1ca343ffff,보건의료,4
8930e1ca343ffff,부동산,4
8930e1ca343ffff,소매,36
8930e1ca343ffff,수리·개인,7
8930e1ca343ffff,숙박,2
8930e1ca343ffff,시설관리·임대,1
8930e1ca343ffff,예술·스포츠,3
8930e1ca343ffff,음식,16
8930e1ca347ffff,과학·기술,17
8930e1ca347ffff,교육,21
8930e1ca347ffff,보건의료,7
8930e1ca347ffff,부동산,14
8930e1ca347ffff,소매,19
8930e1ca347ffff,수리·개인,14
8930e1ca347ffff,숙박,1
8930e1ca347ffff,시설관리·임대,1
8930e1ca347ffff,예술·스포츠,12
8930e1ca347ffff,음식,33
8930e1ca34bffff,과학·기술,2
8930e1ca34bffff,보건의료,1
8930e1ca34bffff,소매,2
8930e1ca34bffff,숙박,1
8930e1ca34bffff,시설관리·임대,1
8930e1ca34bffff,음식,1
8930e1ca34fffff,보건의료,2
8930e1ca34fffff,소매,7
8930e1ca34fffff,수리·개인,1
8930e1ca34fffff,시설관리·임대,1
8930e1ca34fffff,음식,5
8930e1ca353ffff,과학·기술,135
8930e1ca353ffff,교육,16
8930e1ca353ffff,보건의료,5
8930e1ca353ffff,부동산,17
8930e1ca353ffff,소매,42
8930e1ca353ffff,수리·개인,16
8930e1ca353ffff,숙박,7
8930e1ca353ffff,시설관리·임대,25
8930e1ca353ffff,예술·스포츠,10
8930e1ca353ffff,음식,45
8930e1ca357ffff,과학·기술,67
8930e1ca357ffff,교육,22
8930e1ca357ffff,보건의료,12
8930e1ca357ffff,부동산,18
8930e1ca357ffff,소매,25
8930e1ca357ffff,수리·개인,13
8930e1ca357ffff,숙박,2
8930e1ca357ffff,시설관리·임대,9
8930e1ca357ffff,예술·스포츠,10
8930e1ca357ffff,음식,50
8930e1ca35bffff,과학·기술,73
8930e1ca35bffff,교육,18
8930e1ca35bffff,보건의료,12
8930e1ca35bffff,부동산,4
8930e1ca35bffff,소매,36
8930e1ca35bffff,수리·개인,8
8930e1ca35bffff,숙박,4
8930e1ca35bffff,시설관리·임대,8
8930e1ca35bffff,예술·스포츠,13
8930e1ca35bffff,음식,31
8930e1ca363ffff,교육,8
8930e1ca363ffff,보건의료,2
8930e1ca363ffff,부동산,3
8930e1ca363ffff,소매,2
8930e1ca363ffff,수리·개인,1
8930e1ca363ffff,시설관리·임대,1
8930e1ca367ffff,과학·기술,7
8930e1ca367ffff,교육,35
8930e1ca367ffff,보건의료,14
8930e1ca367ffff,부동산,3
8930e1ca367ffff,소매,13
8930e1ca367ffff,수리·개인,4
8930e1ca367ffff,시설관리·임대,1
8930e1ca367ffff,예술·스포츠,6
8930e1ca367ffff,음식,2
8930e1ca36bffff,소매,2
8930e1ca36bffff,예술·스포츠,1
8930e1ca36bffff,음식,1
8930e1ca36fffff,보건의료,1
8930e1ca373ffff,과학·기술,1
8930e1ca373ffff,교육,5
8930e1ca373ffff,보건의료,5
8930e1ca373ffff,부동산,2
8930e1ca373ffff,소매,2
8930e1ca373ffff,수리·개인,2
8930e1ca373ffff,시설관리·임대,1
8930e1ca373ffff,음식,1
8930e1ca377ffff,과학·기술,11
8930e1ca377ffff,교육,83
8930e1ca377ffff,보건의료,46
8930e1ca377ffff,부동산,13
8930e1ca377ffff,소매,213
8930e1ca377ffff,수리·개인,22
8930e1ca377ffff,숙박,3
8930e1ca377ffff,시설관리·임대,3
8930e1ca377ffff,예술·스포츠,21
8930e1ca377ffff,음식,82
8930e1ca37bffff,과학·기술,2
8930e1ca37bffff,교육,17
8930e1ca37bffff,보건의료,5
8930e1ca37bffff,부동산,13
8930e1ca37bffff,소매,10
8930e1ca37bffff,수리·개인,10
8930e1ca37bffff,시설관리·임대,1
8930e1ca37bffff,음식,12
8930e1ca383ffff,과학·기술,45
8930e1ca383ffff,교육,5
8930e1ca383ffff,보건의료,1
8930e1ca383ffff,부동산,5
8930e1ca383ffff,소매,20
8930e1ca383ffff,수리·개인,4
8930e1ca383ffff,숙박,6
8930e1ca383ffff,시설관리·임대,9
8930e1ca383ffff,예술·스포츠,3
8930e1ca383ffff,음식,11
8930e1ca387ffff,과학·기술,59
8930e1ca387ffff,교육,8
8930e1ca387ffff,보건의료,4
8930e1ca387ffff,부동산,7
8930e1ca387ffff,소매,13
8930e1ca387ffff,수리·개인,9
8930e1ca387ffff,시설관리·임대,5
8930e1ca387ffff,예술·스포츠,4
8930e1ca387ffff,음식,11
8930e1ca38bffff,과학·기술,47
8930e1ca38bffff,교육,9
8930e1ca38bffff,보건의료,6
8930e1ca38bffff,부동산,9
8930e1ca38bffff,소매,21
8930e1ca38bffff,수리·개인,10
8930e1ca38bffff,숙박,3
8930e1ca38bffff,시설관리·임대,6
8930e1ca38bffff,예술·스포츠,5
8930e1ca38bffff,음식,78
8930e1ca38fffff,과학·기술,110
8930e1ca38fffff,교육,21
8930e1ca38fffff,보건의료,1
8930e1ca38fffff,부동산,18
8930e1ca38fffff,소매,35
8930e1ca38fffff,수리·개인,22
8930e1ca38fffff,숙박,4
8930e1ca38fffff,시설관리·임대,25
8930e1ca38fffff,예술·스포츠,14
8930e1ca38fffff,음식,78
8930e1ca393ffff,과학·기술,59
8930e1ca393ffff,교육,5
8930e1ca393ffff,보건의료,3
8930e1ca393ffff,부동산,12
8930e1ca393ffff,소매,29
8930e1ca393ffff,수리·개인,15
8930e1ca393ffff,숙박,2
8930e1ca393ffff,시설관리·임대,1
8930e1ca393ffff,예술·스포츠,8
8930e1ca393ffff,음식,50
8930e1ca397ffff,과학·기술,201
8930e1ca397ffff,교육,41
8930e1ca397ffff,보건의료,12
8930e1ca397ffff,부동산,21
8930e1ca397ffff,소매,51
8930e1ca397ffff,수리·개인,20
8930e1ca397ffff,숙박,3
8930e1ca397ffff,시설관리·임대,35
8930e1ca397ffff,예술·스포츠,7
8930e1ca397ffff,음식,64
8930e1ca39bffff,과학·기술,52
8930e1ca39bffff,교육,8
8930e1ca39bffff,부동산,17
8930e1ca39bffff,소매,29
8930e1ca39bffff,수리·개인,14
8930e1ca39bffff,숙박,1
8930e1ca39bffff,시설관리·임대,18
8930e1ca39bffff,예술·스포츠,5
8930e1ca39bffff,음식,47
8930e1ca3a3ffff,과학·기술,44
8930e1ca3a3ffff,교육,3
8930e1ca3a3ffff,부동산,5
8930e1ca3a3ffff,소매,4
8930e1ca3a3ffff,수리·개인,4
8930e1ca3a3ffff,시설관리·임대,9
8930e1ca3a3ffff,예술·스포츠,2
8930e1ca3a3ffff,음식,23
8930e1ca3a7ffff,과학·기술,34
8930e1ca3a7ffff,교육,6
8930e1ca3a7ffff,부동산,12
8930e1ca3a7ffff,소매,13
8930e1ca3a7ffff,수리·개인,10
8930e1ca3a7ffff,숙박,1
8930e1ca3a7ffff,시설관리·임대,3
8930e1ca3a7ffff,예술·스포츠,1
8930e1ca3a7ffff,음식,15
8930e1ca3abffff,과학·기술,286
8930e1ca3abffff,교육,60
8930e1ca3abffff,보건의료,61
8930e1ca3abffff,부동산,84
8930e1ca3abffff,소매,91
8930e1ca3abffff,수리·개인,37
8930e1ca3abffff,숙박,1
8930e1ca3abffff,시설관리·임대,50
8930e1ca3abffff,예술·스포츠,14
8930e1ca3abffff,음식,64
8930e1ca3afffff,과학·기술,406
8930e1ca3afffff,교육,50
8930e1ca3afffff,보건의료,9
8930e1ca3afffff,부동산,34
8930e1ca3afffff,소매,63
8930e1ca3afffff,수리·개인,24
8930e1ca3afffff,숙박,11
8930e1ca3afffff,시설관리·임대,52
8930e1ca3afffff,예술·스포츠,2
8930e1ca3afffff,음식,83
8930e1ca3b3ffff,과학·기술,8
8930e1ca3b3ffff,소매,3
8930e1ca3b7ffff,과학·기술,35
8930e1ca3b7ffff,교육,4
8930e1ca3b7ffff,부동산,2
8930e1ca3b7ffff,소매,11
8930e1ca3b7ffff,수리·개인,3
8930e1ca3b7ffff,숙박,1
8930e1ca3b7ffff,시설관리·임대,6
8930e1ca3b7ffff,예술·스포츠,1
8930e1ca3b7ffff,음식,15
8930e1ca3bbffff,과학·기술,196
8930e1ca3bbffff,교육,43
8930e1ca3bbffff,보건의료,23
8930e1ca3bbffff,부동산,30
8930e1ca3bbffff,소매,81
8930e1ca3bbffff,수리·개인,33
8930e1ca3bbffff,숙박,3
8930e1ca3bbffff,시설관리·임대,31
8930e1ca3bbffff,예술·스포츠,23
8930e1ca3bbffff,음식,97
8930e1ca3c3ffff,과학·기술,62
8930e1ca3c3ffff,교육,6
8930e1ca3c3ffff,보건의료,8
8930e1ca3c3ffff,부동산,21
8930e1ca3c3ffff,소매,13
8930e1ca3c3ffff,수리·개인,2
8930e1ca3c3ffff,숙박,9
8930e1ca3c3ffff,시설관리·임대,8
8930e1ca3c3ffff,예술·스포츠,5
8930e1ca3c3ffff,음식,39
8930e1ca3c7ffff,과학·기술,187
8930e1ca3c7ffff,교육,24
8930e1ca3c7ffff,보건의료,7
8930e1ca3c7ffff,부동산,30
8930e1ca3c7ffff,소매,73
8930e1ca3c7ffff,수리·개인,10
8930e1ca3c7ffff,숙박,16
8930e1ca3c7ffff,시설관리·임대,27
8930e1ca3c7ffff,예술·스포츠,5
8930e1ca3c7ffff,음식,129
8930e1ca3cbffff,과학·기술,155
8930e1ca3cbffff,교육,33
8930e1ca3cbffff,보건의료,5
8930e1ca3cbffff,부동산,15
8930e1ca3cbffff,소매,25
8930e1ca3cbffff,수리·개인,10
8930e1ca3cbffff,숙박,3
8930e1ca3cbffff,시설관리·임대,26
8930e1ca3cbffff,예술·스포츠,15
8930e1ca3cbffff,음식,58
8930e1ca3cfffff,과학·기술,116
8930e1ca3cfffff,교육,9
8930e1ca3cfffff,부동산,22
8930e1ca3cfffff,소매,29
8930e1ca3cfffff,수리·개인,9
8930e1ca3cfffff,숙박,2
8930e1ca3cfffff,시설관리·임대,20
8930e1ca3cfffff,예술·스포츠,3
8930e1ca3cfffff,음식,24
8930e1ca3d3ffff,과학·기술,536
8930e1ca3d3ffff,교육,60
8930e1ca3d3ffff,보건의료,38
8930e1ca3d3ffff,부동산,60
8930e1ca3d3ffff,소매,112
8930e1ca3d3ffff,수리·개인,44
8930e1ca3d3ffff,숙박,3
8930e1ca3d3ffff,시설관리·임대,60
8930e1ca3d3ffff,예술·스포츠,18
8930e1ca3d3ffff,음식,158
8930e1ca3d7ffff,과학·기술,118
8930e1ca3d7ffff,교육,17
8930e1ca3d7ffff,보건의료,4
8930e1ca3d7ffff,부동산,25
8930e1ca3d7ffff,소매,40
8930e1ca3d7ffff,수리·개인,31
8930e1ca3d7ffff,숙박,22
8930e1ca3d7ffff,시설관리·임대,12
8930e1ca3d7ffff,예술·스포츠,15
8930e1ca3d7ffff,음식,133
8930e1ca3dbffff,과학·기술,234
8930e1ca3dbffff,교육,29
8930e1ca3dbffff,보건의료,14
8930e1ca3dbffff,부동산,13
8930e1ca3dbffff,소매,49
8930e1ca3dbffff,수리·개인,22
8930e1ca3dbffff,숙박,4
8930e1ca3dbffff,시설관리·임대,23
8930e1ca3dbffff,예술·스포츠,22
8930e1ca3dbffff,음식,128
8930e1ca423ffff,과학·기술,8
8930e1ca423ffff,교육,16
8930e1ca423ffff,보건의료,1
8930e1ca423ffff,부동산,5
8930e1ca423ffff,소매,15
8930e1ca423ffff,수리·개인,10
8930e1ca423ffff,시설관리·임대,3
8930e1ca423ffff,예술·스포츠,1
8930e1ca423ffff,음식,5
8930e1ca427ffff,교육,1
8930e1ca427ffff,부동산,1
8930e1ca427ffff,소매,1
8930e1ca427ffff,수리·개인,1
8930e1ca42bffff,과학·기술,62
8930e1ca42bffff,교육,27
8930e1ca42bffff,보건의료,3
8930e1ca42bffff,부동산,7
8930e1ca42bffff,소매,29
8930e1ca42bffff,수리·개인,12
8930e1ca42bffff,숙박,5
8930e1ca42bffff,시설관리·임대,6
8930e1ca42bffff,예술·스포츠,7
8930e1ca42bffff,음식,47
8930e1ca42fffff,과학·기술,35
8930e1ca42fffff,교육,28
8930e1ca42fffff,보건의료,12
8930e1ca42fffff,부동산,6
8930e1ca42fffff,소매,63
8930e1ca42fffff,수리·개인,14
8930e1ca42fffff,숙박,1
8930e1ca42fffff,시설관리·임대,3
8930e1ca42fffff,예술·스포츠,9
8930e1ca42fffff,음식,31
8930e1ca433ffff,소매,4
8930e1ca433ffff,예술·스포츠,1
8930e1ca433ffff,음식,2
8930e1ca437ffff,과학·기술,3
8930e1ca437ffff,부동산,2
8930e1ca437ffff,소매,1
8930e1ca437ffff,시설관리·임대,1
8930e1ca437ffff,예술·스포츠,1
8930e1ca437ffff,음식,4
8930e1ca43bffff,보건의료,1
8930e1ca43bffff,소매,2
8930e1ca43bffff,수리·개인,2
8930e1ca43bffff,음식,4
8930e1ca443ffff,과학·기술,2
8930e1ca443ffff,소매,2
8930e1ca443ffff,시설관리·임대,1
8930e1ca443ffff,예술·스포츠,2
8930e1ca443ffff,음식,5
8930e1ca447ffff,소매,1
8930e1ca44bffff,과학·기술,1
8930e1ca44bffff,교육,8
8930e1ca44bffff,부동산,7
8930e1ca44bffff,소매,2
8930e1ca44bffff,수리·개인,2
8930e1ca44bffff,예술·스포츠,2
8930e1ca44fffff,과학·기술,1
8930e1ca44fffff,교육,4
8930e1ca44fffff,소매,1
8930e1ca44fffff,수리·개인,1
8930e1ca44fffff,예술·스포츠,1
8930e1ca453ffff,음식,1
8930e1ca45bffff,소매,1
8930e1ca45bffff,수리·개인,1
8930e1ca463ffff,과학·기술,52
8930e1ca463ffff,교육,13
8930e1ca463ffff,부동산,3
8930e1ca463ffff,소매,14
8930e1ca463ffff,수리·개인,6
8930e1ca463ffff,숙박,1
8930e1ca463ffff,시설관리·임대,21
8930e1ca463ffff,음식,9
8930e1ca467ffff,과학·기술,108
8930e1ca467ffff,교육,22
8930e1ca467ffff,보건의료,7
8930e1ca467ffff,부동산,8
8930e1ca467ffff,소매,39
8930e1ca467ffff,수리·개인,36
8930e1ca467ffff,숙박,3
8930e1ca467ffff,시설관리·임대,12
8930e1ca467ffff,예술·스포츠,1
8930e1ca467ffff,음식,79
8930e1ca46bffff,과학·기술,114
8930e1ca46bffff,교육,25
8930e1ca46bffff,보건의료,3
8930e1ca46bffff,부동산,17
8930e1ca46bffff,소매,25
8930e1ca46bffff,수리·개인,19
8930e1ca46bffff,숙박,2
8930e1ca46bffff,시설관리·임대,17
8930e1ca46bffff,예술·스포츠,13
8930e1ca46bffff,음식,38
8930e1ca46fffff,과학·기술,176
8930e1ca46fffff,교육,34
8930e1ca46fffff,보건의료,134
8930e1ca46fffff,부동산,32
8930e1ca46fffff,소매,88
8930e1ca46fffff,수리·개인,39
8930e1ca46fffff,숙박,3
8930e1ca46fffff,시설관리·임대,31
8930e1ca46fffff,예술·스포츠,10
8930e1ca46fffff,음식,122
8930e1ca473ffff,과학·기술,6
8930e1ca473ffff,교육,10
8930e1ca473ffff,보건의료,1
8930e1ca473ffff,부동산,7
8930e1ca473ffff,소매,5
8930e1ca473ffff,수리·개인,4
8930e1ca473ffff,시설관리·임대,1
8930e1ca473ffff,예술·스포츠,2
8930e1ca473ffff,음식,5
8930e1ca47bffff,과학·기술,1
8930e1ca47bffff,교육,13
8930e1ca47bffff,보건의료,1
8930e1ca47bffff,부동산,8
8930e1ca47bffff,소매,14
8930e1ca47bffff,수리·개인,11
8930e1ca47bffff,시설관리·임대,1
8930e1ca47bffff,예술·스포츠,2
8930e1ca47bffff,음식,9
8930e1ca483ffff,과학·기술,32
8930e1ca483ffff,교육,9
8930e1ca483ffff,부동산,9
8930e1ca483ffff,소매,38
8930e1ca483ffff,수리·개인,15
8930e1ca483ffff,숙박,2
8930e1ca483ffff,시설관리·임대,10
8930e1ca483ffff,예술·스포츠,7
8930e1ca483ffff,음식,43
8930e1ca487ffff,과학·기술,11
8930e1ca487ffff,교육,7
8930e1ca487ffff,보건의료,2
8930e1ca487ffff,부동산,6
8930e1ca487ffff,소매,11
8930e1ca487ffff,수리·개인,5
8930e1ca487ffff,시설관리·임대,1
8930e1ca487ffff,예술·스포츠,4
8930e1ca487ffff,음식,10
8930e1ca48bffff,과학·기술,1
8930e1ca48bffff,소매,2
8930e1ca48bffff,숙박,1
8930e1ca48fffff,과학·기술,5
8930e1ca48fffff,교육,3
8930e1ca48fffff,부동산,1
8930e1ca48fffff,소매,2
8930e1ca48fffff,시설관리·임대,2
8930e1ca493ffff,과학·기술,35
8930e1ca493ffff,교육,14
8930e1ca493ffff,보건의료,3
8930e1ca493ffff,부동산,12
8930e1ca493ffff,소매,49
8930e1ca493ffff,수리·개인,16
8930e1ca493ffff,숙박,3
8930e1ca493ffff,시설관리·임대,6
8930e1ca493ffff,예술·스포츠,12
8930e1ca493ffff,음식,167
8930e1ca497ffff,과학·기술,26
8930e1ca497ffff,교육,16
8930e1ca497ffff,보건의료,13
8930e1ca497ffff,부동산,18
8930e1ca497ffff,소매,45
8930e1ca497ffff,수리·개인,11
8930e1ca497ffff,시설관리·임대,7
8930e1ca497ffff,예술·스포츠,13
8930e1ca497ffff,음식,84
8930e1ca49bffff,과학·기술,11
8930e1ca49bffff,부동산,6
8930e1ca49bffff,소매,9
8930e1ca49bffff,수리·개인,3
8930e1ca49bffff,시설관리·임대,5
8930e1ca49bffff,음식,3
8930e1ca4b3ffff,과학·기술,3
8930e1ca4b3ffff,소매,1
8930e1ca4b3ffff,음식,1
8930e1ca4bbffff,소매,2
8930e1ca4d3ffff,과학·기술,7
8930e1ca4d3ffff,교육,5
8930e1ca4d3ffff,보건의료,3
8930e1ca4d3ffff,부동산,18
8930e1ca4d3ffff,소매,24
8930e1ca4d3ffff,수리·개인,20
8930e1ca4d3ffff,숙박,4
8930e1ca4d3ffff,시설관리·임대,1
8930e1ca4d3ffff,예술·스포츠,1
8930e1ca4d3ffff,음식,32
8930e1ca4d7ffff,과학·기술,1
8930e1ca4d7ffff,교육,1
8930e1ca4d7ffff,수리·개인,2
8930e1ca4d7ffff,시설관리·임대,2
8930e1ca4d7ffff,예술·스포츠,1
8930e1ca4d7ffff,음식,2
8930e1ca4dbffff,수리·개인,1
8930e1ca4dbffff,음식,2
8930e1ca503ffff,음식,1
8930e1ca50fffff,과학·기술,2
8930e1ca50fffff,교육,2
8930e1ca50fffff,부동산,2
8930e1ca50fffff,소매,10
8930e1ca50fffff,수리·개인,1
8930e1ca50fffff,음식,3
8930e1ca513ffff,교육,1
8930e1ca513ffff,부동산,6
8930e1ca513ffff,소매,4
8930e1ca513ffff,수리·개인,4
8930e1ca513ffff,음식,13
8930e1ca51bffff,과학·기술,8
8930e1ca51bffff,교육,17
8930e1ca51bffff,보건의료,4
8930e1ca51bffff,부동산,5
8930e1ca51bffff,소매,34
8930e1ca51bffff,수리·개인,11
8930e1ca51bffff,시설관리·임대,1
8930e1ca51bffff,예술·스포츠,5
8930e1ca51bffff,음식,21
8930e1ca52bffff,소매,1
8930e1ca52bffff,음식,1
8930e1ca52fffff,음식,1
8930e1ca53bffff,과학·기술,2
8930e1ca53bffff,교육,2
8930e1ca53bffff,부동산,2
8930e1ca53bffff,소매,2
8930e1ca53bffff,수리·개인,5
8930e1ca53bffff,예술·스포츠,2
8930e1ca53bffff,음식,5
8930e1ca543ffff,과학·기술,32
8930e1ca543ffff,교육,37
8930e1ca543ffff,보건의료,140
8930e1ca543ffff,부동산,6
8930e1ca543ffff,소매,169
8930e1ca543ffff,수리·개인,39
8930e1ca543ffff,숙박,4
8930e1ca543ffff,시설관리·임대,7
8930e1ca543ffff,예술·스포츠,13
8930e1ca543ffff,음식,97
8930e1ca547ffff,과학·기술,37
8930e1ca547ffff,교육,108
8930e1ca547ffff,보건의료,49
8930e1ca547ffff,부동산,17
8930e1ca547ffff,소매,58
8930e1ca547ffff,수리·개인,43
8930e1ca547ffff,숙박,1
8930e1ca547ffff,시설관리·임대,6
8930e1ca547ffff,예술·스포츠,17
8930e1ca547ffff,음식,92
8930e1ca54bffff,과학·기술,137
8930e1ca54bffff,교육,82
8930e1ca54bffff,보건의료,170
8930e1ca54bffff,부동산,7
8930e1ca54bffff,소매,86
8930e1ca54bffff,수리·개인,39
8930e1ca54bffff,숙박,1
8930e1ca54bffff,시설관리·임대,20
8930e1ca54bffff,예술·스포츠,17
8930e1ca54bffff,음식,98
8930e1ca54fffff,과학·기술,70
8930e1ca54fffff,교육,53
8930e1ca54fffff,보건의료,31
8930e1ca54fffff,부동산,3
8930e1ca54fffff,소매,28
8930e1ca54fffff,수리·개인,22
8930e1ca54fffff,시설관리·임대,14
8930e1ca54fffff,예술·스포츠,2
8930e1ca54fffff,음식,40
8930e1ca553ffff,과학·기술,2
8930e1ca553ffff,교육,2
8930e1ca553ffff,보건의료,3
8930e1ca553ffff,부동산,14
8930e1ca553ffff,소매,7
8930e1ca553ffff,수리·개인,4
8930e1ca553ffff,음식,1
8930e1ca557ffff,교육,1
8930e1ca557ffff,소매,1
8930e1ca55bffff,과학·기술,32
8930e1ca55bffff,교육,76
8930e1ca55bffff,보건의료,36
8930e1ca55bffff,부동산,9
8930e1ca55bffff,소매,50
8930e1ca55bffff,수리·개인,40
8930e1ca55bffff,숙박,1
8930e1ca55bffff,시설관리·임대,4
8930e1ca55bffff,예술·스포츠,16
8930e1ca55bffff,음식,59
8930e1ca563ffff,과학·기술,70
8930e1ca563ffff,교육,19
8930e1ca563ffff,보건의료,7
8930e1ca563ffff,부동산,3
8930e1ca563ffff,소매,102
8930e1ca563ffff,수리·개인,52
8930e1ca563ffff,숙박,3
8930e1ca563ffff,시설관리·임대,6
8930e1ca563ffff,예술·스포츠,10
8930e1ca563ffff,음식,158
8930e1ca567ffff,과학·기술,55
8930e1ca567ffff,교육,34
8930e1ca567ffff,보건의료,27
8930e1ca567ffff,부동산,27
8930e1ca567ffff,소매,134
8930e1ca567ffff,수리·개인,97
8930e1ca567ffff,숙박,3
8930e1ca567ffff,시설관리·임대,8
8930e1ca567ffff,예술·스포츠,20
8930e1ca567ffff,음식,185
8930e1ca56bffff,과학·기술,38
8930e1ca56bffff,교육,6
8930e1ca56bffff,보건의료,14
8930e1ca56bffff,부동산,2
8930e1ca56bffff,소매,56
8930e1ca56bffff,수리·개인,45
8930e1ca56bffff,시설관리·임대,6
8930e1ca56bffff,예술·스포츠,5
8930e1ca56bffff,음식,72
8930e1ca56fffff,과학·기술,100
8930e1ca56fffff,교육,24
8930e1ca56fffff,보건의료,50
8930e1ca56fffff,부동산,11
8930e1ca56fffff,소매,139
8930e1ca56fffff,수리·개인,67
8930e1ca56fffff,시설관리·임대,15
8930e1ca56fffff,예술·스포츠,10
8930e1ca56fffff,음식,215
8930e1ca573ffff,과학·기술,18
8930e1ca573ffff,교육,53
8930e1ca573ffff,보건의료,32
8930e1ca573ffff,부동산,4
8930e1ca573ffff,소매,51
8930e1ca573ffff,수리·개인,12
8930e1ca573ffff,시설관리·임대,3
8930e1ca573ffff,예술·스포츠,9
8930e1ca573ffff,음식,40
8930e1ca577ffff,과학·기술,33
8930e1ca577ffff,교육,30
8930e1ca577ffff,보건의료,25
8930e1ca577ffff,부동산,12
8930e1ca577ffff,소매,45
8930e1ca577ffff,수리·개인,27
8930e1ca577ffff,시설관리·임대,6
8930e1ca577ffff,예술·스포츠,7
8930e1ca577ffff,음식,29
8930e1ca57bffff,과학·기술,32
8930e1ca57bffff,교육,15
8930e1ca57bffff,보건의료,13
8930e1ca57bffff,소매,31
8930e1ca57bffff,수리·개인,6
8930e1ca57bffff,시설관리·임대,4
8930e1ca57bffff,음식,38
8930e1ca5c7ffff,과학·기술,1
8930e1ca5c7ffff,교육,1
8930e1ca5cfffff,과학·기술,2
8930e1ca5cfffff,소매,2
8930e1ca5cfffff,수리·개인,2
8930e1ca5cfffff,음식,2
8930e1ca603ffff,과학·기술,1
8930e1ca603ffff,교육,4
8930e1ca603ffff,소매,1
8930e1ca603ffff,음식,1
8930e1ca607ffff,과학·기술,3
8930e1ca607ffff,교육,13
8930e1ca607ffff,보건의료,1
8930e1ca607ffff,부동산,3
8930e1ca607ffff,소매,10
8930e1ca607ffff,수리·개인,3
8930e1ca607ffff,예술·스포츠,1
8930e1ca607ffff,음식,4
8930e1ca60bffff,과학·기술,16
8930e1ca60bffff,교육,130
8930e1ca60bffff,보건의료,24
8930e1ca60bffff,부동산,3
8930e1ca60bffff,소매,28
8930e1ca60bffff,수리·개인,15
8930e1ca60bffff,숙박,3
8930e1ca60bffff,시설관리·임대,2
8930e1ca60bffff,예술·스포츠,17
8930e1ca60bffff,음식,47
8930e1ca60fffff,과학·기술,3
8930e1ca60fffff,교육,22
8930e1ca60fffff,보건의료,15
8930e1ca60fffff,부동산,7
8930e1ca60fffff,소매,24
8930e1ca60fffff,수리·개인,4
8930e1ca60fffff,예술·스포츠,1
8930e1ca60fffff,음식,8
8930e1ca613ffff,과학·기술,23
8930e1ca613ffff,교육,40
8930e1ca613ffff,보건의료,13
8930e1ca613ffff,부동산,34
8930e1ca613ffff,소매,234
8930e1ca613ffff,수리·개인,33
8930e1ca613ffff,시설관리·임대,16
8930e1ca613ffff,예술·스포츠,3
8930e1ca613ffff,음식,89
8930e1ca617ffff,과학·기술,6
8930e1ca617ffff,교육,14
8930e1ca617ffff,보건의료,25
8930e1ca617ffff,부동산,27
8930e1ca617ffff,소매,27
8930e1ca617ffff,수리·개인,20
8930e1ca617ffff,예술·스포츠,11
8930e1ca617ffff,음식,16
8930e1ca61bffff,과학·기술,5
8930e1ca61bffff,교육,6
8930e1ca61bffff,보건의료,1
8930e1ca61bffff,소매,13
8930e1ca61bffff,수리·개인,4
8930e1ca61bffff,시설관리·임대,1
8930e1ca61bffff,음식,33
8930e1ca623ffff,과학·기술,13
8930e1ca623ffff,교육,1
8930e1ca623ffff,소매,10
8930e1ca623ffff,수리·개인,7
8930e1ca623ffff,숙박,1
8930e1ca623ffff,시설관리·임대,2
8930e1ca623ffff,음식,2
8930e1ca627ffff,과학·기술,44
8930e1ca627ffff,교육,9
8930e1ca627ffff,보건의료,7
8930e1ca627ffff,부동산,18
8930e1ca627ffff,소매,27
8930e1ca627ffff,수리·개인,33
8930e1ca627ffff,숙박,2
8930e1ca627ffff,시설관리·임대,12
8930e1ca627ffff,예술·스포츠,8
8930e1ca627ffff,음식,65
8930e1ca62bffff,과학·기술,18
8930e1ca62bffff,교육,1
8930e1ca62bffff,소매,6
8930e1ca62bffff,수리·개인,1
8930e1ca62bffff,시설관리·임대,2
8930e1ca62bffff,예술·스포츠,2
8930e1ca62bffff,음식,1
8930e1ca62fffff,과학·기술,136
8930e1ca62fffff,교육,29
8930e1ca62fffff,보건의료,7
8930e1ca62fffff,부동산,21
8930e1ca62fffff,소매,59
8930e1ca62fffff,수리·개인,46
8930e1ca62fffff,숙박,10
8930e1ca62fffff,시설관리·임대,28
8930e1ca62fffff,예술·스포츠,21
8930e1ca62fffff,음식,101
8930e1ca633ffff,과학·기술,1
8930e1ca637ffff,과학·기술,32
8930e1ca637ffff,교육,12
8930e1ca637ffff,부동산,10
8930e1ca637ffff,소매,28
8930e1ca637ffff,수리·개인,24
8930e1ca637ffff,숙박,6
8930e1ca637ffff,시설관리·임대,7
8930e1ca637ffff,예술·스포츠,6
8930e1ca637ffff,음식,33
8930e1ca63bffff,교육,1
8930e1ca63bffff,소매,4
8930e1ca63bffff,수리·개인,2
8930e1ca63bffff,예술·스포츠,1
8930e1ca63bffff,음식,1
8930e1ca647ffff,과학·기술,22
8930e1ca647ffff,교육,105
8930e1ca647ffff,부동산,6
8930e1ca647ffff,소매,21
8930e1ca647ffff,수리·개인,13
8930e1ca647ffff,시설관리·임대,6
8930e1ca647ffff,예술·스포츠,10
8930e1ca647ffff,음식,13
8930e1ca64bffff,음식,2
8930e1ca657ffff,과학·기술,3
8930e1ca657ffff,부동산,2
8930e1ca657ffff,소매,2
8930e1ca657ffff,수리·개인,2
8930e1ca65bffff,음식,3
8930e1ca663ffff,과학·기술,2
8930e1ca663ffff,음식,1
8930e1ca667ffff,과학·기술,3
8930e1ca667ffff,교육,27
8930e1ca667ffff,보건의료,1
8930e1ca667ffff,부동산,7
8930e1ca667ffff,소매,21
8930e1ca667ffff,수리·개인,8
8930e1ca667ffff,예술·스포츠,4
8930e1ca667ffff,음식,6
8930e1ca66bffff,과학·기술,324
8930e1ca66bffff,교육,62
8930e1ca66bffff,보건의료,10
8930e1ca66bffff,부동산,16
8930e1ca66bffff,소매,24
8930e1ca66bffff,수리·개인,19
8930e1ca66bffff,숙박,4
8930e1ca66bffff,시설관리·임대,7
8930e1ca66bffff,예술·스포츠,22
8930e1ca66bffff,음식,55
8930e1ca66fffff,과학·기술,5
8930e1ca66fffff,교육,14
8930e1ca66fffff,보건의료,1
8930e1ca66fffff,부동산,1
8930e1ca66fffff,소매,4
8930e1ca66fffff,수리·개인,9
8930e1ca66fffff,시설관리·임대,1
8930e1ca66fffff,예술·스포츠,2
8930e1ca66fffff,음식,5
8930e1ca673ffff,과학·기술,26
8930e1ca673ffff,교육,40
8930e1ca673ffff,보건의료,8
8930e1ca673ffff,부동산,16
8930e1ca673ffff,소매,16
8930e1ca673ffff,수리·개인,7
8930e1ca673ffff,시설관리·임대,5
8930e1ca673ffff,예술·스포츠,7
8930e1ca673ffff,음식,10
8930e1ca677ffff,과학·기술,1
8930e1ca677ffff,교육,1
8930e1ca67bffff,과학·기술,43
8930e1ca67bffff,교육,7
8930e1ca67bffff,보건의료,2
8930e1ca67bffff,부동산,5
8930e1ca67bffff,소매,13
8930e1ca67bffff,수리·개인,3
8930e1ca67bffff,시설관리·임대,4
8930e1ca67bffff,예술·스포츠,2
8930e1ca67bffff,음식,16
8930e1ca683ffff,과학·기술,2
8930e1ca683ffff,교육,17
8930e1ca683ffff,보건의료,2
8930e1ca683ffff,부동산,4
8930e1ca683ffff,소매,11
8930e1ca683ffff,수리·개인,4
8930e1ca683ffff,시설관리·임대,2
8930e1ca683ffff,예술·스포츠,5
8930e1ca683ffff,음식,7
8930e1ca687ffff,과학·기술,3
8930e1ca687ffff,교육,2
8930e1ca687ffff,보건의료,1
8930e1ca687ffff,부동산,3
8930e1ca687ffff,소매,1
8930e1ca687ffff,수리·개인,4
8930e1ca687ffff,예술·스포츠,2
8930e1ca68bffff,과학·기술,2
8930e1ca68bffff,소매,2
8930e1ca68bffff,음식,1
8930e1ca68fffff,과학·기술,1
8930e1ca68fffff,교육,2
8930e1ca68fffff,소매,134
8930e1ca68fffff,수리·개인,6
8930e1ca68fffff,시설관리·임대,1
8930e1ca68fffff,예술·스포츠,3
8930e1ca68fffff,음식,30
8930e1ca693ffff,소매,1
8930e1ca693ffff,음식,2
8930e1ca697ffff,교육,5
8930e1ca697ffff,부동산,2
8930e1ca697ffff,소매,1
8930e1ca697ffff,수리·개인,1
8930e1ca697ffff,음식,3
8930e1ca6a3ffff,교육,2
8930e1ca6a3ffff,보건의료,2
8930e1ca6a3ffff,수리·개인,1
8930e1ca6a7ffff,과학·기술,94
8930e1ca6a7ffff,교육,12
8930e1ca6a7ffff,부동산,7
8930e1ca6a7ffff,소매,29
8930e1ca6a7ffff,수리·개인,10
8930e1ca6a7ffff,숙박,2
8930e1ca6a7ffff,시설관리·임대,8
8930e1ca6a7ffff,예술·스포츠,1
8930e1ca6a7ffff,음식,40
8930e1ca6abffff,과학·기술,2
8930e1ca6abffff,교육,3
8930e1ca6abffff,보건의료,3
8930e1ca6abffff,소매,1
8930e1ca6abffff,수리·개인,1
8930e1ca6abffff,음식,1
8930e1ca6afffff,과학·기술,42
8930e1ca6afffff,교육,5
8930e1ca6afffff,부동산,2
8930e1ca6afffff,소매,18
8930e1ca6afffff,수리·개인,10
8930e1ca6afffff,시설관리·임대,10
8930e1ca6afffff,음식,9
8930e1ca6b3ffff,과학·기술,6
8930e1ca6b3ffff,교육,38
8930e1ca6b3ffff,보건의료,15
8930e1ca6b3ffff,부동산,23
8930e1ca6b3ffff,소매,26
8930e1ca6b3ffff,수리·개인,23
8930e1ca6b3ffff,시설관리·임대,3
8930e1ca6b3ffff,예술·스포츠,3
8930e1ca6b3ffff,음식,22
8930e1ca6b7ffff,과학·기술,6
8930e1ca6b7ffff,교육,26
8930e1ca6b7ffff,보건의료,3
8930e1ca6b7ffff,부동산,5
8930e1ca6b7ffff,소매,9
8930e1ca6b7ffff,수리·개인,5
8930e1ca6b7ffff,시설관리·임대,1
8930e1ca6b7ffff,예술·스포츠,2
8930e1ca6b7ffff,음식,3
8930e1ca6bbffff,과학·기술,1
8930e1ca6bbffff,교육,3
8930e1ca6bbffff,보건의료,6
8930e1ca6bbffff,소매,2
8930e1ca6bbffff,시설관리·임대,1
8930e1ca6bbffff,예술·스포츠,1
8930e1ca6bbffff,음식,3
8930e1ca6c3ffff,과학·기술,8
8930e1ca6c3ffff,교육,50
8930e1ca6c3ffff,보건의료,18
8930e1ca6c3ffff,부동산,24
8930e1ca6c3ffff,소매,406
8930e1ca6c3ffff,수리·개인,22
8930e1ca6c3ffff,숙박,2
8930e1ca6c3ffff,시설관리·임대,4
8930e1ca6c3ffff,예술·스포츠,8
8930e1ca6c3ffff,음식,107
8930e1ca6c7ffff,과학·기술,6
8930e1ca6c7ffff,교육,37
8930e1ca6c7ffff,보건의료,16
8930e1ca6c7ffff,부동산,28
8930e1ca6c7ffff,소매,560
8930e1ca6c7ffff,수리·개인,14
8930e1ca6c7ffff,시설관리·임대,4
8930e1ca6c7ffff,예술·스포츠,2
8930e1ca6c7ffff,음식,54
8930e1ca6cbffff,과학·기술,2
8930e1ca6cbffff,보건의료,1
8930e1ca6cbffff,소매,3
8930e1ca6cbffff,수리·개인,4
8930e1ca6cbffff,음식,2
8930e1ca6cfffff,과학·기술,5
8930e1ca6cfffff,교육,1
8930e1ca6cfffff,보건의료,3
8930e1ca6cfffff,소매,23
8930e1ca6cfffff,수리·개인,2
8930e1ca6cfffff,시설관리·임대,1
8930e1ca6cfffff,예술·스포츠,1
8930e1ca6cfffff,음식,31
8930e1ca6d3ffff,과학·기술,18
8930e1ca6d3ffff,교육,28
8930e1ca6d3ffff,보건의료,2
8930e1ca6d3ffff,부동산,4
8930e1ca6d3ffff,소매,37
8930e1ca6d3ffff,수리·개인,4
8930e1ca6d3ffff,시설관리·임대,4
8930e1ca6d3ffff,예술·스포츠,11
8930e1ca6d3ffff,음식,4
8930e1ca6d7ffff,과학·기술,2
8930e1ca6d7ffff,교육,11
8930e1ca6d7ffff,보건의료,8
8930e1ca6d7ffff,부동산,2
8930e1ca6d7ffff,소매,9
8930e1ca6d7ffff,수리·개인,2
8930e1ca6d7ffff,예술·스포츠,4
8930e1ca6d7ffff,음식,14
8930e1ca6dbffff,과학·기술,11
8930e1ca6dbffff,교육,42
8930e1ca6dbffff,보건의료,21
8930e1ca6dbffff,부동산,40
8930e1ca6dbffff,소매,42
8930e1ca6dbffff,수리·개인,23
8930e1ca6dbffff,시설관리·임대,1
8930e1ca6dbffff,예술·스포츠,3
8930e1ca6dbffff,음식,27
8930e1ca807ffff,과학·기술,2
8930e1ca80bffff,과학·기술,10
8930e1ca80bffff,교육,43
8930e1ca80bffff,보건의료,29
8930e1ca80bffff,부동산,34
8930e1ca80bffff,소매,96
8930e1ca80bffff,수리·개인,53
8930e1ca80bffff,시설관리·임대,5
8930e1ca80bffff,예술·스포츠,7
8930e1ca80bffff,음식,33
8930e1ca80fffff,과학·기술,1
8930e1ca80fffff,음식,2
8930e1ca813ffff,소매,2
8930e1ca81bffff,과학·기술,1
8930e1ca81bffff,교육,1
8930e1ca823ffff,교육,1
8930e1ca823ffff,소매,1
8930e1ca823ffff,수리·개인,1
8930e1ca823ffff,음식,2
8930e1ca82bffff,과학·기술,11
8930e1ca82bffff,교육,11
8930e1ca82bffff,보건의료,1
8930e1ca82bffff,부동산,36
8930e1ca82bffff,소매,37
8930e1ca82bffff,수리·개인,17
8930e1ca82bffff,시설관리·임대,3
8930e1ca82bffff,예술·스포츠,1
8930e1ca82bffff,음식,22
8930e1ca82fffff,소매,1
8930e1ca83bffff,교육,6
8930e1ca83bffff,보건의료,5
8930e1ca83bffff,부동산,3
8930e1ca83bffff,소매,11
8930e1ca83bffff,수리·개인,5
8930e1ca83bffff,음식,15
8930e1ca843ffff,과학·기술,28
8930e1ca843ffff,교육,19
8930e1ca843ffff,부동산,8
8930e1ca843ffff,소매,40
8930e1ca843ffff,수리·개인,36
8930e1ca843ffff,숙박,16
8930e1ca843ffff,시설관리·임대,9
8930e1ca843ffff,예술·스포츠,31
8930e1ca843ffff,음식,169
8930e1ca847ffff,과학·기술,28
8930e1ca847ffff,교육,26
8930e1ca847ffff,보건의료,37
8930e1ca847ffff,부동산,10
8930e1ca847ffff,소매,79
8930e1ca847ffff,수리·개인,65
8930e1ca847ffff,숙박,16
8930e1ca847ffff,시설관리·임대,8
8930e1ca847ffff,예술·스포츠,52
8930e1ca847ffff,음식,188
8930e1ca84bffff,과학·기술,31
8930e1ca84bffff,교육,12
8930e1ca84bffff,보건의료,4
8930e1ca84bffff,부동산,9
8930e1ca84bffff,소매,24
8930e1ca84bffff,수리·개인,23
8930e1ca84bffff,숙박,10
8930e1ca84bffff,시설관리·임대,9
8930e1ca84bffff,예술·스포츠,17
8930e1ca84bffff,음식,37
8930e1ca84fffff,과학·기술,13
8930e1ca84fffff,교육,21
8930e1ca84fffff,보건의료,6
8930e1ca84fffff,부동산,8
8930e1ca84fffff,소매,31
8930e1ca84fffff,수리·개인,26
8930e1ca84fffff,숙박,3
8930e1ca84fffff,시설관리·임대,7
8930e1ca84fffff,예술·스포츠,2
8930e1ca84fffff,음식,49
8930e1ca853ffff,과학·기술,119
8930e1ca853ffff,교육,28
8930e1ca853ffff,보건의료,8
8930e1ca853ffff,부동산,29
8930e1ca853ffff,소매,40
8930e1ca853ffff,수리·개인,24
8930e1ca853ffff,숙박,3
8930e1ca853ffff,시설관리·임대,37
8930e1ca853ffff,예술·스포츠,19
8930e1ca853ffff,음식,81
8930e1ca857ffff,과학·기술,10
8930e1ca857ffff,교육,14
8930e1ca857ffff,보건의료,54
8930e1ca857ffff,부동산,2
8930e1ca857ffff,소매,30
8930e1ca857ffff,수리·개인,16
8930e1ca857ffff,숙박,10
8930e1ca857ffff,시설관리·임대,6
8930e1ca857ffff,예술·스포츠,30
8930e1ca857ffff,음식,57
8930e1ca85bffff,과학·기술,15
8930e1ca85bffff,교육,13
8930e1ca85bffff,보건의료,1
8930e1ca85bffff,부동산,6
8930e1ca85bffff,소매,17
8930e1ca85bffff,수리·개인,7
8930e1ca85bffff,숙박,1
8930e1ca85bffff,시설관리·임대,9
8930e1ca85bffff,예술·스포츠,8
8930e1ca85bffff,음식,24
8930e1ca863ffff,교육,1
8930e1ca863ffff,음식,1
8930e1ca867ffff,소매,1
8930e1ca86bffff,과학·기술,16
8930e1ca86bffff,교육,75
8930e1ca86bffff,보건의료,14
8930e1ca86bffff,부동산,9
8930e1ca86bffff,소매,36
8930e1ca86bffff,수리·개인,25
8930e1ca86bffff,숙박,1
8930e1ca86bffff,시설관리·임대,6
8930e1ca86bffff,예술·스포츠,17
8930e1ca86bffff,음식,56
8930e1ca86fffff,과학·기술,13
8930e1ca86fffff,교육,53
8930e1ca86fffff,보건의료,12
8930e1ca86fffff,부동산,18
8930e1ca86fffff,소매,30
8930e1ca86fffff,수리·개인,30
8930e1ca86fffff,숙박,1
8930e1ca86fffff,시설관리·임대,1
8930e1ca86fffff,예술·스포츠,15
8930e1ca86fffff,음식,54
8930e1ca873ffff,과학·기술,12
8930e1ca873ffff,교육,62
8930e1ca873ffff,보건의료,36
8930e1ca873ffff,부동산,43
8930e1ca873ffff,소매,99
8930e1ca873ffff,수리·개인,44
8930e1ca873ffff,시설관리·임대,6
8930e1ca873ffff,예술·스포츠,6
8930e1ca873ffff,음식,37
8930e1ca877ffff,교육,1
8930e1ca877ffff,시설관리·임대,1
8930e1ca87bffff,과학·기술,10
8930e1ca87bffff,교육,22
8930e1ca87bffff,보건의료,12
8930e1ca87bffff,부동산,7
8930e1ca87bffff,소매,64
8930e1ca87bffff,수리·개인,15
8930e1ca87bffff,숙박,6
8930e1ca87bffff,시설관리·임대,1
8930e1ca87bffff,예술·스포츠,13
8930e1ca87bffff,음식,47
8930e1ca8c3ffff,과학·기술,3
8930e1ca8c3ffff,교육,2
8930e1ca8c3ffff,보건의료,3
8930e1ca8c3ffff,소매,25
8930e1ca8c3ffff,시설관리·임대,1
8930e1ca8c3ffff,예술·스포츠,2
8930e1ca8c3ffff,음식,36
8930e1ca8cbffff,소매,2
8930e1ca8d3ffff,소매,2
8930e1ca8d3ffff,음식,1
8930e1ca8d7ffff,과학·기술,2
8930e1ca8d7ffff,교육,1
8930e1ca8d7ffff,소매,6
8930e1ca8d7ffff,시설관리·임대,1
8930e1ca8d7ffff,음식,4
8930e1ca90bffff,과학·기술,2
8930e1ca90bffff,교육,25
8930e1ca90bffff,보건의료,14
8930e1ca90bffff,부동산,20
8930e1ca90bffff,소매,32
8930e1ca90bffff,수리·개인,18
8930e1ca90bffff,시설관리·임대,2
8930e1ca90bffff,예술·스포츠,3
8930e1ca90bffff,음식,37
8930e1ca90fffff,소매,1
8930e1ca90fffff,수리·개인,1
8930e1ca91bffff,음식,1
8930e1ca927ffff,과학·기술,12
8930e1ca927ffff,교육,1
8930e1ca927ffff,보건의료,1
8930e1ca927ffff,부동산,2
8930e1ca927ffff,소매,4
8930e1ca927ffff,수리·개인,1
8930e1ca92bffff,음식,1
8930e1ca92fffff,과학·기술,1
8930e1ca933ffff,과학·기술,4
8930e1ca933ffff,보건의료,1
8930e1ca933ffff,소매,17
8930e1ca933ffff,수리·개인,4
8930e1ca933ffff,시설관리·임대,4
8930e1ca933ffff,음식,9
8930e1ca937ffff,음식,2
8930e1ca93bffff,예술·스포츠,1
8930e1ca943ffff,과학·기술,8
8930e1ca943ffff,교육,18
8930e1ca943ffff,보건의료,20
8930e1ca943ffff,부동산,5
8930e1ca943ffff,소매,29
8930e1ca943ffff,수리·개인,19
8930e1ca943ffff,시설관리·임대,1
8930e1ca943ffff,예술·스포츠,2
8930e1ca943ffff,음식,24
8930e1ca947ffff,과학·기술,7
8930e1ca947ffff,교육,15
8930e1ca947ffff,보건의료,4
8930e1ca947ffff,부동산,5
8930e1ca947ffff,소매,11
8930e1ca947ffff,수리·개인,14
8930e1ca947ffff,시설관리·임대,1
8930e1ca947ffff,예술·스포츠,13
8930e1ca947ffff,음식,57
8930e1ca94bffff,과학·기술,1
8930e1ca94bffff,보건의료,19
8930e1ca94bffff,소매,68
8930e1ca94bffff,수리·개인,6
8930e1ca94bffff,시설관리·임대,3
8930e1ca94bffff,예술·스포츠,4
8930e1ca94bffff,음식,49
8930e1ca94fffff,과학·기술,10
8930e1ca94fffff,교육,5
8930e1ca94fffff,보건의료,16
8930e1ca94fffff,부동산,2
8930e1ca94fffff,소매,32
8930e1ca94fffff,수리·개인,18
8930e1ca94fffff,숙박,1
8930e1ca94fffff,시설관리·임대,4
8930e1ca94fffff,예술·스포츠,7
8930e1ca94fffff,음식,78
8930e1ca953ffff,과학·기술,1
8930e1ca953ffff,교육,1
8930e1ca953ffff,부동산,1
8930e1ca953ffff,소매,1
8930e1ca953ffff,수리·개인,2
8930e1ca953ffff,음식,4
8930e1ca957ffff,과학·기술,3
8930e1ca957ffff,교육,3
8930e1ca957ffff,부동산,1
8930e1ca957ffff,소매,4
8930e1ca957ffff,수리·개인,2
8930e1ca957ffff,예술·스포츠,1
8930e1ca957ffff,음식,7
8930e1ca95bffff,과학·기술,9
8930e1ca95bffff,교육,47
8930e1ca95bffff,보건의료,15
8930e1ca95bffff,부동산,13
8930e1ca95bffff,소매,45
8930e1ca95bffff,수리·개인,33
8930e1ca95bffff,시설관리·임대,2
8930e1ca95bffff,예술·스포츠,11
8930e1ca95bffff,음식,66
8930e1ca963ffff,과학·기술,3
8930e1ca963ffff,교육,2
8930e1ca963ffff,부동산,1
8930e1ca963ffff,숙박,1
8930e1ca963ffff,음식,6
8930e1ca967ffff,소매,1
8930e1ca96bffff,과학·기술,170
8930e1ca96bffff,교육,35
8930e1ca96bffff,보건의료,19
8930e1ca96bffff,부동산,26
8930e1ca96bffff,소매,77
8930e1ca96bffff,수리·개인,56
8930e1ca96bffff,숙박,27
8930e1ca96bffff,시설관리·임대,31
8930e1ca96bffff,예술·스포츠,51
8930e1ca96bffff,음식,230
8930e1ca96fffff,과학·기술,47
8930e1ca96fffff,교육,23
8930e1ca96fffff,보건의료,3
8930e1ca96fffff,부동산,22
8930e1ca96fffff,소매,42
8930e1ca96fffff,수리·개인,39
8930e1ca96fffff,숙박,16
8930e1ca96fffff,시설관리·임대,6
8930e1ca96fffff,예술·스포츠,14
8930e1ca96fffff,음식,109
8930e1ca973ffff,과학·기술,1
8930e1ca977ffff,교육,3
8930e1ca977ffff,소매,3
8930e1ca977ffff,수리·개인,3
8930e1ca97bffff,과학·기술,2
8930e1ca97bffff,보건의료,1
8930e1ca97bffff,소매,4
8930e1ca97bffff,수리·개인,5
8930e1ca97bffff,시설관리·임대,5
8930e1ca97bffff,음식,8
8930e1ca9afffff,소매,1
8930e1ca9cbffff,소매,1
8930e1ca9cfffff,과학·기술,1
8930e1caa03ffff,교육,2
8930e1caa03ffff,소매,1
8930e1caa03ffff,시설관리·임대,1
8930e1caa03ffff,음식,5
8930e1caa0bffff,과학·기술,13
8930e1caa0bffff,교육,9
8930e1caa0bffff,보건의료,1
8930e1caa0bffff,부동산,2
8930e1caa0bffff,소매,13
8930e1caa0bffff,수리·개인,7
8930e1caa0bffff,숙박,2
8930e1caa0bffff,시설관리·임대,3
8930e1caa0bffff,예술·스포츠,4
8930e1caa0bffff,음식,12
8930e1caa0fffff,과학·기술,15
8930e1caa0fffff,교육,5
8930e1caa0fffff,보건의료,4
8930e1caa0fffff,부동산,1
8930e1caa0fffff,소매,9
8930e1caa0fffff,수리·개인,20
8930e1caa0fffff,숙박,2
8930e1caa0fffff,시설관리·임대,11
8930e1caa0fffff,예술·스포츠,1
8930e1caa0fffff,음식,13
8930e1caa1bffff,과학·기술,34
8930e1caa1bffff,교육,14
8930e1caa1bffff,보건의료,2
8930e1caa1bffff,부동산,10
8930e1caa1bffff,소매,26
8930e1caa1bffff,수리·개인,13
8930e1caa1bffff,시설관리·임대,14
8930e1caa1bffff,예술·스포츠,4
8930e1caa1bffff,음식,21
8930e1caa27ffff,과학·기술,7
8930e1caa27ffff,교육,1
8930e1caa27ffff,소매,3
8930e1caa27ffff,수리·개인,4
8930e1caa27ffff,시설관리·임대,1
8930e1caa27ffff,음식,1
8930e1caa2bffff,소매,2
8930e1caa2bffff,음식,3
8930e1caa2fffff,교육,1
8930e1caa2fffff,음식,1
8930e1caa37ffff,과학·기술,3
8930e1caa37ffff,교육,2
8930e1caa37ffff,부동산,3
8930e1caa37ffff,소매,6
8930e1caa37ffff,수리·개인,8
8930e1caa37ffff,숙박,1
8930e1caa37ffff,시설관리·임대,3
8930e1caa37ffff,음식,10
8930e1caa43ffff,부동산,3
8930e1caa43ffff,소매,1
8930e1caa47ffff,과학·기술,47
8930e1caa47ffff,교육,33
8930e1caa47ffff,보건의료,13
8930e1caa47ffff,부동산,14
8930e1caa47ffff,소매,51
8930e1caa47ffff,수리·개인,26
8930e1caa47ffff,숙박,2
8930e1caa47ffff,시설관리·임대,11
8930e1caa47ffff,예술·스포츠,29
8930e1caa47ffff,음식,75
8930e1caa4fffff,과학·기술,1
8930e1caa4fffff,보건의료,1
8930e1caa4fffff,소매,1
8930e1caa4fffff,예술·스포츠,1
8930e1caa4fffff,음식,2
8930e1caa53ffff,과학·기술,2
8930e1caa53ffff,시설관리·임대,1
8930e1caa57ffff,과학·기술,4
8930e1caa57ffff,교육,10
8930e1caa57ffff,보건의료,4
8930e1caa57ffff,부동산,10
8930e1caa57ffff,소매,10
8930e1caa57ffff,수리·개인,8
8930e1caa57ffff,예술·스포츠,3
8930e1caa57ffff,음식,9
8930e1caa63ffff,과학·기술,4
8930e1caa63ffff,교육,4
8930e1caa63ffff,보건의료,6
8930e1caa63ffff,부동산,5
8930e1caa63ffff,소매,14
8930e1caa63ffff,수리·개인,9
8930e1caa63ffff,시설관리·임대,2
8930e1caa63ffff,예술·스포츠,3
8930e1caa63ffff,음식,13
8930e1caa67ffff,과학·기술,2
8930e1caa67ffff,보건의료,1
8930e1caa67ffff,소매,8
8930e1caa67ffff,수리·개인,1
8930e1caa67ffff,시설관리·임대,2
8930e1caa67ffff,음식,10
8930e1caa6bffff,음식,1
8930e1caa73ffff,과학·기술,15
8930e1caa73ffff,교육,7
8930e1caa73ffff,보건의료,1
8930e1caa73ffff,부동산,7
8930e1caa73ffff,소매,32
8930e1caa73ffff,수리·개인,15
8930e1caa73ffff,숙박,4
8930e1caa73ffff,시설관리·임대,5
8930e1caa73ffff,예술·스포츠,10
8930e1caa73ffff,음식,33
8930e1caa77ffff,과학·기술,6
8930e1caa77ffff,교육,4
8930e1caa77ffff,보건의료,8
8930e1caa77ffff,소매,12
8930e1caa77ffff,수리·개인,7
8930e1caa77ffff,숙박,4
8930e1caa77ffff,시설관리·임대,1
8930e1caa77ffff,예술·스포츠,2
8930e1caa77ffff,음식,9
8930e1caa7bffff,과학·기술,2
8930e1caa7bffff,소매,3
8930e1caa7bffff,예술·스포츠,4
8930e1caa7bffff,음식,9
8930e1caa83ffff,과학·기술,2
8930e1caa83ffff,소매,1
8930e1caa87ffff,과학·기술,2
8930e1caa87ffff,교육,2
8930e1caa87ffff,부동산,3
8930e1caa87ffff,소매,8
8930e1caa87ffff,수리·개인,7
8930e1caa87ffff,음식,5
8930e1caa8bffff,소매,1
8930e1caa93ffff,교육,1
8930e1caa93ffff,부동산,1
8930e1caa93ffff,소매,2
8930e1caa93ffff,수리·개인,2
8930e1caa93ffff,음식,4
8930e1caa97ffff,과학·기술,11
8930e1caa97ffff,교육,7
8930e1caa97ffff,부동산,1
8930e1caa97ffff,소매,12
8930e1caa97ffff,수리·개인,4
8930e1caa97ffff,시설관리·임대,3
8930e1caa97ffff,예술·스포츠,3
8930e1caa97ffff,음식,6
8930e1caaa3ffff,과학·기술,36
8930e1caaa3ffff,교육,12
8930e1caaa3ffff,보건의료,2
8930e1caaa3ffff,부동산,4
8930e1caaa3ffff,소매,22
8930e1caaa3ffff,수리·개인,29
8930e1caaa3ffff,숙박,1
8930e1caaa3ffff,시설관리·임대,10
8930e1caaa3ffff,예술·스포츠,5
8930e1caaa3ffff,음식,8
8930e1caaa7ffff,과학·기술,16
8930e1caaa7ffff,교육,21
8930e1caaa7ffff,보건의료,21
8930e1caaa7ffff,부동산,12
8930e1caaa7ffff,소매,36
8930e1caaa7ffff,수리·개인,29
8930e1caaa7ffff,숙박,5
8930e1caaa7ffff,시설관리·임대,8
8930e1caaa7ffff,예술·스포츠,21
8930e1caaa7ffff,음식,58
8930e1caaabffff,보건의료,1
8930e1caaabffff,수리·개인,1
8930e1caaabffff,음식,2
8930e1caaafffff,과학·기술,5
8930e1caaafffff,교육,5
8930e1caaafffff,부동산,4
8930e1caaafffff,소매,19
8930e1caaafffff,수리·개인,18
8930e1caaafffff,숙박,2
8930e1caaafffff,시설관리·임대,1
8930e1caaafffff,예술·스포츠,1
8930e1caaafffff,음식,22
8930e1caab3ffff,과학·기술,25
8930e1caab3ffff,교육,11
8930e1caab3ffff,보건의료,5
8930e1caab3ffff,부동산,12
8930e1caab3ffff,소매,28
8930e1caab3ffff,수리·개인,25
8930e1caab3ffff,숙박,4
8930e1caab3ffff,시설관리·임대,5
8930e1caab3ffff,예술·스포츠,9
8930e1caab3ffff,음식,37
8930e1caab7ffff,과학·기술,13
8930e1caab7ffff,교육,25
8930e1caab7ffff,보건의료,4
8930e1caab7ffff,부동산,14
8930e1caab7ffff,소매,26
8930e1caab7ffff,수리·개인,24
8930e1caab7ffff,숙박,6
8930e1caab7ffff,시설관리·임대,5
8930e1caab7ffff,예술·스포츠,16
8930e1caab7ffff,음식,42
8930e1caabbffff,과학·기술,3
8930e1caabbffff,교육,4
8930e1caabbffff,부동산,5
8930e1caabbffff,소매,4
8930e1caabbffff,수리·개인,7
8930e1caabbffff,시설관리·임대,2
8930e1caabbffff,예술·스포츠,3
8930e1caabbffff,음식,5
8930e1caac3ffff,과학·기술,1
8930e1caac3ffff,교육,3
8930e1caac3ffff,보건의료,2
8930e1caac3ffff,부동산,3
8930e1caac3ffff,소매,3
8930e1caac3ffff,수리·개인,2
8930e1caac3ffff,음식,1
8930e1caacbffff,과학·기술,4
8930e1caacbffff,교육,14
8930e1caacbffff,보건의료,19
8930e1caacbffff,부동산,8
8930e1caacbffff,소매,18
8930e1caacbffff,수리·개인,10
8930e1caacbffff,예술·스포츠,7
8930e1caacbffff,음식,14
8930e1caacfffff,과학·기술,3
8930e1caacfffff,교육,1
8930e1caacfffff,보건의료,2
8930e1caacfffff,부동산,5
8930e1caacfffff,소매,4
8930e1caacfffff,수리·개인,1
8930e1caacfffff,시설관리·임대,3
8930e1caacfffff,예술·스포츠,1
8930e1caacfffff,음식,16
8930e1caad7ffff,소매,4
8930e1caad7ffff,음식,2
8930e1caadbffff,소매,1
8930e1caadbffff,음식,1
8930e1cab03ffff,과학·기술,9
8930e1cab03ffff,교육,9
8930e1cab03ffff,보건의료,1
8930e1cab03ffff,부동산,4
8930e1cab03ffff,소매,11
8930e1cab03ffff,수리·개인,7
8930e1cab03ffff,숙박,1
8930e1cab03ffff,시설관리·임대,2
8930e1cab03ffff,음식,14
8930e1cab07ffff,과학·기술,22
8930e1cab07ffff,교육,22
8930e1cab07ffff,보건의료,15
8930e1cab07ffff,부동산,14
8930e1cab07ffff,소매,32
8930e1cab07ffff,수리·개인,25
8930e1cab07ffff,숙박,2
8930e1cab07ffff,시설관리·임대,9
8930e1cab07ffff,예술·스포츠,12
8930e1cab07ffff,음식,53
8930e1cab0bffff,과학·기술,6
8930e1cab0bffff,교육,5
8930e1cab0bffff,보건의료,1
8930e1cab0bffff,부동산,4
8930e1cab0bffff,소매,16
8930e1cab0bffff,수리·개인,8
8930e1cab0bffff,숙박,1
8930e1cab0bffff,시설관리·임대,2
8930e1cab0bffff,음식,13
8930e1cab0fffff,과학·기술,11
8930e1cab0fffff,교육,12
8930e1cab0fffff,부동산,7
8930e1cab0fffff,소매,12
8930e1cab0fffff,수리·개인,12
8930e1cab0fffff,숙박,2
8930e1cab0fffff,예술·스포츠,3
8930e1cab0fffff,음식,16
8930e1cab13ffff,과학·기술,31
8930e1cab13ffff,교육,6
8930e1cab13ffff,부동산,8
8930e1cab13ffff,소매,12
8930e1cab13ffff,수리·개인,10
8930e1cab13ffff,숙박,4
8930e1cab13ffff,시설관리·임대,5
8930e1cab13ffff,예술·스포츠,12
8930e1cab13ffff,음식,80
8930e1cab17ffff,과학·기술,26
8930e1cab17ffff,교육,5
8930e1cab17ffff,보건의료,2
8930e1cab17ffff,부동산,4
8930e1cab17ffff,소매,20
8930e1cab17ffff,수리·개인,12
8930e1cab17ffff,숙박,4
8930e1cab17ffff,시설관리·임대,3
8930e1cab17ffff,예술·스포츠,10
8930e1cab17ffff,음식,56
8930e1cab1bffff,과학·기술,34
8930e1cab1bffff,교육,19
8930e1cab1bffff,보건의료,2
8930e1cab1bffff,부동산,7
8930e1cab1bffff,소매,26
8930e1cab1bffff,수리·개인,22
8930e1cab1bffff,숙박,5
8930e1cab1bffff,시설관리·임대,2
8930e1cab1bffff,예술·스포츠,5
8930e1cab1bffff,음식,37
8930e1cab23ffff,과학·기술,34
8930e1cab23ffff,교육,29
8930e1cab23ffff,보건의료,8
8930e1cab23ffff,부동산,10
8930e1cab23ffff,소매,46
8930e1cab23ffff,수리·개인,55
8930e1cab23ffff,숙박,3
8930e1cab23ffff,시설관리·임대,18
8930e1cab23ffff,예술·스포츠,8
8930e1cab23ffff,음식,42
8930e1cab27ffff,과학·기술,3
8930e1cab27ffff,교육,1
8930e1cab27ffff,부동산,3
8930e1cab27ffff,소매,12
8930e1cab27ffff,수리·개인,8
8930e1cab27ffff,시설관리·임대,4
8930e1cab27ffff,예술·스포츠,2
8930e1cab27ffff,음식,8
8930e1cab2bffff,과학·기술,34
8930e1cab2bffff,교육,36
8930e1cab2bffff,보건의료,30
8930e1cab2bffff,부동산,2
8930e1cab2bffff,소매,54
8930e1cab2bffff,수리·개인,32
8930e1cab2bffff,숙박,2
8930e1cab2bffff,시설관리·임대,16
8930e1cab2bffff,예술·스포츠,19
8930e1cab2bffff,음식,81
8930e1cab2fffff,과학·기술,20
8930e1cab2fffff,교육,29
8930e1cab2fffff,보건의료,6
8930e1cab2fffff,부동산,4
8930e1cab2fffff,소매,26
8930e1cab2fffff,수리·개인,20
8930e1cab2fffff,숙박,7
8930e1cab2fffff,시설관리·임대,3
8930e1cab2fffff,예술·스포츠,6
8930e1cab2fffff,음식,67
8930e1cab33ffff,과학·기술,42
8930e1cab33ffff,교육,16
8930e1cab33ffff,보건의료,30
8930e1cab33ffff,부동산,10
8930e1cab33ffff,소매,43
8930e1cab33ffff,수리·개인,23
8930e1cab33ffff,숙박,5
8930e1cab33ffff,시설관리·임대,10
8930e1cab33ffff,예술·스포츠,22
8930e1cab33ffff,음식,59
8930e1cab37ffff,과학·기술,19
8930e1cab37ffff,교육,32
8930e1cab37ffff,보건의료,3
8930e1cab37ffff,부동산,2
8930e1cab37ffff,소매,20
8930e1cab37ffff,수리·개인,11
8930e1cab37ffff,숙박,2
8930e1cab37ffff,시설관리·임대,2
8930e1cab37ffff,예술·스포츠,3
8930e1cab37ffff,음식,23
8930e1cab3bffff,과학·기술,21
8930e1cab3bffff,교육,14
8930e1cab3bffff,보건의료,7
8930e1cab3bffff,부동산,8
8930e1cab3bffff,소매,29
8930e1cab3bffff,수리·개인,16
8930e1cab3bffff,숙박,5
8930e1cab3bffff,시설관리·임대,8
8930e1cab3bffff,예술·스포츠,10
8930e1cab3bffff,음식,50
8930e1cab43ffff,과학·기술,6
8930e1cab43ffff,교육,2
8930e1cab43ffff,소매,5
8930e1cab43ffff,수리·개인,2
8930e1cab43ffff,시설관리·임대,1
8930e1cab43ffff,음식,2
8930e1cab47ffff,과학·기술,11
8930e1cab47ffff,교육,37
8930e1cab47ffff,보건의료,19
8930e1cab47ffff,부동산,18
8930e1cab47ffff,소매,58
8930e1cab47ffff,수리·개인,41
8930e1cab47ffff,숙박,2
8930e1cab47ffff,시설관리·임대,8
8930e1cab47ffff,예술·스포츠,8
8930e1cab47ffff,음식,70
8930e1cab53ffff,과학·기술,10
8930e1cab53ffff,교육,1
8930e1cab53ffff,부동산,2
8930e1cab53ffff,소매,8
8930e1cab53ffff,수리·개인,8
8930e1cab53ffff,숙박,1
8930e1cab53ffff,시설관리·임대,2
8930e1cab53ffff,예술·스포츠,3
8930e1cab53ffff,음식,5
8930e1cab57ffff,과학·기술,6
8930e1cab57ffff,교육,4
8930e1cab57ffff,부동산,6
8930e1cab57ffff,소매,13
8930e1cab57ffff,수리·개인,23
8930e1cab57ffff,숙박,6
8930e1cab57ffff,시설관리·임대,7
8930e1cab57ffff,예술·스포츠,1
8930e1cab57ffff,음식,18
8930e1cab63ffff,과학·기술,1
8930e1cab63ffff,교육,4
8930e1cab63ffff,보건의료,1
8930e1cab63ffff,부동산,6
8930e1cab63ffff,소매,5
8930e1cab63ffff,수리·개인,4
8930e1cab63ffff,시설관리·임대,2
8930e1cab63ffff,음식,5
8930e1cab67ffff,교육,1
8930e1cab6fffff,과학·기술,21
8930e1cab6fffff,교육,2
8930e1cab6fffff,보건의료,6
8930e1cab6fffff,소매,108
8930e1cab6fffff,수리·개인,8
8930e1cab6fffff,시설관리·임대,10
8930e1cab6fffff,예술·스포츠,1
8930e1cab6fffff,음식,92
8930e1cab73ffff,과학·기술,9
8930e1cab73ffff,교육,26
8930e1cab73ffff,보건의료,6
8930e1cab73ffff,부동산,6
8930e1cab73ffff,소매,30
8930e1cab73ffff,수리·개인,12
8930e1cab73ffff,숙박,2
8930e1cab73ffff,예술·스포츠,10
8930e1cab73ffff,음식,52
8930e1cab77ffff,과학·기술,48
8930e1cab77ffff,교육,36
8930e1cab77ffff,보건의료,8
8930e1cab77ffff,부동산,9
8930e1cab77ffff,소매,67
8930e1cab77ffff,수리·개인,37
8930e1cab77ffff,숙박,5
8930e1cab77ffff,시설관리·임대,8
8930e1cab77ffff,예술·스포츠,15
8930e1cab77ffff,음식,84
8930e1cab7bffff,소매,1
8930e1cab7bffff,음식,1
8930e1cab83ffff,과학·기술,10
8930e1cab83ffff,교육,5
8930e1cab83ffff,보건의료,6
8930e1cab83ffff,부동산,1
8930e1cab83ffff,소매,198
8930e1cab83ffff,수리·개인,8
8930e1cab83ffff,숙박,1
8930e1cab83ffff,시설관리·임대,1
8930e1cab83ffff,예술·스포츠,7
8930e1cab83ffff,음식,87
8930e1cab87ffff,과학·기술,1
8930e1cab87ffff,교육,1
8930e1cab87ffff,보건의료,2
8930e1cab87ffff,소매,137
8930e1cab87ffff,수리·개인,7
8930e1cab87ffff,숙박,1
8930e1cab87ffff,예술·스포츠,1
8930e1cab87ffff,음식,19
8930e1cab8bffff,과학·기술,10
8930e1cab8bffff,교육,3
8930e1cab8bffff,보건의료,2
8930e1cab8bffff,소매,5
8930e1cab8bffff,수리·개인,6
8930e1cab8bffff,숙박,2
8930e1cab8bffff,시설관리·임대,1
8930e1cab8bffff,예술·스포츠,6
8930e1cab8bffff,음식,23
8930e1cab93ffff,과학·기술,2
8930e1cab93ffff,교육,3
8930e1cab93ffff,보건의료,3
8930e1cab93ffff,부동산,6
8930e1cab93ffff,소매,15
8930e1cab93ffff,수리·개인,11
8930e1cab93ffff,시설관리·임대,2
8930e1cab93ffff,음식,17
8930e1cab97ffff,음식,2
8930e1caba3ffff,과학·기술,17
8930e1caba3ffff,교육,2
8930e1caba3ffff,보건의료,1
8930e1caba3ffff,부동산,1
8930e1caba3ffff,소매,10
8930e1caba3ffff,수리·개인,3
8930e1caba3ffff,시설관리·임대,2
8930e1caba3ffff,예술·스포츠,6
8930e1caba3ffff,음식,30
8930e1caba7ffff,과학·기술,56
8930e1caba7ffff,교육,9
8930e1caba7ffff,보건의료,2
8930e1caba7ffff,부동산,8
8930e1caba7ffff,소매,26
8930e1caba7ffff,수리·개인,17
8930e1caba7ffff,숙박,3
8930e1caba7ffff,시설관리·임대,14
8930e1caba7ffff,예술·스포츠,8
8930e1caba7ffff,음식,94
8930e1cababffff,과학·기술,24
8930e1cababffff,교육,21
8930e1cababffff,보건의료,2
8930e1cababffff,부동산,2
8930e1cababffff,소매,30
8930e1cababffff,수리·개인,20
8930e1cababffff,숙박,3
8930e1cababffff,시설관리·임대,14
8930e1cababffff,예술·스포츠,6
8930e1cababffff,음식,73
8930e1cabafffff,과학·기술,17
8930e1cabafffff,교육,8
8930e1cabafffff,보건의료,1
8930e1cabafffff,부동산,8
8930e1cabafffff,소매,11
8930e1cabafffff,수리·개인,14
8930e1cabafffff,숙박,5
8930e1cabafffff,시설관리·임대,4
8930e1cabafffff,예술·스포츠,10
8930e1cabafffff,음식,67
8930e1cabb3ffff,음식,1
8930e1cabb7ffff,과학·기술,32
8930e1cabb7ffff,교육,6
8930e1cabb7ffff,보건의료,4
8930e1cabb7ffff,부동산,2
8930e1cabb7ffff,소매,143
8930e1cabb7ffff,수리·개인,17
8930e1cabb7ffff,숙박,4
8930e1cabb7ffff,시설관리·임대,3
8930e1cabb7ffff,예술·스포츠,3
8930e1cabb7ffff,음식,123
8930e1cabc3ffff,과학·기술,21
8930e1cabc3ffff,교육,10
8930e1cabc3ffff,보건의료,7
8930e1cabc3ffff,부동산,9
8930e1cabc3ffff,소매,30
8930e1cabc3ffff,수리·개인,23
8930e1cabc3ffff,시설관리·임대,5
8930e1cabc3ffff,예술·스포츠,13
8930e1cabc3ffff,음식,40
8930e1cabc7ffff,과학·기술,24
8930e1cabc7ffff,교육,14
8930e1cabc7ffff,보건의료,3
8930e1cabc7ffff,부동산,9
8930e1cabc7ffff,소매,23
8930e1cabc7ffff,수리·개인,18
8930e1cabc7ffff,숙박,5
8930e1cabc7ffff,시설관리·임대,5
8930e1cabc7ffff,예술·스포츠,12
8930e1cabc7ffff,음식,66
8930e1cabcbffff,과학·기술,8
8930e1cabcbffff,교육,6
8930e1cabcbffff,부동산,3
8930e1cabcbffff,소매,13
8930e1cabcbffff,수리·개인,19
8930e1cabcbffff,숙박,1
8930e1cabcbffff,예술·스포츠,1
8930e1cabcbffff,음식,19
8930e1cabcfffff,과학·기술,31
8930e1cabcfffff,교육,20
8930e1cabcfffff,보건의료,16
8930e1cabcfffff,부동산,7
8930e1cabcfffff,소매,30
8930e1cabcfffff,수리·개인,26
8930e1cabcfffff,숙박,4
8930e1cabcfffff,시설관리·임대,8
8930e1cabcfffff,예술·스포츠,17
8930e1cabcfffff,음식,42
8930e1cabd3ffff,과학·기술,14
8930e1cabd3ffff,교육,15
8930e1cabd3ffff,보건의료,2
8930e1cabd3ffff,부동산,7
8930e1cabd3ffff,소매,24
8930e1cabd3ffff,수리·개인,21
8930e1cabd3ffff,숙박,1
8930e1cabd3ffff,시설관리·임대,5
8930e1cabd3ffff,예술·스포츠,6
8930e1cabd3ffff,음식,33
8930e1cabd7ffff,과학·기술,18
8930e1cabd7ffff,교육,21
8930e1cabd7ffff,보건의료,5
8930e1cabd7ffff,부동산,5
8930e1cabd7ffff,소매,16
8930e1cabd7ffff,수리·개인,28
8930e1cabd7ffff,숙박,2
8930e1cabd7ffff,시설관리·임대,3
8930e1cabd7ffff,예술·스포츠,14
8930e1cabd7ffff,음식,29
8930e1cabdbffff,과학·기술,15
8930e1cabdbffff,교육,16
8930e1cabdbffff,보건의료,2
8930e1cabdbffff,부동산,5
8930e1cabdbffff,소매,13
8930e1cabdbffff,수리·개인,10
8930e1cabdbffff,숙박,3
8930e1cabdbffff,예술·스포츠,6
8930e1cabdbffff,음식,24
8930e1cac03ffff,소매,1
8930e1cac03ffff,예술·스포츠,1
8930e1cac03ffff,음식,4
8930e1cac0fffff,과학·기술,1
8930e1cac13ffff,교육,1
8930e1cac17ffff,과학·기술,1
8930e1cac17ffff,소매,2
8930e1cac17ffff,예술·스포츠,1
8930e1cac17ffff,음식,4
8930e1cac23ffff,교육,3
8930e1cac27ffff,과학·기술,3
8930e1cac27ffff,교육,6
8930e1cac27ffff,부동산,2
8930e1cac27ffff,소매,11
8930e1cac27ffff,수리·개인,11
8930e1cac27ffff,시설관리·임대,4
8930e1cac27ffff,예술·스포츠,2
8930e1cac27ffff,음식,12
8930e1cac2fffff,과학·기술,1
8930e1cac2fffff,교육,2
8930e1cac2fffff,소매,1
8930e1cac2fffff,시설관리·임대,1
8930e1cac2fffff,예술·스포츠,7
8930e1cac33ffff,과학·기술,4
8930e1cac33ffff,교육,4
8930e1cac33ffff,부동산,3
8930e1cac33ffff,소매,8
8930e1cac33ffff,수리·개인,9
8930e1cac33ffff,숙박,2
8930e1cac33ffff,시설관리·임대,2
8930e1cac33ffff,음식,10
8930e1cac37ffff,과학·기술,20
8930e1cac37ffff,교육,13
8930e1cac37ffff,보건의료,2
8930e1cac37ffff,부동산,5
8930e1cac37ffff,소매,29
8930e1cac37ffff,수리·개인,17
8930e1cac37ffff,숙박,1
8930e1cac37ffff,시설관리·임대,8
8930e1cac37ffff,예술·스포츠,11
8930e1cac37ffff,음식,54
8930e1cac3bffff,소매,1
8930e1cac3bffff,음식,2
8930e1cac4bffff,과학·기술,5
8930e1cac4bffff,교육,1
8930e1cac4bffff,부동산,5
8930e1cac83ffff,과학·기술,10
8930e1cac83ffff,교육,1
8930e1cac83ffff,부동산,6
8930e1cac83ffff,소매,20
8930e1cac83ffff,수리·개인,14
8930e1cac83ffff,시설관리·임대,3
8930e1cac83ffff,음식,6
8930e1cac87ffff,과학·기술,17
8930e1cac87ffff,교육,10
8930e1cac87ffff,보건의료,14
8930e1cac87ffff,부동산,9
8930e1cac87ffff,소매,73
8930e1cac87ffff,수리·개인,26
8930e1cac87ffff,숙박,2
8930e1cac87ffff,시설관리·임대,5
8930e1cac87ffff,예술·스포츠,12
8930e1cac87ffff,음식,47
8930e1cac8bffff,소매,1
8930e1cac8bffff,음식,1
8930e1cac8fffff,과학·기술,19
8930e1cac8fffff,교육,4
8930e1cac8fffff,부동산,6
8930e1cac8fffff,소매,9
8930e1cac8fffff,수리·개인,14
8930e1cac8fffff,숙박,1
8930e1cac8fffff,시설관리·임대,3
8930e1cac8fffff,예술·스포츠,2
8930e1cac8fffff,음식,14
8930e1cac93ffff,과학·기술,15
8930e1cac93ffff,교육,2
8930e1cac93ffff,보건의료,1
8930e1cac93ffff,부동산,7
8930e1cac93ffff,소매,24
8930e1cac93ffff,수리·개인,11
8930e1cac93ffff,숙박,6
8930e1cac93ffff,시설관리·임대,3
8930e1cac93ffff,예술·스포츠,5
8930e1cac93ffff,음식,31
8930e1cac97ffff,과학·기술,12
8930e1cac97ffff,교육,10
8930e1cac97ffff,보건의료,2
8930e1cac97ffff,부동산,8
8930e1cac97ffff,소매,30
8930e1cac97ffff,수리·개인,17
8930e1cac97ffff,숙박,2
8930e1cac97ffff,시설관리·임대,3
8930e1cac97ffff,예술·스포츠,5
8930e1cac97ffff,음식,53
8930e1cac9bffff,소매,1
8930e1cac9bffff,수리·개인,1
8930e1cac9bffff,시설관리·임대,1
8930e1cac9bffff,음식,1
8930e1caca3ffff,과학·기술,8
8930e1caca3ffff,교육,38
8930e1caca3ffff,보건의료,12
8930e1caca3ffff,부동산,14
8930e1caca3ffff,소매,12
8930e1caca3ffff,수리·개인,8
8930e1caca3ffff,숙박,1
8930e1caca3ffff,시설관리·임대,2
8930e1caca3ffff,예술·스포츠,6
8930e1caca3ffff,음식,26
8930e1caca7ffff,과학·기술,3
8930e1caca7ffff,교육,3
8930e1caca7ffff,보건의료,1
8930e1caca7ffff,부동산,12
8930e1caca7ffff,소매,17
8930e1caca7ffff,수리·개인,5
8930e1caca7ffff,시설관리·임대,1
8930e1caca7ffff,예술·스포츠,3
8930e1caca7ffff,음식,22
8930e1cacabffff,과학·기술,3
8930e1cacabffff,교육,15
8930e1cacabffff,부동산,11
8930e1cacabffff,소매,14
8930e1cacabffff,수리·개인,19
8930e1cacabffff,숙박,1
8930e1cacabffff,시설관리·임대,1
8930e1cacabffff,예술·스포츠,1
8930e1cacabffff,음식,13
8930e1cacafffff,과학·기술,6
8930e1cacafffff,교육,8
8930e1cacafffff,부동산,5
8930e1cacafffff,소매,6
8930e1cacafffff,수리·개인,7
8930e1cacafffff,숙박,1
8930e1cacafffff,시설관리·임대,2
8930e1cacafffff,예술·스포츠,1
8930e1cacafffff,음식,3
8930e1cacb3ffff,과학·기술,12
8930e1cacb3ffff,교육,12
8930e1cacb3ffff,보건의료,5
8930e1cacb3ffff,부동산,7
8930e1cacb3ffff,소매,30
8930e1cacb3ffff,수리·개인,20
8930e1cacb3ffff,숙박,2
8930e1cacb3ffff,시설관리·임대,2
8930e1cacb3ffff,예술·스포츠,5
8930e1cacb3ffff,음식,27
8930e1cacb7ffff,과학·기술,4
8930e1cacb7ffff,교육,3
8930e1cacb7ffff,보건의료,5
8930e1cacb7ffff,부동산,3
8930e1cacb7ffff,소매,140
8930e1cacb7ffff,수리·개인,11
8930e1cacb7ffff,예술·스포츠,5
8930e1cacb7ffff,음식,35
8930e1cacbbffff,과학·기술,10
8930e1cacbbffff,교육,20
8930e1cacbbffff,보건의료,3
8930e1cacbbffff,부동산,9
8930e1cacbbffff,소매,35
8930e1cacbbffff,수리·개인,19
8930e1cacbbffff,숙박,2
8930e1cacbbffff,시설관리·임대,2
8930e1cacbbffff,예술·스포츠,5
8930e1cacbbffff,음식,61
8930e1cad03ffff,과학·기술,7
8930e1cad03ffff,보건의료,4
8930e1cad03ffff,부동산,1
8930e1cad03ffff,소매,11
8930e1cad03ffff,수리·개인,1
8930e1cad03ffff,숙박,1
8930e1cad03ffff,시설관리·임대,4
8930e1cad03ffff,예술·스포츠,1
8930e1cad03ffff,음식,6
8930e1cad07ffff,과학·기술,9
8930e1cad07ffff,교육,4
8930e1cad07ffff,보건의료,4
8930e1cad07ffff,부동산,4
8930e1cad07ffff,소매,52
8930e1cad07ffff,수리·개인,5
8930e1cad07ffff,숙박,4
8930e1cad07ffff,시설관리·임대,12
8930e1cad07ffff,예술·스포츠,3
8930e1cad07ffff,음식,49
8930e1cad0bffff,과학·기술,15
8930e1cad0bffff,교육,7
8930e1cad0bffff,보건의료,12
8930e1cad0bffff,부동산,8
8930e1cad0bffff,소매,22
8930e1cad0bffff,수리·개인,15
8930e1cad0bffff,숙박,1
8930e1cad0bffff,시설관리·임대,3
8930e1cad0bffff,예술·스포츠,4
8930e1cad0bffff,음식,16
8930e1cad0fffff,과학·기술,2
8930e1cad0fffff,교육,1
8930e1cad0fffff,부동산,1
8930e1cad0fffff,소매,3
8930e1cad0fffff,수리·개인,1
8930e1cad0fffff,음식,5
8930e1cad13ffff,과학·기술,81
8930e1cad13ffff,교육,15
8930e1cad13ffff,보건의료,27
8930e1cad13ffff,부동산,16
8930e1cad13ffff,소매,53
8930e1cad13ffff,수리·개인,29
8930e1cad13ffff,숙박,6
8930e1cad13ffff,시설관리·임대,23
8930e1cad13ffff,예술·스포츠,36
8930e1cad13ffff,음식,127
8930e1cad17ffff,과학·기술,36
8930e1cad17ffff,교육,9
8930e1cad17ffff,보건의료,2
8930e1cad17ffff,부동산,19
8930e1cad17ffff,소매,29
8930e1cad17ffff,수리·개인,29
8930e1cad17ffff,숙박,9
8930e1cad17ffff,시설관리·임대,4
8930e1cad17ffff,예술·스포츠,23
8930e1cad17ffff,음식,101
8930e1cad1bffff,과학·기술,23
8930e1cad1bffff,교육,12
8930e1cad1bffff,보건의료,18
8930e1cad1bffff,부동산,9
8930e1cad1bffff,소매,39
8930e1cad1bffff,수리·개인,19
8930e1cad1bffff,숙박,3
8930e1cad1bffff,시설관리·임대,6
8930e1cad1bffff,예술·스포츠,9
8930e1cad1bffff,음식,39
8930e1cad23ffff,과학·기술,76
8930e1cad23ffff,교육,16
8930e1cad23ffff,보건의료,10
8930e1cad23ffff,부동산,11
8930e1cad23ffff,소매,588
8930e1cad23ffff,수리·개인,39
8930e1cad23ffff,시설관리·임대,35
8930e1cad23ffff,예술·스포츠,11
8930e1cad23ffff,음식,71
8930e1cad27ffff,과학·기술,18
8930e1cad27ffff,교육,21
8930e1cad27ffff,보건의료,14
8930e1cad27ffff,부동산,8
8930e1cad27ffff,소매,23
8930e1cad27ffff,수리·개인,21
8930e1cad27ffff,시설관리·임대,7
8930e1cad27ffff,예술·스포츠,8
8930e1cad27ffff,음식,21
8930e1cad2bffff,과학·기술,1
8930e1cad2bffff,소매,9
8930e1cad2bffff,수리·개인,2
8930e1cad2bffff,예술·스포츠,1
8930e1cad2bffff,음식,9
8930e1cad33ffff,과학·기술,17
8930e1cad33ffff,교육,11
8930e1cad33ffff,보건의료,2
8930e1cad33ffff,부동산,4
8930e1cad33ffff,소매,12
8930e1cad33ffff,수리·개인,12
8930e1cad33ffff,숙박,1
8930e1cad33ffff,시설관리·임대,2
8930e1cad33ffff,예술·스포츠,9
8930e1cad33ffff,음식,20
8930e1cad37ffff,과학·기술,4
8930e1cad37ffff,교육,39
8930e1cad37ffff,보건의료,11
8930e1cad37ffff,부동산,3
8930e1cad37ffff,소매,29
8930e1cad37ffff,수리·개인,12
8930e1cad37ffff,숙박,2
8930e1cad37ffff,시설관리·임대,2
8930e1cad37ffff,예술·스포츠,18
8930e1cad37ffff,음식,48
8930e1cad3bffff,과학·기술,34
8930e1cad3bffff,교육,8
8930e1cad3bffff,보건의료,2
8930e1cad3bffff,부동산,12
8930e1cad3bffff,소매,13
8930e1cad3bffff,수리·개인,16
8930e1cad3bffff,숙박,1
8930e1cad3bffff,시설관리·임대,7
8930e1cad3bffff,예술·스포츠,7
8930e1cad3bffff,음식,31
8930e1cad43ffff,과학·기술,7
8930e1cad43ffff,교육,18
8930e1cad43ffff,부동산,14
8930e1cad43ffff,소매,15
8930e1cad43ffff,수리·개인,19
8930e1cad43ffff,시설관리·임대,2
8930e1cad43ffff,예술·스포츠,3
8930e1cad43ffff,음식,17
8930e1cad47ffff,과학·기술,3
8930e1cad47ffff,소매,8
8930e1cad47ffff,수리·개인,10
8930e1cad47ffff,시설관리·임대,2
8930e1cad47ffff,예술·스포츠,3
8930e1cad47ffff,음식,5
8930e1cad4fffff,소매,2
8930e1cad4fffff,수리·개인,2
8930e1cad53ffff,과학·기술,17
8930e1cad53ffff,교육,10
8930e1cad53ffff,보건의료,9
8930e1cad53ffff,부동산,7
8930e1cad53ffff,소매,34
8930e1cad53ffff,수리·개인,27
8930e1cad53ffff,시설관리·임대,8
8930e1cad53ffff,예술·스포츠,6
8930e1cad53ffff,음식,33
8930e1cad57ffff,과학·기술,16
8930e1cad57ffff,교육,12
8930e1cad57ffff,보건의료,1
8930e1cad57ffff,부동산,7
8930e1cad57ffff,소매,34
8930e1cad57ffff,수리·개인,32
8930e1cad57ffff,시설관리·임대,4
8930e1cad57ffff,예술·스포츠,6
8930e1cad57ffff,음식,53
8930e1cad5bffff,과학·기술,2
8930e1cad5bffff,부동산,3
8930e1cad5bffff,소매,3
8930e1cad5bffff,수리·개인,4
8930e1cad5bffff,예술·스포츠,1
8930e1cad5bffff,음식,3
8930e1cad73ffff,과학·기술,5
8930e1cad73ffff,교육,3
8930e1cad73ffff,부동산,2
8930e1cad73ffff,소매,5
8930e1cad73ffff,수리·개인,3
8930e1cad73ffff,시설관리·임대,2
8930e1cad73ffff,음식,4
8930e1cad77ffff,과학·기술,20
8930e1cad77ffff,교육,5
8930e1cad77ffff,보건의료,1
8930e1cad77ffff,부동산,7
8930e1cad77ffff,소매,9
8930e1cad77ffff,수리·개인,5
8930e1cad77ffff,시설관리·임대,5
8930e1cad77ffff,예술·스포츠,3
8930e1cad77ffff,음식,8
8930e1cad83ffff,과학·기술,3
8930e1cad83ffff,교육,2
8930e1cad83ffff,소매,1
8930e1cad83ffff,수리·개인,1
8930e1cad83ffff,숙박,1
8930e1cad83ffff,시설관리·임대,1
8930e1cad83ffff,음식,3
8930e1cad87ffff,과학·기술,18
8930e1cad87ffff,교육,19
8930e1cad87ffff,보건의료,2
8930e1cad87ffff,부동산,8
8930e1cad87ffff,소매,26
8930e1cad87ffff,수리·개인,16
8930e1cad87ffff,숙박,5
8930e1cad87ffff,시설관리·임대,2
8930e1cad87ffff,예술·스포츠,5
8930e1cad87ffff,음식,49
8930e1cad8bffff,과학·기술,6
8930e1cad8bffff,교육,2
8930e1cad8bffff,보건의료,2
8930e1cad8bffff,부동산,2
8930e1cad8bffff,소매,3
8930e1cad8bffff,수리·개인,3
8930e1cad8bffff,시설관리·임대,1
8930e1cad8bffff,예술·스포츠,1
8930e1cad8bffff,음식,8
8930e1cad8fffff,과학·기술,29
8930e1cad8fffff,교육,17
8930e1cad8fffff,보건의료,3
8930e1cad8fffff,부동산,10
8930e1cad8fffff,소매,26
8930e1cad8fffff,수리·개인,30
8930e1cad8fffff,숙박,2
8930e1cad8fffff,시설관리·임대,4
8930e1cad8fffff,예술·스포츠,11
8930e1cad8fffff,음식,61
8930e1cad93ffff,과학·기술,1
8930e1cad93ffff,교육,1
8930e1cad93ffff,소매,1
8930e1cad93ffff,수리·개인,1
8930e1cad93ffff,숙박,1
8930e1cad93ffff,시설관리·임대,1
8930e1cad93ffff,음식,3
8930e1cad97ffff,과학·기술,10
8930e1cad97ffff,교육,10
8930e1cad97ffff,부동산,2
8930e1cad97ffff,소매,6
8930e1cad97ffff,수리·개인,6
8930e1cad97ffff,시설관리·임대,5
8930e1cad97ffff,음식,2
8930e1cada3ffff,과학·기술,16
8930e1cada3ffff,교육,6
8930e1cada3ffff,부동산,6
8930e1cada3ffff,소매,22
8930e1cada3ffff,수리·개인,25
8930e1cada3ffff,숙박,3
8930e1cada3ffff,시설관리·임대,4
8930e1cada3ffff,음식,25
8930e1cada7ffff,과학·기술,9
8930e1cada7ffff,교육,31
8930e1cada7ffff,부동산,2
8930e1cada7ffff,소매,14
8930e1cada7ffff,수리·개인,9
8930e1cada7ffff,숙박,1
8930e1cada7ffff,시설관리·임대,2
8930e1cada7ffff,예술·스포츠,3
8930e1cada7ffff,음식,10
8930e1cadabffff,과학·기술,23
8930e1cadabffff,교육,11
8930e1cadabffff,보건의료,11
8930e1cadabffff,부동산,21
8930e1cadabffff,소매,51
8930e1cadabffff,수리·개인,48
8930e1cadabffff,시설관리·임대,8
8930e1cadabffff,예술·스포츠,11
8930e1cadabffff,음식,75
8930e1cadafffff,과학·기술,6
8930e1cadafffff,교육,16
8930e1cadafffff,부동산,4
8930e1cadafffff,소매,12
8930e1cadafffff,수리·개인,14
8930e1cadafffff,숙박,2
8930e1cadafffff,시설관리·임대,2
8930e1cadafffff,예술·스포츠,6
8930e1cadafffff,음식,18
8930e1cadb3ffff,과학·기술,16
8930e1cadb3ffff,교육,6
8930e1cadb3ffff,보건의료,5
8930e1cadb3ffff,부동산,4
8930e1cadb3ffff,소매,20
8930e1cadb3ffff,수리·개인,13
8930e1cadb3ffff,숙박,2
8930e1cadb3ffff,시설관리·임대,2
8930e1cadb3ffff,예술·스포츠,2
8930e1cadb3ffff,음식,24
8930e1cadb7ffff,과학·기술,9
8930e1cadb7ffff,교육,12
8930e1cadb7ffff,보건의료,4
8930e1cadb7ffff,부동산,7
8930e1cadb7ffff,소매,21
8930e1cadb7ffff,수리·개인,13
8930e1cadb7ffff,시설관리·임대,1
8930e1cadb7ffff,예술·스포츠,5
8930e1cadb7ffff,음식,48
8930e1cadbbffff,과학·기술,5
8930e1cadbbffff,교육,9
8930e1cadbbffff,부동산,7
8930e1cadbbffff,소매,13
8930e1cadbbffff,수리·개인,9
8930e1cadbbffff,숙박,4
8930e1cadbbffff,시설관리·임대,2
8930e1cadbbffff,예술·스포츠,2
8930e1cadbbffff,음식,12
8930e1cadc3ffff,과학·기술,12
8930e1cadc3ffff,교육,5
8930e1cadc3ffff,보건의료,1
8930e1cadc3ffff,부동산,3
8930e1cadc3ffff,소매,59
8930e1cadc3ffff,수리·개인,17
8930e1cadc3ffff,숙박,1
8930e1cadc3ffff,시설관리·임대,7
8930e1cadc3ffff,음식,45
8930e1cadc7ffff,과학·기술,21
8930e1cadc7ffff,교육,12
8930e1cadc7ffff,보건의료,8
8930e1cadc7ffff,부동산,7
8930e1cadc7ffff,소매,52
8930e1cadc7ffff,수리·개인,29
8930e1cadc7ffff,숙박,2
8930e1cadc7ffff,시설관리·임대,9
8930e1cadc7ffff,예술·스포츠,13
8930e1cadc7ffff,음식,30
8930e1cadcbffff,과학·기술,17
8930e1cadcbffff,교육,8
8930e1cadcbffff,보건의료,4
8930e1cadcbffff,부동산,12
8930e1cadcbffff,소매,47
8930e1cadcbffff,수리·개인,35
8930e1cadcbffff,숙박,1
8930e1cadcbffff,시설관리·임대,5
8930e1cadcbffff,예술·스포츠,16
8930e1cadcbffff,음식,52
8930e1cadcfffff,과학·기술,7
8930e1cadcfffff,교육,9
8930e1cadcfffff,보건의료,5
8930e1cadcfffff,부동산,8
8930e1cadcfffff,소매,69
8930e1cadcfffff,수리·개인,28
8930e1cadcfffff,숙박,5
8930e1cadcfffff,시설관리·임대,5
8930e1cadcfffff,예술·스포츠,8
8930e1cadcfffff,음식,60
8930e1cadd3ffff,과학·기술,12
8930e1cadd3ffff,교육,13
8930e1cadd3ffff,부동산,8
8930e1cadd3ffff,소매,16
8930e1cadd3ffff,수리·개인,16
8930e1cadd3ffff,숙박,6
8930e1cadd3ffff,시설관리·임대,6
8930e1cadd3ffff,예술·스포츠,6
8930e1cadd3ffff,음식,20
8930e1cadd7ffff,과학·기술,14
8930e1cadd7ffff,교육,5
8930e1cadd7ffff,부동산,9
8930e1cadd7ffff,소매,15
8930e1cadd7ffff,수리·개인,12
8930e1cadd7ffff,숙박,3
8930e1cadd7ffff,시설관리·임대,5
8930e1cadd7ffff,예술·스포츠,3
8930e1cadd7ffff,음식,18
8930e1caddbffff,과학·기술,5
8930e1caddbffff,교육,29
8930e1caddbffff,보건의료,11
8930e1caddbffff,부동산,8
8930e1caddbffff,소매,22
8930e1caddbffff,수리·개인,15
8930e1caddbffff,시설관리·임대,1
8930e1caddbffff,예술·스포츠,9
8930e1caddbffff,음식,31
8930e1cae03ffff,과학·기술,79
8930e1cae03ffff,교육,11
8930e1cae03ffff,보건의료,3
8930e1cae03ffff,부동산,13
8930e1cae03ffff,소매,40
8930e1cae03ffff,수리·개인,6
8930e1cae03ffff,숙박,3
8930e1cae03ffff,시설관리·임대,13
8930e1cae03ffff,예술·스포츠,6
8930e1cae03ffff,음식,67
8930e1cae07ffff,보건의료,1
8930e1cae07ffff,소매,1
8930e1cae07ffff,음식,2
8930e1cae0bffff,과학·기술,22
8930e1cae0bffff,교육,4
8930e1cae0bffff,보건의료,2
8930e1cae0bffff,부동산,4
8930e1cae0bffff,소매,13
8930e1cae0bffff,수리·개인,5
8930e1cae0bffff,숙박,1
8930e1cae0bffff,시설관리·임대,12
8930e1cae0bffff,예술·스포츠,2
8930e1cae0bffff,음식,8
8930e1cae0fffff,과학·기술,3
8930e1cae0fffff,보건의료,2
8930e1cae0fffff,부동산,1
8930e1cae0fffff,소매,3
8930e1cae0fffff,숙박,2
8930e1cae0fffff,시설관리·임대,1
8930e1cae13ffff,과학·기술,50
8930e1cae13ffff,교육,2
8930e1cae13ffff,보건의료,3
8930e1cae13ffff,부동산,5
8930e1cae13ffff,소매,11
8930e1cae13ffff,수리·개인,3
8930e1cae13ffff,숙박,1
8930e1cae13ffff,시설관리·임대,7
8930e1cae13ffff,예술·스포츠,1
8930e1cae13ffff,음식,15
8930e1cae17ffff,과학·기술,103
8930e1cae17ffff,교육,10
8930e1cae17ffff,보건의료,2
8930e1cae17ffff,부동산,8
8930e1cae17ffff,소매,13
8930e1cae17ffff,수리·개인,5
8930e1cae17ffff,숙박,4
8930e1cae17ffff,시설관리·임대,12
8930e1cae17ffff,예술·스포츠,2
8930e1cae17ffff,음식,47
8930e1cae1bffff,과학·기술,94
8930e1cae1bffff,교육,16
8930e1cae1bffff,보건의료,11
8930e1cae1bffff,부동산,14
8930e1cae1bffff,소매,37
8930e1cae1bffff,수리·개인,8
8930e1cae1bffff,숙박,4
8930e1cae1bffff,시설관리·임대,14
8930e1cae1bffff,예술·스포츠,5
8930e1cae1bffff,음식,39
8930e1cae23ffff,과학·기술,1
8930e1cae23ffff,부동산,7
8930e1cae23ffff,소매,8
8930e1cae23ffff,수리·개인,4
8930e1cae23ffff,예술·스포츠,1
8930e1cae23ffff,음식,4
8930e1cae27ffff,과학·기술,1
8930e1cae27ffff,교육,1
8930e1cae27ffff,부동산,4
8930e1cae27ffff,소매,11
8930e1cae27ffff,수리·개인,5
8930e1cae27ffff,음식,3
8930e1cae2bffff,과학·기술,2
8930e1cae2bffff,교육,7
8930e1cae2bffff,보건의료,3
8930e1cae2bffff,부동산,2
8930e1cae2bffff,소매,9
8930e1cae2bffff,수리·개인,6
8930e1cae2bffff,시설관리·임대,2
8930e1cae2bffff,예술·스포츠,3
8930e1cae2bffff,음식,4
8930e1cae2fffff,예술·스포츠,1
8930e1cae33ffff,교육,1
8930e1cae37ffff,소매,7
8930e1cae37ffff,예술·스포츠,1
8930e1cae37ffff,음식,2
8930e1cae3bffff,교육,3
8930e1cae3bffff,보건의료,1
8930e1cae3bffff,소매,5
8930e1cae3bffff,수리·개인,2
8930e1cae43ffff,과학·기술,3
8930e1cae43ffff,교육,29
8930e1cae43ffff,부동산,4
8930e1cae43ffff,소매,7
8930e1cae43ffff,수리·개인,5
8930e1cae43ffff,숙박,1
8930e1cae43ffff,시설관리·임대,1
8930e1cae43ffff,예술·스포츠,4
8930e1cae43ffff,음식,14
8930e1cae47ffff,과학·기술,4
8930e1cae47ffff,교육,11
8930e1cae47ffff,보건의료,2
8930e1cae47ffff,부동산,3
8930e1cae47ffff,소매,9
8930e1cae47ffff,수리·개인,4
8930e1cae47ffff,시설관리·임대,1
8930e1cae47ffff,예술·스포츠,4
8930e1cae47ffff,음식,15
8930e1cae4bffff,과학·기술,19
8930e1cae4bffff,교육,109
8930e1cae4bffff,보건의료,6
8930e1cae4bffff,부동산,4
8930e1cae4bffff,소매,41
8930e1cae4bffff,수리·개인,15
8930e1cae4bffff,시설관리·임대,11
8930e1cae4bffff,예술·스포츠,19
8930e1cae4bffff,음식,63
8930e1cae4fffff,과학·기술,13
8930e1cae4fffff,교육,64
8930e1cae4fffff,보건의료,8
8930e1cae4fffff,부동산,16
8930e1cae4fffff,소매,71
8930e1cae4fffff,수리·개인,30
8930e1cae4fffff,시설관리·임대,1
8930e1cae4fffff,예술·스포츠,9
8930e1cae4fffff,음식,57
8930e1cae53ffff,과학·기술,27
8930e1cae53ffff,교육,48
8930e1cae53ffff,보건의료,3
8930e1cae53ffff,부동산,6
8930e1cae53ffff,소매,26
8930e1cae53ffff,수리·개인,13
8930e1cae53ffff,숙박,8
8930e1cae53ffff,시설관리·임대,6
8930e1cae53ffff,예술·스포츠,7
8930e1cae53ffff,음식,28
8930e1cae57ffff,과학·기술,19
8930e1cae57ffff,교육,30
8930e1cae57ffff,보건의료,1
8930e1cae57ffff,부동산,1
8930e1cae57ffff,소매,16
8930e1cae57ffff,시설관리·임대,4
8930e1cae57ffff,예술·스포츠,5
8930e1cae57ffff,음식,12
8930e1cae5bffff,과학·기술,7
8930e1cae5bffff,교육,147
8930e1cae5bffff,보건의료,2
8930e1cae5bffff,부동산,13
8930e1cae5bffff,소매,23
8930e1cae5bffff,수리·개인,11
8930e1cae5bffff,숙박,2
8930e1cae5bffff,시설관리·임대,4
8930e1cae5bffff,예술·스포츠,23
8930e1cae5bffff,음식,24
8930e1cae6bffff,과학·기술,2
8930e1cae6bffff,교육,14
8930e1cae6bffff,보건의료,1
8930e1cae6bffff,부동산,6
8930e1cae6bffff,소매,3
8930e1cae6bffff,수리·개인,6
8930e1cae6bffff,숙박,1
8930e1cae6bffff,시설관리·임대,2
8930e1cae6bffff,예술·스포츠,2
8930e1cae6bffff,음식,5
8930e1cae73ffff,과학·기술,17
8930e1cae73ffff,교육,5
8930e1cae73ffff,소매,5
8930e1cae73ffff,수리·개인,2
8930e1cae73ffff,시설관리·임대,7
8930e1cae73ffff,예술·스포츠,1
8930e1cae73ffff,음식,4
8930e1cae7bffff,과학·기술,5
8930e1cae7bffff,교육,7
8930e1cae7bffff,보건의료,2
8930e1cae7bffff,소매,10
8930e1cae7bffff,수리·개인,3
8930e1cae7bffff,시설관리·임대,1
8930e1cae7bffff,예술·스포츠,3
8930e1cae7bffff,음식,2
8930e1cae83ffff,과학·기술,33
8930e1cae83ffff,교육,9
8930e1cae83ffff,보건의료,8
8930e1cae83ffff,부동산,10
8930e1cae83ffff,소매,21
8930e1cae83ffff,수리·개인,7
8930e1cae83ffff,숙박,3
8930e1cae83ffff,시설관리·임대,5
8930e1cae83ffff,예술·스포츠,6
8930e1cae83ffff,음식,51
8930e1cae87ffff,과학·기술,27
8930e1cae87ffff,교육,2
8930e1cae87ffff,부동산,11
8930e1cae87ffff,소매,26
8930e1cae87ffff,수리·개인,7
8930e1cae87ffff,숙박,1
8930e1cae87ffff,시설관리·임대,5
8930e1cae87ffff,예술·스포츠,6
8930e1cae87ffff,음식,21
8930e1cae8fffff,과학·기술,27
8930e1cae8fffff,교육,6
8930e1cae8fffff,부동산,1
8930e1cae8fffff,소매,4
8930e1cae8fffff,수리·개인,1
8930e1cae8fffff,숙박,2
8930e1cae8fffff,시설관리·임대,5
8930e1cae8fffff,예술·스포츠,3
8930e1cae8fffff,음식,33
8930e1cae93ffff,과학·기술,29
8930e1cae93ffff,교육,2
8930e1cae93ffff,보건의료,2
8930e1cae93ffff,부동산,5
8930e1cae93ffff,소매,5
8930e1cae93ffff,수리·개인,5
8930e1cae93ffff,시설관리·임대,2
8930e1cae93ffff,음식,3
8930e1cae97ffff,과학·기술,17
8930e1cae97ffff,교육,2
8930e1cae97ffff,보건의료,1
8930e1cae97ffff,부동산,4
8930e1cae97ffff,소매,6
8930e1cae97ffff,수리·개인,4
8930e1cae97ffff,시설관리·임대,3
8930e1cae9bffff,과학·기술,64
8930e1cae9bffff,교육,6
8930e1cae9bffff,보건의료,7
8930e1cae9bffff,부동산,6
8930e1cae9bffff,소매,14
8930e1cae9bffff,수리·개인,5
8930e1cae9bffff,시설관리·임대,3
8930e1cae9bffff,음식,27
8930e1caeb3ffff,소매,2
8930e1caeb3ffff,수리·개인,1
8930e1caeb3ffff,시설관리·임대,2
8930e1caeb3ffff,음식,4
8930e1caebbffff,과학·기술,19
8930e1caebbffff,교육,3
8930e1caebbffff,보건의료,1
8930e1caebbffff,부동산,1
8930e1caebbffff,소매,8
8930e1caebbffff,시설관리·임대,3
8930e1caebbffff,예술·스포츠,4
8930e1caebbffff,음식,21
8930e1caec3ffff,과학·기술,212
8930e1caec3ffff,교육,47
8930e1caec3ffff,보건의료,34
8930e1caec3ffff,부동산,45
8930e1caec3ffff,소매,60
8930e1caec3ffff,수리·개인,14
8930e1caec3ffff,숙박,6
8930e1caec3ffff,시설관리·임대,30
8930e1caec3ffff,예술·스포츠,12
8930e1caec3ffff,음식,90
8930e1caec7ffff,과학·기술,174
8930e1caec7ffff,교육,10
8930e1caec7ffff,보건의료,1
8930e1caec7ffff,부동산,9
8930e1caec7ffff,소매,248
8930e1caec7ffff,수리·개인,16
8930e1caec7ffff,숙박,1
8930e1caec7ffff,시설관리·임대,28
8930e1caec7ffff,예술·스포츠,4
8930e1caec7ffff,음식,70
8930e1caecbffff,과학·기술,520
8930e1caecbffff,교육,80
8930e1caecbffff,보건의료,5
8930e1caecbffff,부동산,39
8930e1caecbffff,소매,85
8930e1caecbffff,수리·개인,20
8930e1caecbffff,숙박,4
8930e1caecbffff,시설관리·임대,77
8930e1caecbffff,예술·스포츠,18
8930e1caecbffff,음식,68
8930e1caecfffff,과학·기술,171
8930e1caecfffff,교육,30
8930e1caecfffff,보건의료,21
8930e1caecfffff,부동산,30
8930e1caecfffff,소매,40
8930e1caecfffff,수리·개인,17
8930e1caecfffff,숙박,4
8930e1caecfffff,시설관리·임대,27
8930e1caecfffff,예술·스포츠,4
8930e1caecfffff,음식,76
8930e1caed3ffff,과학·기술,71
8930e1caed3ffff,교육,9
8930e1caed3ffff,보건의료,2
8930e1caed3ffff,부동산,14
8930e1caed3ffff,소매,30
8930e1caed3ffff,수리·개인,10
8930e1caed3ffff,숙박,6
8930e1caed3ffff,시설관리·임대,15
8930e1caed3ffff,예술·스포츠,12
8930e1caed3ffff,음식,136
8930e1caed7ffff,과학·기술,89
8930e1caed7ffff,교육,4
8930e1caed7ffff,보건의료,16
8930e1caed7ffff,부동산,12
8930e1caed7ffff,소매,138
8930e1caed7ffff,수리·개인,14
8930e1caed7ffff,숙박,1
8930e1caed7ffff,시설관리·임대,29
8930e1caed7ffff,예술·스포츠,12
8930e1caed7ffff,음식,167
8930e1caedbffff,과학·기술,329
8930e1caedbffff,교육,46
8930e1caedbffff,보건의료,9
8930e1caedbffff,부동산,31
8930e1caedbffff,소매,68
8930e1caedbffff,수리·개인,10
8930e1caedbffff,숙박,1
8930e1caedbffff,시설관리·임대,26
8930e1caedbffff,예술·스포츠,12
8930e1caedbffff,음식,93
8930e1cb02fffff,과학·기술,5
8930e1cb02fffff,교육,1
8930e1cb02fffff,보건의료,1
8930e1cb02fffff,소매,2
8930e1cb02fffff,수리·개인,1
8930e1cb02fffff,시설관리·임대,4
8930e1cb02fffff,예술·스포츠,1
8930e1cb02fffff,음식,1
8930e1cb063ffff,과학·기술,1
8930e1cb063ffff,보건의료,1
8930e1cb063ffff,부동산,1
8930e1cb063ffff,소매,2
8930e1cb063ffff,음식,1
8930e1cb067ffff,과학·기술,1
8930e1cb06bffff,소매,1
8930e1cb06bffff,시설관리·임대,1
8930e1cb06bffff,음식,2
8930e1cb06fffff,과학·기술,1
8930e1cb06fffff,교육,6
8930e1cb06fffff,보건의료,3
8930e1cb06fffff,부동산,3
8930e1cb06fffff,소매,4
8930e1cb06fffff,수리·개인,3
8930e1cb06fffff,시설관리·임대,2
8930e1cb06fffff,음식,2
8930e1cb093ffff,교육,1
8930e1cb093ffff,시설관리·임대,1
8930e1cb093ffff,음식,2
8930e1cb103ffff,과학·기술,3
8930e1cb103ffff,교육,5
8930e1cb103ffff,소매,2
8930e1cb10bffff,과학·기술,102
8930e1cb10bffff,교육,45
8930e1cb10bffff,보건의료,10
8930e1cb10bffff,부동산,9
8930e1cb10bffff,소매,38
8930e1cb10bffff,수리·개인,11
8930e1cb10bffff,시설관리·임대,20
8930e1cb10bffff,예술·스포츠,11
8930e1cb10bffff,음식,27
8930e1cb10fffff,과학·기술,1
8930e1cb10fffff,교육,2
8930e1cb10fffff,부동산,1
8930e1cb10fffff,소매,3
8930e1cb10fffff,수리·개인,1
8930e1cb10fffff,음식,5
8930e1cb113ffff,과학·기술,2
8930e1cb117ffff,과학·기술,1
8930e1cb117ffff,수리·개인,3
8930e1cb11bffff,과학·기술,3
8930e1cb11bffff,교육,2
8930e1cb11bffff,부동산,1
8930e1cb11bffff,소매,5
8930e1cb11bffff,수리·개인,2
8930e1cb11bffff,시설관리·임대,2
8930e1cb11bffff,음식,3
8930e1cb123ffff,과학·기술,14
8930e1cb123ffff,교육,4
8930e1cb123ffff,소매,3
8930e1cb123ffff,음식,3
8930e1cb127ffff,과학·기술,60
8930e1cb127ffff,교육,10
8930e1cb127ffff,부동산,1
8930e1cb127ffff,소매,21
8930e1cb127ffff,수리·개인,6
8930e1cb127ffff,시설관리·임대,11
8930e1cb127ffff,예술·스포츠,1
8930e1cb127ffff,음식,29
8930e1cb12fffff,과학·기술,2
8930e1cb12fffff,교육,1
8930e1cb12fffff,예술·스포츠,2
8930e1cb133ffff,과학·기술,3
8930e1cb133ffff,교육,10
8930e1cb133ffff,보건의료,1
8930e1cb133ffff,부동산,3
8930e1cb133ffff,소매,4
8930e1cb133ffff,수리·개인,4
8930e1cb133ffff,시설관리·임대,1
8930e1cb133ffff,예술·스포츠,1
8930e1cb133ffff,음식,7
8930e1cb137ffff,과학·기술,13
8930e1cb137ffff,교육,2
8930e1cb137ffff,소매,3
8930e1cb137ffff,시설관리·임대,3
8930e1cb137ffff,음식,1
8930e1cb13bffff,교육,2
8930e1cb13bffff,소매,1
8930e1cb143ffff,교육,4
8930e1cb143ffff,부동산,1
8930e1cb143ffff,소매,5
8930e1cb143ffff,수리·개인,6
8930e1cb143ffff,예술·스포츠,6
8930e1cb143ffff,음식,12
8930e1cb147ffff,과학·기술,2
8930e1cb147ffff,부동산,1
8930e1cb147ffff,소매,2
8930e1cb147ffff,시설관리·임대,3
8930e1cb147ffff,음식,1
8930e1cb14bffff,소매,1
8930e1cb14bffff,음식,2
8930e1cb14fffff,교육,17
8930e1cb14fffff,보건의료,11
8930e1cb14fffff,부동산,2
8930e1cb14fffff,소매,13
8930e1cb14fffff,수리·개인,2
8930e1cb14fffff,예술·스포츠,2
8930e1cb14fffff,음식,13
8930e1cb153ffff,보건의료,1
8930e1cb153ffff,시설관리·임대,1
8930e1cb157ffff,과학·기술,3
8930e1cb157ffff,교육,1
8930e1cb157ffff,부동산,2
8930e1cb157ffff,수리·개인,3
8930e1cb157ffff,음식,4
8930e1cb15bffff,과학·기술,12
8930e1cb15bffff,교육,11
8930e1cb15bffff,소매,5
8930e1cb15bffff,수리·개인,2
8930e1cb15bffff,시설관리·임대,1
8930e1cb15bffff,예술·스포츠,1
8930e1cb15bffff,음식,6
8930e1cb167ffff,과학·기술,2
8930e1cb167ffff,보건의료,1
8930e1cb167ffff,소매,4
8930e1cb167ffff,수리·개인,2
8930e1cb167ffff,숙박,1
8930e1cb167ffff,시설관리·임대,1
8930e1cb167ffff,예술·스포츠,4
8930e1cb16fffff,과학·기술,15
8930e1cb16fffff,교육,1
8930e1cb16fffff,부동산,1
8930e1cb16fffff,소매,2
8930e1cb16fffff,수리·개인,4
8930e1cb16fffff,시설관리·임대,1
8930e1cb16fffff,예술·스포츠,1
8930e1cb16fffff,음식,5
8930e1cb173ffff,과학·기술,2
8930e1cb173ffff,교육,2
8930e1cb173ffff,소매,3
8930e1cb173ffff,수리·개인,3
8930e1cb173ffff,예술·스포츠,2
8930e1cb173ffff,음식,12
8930e1cb17bffff,과학·기술,1
8930e1cb17bffff,교육,3
8930e1cb17bffff,부동산,1
8930e1cb17bffff,소매,1
8930e1cb17bffff,수리·개인,1
8930e1cb17bffff,시설관리·임대,1
8930e1cb17bffff,음식,5
8930e1cb187ffff,교육,1
8930e1cb187ffff,소매,1
8930e1cb187ffff,음식,1
8930e1cb193ffff,과학·기술,9
8930e1cb193ffff,부동산,1
8930e1cb193ffff,소매,8
8930e1cb193ffff,수리·개인,1
8930e1cb193ffff,시설관리·임대,2
8930e1cb193ffff,예술·스포츠,1
8930e1cb193ffff,음식,1
8930e1cb197ffff,과학·기술,21
8930e1cb197ffff,교육,4
8930e1cb197ffff,부동산,1
8930e1cb197ffff,소매,14
8930e1cb197ffff,수리·개인,2
8930e1cb197ffff,시설관리·임대,3
8930e1cb197ffff,음식,3
8930e1cb1abffff,과학·기술,6
8930e1cb1abffff,교육,3
8930e1cb1abffff,소매,2
8930e1cb1abffff,시설관리·임대,4
8930e1cb1abffff,음식,1
8930e1cb1b7ffff,과학·기술,3
8930e1cb1b7ffff,교육,2
8930e1cb1b7ffff,소매,5
8930e1cb1b7ffff,예술·스포츠,1
8930e1cb1b7ffff,음식,3
8930e1cb1bbffff,교육,1
8930e1cb383ffff,소매,2
8930e1cb387ffff,교육,2
8930e1cb387ffff,소매,2
8930e1cb387ffff,수리·개인,1
8930e1cb38fffff,교육,2
8930e1cb38fffff,음식,1
8930e1cb397ffff,부동산,1
8930e1cb397ffff,소매,1
8930e1cb39bffff,과학·기술,1
8930e1cb39bffff,부동산,3
8930e1cb39bffff,소매,1
8930e1cb39bffff,수리·개인,2
8930e1cb3a3ffff,과학·기술,2
8930e1cb3b3ffff,과학·기술,1
8930e1cb3b3ffff,교육,3
8930e1cb3b3ffff,소매,7
8930e1cb3b3ffff,수리·개인,3
8930e1cb3b3ffff,음식,3
8930e1cb3bbffff,과학·기술,5
8930e1cb3bbffff,교육,2
8930e1cb3bbffff,보건의료,1
8930e1cb3bbffff,부동산,5
8930e1cb3bbffff,소매,7
8930e1cb3bbffff,수리·개인,1
8930e1cb3bbffff,시설관리·임대,4
8930e1cb3bbffff,음식,6
8930e1cb3d3ffff,부동산,3
8930e1cb3d3ffff,예술·스포츠,1
8930e1cb3d3ffff,음식,1
8930e1cb3d7ffff,과학·기술,4
8930e1cb3d7ffff,교육,13
8930e1cb3d7ffff,보건의료,2
8930e1cb3d7ffff,부동산,1
8930e1cb3d7ffff,소매,5
8930e1cb3d7ffff,수리·개인,3
8930e1cb3d7ffff,예술·스포츠,1
8930e1cb3d7ffff,음식,8
8930e1cb403ffff,과학·기술,13
8930e1cb403ffff,교육,4
8930e1cb403ffff,보건의료,1
8930e1cb403ffff,부동산,2
8930e1cb403ffff,소매,5
8930e1cb403ffff,수리·개인,7
8930e1cb403ffff,시설관리·임대,2
8930e1cb403ffff,음식,4
8930e1cb407ffff,과학·기술,6
8930e1cb407ffff,교육,4
8930e1cb407ffff,부동산,3
8930e1cb407ffff,소매,1
8930e1cb407ffff,수리·개인,3
8930e1cb407ffff,시설관리·임대,2
8930e1cb407ffff,음식,2
8930e1cb40bffff,과학·기술,4
8930e1cb40bffff,교육,3
8930e1cb40bffff,부동산,4
8930e1cb40bffff,소매,4
8930e1cb40bffff,수리·개인,3
8930e1cb40bffff,시설관리·임대,3
8930e1cb40bffff,예술·스포츠,1
8930e1cb40bffff,음식,1
8930e1cb40fffff,과학·기술,1
8930e1cb40fffff,교육,2
8930e1cb40fffff,부동산,1
8930e1cb40fffff,소매,1
8930e1cb40fffff,수리·개인,1
8930e1cb40fffff,음식,1
8930e1cb413ffff,과학·기술,7
8930e1cb413ffff,소매,2
8930e1cb413ffff,수리·개인,2
8930e1cb413ffff,시설관리·임대,1
8930e1cb413ffff,음식,3
8930e1cb417ffff,수리·개인,3
8930e1cb417ffff,시설관리·임대,1
8930e1cb41bffff,과학·기술,45
8930e1cb41bffff,교육,6
8930e1cb41bffff,보건의료,3
8930e1cb41bffff,부동산,2
8930e1cb41bffff,소매,23
8930e1cb41bffff,수리·개인,9
8930e1cb41bffff,시설관리·임대,13
8930e1cb41bffff,예술·스포츠,2
8930e1cb41bffff,음식,23
8930e1cb423ffff,과학·기술,5
8930e1cb423ffff,보건의료,1
8930e1cb423ffff,부동산,3
8930e1cb423ffff,소매,6
8930e1cb423ffff,수리·개인,4
8930e1cb423ffff,숙박,2
8930e1cb423ffff,시설관리·임대,4
8930e1cb423ffff,예술·스포츠,1
8930e1cb423ffff,음식,1
8930e1cb427ffff,과학·기술,31
8930e1cb427ffff,교육,22
8930e1cb427ffff,부동산,7
8930e1cb427ffff,소매,17
8930e1cb427ffff,수리·개인,22
8930e1cb427ffff,시설관리·임대,4
8930e1cb427ffff,예술·스포츠,7
8930e1cb427ffff,음식,25
8930e1cb42fffff,과학·기술,11
8930e1cb42fffff,교육,14
8930e1cb42fffff,보건의료,4
8930e1cb42fffff,부동산,17
8930e1cb42fffff,소매,12
8930e1cb42fffff,수리·개인,8
8930e1cb42fffff,시설관리·임대,1
8930e1cb42fffff,예술·스포츠,4
8930e1cb42fffff,음식,13
8930e1cb433ffff,과학·기술,13
8930e1cb433ffff,교육,7
8930e1cb433ffff,부동산,3
8930e1cb433ffff,소매,10
8930e1cb433ffff,수리·개인,4
8930e1cb433ffff,시설관리·임대,3
8930e1cb433ffff,예술·스포츠,2
8930e1cb433ffff,음식,9
8930e1cb437ffff,과학·기술,45
8930e1cb437ffff,교육,27
8930e1cb437ffff,보건의료,27
8930e1cb437ffff,부동산,5
8930e1cb437ffff,소매,37
8930e1cb437ffff,수리·개인,19
8930e1cb437ffff,시설관리·임대,15
8930e1cb437ffff,예술·스포츠,10
8930e1cb437ffff,음식,37
8930e1cb447ffff,과학·기술,1
8930e1cb447ffff,소매,1
8930e1cb447ffff,수리·개인,2
8930e1cb44bffff,수리·개인,4
8930e1cb44fffff,과학·기술,1
8930e1cb44fffff,보건의료,1
8930e1cb44fffff,소매,1
8930e1cb44fffff,시설관리·임대,1
8930e1cb44fffff,음식,3
8930e1cb453ffff,과학·기술,3
8930e1cb453ffff,부동산,1
8930e1cb453ffff,소매,1
8930e1cb453ffff,수리·개인,2
8930e1cb453ffff,음식,1
8930e1cb457ffff,시설관리·임대,1
8930e1cb45bffff,교육,1
8930e1cb45bffff,수리·개인,4
8930e1cb463ffff,수리·개인,1
8930e1cb467ffff,교육,1
8930e1cb467ffff,소매,1
8930e1cb467ffff,음식,2
8930e1cb473ffff,과학·기술,3
8930e1cb473ffff,교육,3
8930e1cb473ffff,부동산,1
8930e1cb473ffff,소매,3
8930e1cb473ffff,수리·개인,2
8930e1cb473ffff,시설관리·임대,2
8930e1cb473ffff,예술·스포츠,1
8930e1cb477ffff,소매,11
8930e1cb477ffff,수리·개인,1
8930e1cb477ffff,음식,2
8930e1cb47bffff,교육,2
8930e1cb483ffff,과학·기술,29
8930e1cb483ffff,교육,17
8930e1cb483ffff,보건의료,4
8930e1cb483ffff,부동산,10
8930e1cb483ffff,소매,13
8930e1cb483ffff,수리·개인,11
8930e1cb483ffff,숙박,1
8930e1cb483ffff,시설관리·임대,2
8930e1cb483ffff,예술·스포츠,4
8930e1cb483ffff,음식,16
8930e1cb487ffff,과학·기술,8
8930e1cb487ffff,교육,11
8930e1cb487ffff,보건의료,1
8930e1cb487ffff,부동산,2
8930e1cb487ffff,소매,5
8930e1cb487ffff,수리·개인,3
8930e1cb487ffff,시설관리·임대,1
8930e1cb487ffff,음식,2
8930e1cb48bffff,과학·기술,30
8930e1cb48bffff,교육,20
8930e1cb48bffff,부동산,14
8930e1cb48bffff,소매,30
8930e1cb48bffff,수리·개인,20
8930e1cb48bffff,숙박,1
8930e1cb48bffff,시설관리·임대,7
8930e1cb48bffff,예술·스포츠,1
8930e1cb48bffff,음식,33
8930e1cb48fffff,과학·기술,3
8930e1cb48fffff,부동산,3
8930e1cb48fffff,소매,5
8930e1cb48fffff,수리·개인,1
8930e1cb48fffff,시설관리·임대,1
8930e1cb493ffff,과학·기술,14
8930e1cb493ffff,교육,18
8930e1cb493ffff,보건의료,61
8930e1cb493ffff,부동산,9
8930e1cb493ffff,소매,49
8930e1cb493ffff,수리·개인,31
8930e1cb493ffff,시설관리·임대,5
8930e1cb493ffff,예술·스포츠,8
8930e1cb493ffff,음식,72
8930e1cb497ffff,과학·기술,29
8930e1cb497ffff,교육,40
8930e1cb497ffff,보건의료,3
8930e1cb497ffff,부동산,11
8930e1cb497ffff,소매,28
8930e1cb497ffff,수리·개인,20
8930e1cb497ffff,숙박,1
8930e1cb497ffff,시설관리·임대,10
8930e1cb497ffff,예술·스포츠,4
8930e1cb497ffff,음식,36
8930e1cb49bffff,과학·기술,43
8930e1cb49bffff,교육,27
8930e1cb49bffff,보건의료,15
8930e1cb49bffff,부동산,22
8930e1cb49bffff,소매,21
8930e1cb49bffff,수리·개인,14
8930e1cb49bffff,숙박,1
8930e1cb49bffff,시설관리·임대,12
8930e1cb49bffff,예술·스포츠,14
8930e1cb49bffff,음식,42
8930e1cb4a3ffff,과학·기술,46
8930e1cb4a3ffff,교육,15
8930e1cb4a3ffff,보건의료,1
8930e1cb4a3ffff,부동산,9
8930e1cb4a3ffff,소매,21
8930e1cb4a3ffff,수리·개인,19
8930e1cb4a3ffff,숙박,1
8930e1cb4a3ffff,시설관리·임대,6
8930e1cb4a3ffff,예술·스포츠,3
8930e1cb4a3ffff,음식,30
8930e1cb4a7ffff,과학·기술,46
8930e1cb4a7ffff,교육,24
8930e1cb4a7ffff,보건의료,9
8930e1cb4a7ffff,부동산,12
8930e1cb4a7ffff,소매,18
8930e1cb4a7ffff,수리·개인,15
8930e1cb4a7ffff,숙박,3
8930e1cb4a7ffff,시설관리·임대,8
8930e1cb4a7ffff,예술·스포츠,7
8930e1cb4a7ffff,음식,21
8930e1cb4abffff,과학·기술,42
8930e1cb4abffff,교육,14
8930e1cb4abffff,보건의료,1
8930e1cb4abffff,부동산,6
8930e1cb4abffff,소매,14
8930e1cb4abffff,수리·개인,5
8930e1cb4abffff,숙박,1
8930e1cb4abffff,시설관리·임대,2
8930e1cb4abffff,음식,15
8930e1cb4afffff,과학·기술,69
8930e1cb4afffff,교육,48
8930e1cb4afffff,보건의료,37
8930e1cb4afffff,부동산,16
8930e1cb4afffff,소매,58
8930e1cb4afffff,수리·개인,57
8930e1cb4afffff,숙박,8
8930e1cb4afffff,시설관리·임대,19
8930e1cb4afffff,예술·스포츠,28
8930e1cb4afffff,음식,148
8930e1cb4b3ffff,과학·기술,20
8930e1cb4b3ffff,교육,6
8930e1cb4b3ffff,부동산,4
8930e1cb4b3ffff,소매,11
8930e1cb4b3ffff,수리·개인,15
8930e1cb4b3ffff,시설관리·임대,4
8930e1cb4b3ffff,음식,11
8930e1cb4b7ffff,과학·기술,93
8930e1cb4b7ffff,교육,23
8930e1cb4b7ffff,보건의료,17
8930e1cb4b7ffff,부동산,15
8930e1cb4b7ffff,소매,48
8930e1cb4b7ffff,수리·개인,20
8930e1cb4b7ffff,시설관리·임대,8
8930e1cb4b7ffff,예술·스포츠,14
8930e1cb4b7ffff,음식,69
8930e1cb4bbffff,과학·기술,7
8930e1cb4bbffff,교육,2
8930e1cb4bbffff,부동산,3
8930e1cb4bbffff,소매,5
8930e1cb4bbffff,수리·개인,3
8930e1cb4bbffff,숙박,2
8930e1cb4bbffff,음식,3
8930e1cb4c3ffff,과학·기술,87
8930e1cb4c3ffff,교육,14
8930e1cb4c3ffff,보건의료,26
8930e1cb4c3ffff,부동산,11
8930e1cb4c3ffff,소매,60
8930e1cb4c3ffff,수리·개인,20
8930e1cb4c3ffff,시설관리·임대,15
8930e1cb4c3ffff,예술·스포츠,24
8930e1cb4c3ffff,음식,150
8930e1cb4c7ffff,과학·기술,27
8930e1cb4c7ffff,교육,31
8930e1cb4c7ffff,보건의료,1
8930e1cb4c7ffff,부동산,17
8930e1cb4c7ffff,소매,22
8930e1cb4c7ffff,수리·개인,14
8930e1cb4c7ffff,숙박,1
8930e1cb4c7ffff,시설관리·임대,5
8930e1cb4c7ffff,예술·스포츠,2
8930e1cb4c7ffff,음식,70
8930e1cb4cbffff,과학·기술,27
8930e1cb4cbffff,교육,16
8930e1cb4cbffff,보건의료,9
8930e1cb4cbffff,부동산,10
8930e1cb4cbffff,소매,34
8930e1cb4cbffff,수리·개인,31
8930e1cb4cbffff,숙박,12
8930e1cb4cbffff,시설관리·임대,11
8930e1cb4cbffff,예술·스포츠,18
8930e1cb4cbffff,음식,106
8930e1cb4cfffff,과학·기술,23
8930e1cb4cfffff,교육,4
8930e1cb4cfffff,보건의료,1
8930e1cb4cfffff,부동산,4
8930e1cb4cfffff,소매,7
8930e1cb4cfffff,수리·개인,3
8930e1cb4cfffff,숙박,2
8930e1cb4cfffff,시설관리·임대,9
8930e1cb4cfffff,예술·스포츠,6
8930e1cb4cfffff,음식,35
8930e1cb4d3ffff,과학·기술,23
8930e1cb4d3ffff,교육,20
8930e1cb4d3ffff,보건의료,4
8930e1cb4d3ffff,부동산,15
8930e1cb4d3ffff,소매,41
8930e1cb4d3ffff,수리·개인,32
8930e1cb4d3ffff,숙박,7
8930e1cb4d3ffff,시설관리·임대,10
8930e1cb4d3ffff,예술·스포츠,17
8930e1cb4d3ffff,음식,139
8930e1cb4d7ffff,과학·기술,41
8930e1cb4d7ffff,교육,29
8930e1cb4d7ffff,보건의료,10
8930e1cb4d7ffff,부동산,9
8930e1cb4d7ffff,소매,33
8930e1cb4d7ffff,수리·개인,24
8930e1cb4d7ffff,숙박,1
8930e1cb4d7ffff,시설관리·임대,14
8930e1cb4d7ffff,예술·스포츠,13
8930e1cb4d7ffff,음식,91
8930e1cb4dbffff,과학·기술,46
8930e1cb4dbffff,교육,28
8930e1cb4dbffff,보건의료,15
8930e1cb4dbffff,부동산,13
8930e1cb4dbffff,소매,25
8930e1cb4dbffff,수리·개인,16
8930e1cb4dbffff,숙박,6
8930e1cb4dbffff,시설관리·임대,14
8930e1cb4dbffff,예술·스포츠,19
8930e1cb4dbffff,음식,113
8930e1cb503ffff,과학·기술,33
8930e1cb503ffff,교육,4
8930e1cb503ffff,보건의료,1
8930e1cb503ffff,부동산,7
8930e1cb503ffff,소매,15
8930e1cb503ffff,수리·개인,10
8930e1cb503ffff,숙박,8
8930e1cb503ffff,시설관리·임대,3
8930e1cb503ffff,예술·스포츠,4
8930e1cb503ffff,음식,24
8930e1cb507ffff,과학·기술,61
8930e1cb507ffff,교육,8
8930e1cb507ffff,보건의료,4
8930e1cb507ffff,부동산,14
8930e1cb507ffff,소매,16
8930e1cb507ffff,수리·개인,6
8930e1cb507ffff,숙박,15
8930e1cb507ffff,시설관리·임대,12
8930e1cb507ffff,예술·스포츠,4
8930e1cb507ffff,음식,38
8930e1cb50bffff,과학·기술,26
8930e1cb50bffff,교육,38
8930e1cb50bffff,보건의료,8
8930e1cb50bffff,부동산,6
8930e1cb50bffff,소매,38
8930e1cb50bffff,수리·개인,22
8930e1cb50bffff,시설관리·임대,2
8930e1cb50bffff,예술·스포츠,1
8930e1cb50bffff,음식,26
8930e1cb50fffff,과학·기술,57
8930e1cb50fffff,교육,7
8930e1cb50fffff,보건의료,4
8930e1cb50fffff,부동산,4
8930e1cb50fffff,소매,45
8930e1cb50fffff,수리·개인,7
8930e1cb50fffff,숙박,2
8930e1cb50fffff,시설관리·임대,8
8930e1cb50fffff,예술·스포츠,8
8930e1cb50fffff,음식,42
8930e1cb513ffff,과학·기술,20
8930e1cb513ffff,교육,10
8930e1cb513ffff,보건의료,1
8930e1cb513ffff,소매,5
8930e1cb513ffff,수리·개인,2
8930e1cb513ffff,숙박,1
8930e1cb513ffff,음식,4
8930e1cb517ffff,과학·기술,164
8930e1cb517ffff,교육,20
8930e1cb517ffff,보건의료,14
8930e1cb517ffff,부동산,17
8930e1cb517ffff,소매,33
8930e1cb517ffff,수리·개인,25
8930e1cb517ffff,숙박,1
8930e1cb517ffff,시설관리·임대,10
8930e1cb517ffff,예술·스포츠,7
8930e1cb517ffff,음식,57
8930e1cb51bffff,소매,2
8930e1cb51bffff,음식,1
8930e1cb523ffff,과학·기술,85
8930e1cb523ffff,교육,16
8930e1cb523ffff,보건의료,20
8930e1cb523ffff,부동산,15
8930e1cb523ffff,소매,38
8930e1cb523ffff,수리·개인,15
8930e1cb523ffff,숙박,1
8930e1cb523ffff,시설관리·임대,9
8930e1cb523ffff,예술·스포츠,6
8930e1cb523ffff,음식,54
8930e1cb527ffff,과학·기술,38
8930e1cb527ffff,교육,9
8930e1cb527ffff,보건의료,1
8930e1cb527ffff,부동산,2
8930e1cb527ffff,소매,34
8930e1cb527ffff,수리·개인,8
8930e1cb527ffff,시설관리·임대,10
8930e1cb527ffff,예술·스포츠,2
8930e1cb527ffff,음식,13
8930e1cb52bffff,과학·기술,8
8930e1cb52bffff,교육,3
8930e1cb52bffff,보건의료,3
8930e1cb52bffff,부동산,4
8930e1cb52bffff,소매,17
8930e1cb52bffff,수리·개인,4
8930e1cb52bffff,시설관리·임대,7
8930e1cb52bffff,예술·스포츠,1
8930e1cb52bffff,음식,21
8930e1cb52fffff,과학·기술,95
8930e1cb52fffff,교육,18
8930e1cb52fffff,보건의료,4
8930e1cb52fffff,부동산,18
8930e1cb52fffff,소매,241
8930e1cb52fffff,수리·개인,29
8930e1cb52fffff,숙박,2
8930e1cb52fffff,시설관리·임대,36
8930e1cb52fffff,예술·스포츠,5
8930e1cb52fffff,음식,66
8930e1cb533ffff,과학·기술,623
8930e1cb533ffff,교육,95
8930e1cb533ffff,보건의료,15
8930e1cb533ffff,부동산,66
8930e1cb533ffff,소매,74
8930e1cb533ffff,수리·개인,40
8930e1cb533ffff,숙박,68
8930e1cb533ffff,시설관리·임대,101
8930e1cb533ffff,예술·스포츠,23
8930e1cb533ffff,음식,80
8930e1cb537ffff,과학·기술,45
8930e1cb537ffff,교육,25
8930e1cb537ffff,보건의료,1
8930e1cb537ffff,부동산,5
8930e1cb537ffff,소매,12
8930e1cb537ffff,수리·개인,6
8930e1cb537ffff,숙박,4
8930e1cb537ffff,시설관리·임대,10
8930e1cb537ffff,예술·스포츠,5
8930e1cb537ffff,음식,15
8930e1cb53bffff,과학·기술,198
8930e1cb53bffff,교육,30
8930e1cb53bffff,보건의료,15
8930e1cb53bffff,부동산,37
8930e1cb53bffff,소매,46
8930e1cb53bffff,수리·개인,23
8930e1cb53bffff,숙박,4
8930e1cb53bffff,시설관리·임대,36
8930e1cb53bffff,예술·스포츠,17
8930e1cb53bffff,음식,105
8930e1cb543ffff,과학·기술,12
8930e1cb543ffff,교육,10
8930e1cb543ffff,부동산,3
8930e1cb543ffff,소매,7
8930e1cb543ffff,수리·개인,5
8930e1cb543ffff,예술·스포츠,2
8930e1cb543ffff,음식,8
8930e1cb547ffff,과학·기술,6
8930e1cb547ffff,교육,1
8930e1cb547ffff,보건의료,1
8930e1cb547ffff,부동산,1
8930e1cb547ffff,소매,5
8930e1cb547ffff,수리·개인,3
8930e1cb547ffff,숙박,1
8930e1cb547ffff,시설관리·임대,2
8930e1cb547ffff,예술·스포츠,1
8930e1cb547ffff,음식,2
8930e1cb54bffff,교육,1
8930e1cb54bffff,부동산,1
8930e1cb54bffff,소매,1
8930e1cb54bffff,수리·개인,2
8930e1cb54bffff,시설관리·임대,1
8930e1cb54bffff,음식,1
8930e1cb553ffff,과학·기술,1
8930e1cb553ffff,교육,1
8930e1cb553ffff,부동산,1
8930e1cb553ffff,소매,3
8930e1cb553ffff,시설관리·임대,1
8930e1cb553ffff,음식,3
8930e1cb557ffff,과학·기술,16
8930e1cb557ffff,교육,28
8930e1cb557ffff,보건의료,5
8930e1cb557ffff,부동산,3
8930e1cb557ffff,소매,14
8930e1cb557ffff,수리·개인,10
8930e1cb557ffff,시설관리·임대,4
8930e1cb557ffff,예술·스포츠,4
8930e1cb557ffff,음식,24
8930e1cb55bffff,과학·기술,1
8930e1cb55bffff,교육,1
8930e1cb55bffff,소매,3
8930e1cb55bffff,수리·개인,2
8930e1cb55bffff,음식,1
8930e1cb563ffff,과학·기술,1
8930e1cb563ffff,소매,8
8930e1cb563ffff,시설관리·임대,1
8930e1cb563ffff,음식,9
8930e1cb567ffff,과학·기술,3
8930e1cb567ffff,교육,1
8930e1cb567ffff,예술·스포츠,1
8930e1cb567ffff,음식,2
8930e1cb573ffff,과학·기술,19
8930e1cb573ffff,교육,6
8930e1cb573ffff,부동산,3
8930e1cb573ffff,소매,39
8930e1cb573ffff,수리·개인,8
8930e1cb573ffff,숙박,1
8930e1cb573ffff,시설관리·임대,9
8930e1cb573ffff,예술·스포츠,5
8930e1cb573ffff,음식,24
8930e1cb577ffff,과학·기술,36
8930e1cb577ffff,교육,21
8930e1cb577ffff,보건의료,2
8930e1cb577ffff,부동산,2
8930e1cb577ffff,소매,23
8930e1cb577ffff,수리·개인,10
8930e1cb577ffff,숙박,1
8930e1cb577ffff,시설관리·임대,4
8930e1cb577ffff,예술·스포츠,3
8930e1cb577ffff,음식,30
8930e1cb57bffff,소매,2
8930e1cb57bffff,수리·개인,1
8930e1cb57bffff,음식,3
8930e1cb583ffff,음식,5
8930e1cb587ffff,과학·기술,194
8930e1cb587ffff,교육,18
8930e1cb587ffff,보건의료,2
8930e1cb587ffff,부동산,14
8930e1cb587ffff,소매,14
8930e1cb587ffff,수리·개인,4
8930e1cb587ffff,시설관리·임대,14
8930e1cb587ffff,예술·스포츠,3
8930e1cb587ffff,음식,17
8930e1cb58bffff,과학·기술,12
8930e1cb58bffff,교육,2
8930e1cb58bffff,보건의료,2
8930e1cb58bffff,소매,2
8930e1cb58bffff,수리·개인,3
8930e1cb58bffff,시설관리·임대,1
8930e1cb58bffff,음식,18
8930e1cb58fffff,과학·기술,11
8930e1cb58fffff,교육,2
8930e1cb58fffff,보건의료,2
8930e1cb58fffff,부동산,2
8930e1cb58fffff,소매,12
8930e1cb58fffff,수리·개인,4
8930e1cb58fffff,시설관리·임대,2
8930e1cb58fffff,예술·스포츠,2
8930e1cb58fffff,음식,39
8930e1cb593ffff,과학·기술,7
8930e1cb593ffff,교육,2
8930e1cb593ffff,부동산,1
8930e1cb593ffff,소매,3
8930e1cb593ffff,수리·개인,2
8930e1cb593ffff,시설관리·임대,1
8930e1cb593ffff,예술·스포츠,3
8930e1cb593ffff,음식,1
8930e1cb597ffff,시설관리·임대,1
8930e1cb597ffff,음식,1
8930e1cb5a3ffff,과학·기술,760
8930e1cb5a3ffff,교육,30
8930e1cb5a3ffff,보건의료,14
8930e1cb5a3ffff,부동산,45
8930e1cb5a3ffff,소매,43
8930e1cb5a3ffff,수리·개인,21
8930e1cb5a3ffff,숙박,3
8930e1cb5a3ffff,시설관리·임대,28
8930e1cb5a3ffff,예술·스포츠,22
8930e1cb5a3ffff,음식,173
8930e1cb5a7ffff,과학·기술,304
8930e1cb5a7ffff,교육,30
8930e1cb5a7ffff,보건의료,66
8930e1cb5a7ffff,부동산,21
8930e1cb5a7ffff,소매,41
8930e1cb5a7ffff,수리·개인,23
8930e1cb5a7ffff,숙박,7
8930e1cb5a7ffff,시설관리·임대,12
8930e1cb5a7ffff,예술·스포츠,20
8930e1cb5a7ffff,음식,131
8930e1cb5abffff,과학·기술,110
8930e1cb5abffff,교육,21
8930e1cb5abffff,보건의료,3
8930e1cb5abffff,부동산,7
8930e1cb5abffff,소매,25
8930e1cb5abffff,수리·개인,12
8930e1cb5abffff,숙박,7
8930e1cb5abffff,시설관리·임대,17
8930e1cb5abffff,예술·스포츠,7
8930e1cb5abffff,음식,43
8930e1cb5afffff,과학·기술,187
8930e1cb5afffff,교육,11
8930e1cb5afffff,보건의료,12
8930e1cb5afffff,부동산,14
8930e1cb5afffff,소매,24
8930e1cb5afffff,수리·개인,13
8930e1cb5afffff,숙박,4
8930e1cb5afffff,시설관리·임대,19
8930e1cb5afffff,예술·스포츠,8
8930e1cb5afffff,음식,57
8930e1cb5b3ffff,과학·기술,403
8930e1cb5b3ffff,교육,3
8930e1cb5b3ffff,부동산,11
8930e1cb5b3ffff,소매,11
8930e1cb5b3ffff,수리·개인,1
8930e1cb5b3ffff,시설관리·임대,8
8930e1cb5b3ffff,예술·스포츠,2
8930e1cb5b3ffff,음식,37
8930e1cb5b7ffff,과학·기술,723
8930e1cb5b7ffff,교육,10
8930e1cb5b7ffff,보건의료,14
8930e1cb5b7ffff,부동산,33
8930e1cb5b7ffff,소매,16
8930e1cb5b7ffff,수리·개인,7
8930e1cb5b7ffff,시설관리·임대,9
8930e1cb5b7ffff,예술·스포츠,7
8930e1cb5b7ffff,음식,67
8930e1cb5bbffff,과학·기술,462
8930e1cb5bbffff,교육,22
8930e1cb5bbffff,보건의료,5
8930e1cb5bbffff,부동산,26
8930e1cb5bbffff,소매,39
8930e1cb5bbffff,수리·개인,14
8930e1cb5bbffff,숙박,1
8930e1cb5bbffff,시설관리·임대,13
8930e1cb5bbffff,예술·스포츠,12
8930e1cb5bbffff,음식,95
8930e1cb5c3ffff,과학·기술,2
8930e1cb5c7ffff,과학·기술,20
8930e1cb5c7ffff,교육,4
8930e1cb5c7ffff,보건의료,1
8930e1cb5c7ffff,부동산,5
8930e1cb5c7ffff,소매,7
8930e1cb5c7ffff,수리·개인,5
8930e1cb5c7ffff,시설관리·임대,5
8930e1cb5c7ffff,예술·스포츠,8
8930e1cb5c7ffff,음식,11
8930e1cb5cbffff,과학·기술,5
8930e1cb5cbffff,부동산,1
8930e1cb5cbffff,소매,2
8930e1cb5cbffff,수리·개인,2
8930e1cb5cbffff,예술·스포츠,1
8930e1cb5cbffff,음식,2
8930e1cb5cfffff,과학·기술,14
8930e1cb5cfffff,교육,24
8930e1cb5cfffff,보건의료,2
8930e1cb5cfffff,부동산,1
8930e1cb5cfffff,소매,15
8930e1cb5cfffff,수리·개인,5
8930e1cb5cfffff,시설관리·임대,2
8930e1cb5cfffff,예술·스포츠,4
8930e1cb5cfffff,음식,9
8930e1cb5d3ffff,과학·기술,10
8930e1cb5d3ffff,교육,3
8930e1cb5d3ffff,부동산,2
8930e1cb5d3ffff,소매,3
8930e1cb5d3ffff,수리·개인,1
8930e1cb5d3ffff,시설관리·임대,1
8930e1cb5d3ffff,예술·스포츠,1
8930e1cb5d3ffff,음식,2
8930e1cb5dbffff,과학·기술,2
8930e1cb5dbffff,음식,1
8930e1cb687ffff,과학·기술,1
8930e1cb687ffff,수리·개인,3
8930e1cb687ffff,음식,1
8930e1cb6a3ffff,과학·기술,2
8930e1cb6a3ffff,시설관리·임대,1
8930e1cb6b3ffff,과학·기술,7
8930e1cb6b3ffff,부동산,1
8930e1cb6b3ffff,소매,7
8930e1cb6b3ffff,수리·개인,4
8930e1cb6b3ffff,시설관리·임대,4
8930e1cb6b3ffff,음식,7
8930e1cb6b7ffff,과학·기술,2
8930e1cb6b7ffff,소매,1
8930e1cb6b7ffff,시설관리·임대,1
8930e1cb6bbffff,부동산,1
8930e1cb6bbffff,소매,2
8930e1cb6bbffff,수리·개인,1
8930e1cb6bbffff,예술·스포츠,1
8930e1cb6bbffff,음식,1
8930e1cd413ffff,음식,1
8930e1cd417ffff,과학·기술,2
8930e1cd417ffff,교육,1
8930e1cd417ffff,소매,3
8930e1cd417ffff,시설관리·임대,1
8930e1cd417ffff,예술·스포츠,2
8930e1cd417ffff,음식,3
8930e1cd483ffff,과학·기술,3
8930e1cd483ffff,교육,7
8930e1cd483ffff,보건의료,4
8930e1cd483ffff,부동산,16
8930e1cd483ffff,소매,18
8930e1cd483ffff,수리·개인,5
8930e1cd483ffff,숙박,1
8930e1cd483ffff,시설관리·임대,9
8930e1cd483ffff,예술·스포츠,4
8930e1cd483ffff,음식,19
8930e1cd487ffff,과학·기술,9
8930e1cd487ffff,교육,9
8930e1cd487ffff,보건의료,2
8930e1cd487ffff,부동산,17
8930e1cd487ffff,소매,25
8930e1cd487ffff,수리·개인,17
8930e1cd487ffff,숙박,3
8930e1cd487ffff,시설관리·임대,3
8930e1cd487ffff,음식,13
8930e1cd48bffff,과학·기술,3
8930e1cd48bffff,소매,6
8930e1cd48bffff,수리·개인,2
8930e1cd48bffff,음식,2
8930e1cd48fffff,과학·기술,3
8930e1cd48fffff,교육,1
8930e1cd48fffff,부동산,1
8930e1cd48fffff,소매,7
8930e1cd48fffff,수리·개인,3
8930e1cd48fffff,시설관리·임대,1
8930e1cd48fffff,음식,8
8930e1cd493ffff,과학·기술,1
8930e1cd493ffff,교육,1
8930e1cd493ffff,보건의료,2
8930e1cd493ffff,부동산,5
8930e1cd493ffff,소매,7
8930e1cd493ffff,수리·개인,3
8930e1cd493ffff,예술·스포츠,1
8930e1cd493ffff,음식,4
8930e1cd497ffff,과학·기술,3
8930e1cd497ffff,교육,8
8930e1cd497ffff,보건의료,8
8930e1cd497ffff,부동산,8
8930e1cd497ffff,소매,54
8930e1cd497ffff,수리·개인,20
8930e1cd497ffff,숙박,2
8930e1cd497ffff,시설관리·임대,7
8930e1cd497ffff,예술·스포츠,11
8930e1cd497ffff,음식,58
8930e1cd49bffff,과학·기술,11
8930e1cd49bffff,교육,10
8930e1cd49bffff,보건의료,4
8930e1cd49bffff,부동산,6
8930e1cd49bffff,소매,18
8930e1cd49bffff,수리·개인,14
8930e1cd49bffff,숙박,1
8930e1cd49bffff,시설관리·임대,2
8930e1cd49bffff,예술·스포츠,5
8930e1cd49bffff,음식,37
8930e1cd4abffff,과학·기술,4
8930e1cd4abffff,소매,1
8930e1cd4abffff,시설관리·임대,1
8930e1cd4abffff,음식,1
8930e1cd4b3ffff,과학·기술,8
8930e1cd4b3ffff,교육,5
8930e1cd4b3ffff,보건의료,1
8930e1cd4b3ffff,부동산,2
8930e1cd4b3ffff,소매,15
8930e1cd4b3ffff,수리·개인,3
8930e1cd4b3ffff,예술·스포츠,1
8930e1cd4b3ffff,음식,11
8930e1cd4b7ffff,교육,1
8930e1cd4b7ffff,부동산,1
8930e1cd4b7ffff,수리·개인,1
8930e1cd4bbffff,과학·기술,7
8930e1cd4bbffff,교육,1
8930e1cd4bbffff,부동산,5
8930e1cd4bbffff,소매,12
8930e1cd4bbffff,수리·개인,9
8930e1cd4bbffff,시설관리·임대,1
8930e1cd4bbffff,예술·스포츠,2
8930e1cd4bbffff,음식,2
8930e1cd4c7ffff,과학·기술,1
8930e1cd4c7ffff,보건의료,1
8930e1cd4c7ffff,부동산,1
8930e1cd4c7ffff,소매,1
8930e1cd4c7ffff,시설관리·임대,1
8930e1cd4c7ffff,음식,1
8930e1cd4cbffff,과학·기술,1
8930e1cd4cbffff,교육,4
8930e1cd4cbffff,부동산,2
8930e1cd4cbffff,소매,6
8930e1cd4cbffff,수리·개인,3
8930e1cd4cbffff,예술·스포츠,2
8930e1cd4cbffff,음식,4
8930e1cd4d3ffff,교육,6
8930e1cd4d3ffff,부동산,1
8930e1cd4d3ffff,소매,1
8930e1cd4d3ffff,수리·개인,5
8930e1cd4d3ffff,음식,1
8930e1cd4d7ffff,부동산,1
8930e1cd4d7ffff,소매,1
8930e1cd4d7ffff,수리·개인,1
8930e1cd4d7ffff,시설관리·임대,1
8930e1cd4dbffff,수리·개인,1
8930e1cd4dbffff,음식,1
8930e1ce003ffff,과학·기술,1
8930e1ce003ffff,소매,5
8930e1ce003ffff,시설관리·임대,3
8930e1ce003ffff,음식,2
8930e1ce00bffff,과학·기술,1
8930e1ce00bffff,소매,3
8930e1ce00bffff,수리·개인,1
8930e1ce00bffff,시설관리·임대,2
8930e1ce00bffff,음식,1
8930e1ce00fffff,소매,3
8930e1ce013ffff,과학·기술,1
8930e1ce013ffff,보건의료,1
8930e1ce013ffff,소매,3
8930e1ce013ffff,수리·개인,1
8930e1ce013ffff,예술·스포츠,4
8930e1ce013ffff,음식,8
8930e1ce01bffff,과학·기술,75
8930e1ce01bffff,교육,1
8930e1ce01bffff,보건의료,6
8930e1ce01bffff,부동산,3
8930e1ce01bffff,소매,14
8930e1ce01bffff,수리·개인,4
8930e1ce01bffff,시설관리·임대,3
8930e1ce01bffff,예술·스포츠,1
8930e1ce01bffff,음식,40
8930e1ce023ffff,교육,2
8930e1ce023ffff,부동산,1
8930e1ce023ffff,소매,2
8930e1ce023ffff,수리·개인,2
8930e1ce023ffff,음식,1
8930e1ce027ffff,교육,1
8930e1ce027ffff,음식,2
8930e1ce02fffff,과학·기술,10
8930e1ce02fffff,교육,37
8930e1ce02fffff,보건의료,14
8930e1ce02fffff,부동산,7
8930e1ce02fffff,소매,30
8930e1ce02fffff,수리·개인,15
8930e1ce02fffff,시설관리·임대,1
8930e1ce02fffff,예술·스포츠,14
8930e1ce02fffff,음식,43
8930e1ce037ffff,수리·개인,1
8930e1ce037ffff,예술·스포츠,1
8930e1ce037ffff,음식,1
8930e1ce03bffff,음식,1
8930e1ce043ffff,보건의료,1
8930e1ce043ffff,음식,1
8930e1ce047ffff,과학·기술,5
8930e1ce047ffff,교육,21
8930e1ce047ffff,부동산,10
8930e1ce047ffff,소매,8
8930e1ce047ffff,수리·개인,11
8930e1ce047ffff,숙박,1
8930e1ce047ffff,시설관리·임대,1
8930e1ce047ffff,예술·스포츠,2
8930e1ce047ffff,음식,24
8930e1ce04bffff,교육,7
8930e1ce04bffff,보건의료,3
8930e1ce04bffff,부동산,10
8930e1ce04bffff,소매,6
8930e1ce04bffff,수리·개인,6
8930e1ce04bffff,음식,4
8930e1ce04fffff,과학·기술,2
8930e1ce04fffff,보건의료,1
8930e1ce04fffff,부동산,4
8930e1ce04fffff,수리·개인,3
8930e1ce04fffff,음식,1
8930e1ce053ffff,과학·기술,4
8930e1ce053ffff,교육,3
8930e1ce053ffff,부동산,1
8930e1ce053ffff,소매,4
8930e1ce053ffff,수리·개인,4
8930e1ce053ffff,시설관리·임대,2
8930e1ce053ffff,예술·스포츠,4
8930e1ce053ffff,음식,9
8930e1ce057ffff,과학·기술,1
8930e1ce057ffff,부동산,1
8930e1ce057ffff,소매,1
8930e1ce057ffff,수리·개인,1
8930e1ce057ffff,시설관리·임대,3
8930e1ce057ffff,음식,3
8930e1ce05bffff,음식,1
8930e1ce063ffff,교육,1
8930e1ce063ffff,부동산,1
8930e1ce063ffff,수리·개인,1
8930e1ce063ffff,시설관리·임대,1
8930e1ce063ffff,음식,1
8930e1ce067ffff,과학·기술,5
8930e1ce067ffff,교육,8
8930e1ce067ffff,부동산,4
8930e1ce067ffff,소매,9
8930e1ce067ffff,수리·개인,9
8930e1ce067ffff,시설관리·임대,4
8930e1ce067ffff,예술·스포츠,2
8930e1ce067ffff,음식,14
8930e1ce06bffff,과학·기술,3
8930e1ce06bffff,교육,2
8930e1ce06bffff,보건의료,8
8930e1ce06bffff,부동산,7
8930e1ce06bffff,소매,19
8930e1ce06bffff,수리·개인,7
8930e1ce06bffff,시설관리·임대,1
8930e1ce06bffff,예술·스포츠,5
8930e1ce06bffff,음식,8
8930e1ce06fffff,과학·기술,7
8930e1ce06fffff,교육,29
8930e1ce06fffff,보건의료,16
8930e1ce06fffff,부동산,9
8930e1ce06fffff,소매,55
8930e1ce06fffff,수리·개인,34
8930e1ce06fffff,시설관리·임대,5
8930e1ce06fffff,예술·스포츠,13
8930e1ce06fffff,음식,82
8930e1ce073ffff,교육,5
8930e1ce073ffff,부동산,1
8930e1ce073ffff,소매,3
8930e1ce073ffff,수리·개인,4
8930e1ce073ffff,시설관리·임대,5
8930e1ce073ffff,예술·스포츠,1
8930e1ce073ffff,음식,5
8930e1ce077ffff,과학·기술,5
8930e1ce077ffff,교육,5
8930e1ce077ffff,부동산,1
8930e1ce077ffff,수리·개인,7
8930e1ce077ffff,시설관리·임대,2
8930e1ce077ffff,음식,1
8930e1ce07bffff,과학·기술,1
8930e1ce07bffff,교육,9
8930e1ce07bffff,부동산,2
8930e1ce07bffff,소매,5
8930e1ce07bffff,수리·개인,4
8930e1ce07bffff,음식,4
8930e1ce0b7ffff,교육,1
8930e1ce0b7ffff,소매,1
8930e1ce0c7ffff,과학·기술,8
8930e1ce0c7ffff,교육,1
8930e1ce0c7ffff,부동산,1
8930e1ce0c7ffff,소매,32
8930e1ce0c7ffff,수리·개인,2
8930e1ce0c7ffff,예술·스포츠,1
8930e1ce0c7ffff,음식,34
8930e1ce0cbffff,과학·기술,4
8930e1ce0cbffff,소매,2
8930e1ce0cbffff,수리·개인,3
8930e1ce0cbffff,예술·스포츠,1
8930e1ce0cbffff,음식,2
8930e1ce143ffff,교육,3
8930e1ce143ffff,부동산,2
8930e1ce143ffff,소매,1
8930e1ce143ffff,수리·개인,2
8930e1ce14bffff,과학·기술,1
8930e1ce14bffff,교육,5
8930e1ce14bffff,소매,1
8930e1ce14bffff,수리·개인,1
8930e1ce153ffff,교육,5
8930e1ce153ffff,소매,2
8930e1ce153ffff,수리·개인,1
8930e1ce153ffff,음식,1
8930e1ce15bffff,교육,3
8930e1ce15bffff,보건의료,1
8930e1ce15bffff,부동산,3
8930e1ce15bffff,소매,5
8930e1ce15bffff,수리·개인,4
8930e1ce15bffff,음식,1
8930e1ce1c3ffff,교육,12
8930e1ce1c3ffff,보건의료,3
8930e1ce1c3ffff,소매,12
8930e1ce1c3ffff,수리·개인,5
8930e1ce1c3ffff,시설관리·임대,1
8930e1ce1c3ffff,예술·스포츠,1
8930e1ce1c3ffff,음식,6
8930e1ce1cbffff,교육,17
8930e1ce1cbffff,보건의료,8
8930e1ce1cbffff,소매,9
8930e1ce1cbffff,수리·개인,3
8930e1ce1cbffff,예술·스포츠,2
8930e1ce1cbffff,음식,14
8930e1ce1cfffff,과학·기술,2
8930e1ce1cfffff,교육,27
8930e1ce1cfffff,보건의료,6
8930e1ce1cfffff,부동산,1
8930e1ce1cfffff,소매,17
8930e1ce1cfffff,수리·개인,3
8930e1ce1cfffff,예술·스포츠,5
8930e1ce1cfffff,음식,11
8930e1ce1dbffff,과학·기술,1
8930e1ce1dbffff,소매,2
8930e1ce1dbffff,수리·개인,2
8930e1ce1dbffff,음식,1
8930e1ce203ffff,부동산,1
8930e1ce203ffff,소매,2
8930e1ce203ffff,예술·스포츠,2
8930e1ce207ffff,보건의료,1
8930e1ce213ffff,과학·기술,1
8930e1ce213ffff,교육,1
8930e1ce213ffff,부동산,1
8930e1ce213ffff,소매,2
8930e1ce217ffff,교육,1
8930e1ce217ffff,부동산,1
8930e1ce217ffff,소매,2
8930e1ce217ffff,시설관리·임대,1
8930e1ce217ffff,음식,2
8930e1ce21bffff,보건의료,2
8930e1ce21bffff,소매,2
8930e1ce223ffff,과학·기술,3
8930e1ce223ffff,교육,3
8930e1ce223ffff,부동산,1
8930e1ce223ffff,소매,6
8930e1ce223ffff,수리·개인,6
8930e1ce223ffff,예술·스포츠,1
8930e1ce223ffff,음식,6
8930e1ce227ffff,과학·기술,12
8930e1ce227ffff,교육,6
8930e1ce227ffff,부동산,3
8930e1ce227ffff,소매,16
8930e1ce227ffff,수리·개인,16
8930e1ce227ffff,시설관리·임대,7
8930e1ce227ffff,예술·스포츠,6
8930e1ce227ffff,음식,65
8930e1ce22bffff,소매,5
8930e1ce22bffff,예술·스포츠,1
8930e1ce22fffff,과학·기술,2
8930e1ce22fffff,보건의료,2
8930e1ce22fffff,부동산,5
8930e1ce22fffff,소매,14
8930e1ce22fffff,수리·개인,3
8930e1ce22fffff,시설관리·임대,1
8930e1ce22fffff,예술·스포츠,1
8930e1ce22fffff,음식,7
8930e1ce237ffff,과학·기술,1
8930e1ce237ffff,교육,9
8930e1ce237ffff,부동산,2
8930e1ce237ffff,소매,5
8930e1ce237ffff,수리·개인,2
8930e1ce237ffff,예술·스포츠,1
8930e1ce237ffff,음식,5
8930e1ce23bffff,부동산,3
8930e1ce23bffff,소매,16
8930e1ce23bffff,수리·개인,1
8930e1ce23bffff,시설관리·임대,2
8930e1ce243ffff,소매,1
8930e1ce283ffff,과학·기술,11
8930e1ce283ffff,교육,92
8930e1ce283ffff,보건의료,13
8930e1ce283ffff,부동산,1
8930e1ce283ffff,소매,33
8930e1ce283ffff,수리·개인,7
8930e1ce283ffff,숙박,1
8930e1ce283ffff,시설관리·임대,1
8930e1ce283ffff,예술·스포츠,19
8930e1ce283ffff,음식,69
8930e1ce287ffff,소매,2
8930e1ce287ffff,예술·스포츠,1
8930e1ce28bffff,과학·기술,2
8930e1ce28bffff,교육,10
8930e1ce28bffff,소매,1
8930e1ce28bffff,수리·개인,2
8930e1ce28bffff,예술·스포츠,2
8930e1ce28bffff,음식,6
8930e1ce28fffff,과학·기술,1
8930e1ce28fffff,부동산,1
8930e1ce28fffff,소매,1
8930e1ce28fffff,수리·개인,2
8930e1ce28fffff,예술·스포츠,1
8930e1ce28fffff,음식,2
8930e1ce293ffff,과학·기술,30
8930e1ce293ffff,교육,58
8930e1ce293ffff,보건의료,31
8930e1ce293ffff,부동산,5
8930e1ce293ffff,소매,40
8930e1ce293ffff,수리·개인,18
8930e1ce293ffff,시설관리·임대,8
8930e1ce293ffff,예술·스포츠,13
8930e1ce293ffff,음식,38
8930e1ce297ffff,소매,11
8930e1ce297ffff,수리·개인,1
8930e1ce297ffff,음식,6
8930e1ce29bffff,과학·기술,4
8930e1ce29bffff,교육,54
8930e1ce29bffff,보건의료,5
8930e1ce29bffff,부동산,9
8930e1ce29bffff,소매,26
8930e1ce29bffff,수리·개인,14
8930e1ce29bffff,시설관리·임대,1
8930e1ce29bffff,예술·스포츠,10
8930e1ce29bffff,음식,24
8930e1ce2a3ffff,교육,1
8930e1ce2a3ffff,부동산,1
8930e1ce2a3ffff,수리·개인,1
8930e1ce2a7ffff,교육,1
8930e1ce2abffff,음식,1
8930e1ce2afffff,과학·기술,2
8930e1ce2afffff,교육,15
8930e1ce2afffff,보건의료,2
8930e1ce2afffff,부동산,13
8930e1ce2afffff,소매,7
8930e1ce2afffff,수리·개인,3
8930e1ce2afffff,음식,1
8930e1ce2b3ffff,음식,1
8930e1ce2b7ffff,과학·기술,1
8930e1ce2b7ffff,교육,23
8930e1ce2b7ffff,보건의료,6
8930e1ce2b7ffff,부동산,32
8930e1ce2b7ffff,소매,18
8930e1ce2b7ffff,수리·개인,9
8930e1ce2b7ffff,시설관리·임대,1
8930e1ce2b7ffff,예술·스포츠,2
8930e1ce2b7ffff,음식,17
8930e1ce2c3ffff,보건의료,1
8930e1ce2c3ffff,부동산,1
8930e1ce2c3ffff,소매,3
8930e1ce2c3ffff,수리·개인,2
8930e1ce2c3ffff,음식,1
8930e1ce2c7ffff,과학·기술,10
8930e1ce2c7ffff,교육,13
8930e1ce2c7ffff,부동산,1
8930e1ce2c7ffff,소매,16
8930e1ce2c7ffff,수리·개인,6
8930e1ce2c7ffff,시설관리·임대,3
8930e1ce2c7ffff,음식,14
8930e1ce2cfffff,소매,2
8930e1ce2cfffff,수리·개인,1
8930e1ce2cfffff,예술·스포츠,1
8930e1ce2d3ffff,교육,4
8930e1ce2d3ffff,보건의료,1
8930e1ce2d3ffff,부동산,2
8930e1ce2d3ffff,소매,8
8930e1ce2d3ffff,수리·개인,3
8930e1ce2d3ffff,시설관리·임대,1
8930e1ce2d3ffff,음식,2
8930e1ce2d7ffff,과학·기술,9
8930e1ce2d7ffff,교육,71
8930e1ce2d7ffff,보건의료,1
8930e1ce2d7ffff,부동산,11
8930e1ce2d7ffff,소매,27
8930e1ce2d7ffff,수리·개인,21
8930e1ce2d7ffff,시설관리·임대,3
8930e1ce2d7ffff,예술·스포츠,4
8930e1ce2d7ffff,음식,26
8930e1ce303ffff,교육,5
8930e1ce303ffff,부동산,1
8930e1ce303ffff,소매,3
8930e1ce303ffff,예술·스포츠,3
8930e1ce303ffff,음식,2
8930e1ce30fffff,과학·기술,1
8930e1ce30fffff,교육,1
8930e1ce317ffff,교육,1
8930e1ce317ffff,음식,1
8930e1ce353ffff,과학·기술,5
8930e1ce353ffff,교육,3
8930e1ce353ffff,보건의료,2
8930e1ce353ffff,소매,9
8930e1ce353ffff,수리·개인,1
8930e1ce353ffff,시설관리·임대,2
8930e1ce353ffff,예술·스포츠,7
8930e1ce353ffff,음식,43
8930e1ce357ffff,과학·기술,3
8930e1ce357ffff,시설관리·임대,2
8930e1ce357ffff,예술·스포츠,1
8930e1ce357ffff,음식,2
8930e1ce35bffff,과학·기술,2
8930e1ce35bffff,수리·개인,2
8930e1ce35bffff,시설관리·임대,1
8930e1ce35bffff,음식,2
8930e1ce37bffff,수리·개인,4
8930e1ce383ffff,부동산,1
8930e1ce383ffff,소매,2
8930e1ce387ffff,교육,3
8930e1ce387ffff,부동산,1
8930e1ce387ffff,수리·개인,1
8930e1ce387ffff,음식,2
8930e1ce38bffff,교육,2
8930e1ce38bffff,보건의료,4
8930e1ce38bffff,소매,3
8930e1ce38bffff,예술·스포츠,2
8930e1ce38bffff,음식,2
8930e1ce38fffff,교육,1
8930e1ce38fffff,소매,3
8930e1ce38fffff,수리·개인,2
8930e1ce38fffff,음식,2
8930e1ce39bffff,교육,2
8930e1ce39bffff,부동산,1
8930e1ce39bffff,소매,4
8930e1ce39bffff,수리·개인,5
8930e1ce3bbffff,교육,2
8930e1ce3bbffff,부동산,2
8930e1ce3bbffff,소매,2
8930e1ce3bbffff,수리·개인,2
8930e1ce3bbffff,시설관리·임대,1
8930e1ce3bbffff,음식,2
8930e1ce3c7ffff,교육,17
8930e1ce3c7ffff,부동산,1
8930e1ce3c7ffff,소매,1
8930e1ce3c7ffff,음식,1
8930e1ce3cbffff,과학·기술,12
8930e1ce3cbffff,교육,29
8930e1ce3cbffff,보건의료,8
8930e1ce3cbffff,부동산,18
8930e1ce3cbffff,소매,26
8930e1ce3cbffff,수리·개인,22
8930e1ce3cbffff,예술·스포츠,11
8930e1ce3cbffff,음식,66
8930e1ce3cfffff,과학·기술,2
8930e1ce3cfffff,교육,2
8930e1ce3cfffff,보건의료,1
8930e1ce3cfffff,부동산,1
8930e1ce3cfffff,소매,9
8930e1ce3cfffff,수리·개인,3
8930e1ce3cfffff,음식,8
8930e1ce3d3ffff,교육,4
8930e1ce3d3ffff,보건의료,1
8930e1ce3d3ffff,부동산,9
8930e1ce3d3ffff,소매,7
8930e1ce3d3ffff,수리·개인,1
8930e1ce3d3ffff,음식,8
8930e1ce3d7ffff,과학·기술,1
8930e1ce3d7ffff,교육,12
8930e1ce3d7ffff,보건의료,3
8930e1ce3d7ffff,소매,6
8930e1ce3d7ffff,수리·개인,2
8930e1ce3d7ffff,음식,6
8930e1ce3dbffff,교육,7
8930e1ce3dbffff,보건의료,1
8930e1ce3dbffff,부동산,3
8930e1ce3dbffff,소매,6
8930e1ce3dbffff,수리·개인,1
8930e1ce3dbffff,음식,7
8930e1ce56bffff,소매,5
8930e1ce56bffff,시설관리·임대,2
8930e1ce56bffff,예술·스포츠,1
8930e1ce56bffff,음식,8
8930e1ce56fffff,소매,1
8930e1ce56fffff,음식,3
8930e1ce603ffff,과학·기술,1
8930e1ce603ffff,교육,3
8930e1ce603ffff,부동산,1
8930e1ce603ffff,소매,5
8930e1ce603ffff,수리·개인,2
8930e1ce603ffff,음식,2
8930e1ce607ffff,소매,1
8930e1ce60bffff,과학·기술,3
8930e1ce60bffff,교육,52
8930e1ce60bffff,보건의료,4
8930e1ce60bffff,부동산,7
8930e1ce60bffff,소매,24
8930e1ce60bffff,수리·개인,18
8930e1ce60bffff,시설관리·임대,2
8930e1ce60bffff,예술·스포츠,1
8930e1ce60bffff,음식,21
8930e1ce60fffff,교육,3
8930e1ce60fffff,부동산,2
8930e1ce60fffff,소매,4
8930e1ce60fffff,수리·개인,3
8930e1ce60fffff,음식,5
8930e1ce61bffff,교육,1
8930e1ce61bffff,부동산,1
8930e1ce623ffff,과학·기술,2
8930e1ce623ffff,교육,23
8930e1ce623ffff,보건의료,3
8930e1ce623ffff,부동산,6
8930e1ce623ffff,소매,8
8930e1ce623ffff,수리·개인,8
8930e1ce623ffff,숙박,1
8930e1ce623ffff,시설관리·임대,3
8930e1ce623ffff,예술·스포츠,2
8930e1ce623ffff,음식,16
8930e1ce627ffff,과학·기술,11
8930e1ce627ffff,교육,34
8930e1ce627ffff,보건의료,2
8930e1ce627ffff,부동산,15
8930e1ce627ffff,소매,27
8930e1ce627ffff,수리·개인,21
8930e1ce627ffff,숙박,1
8930e1ce627ffff,시설관리·임대,5
8930e1ce627ffff,예술·스포츠,11
8930e1ce627ffff,음식,40
8930e1ce62bffff,교육,3
8930e1ce62bffff,부동산,4
8930e1ce62bffff,소매,2
8930e1ce62bffff,수리·개인,1
8930e1ce62bffff,음식,2
8930e1ce633ffff,교육,1
8930e1ce633ffff,소매,1
8930e1ce637ffff,과학·기술,1
8930e1ce637ffff,교육,1
8930e1ce637ffff,소매,7
8930e1ce637ffff,수리·개인,6
8930e1ce637ffff,시설관리·임대,5
8930e1ce637ffff,음식,5
8930e1ce63bffff,과학·기술,3
8930e1ce63bffff,교육,21
8930e1ce63bffff,보건의료,5
8930e1ce63bffff,부동산,22
8930e1ce63bffff,소매,12
8930e1ce63bffff,수리·개인,9
8930e1ce63bffff,예술·스포츠,1
8930e1ce63bffff,음식,8
8930e1ce643ffff,과학·기술,4
8930e1ce643ffff,교육,4
8930e1ce643ffff,보건의료,3
8930e1ce643ffff,부동산,4
8930e1ce643ffff,소매,16
8930e1ce643ffff,수리·개인,13
8930e1ce643ffff,숙박,5
8930e1ce643ffff,시설관리·임대,4
8930e1ce643ffff,예술·스포츠,1
8930e1ce643ffff,음식,12
8930e1ce647ffff,과학·기술,6
8930e1ce647ffff,교육,30
8930e1ce647ffff,보건의료,20
8930e1ce647ffff,부동산,2
8930e1ce647ffff,소매,24
8930e1ce647ffff,수리·개인,15
8930e1ce647ffff,숙박,4
8930e1ce647ffff,시설관리·임대,5
8930e1ce647ffff,예술·스포츠,25
8930e1ce647ffff,음식,68
8930e1ce64bffff,과학·기술,4
8930e1ce64bffff,교육,2
8930e1ce64bffff,보건의료,1
8930e1ce64bffff,부동산,3
8930e1ce64bffff,소매,20
8930e1ce64bffff,수리·개인,13
8930e1ce64bffff,시설관리·임대,8
8930e1ce64bffff,예술·스포츠,1
8930e1ce64bffff,음식,7
8930e1ce64fffff,과학·기술,13
8930e1ce64fffff,교육,20
8930e1ce64fffff,보건의료,27
8930e1ce64fffff,부동산,4
8930e1ce64fffff,소매,61
8930e1ce64fffff,수리·개인,24
8930e1ce64fffff,숙박,4
8930e1ce64fffff,시설관리·임대,2
8930e1ce64fffff,예술·스포츠,21
8930e1ce64fffff,음식,57
8930e1ce653ffff,과학·기술,7
8930e1ce653ffff,교육,10
8930e1ce653ffff,보건의료,4
8930e1ce653ffff,부동산,3
8930e1ce653ffff,소매,11
8930e1ce653ffff,수리·개인,6
8930e1ce653ffff,예술·스포츠,8
8930e1ce653ffff,음식,7
8930e1ce657ffff,과학·기술,4
8930e1ce657ffff,교육,24
8930e1ce657ffff,보건의료,4
8930e1ce657ffff,부동산,13
8930e1ce657ffff,소매,13
8930e1ce657ffff,수리·개인,11
8930e1ce657ffff,음식,5
8930e1ce65bffff,과학·기술,7
8930e1ce65bffff,교육,9
8930e1ce65bffff,부동산,4
8930e1ce65bffff,소매,21
8930e1ce65bffff,수리·개인,23
8930e1ce65bffff,숙박,1
8930e1ce65bffff,시설관리·임대,4
8930e1ce65bffff,예술·스포츠,3
8930e1ce65bffff,음식,27
8930e1ce663ffff,과학·기술,1
8930e1ce663ffff,교육,11
8930e1ce663ffff,보건의료,1
8930e1ce663ffff,부동산,4
8930e1ce663ffff,소매,24
8930e1ce663ffff,수리·개인,5
8930e1ce663ffff,예술·스포츠,1
8930e1ce663ffff,음식,7
8930e1ce667ffff,부동산,2
8930e1ce667ffff,소매,3
8930e1ce667ffff,수리·개인,2
8930e1ce66bffff,과학·기술,3
8930e1ce66bffff,교육,10
8930e1ce66bffff,보건의료,2
8930e1ce66bffff,부동산,3
8930e1ce66bffff,소매,14
8930e1ce66bffff,수리·개인,9
8930e1ce66bffff,숙박,1
8930e1ce66bffff,예술·스포츠,7
8930e1ce66bffff,음식,29
8930e1ce66fffff,과학·기술,1
8930e1ce66fffff,부동산,2
8930e1ce66fffff,소매,3
8930e1ce66fffff,수리·개인,1
8930e1ce66fffff,예술·스포츠,1
8930e1ce673ffff,과학·기술,3
8930e1ce673ffff,교육,13
8930e1ce673ffff,부동산,8
8930e1ce673ffff,소매,37
8930e1ce673ffff,수리·개인,5
8930e1ce673ffff,시설관리·임대,1
8930e1ce673ffff,음식,7
8930e1ce677ffff,음식,1
8930e1ce67bffff,과학·기술,9
8930e1ce67bffff,교육,36
8930e1ce67bffff,보건의료,15
8930e1ce67bffff,부동산,13
8930e1ce67bffff,소매,46
8930e1ce67bffff,수리·개인,26
8930e1ce67bffff,숙박,2
8930e1ce67bffff,시설관리·임대,6
8930e1ce67bffff,예술·스포츠,12
8930e1ce67bffff,음식,49
8930e1ce69bffff,부동산,1
8930e1ce6a3ffff,음식,4
8930e1ce6abffff,과학·기술,1
8930e1ce6abffff,음식,1
8930e1ce6afffff,소매,1
8930e1ce6afffff,음식,1
8930e1ce6c3ffff,시설관리·임대,1
8930e1ce6c3ffff,음식,3
8930e1ce6c7ffff,과학·기술,5
8930e1ce6c7ffff,소매,1
8930e1ce6cbffff,과학·기술,10
8930e1ce6cbffff,교육,11
8930e1ce6cbffff,보건의료,2
8930e1ce6cbffff,부동산,3
8930e1ce6cbffff,소매,21
8930e1ce6cbffff,수리·개인,21
8930e1ce6cbffff,시설관리·임대,4
8930e1ce6cbffff,예술·스포츠,5
8930e1ce6cbffff,음식,24
8930e1ce6cfffff,과학·기술,4
8930e1ce6cfffff,교육,10
8930e1ce6cfffff,부동산,7
8930e1ce6cfffff,소매,8
8930e1ce6cfffff,수리·개인,7
8930e1ce6cfffff,예술·스포츠,1
8930e1ce6cfffff,음식,4
8930e1ce6d7ffff,과학·기술,2
8930e1ce6d7ffff,수리·개인,1
8930e1cf00bffff,예술·스포츠,1
8930e1cf013ffff,보건의료,2
8930e1cf013ffff,소매,2
8930e1cf01bffff,과학·기술,2
8930e1cf01bffff,교육,5
8930e1cf01bffff,부동산,7
8930e1cf01bffff,소매,4
8930e1cf01bffff,수리·개인,2
8930e1cf01bffff,예술·스포츠,1
8930e1cf01bffff,음식,4
8930e1cf033ffff,예술·스포츠,1
8930e1cf03bffff,소매,2
8930e1cf03bffff,수리·개인,1
8930e1cf04bffff,소매,2
8930e1cf05bffff,과학·기술,1
8930e1cf063ffff,수리·개인,1
8930e1cf073ffff,과학·기술,1
8930e1cf073ffff,소매,9
8930e1cf077ffff,음식,1
8930e1cf07bffff,소매,2
8930e1cf07bffff,음식,1
8930e1cf083ffff,과학·기술,9
8930e1cf083ffff,교육,32
8930e1cf083ffff,보건의료,30
8930e1cf083ffff,부동산,6
8930e1cf083ffff,소매,31
8930e1cf083ffff,수리·개인,14
8930e1cf083ffff,숙박,1
8930e1cf083ffff,예술·스포츠,31
8930e1cf083ffff,음식,64
8930e1cf087ffff,과학·기술,2
8930e1cf087ffff,교육,5
8930e1cf087ffff,보건의료,8
8930e1cf087ffff,부동산,7
8930e1cf087ffff,소매,6
8930e1cf087ffff,수리·개인,3
8930e1cf087ffff,음식,7
8930e1cf08bffff,교육,5
8930e1cf08bffff,보건의료,8
8930e1cf08bffff,부동산,14
8930e1cf08bffff,소매,7
8930e1cf08bffff,수리·개인,3
8930e1cf08bffff,시설관리·임대,1
8930e1cf08bffff,예술·스포츠,3
8930e1cf08bffff,음식,11
8930e1cf08fffff,소매,2
8930e1cf08fffff,음식,1
8930e1cf093ffff,과학·기술,18
8930e1cf093ffff,교육,19
8930e1cf093ffff,보건의료,8
8930e1cf093ffff,부동산,17
8930e1cf093ffff,소매,60
8930e1cf093ffff,수리·개인,49
8930e1cf093ffff,숙박,10
8930e1cf093ffff,시설관리·임대,5
8930e1cf093ffff,예술·스포츠,7
8930e1cf093ffff,음식,73
8930e1cf097ffff,과학·기술,29
8930e1cf097ffff,교육,62
8930e1cf097ffff,보건의료,45
8930e1cf097ffff,부동산,26
8930e1cf097ffff,소매,120
8930e1cf097ffff,수리·개인,52
8930e1cf097ffff,숙박,7
8930e1cf097ffff,시설관리·임대,17
8930e1cf097ffff,예술·스포츠,16
8930e1cf097ffff,음식,132
8930e1cf09bffff,과학·기술,13
8930e1cf09bffff,교육,33
8930e1cf09bffff,보건의료,14
8930e1cf09bffff,부동산,8
8930e1cf09bffff,소매,31
8930e1cf09bffff,수리·개인,23
8930e1cf09bffff,숙박,4
8930e1cf09bffff,시설관리·임대,4
8930e1cf09bffff,예술·스포츠,26
8930e1cf09bffff,음식,66
8930e1cf0a3ffff,소매,2
8930e1cf0a3ffff,음식,2
8930e1cf0a7ffff,과학·기술,3
8930e1cf0a7ffff,교육,1
8930e1cf0a7ffff,부동산,1
8930e1cf0a7ffff,소매,9
8930e1cf0a7ffff,수리·개인,1
8930e1cf0a7ffff,시설관리·임대,2
8930e1cf0a7ffff,예술·스포츠,1
8930e1cf0a7ffff,음식,10
8930e1cf0afffff,과학·기술,2
8930e1cf0afffff,소매,3
8930e1cf0afffff,시설관리·임대,1
8930e1cf0b7ffff,과학·기술,4
8930e1cf0b7ffff,교육,12
8930e1cf0b7ffff,보건의료,6
8930e1cf0b7ffff,부동산,10
8930e1cf0b7ffff,소매,10
8930e1cf0b7ffff,수리·개인,7
8930e1cf0b7ffff,숙박,2
8930e1cf0b7ffff,시설관리·임대,1
8930e1cf0b7ffff,예술·스포츠,2
8930e1cf0b7ffff,음식,24
8930e1cf0bbffff,교육,3
8930e1cf0bbffff,부동산,1
8930e1cf0bbffff,소매,1
8930e1cf0bbffff,수리·개인,1
8930e1cf0bbffff,음식,9
8930e1cf0c3ffff,과학·기술,1
8930e1cf0c7ffff,소매,2
8930e1cf0cbffff,과학·기술,12
8930e1cf0cbffff,교육,20
8930e1cf0cbffff,보건의료,12
8930e1cf0cbffff,부동산,14
8930e1cf0cbffff,소매,124
8930e1cf0cbffff,수리·개인,21
8930e1cf0cbffff,시설관리·임대,5
8930e1cf0cbffff,예술·스포츠,5
8930e1cf0cbffff,음식,41
8930e1cf0d3ffff,소매,3
8930e1cf0d3ffff,음식,3
8930e1cf0d7ffff,과학·기술,4
8930e1cf0d7ffff,교육,5
8930e1cf0d7ffff,보건의료,2
8930e1cf0d7ffff,부동산,1
8930e1cf0d7ffff,소매,5
8930e1cf0d7ffff,수리·개인,2
8930e1cf0d7ffff,시설관리·임대,2
8930e1cf0d7ffff,음식,8
8930e1cf197ffff,소매,1
8930e1cf1d3ffff,보건의료,2
8930e1cf1d3ffff,소매,2
8930e1cf1d3ffff,수리·개인,1
8930e1cf1d3ffff,음식,8
8930e1cf1dbffff,음식,1
8930e1cf203ffff,과학·기술,8
8930e1cf203ffff,교육,5
8930e1cf203ffff,부동산,1
8930e1cf203ffff,소매,7
8930e1cf203ffff,수리·개인,10
8930e1cf203ffff,시설관리·임대,2
8930e1cf203ffff,예술·스포츠,3
8930e1cf203ffff,음식,16
8930e1cf207ffff,과학·기술,3
8930e1cf207ffff,교육,11
8930e1cf207ffff,부동산,3
8930e1cf207ffff,소매,13
8930e1cf207ffff,수리·개인,9
8930e1cf207ffff,시설관리·임대,8
8930e1cf207ffff,예술·스포츠,3
8930e1cf207ffff,음식,16
8930e1cf20bffff,과학·기술,3
8930e1cf20bffff,교육,8
8930e1cf20bffff,보건의료,1
8930e1cf20bffff,부동산,1
8930e1cf20bffff,소매,2
8930e1cf20fffff,과학·기술,3
8930e1cf20fffff,소매,3
8930e1cf20fffff,수리·개인,8
8930e1cf20fffff,시설관리·임대,2
8930e1cf20fffff,음식,3
8930e1cf213ffff,과학·기술,8
8930e1cf213ffff,교육,11
8930e1cf213ffff,보건의료,1
8930e1cf213ffff,부동산,3
8930e1cf213ffff,소매,21
8930e1cf213ffff,수리·개인,9
8930e1cf213ffff,시설관리·임대,1
8930e1cf213ffff,예술·스포츠,5
8930e1cf213ffff,음식,18
8930e1cf217ffff,과학·기술,8
8930e1cf217ffff,교육,9
8930e1cf217ffff,보건의료,1
8930e1cf217ffff,부동산,4
8930e1cf217ffff,소매,24
8930e1cf217ffff,수리·개인,17
8930e1cf217ffff,시설관리·임대,1
8930e1cf217ffff,예술·스포츠,3
8930e1cf217ffff,음식,31
8930e1cf21bffff,과학·기술,5
8930e1cf21bffff,교육,19
8930e1cf21bffff,보건의료,25
8930e1cf21bffff,부동산,5
8930e1cf21bffff,소매,30
8930e1cf21bffff,수리·개인,10
8930e1cf21bffff,시설관리·임대,1
8930e1cf21bffff,예술·스포츠,15
8930e1cf21bffff,음식,27
8930e1cf223ffff,과학·기술,14
8930e1cf223ffff,교육,7
8930e1cf223ffff,보건의료,11
8930e1cf223ffff,부동산,7
8930e1cf223ffff,소매,28
8930e1cf223ffff,수리·개인,7
8930e1cf223ffff,숙박,1
8930e1cf223ffff,시설관리·임대,5
8930e1cf223ffff,예술·스포츠,4
8930e1cf223ffff,음식,31
8930e1cf227ffff,과학·기술,2
8930e1cf227ffff,교육,1
8930e1cf227ffff,소매,15
8930e1cf227ffff,수리·개인,5
8930e1cf227ffff,시설관리·임대,3
8930e1cf227ffff,예술·스포츠,2
8930e1cf227ffff,음식,5
8930e1cf22bffff,과학·기술,6
8930e1cf22bffff,교육,14
8930e1cf22bffff,보건의료,11
8930e1cf22bffff,부동산,10
8930e1cf22bffff,소매,16
8930e1cf22bffff,수리·개인,10
8930e1cf22bffff,숙박,3
8930e1cf22bffff,시설관리·임대,3
8930e1cf22bffff,예술·스포츠,7
8930e1cf22bffff,음식,22
8930e1cf22fffff,과학·기술,4
8930e1cf22fffff,교육,7
8930e1cf22fffff,보건의료,19
8930e1cf22fffff,부동산,8
8930e1cf22fffff,소매,91
8930e1cf22fffff,수리·개인,27
8930e1cf22fffff,시설관리·임대,2
8930e1cf22fffff,예술·스포츠,12
8930e1cf22fffff,음식,56
8930e1cf233ffff,과학·기술,2
8930e1cf233ffff,교육,4
8930e1cf233ffff,보건의료,1
8930e1cf233ffff,부동산,3
8930e1cf233ffff,소매,12
8930e1cf233ffff,수리·개인,6
8930e1cf233ffff,시설관리·임대,3
8930e1cf233ffff,음식,8
8930e1cf237ffff,소매,4
8930e1cf237ffff,시설관리·임대,1
8930e1cf23bffff,과학·기술,9
8930e1cf23bffff,교육,6
8930e1cf23bffff,보건의료,3
8930e1cf23bffff,부동산,4
8930e1cf23bffff,소매,24
8930e1cf23bffff,수리·개인,26
8930e1cf23bffff,숙박,1
8930e1cf23bffff,시설관리·임대,5
8930e1cf23bffff,예술·스포츠,6
8930e1cf23bffff,음식,51
8930e1cf243ffff,과학·기술,12
8930e1cf243ffff,교육,13
8930e1cf243ffff,보건의료,3
8930e1cf243ffff,부동산,8
8930e1cf243ffff,소매,23
8930e1cf243ffff,수리·개인,13
8930e1cf243ffff,시설관리·임대,4
8930e1cf243ffff,예술·스포츠,4
8930e1cf243ffff,음식,26
8930e1cf247ffff,소매,7
8930e1cf247ffff,수리·개인,2
8930e1cf24bffff,과학·기술,3
8930e1cf24bffff,교육,6
8930e1cf24bffff,소매,4
8930e1cf24bffff,시설관리·임대,1
8930e1cf24fffff,부동산,1
8930e1cf24fffff,소매,1
8930e1cf24fffff,시설관리·임대,1
8930e1cf253ffff,과학·기술,29
8930e1cf253ffff,교육,14
8930e1cf253ffff,보건의료,2
8930e1cf253ffff,부동산,5
8930e1cf253ffff,소매,31
8930e1cf253ffff,수리·개인,22
8930e1cf253ffff,시설관리·임대,8
8930e1cf253ffff,예술·스포츠,8
8930e1cf253ffff,음식,49
8930e1cf257ffff,과학·기술,19
8930e1cf257ffff,교육,18
8930e1cf257ffff,보건의료,3
8930e1cf257ffff,부동산,7
8930e1cf257ffff,소매,28
8930e1cf257ffff,수리·개인,24
8930e1cf257ffff,시설관리·임대,5
8930e1cf257ffff,예술·스포츠,17
8930e1cf257ffff,음식,55
8930e1cf25bffff,소매,1
8930e1cf25bffff,음식,1
8930e1cf263ffff,과학·기술,8
8930e1cf263ffff,교육,8
8930e1cf263ffff,보건의료,26
8930e1cf263ffff,부동산,10
8930e1cf263ffff,소매,30
8930e1cf263ffff,수리·개인,22
8930e1cf263ffff,시설관리·임대,7
8930e1cf263ffff,예술·스포츠,19
8930e1cf263ffff,음식,50
8930e1cf267ffff,과학·기술,6
8930e1cf267ffff,교육,12
8930e1cf267ffff,보건의료,25
8930e1cf267ffff,부동산,6
8930e1cf267ffff,소매,42
8930e1cf267ffff,수리·개인,17
8930e1cf267ffff,시설관리·임대,5
8930e1cf267ffff,예술·스포츠,20
8930e1cf267ffff,음식,54
8930e1cf26bffff,과학·기술,12
8930e1cf26bffff,교육,30
8930e1cf26bffff,보건의료,2
8930e1cf26bffff,부동산,9
8930e1cf26bffff,소매,30
8930e1cf26bffff,수리·개인,15
8930e1cf26bffff,시설관리·임대,11
8930e1cf26bffff,예술·스포츠,7
8930e1cf26bffff,음식,17
8930e1cf26fffff,과학·기술,1
8930e1cf26fffff,교육,1
8930e1cf26fffff,부동산,2
8930e1cf26fffff,소매,8
8930e1cf26fffff,수리·개인,5
8930e1cf26fffff,시설관리·임대,1
8930e1cf26fffff,음식,12
8930e1cf273ffff,과학·기술,4
8930e1cf273ffff,교육,9
8930e1cf273ffff,보건의료,2
8930e1cf273ffff,부동산,4
8930e1cf273ffff,소매,19
8930e1cf273ffff,수리·개인,14
8930e1cf273ffff,숙박,1
8930e1cf273ffff,시설관리·임대,2
8930e1cf273ffff,예술·스포츠,2
8930e1cf273ffff,음식,8
8930e1cf277ffff,과학·기술,11
8930e1cf277ffff,교육,11
8930e1cf277ffff,부동산,7
8930e1cf277ffff,소매,19
8930e1cf277ffff,수리·개인,12
8930e1cf277ffff,시설관리·임대,2
8930e1cf277ffff,음식,22
8930e1cf283ffff,과학·기술,15
8930e1cf283ffff,교육,11
8930e1cf283ffff,보건의료,3
8930e1cf283ffff,부동산,3
8930e1cf283ffff,소매,22
8930e1cf283ffff,수리·개인,16
8930e1cf283ffff,숙박,1
8930e1cf283ffff,시설관리·임대,5
8930e1cf283ffff,예술·스포츠,9
8930e1cf283ffff,음식,21
8930e1cf287ffff,교육,5
8930e1cf287ffff,부동산,1
8930e1cf287ffff,소매,6
8930e1cf287ffff,수리·개인,2
8930e1cf287ffff,음식,7
8930e1cf28bffff,과학·기술,2
8930e1cf28bffff,교육,2
8930e1cf28bffff,부동산,1
8930e1cf28bffff,소매,11
8930e1cf28bffff,수리·개인,5
8930e1cf28bffff,숙박,1
8930e1cf28bffff,시설관리·임대,6
8930e1cf28bffff,예술·스포츠,1
8930e1cf28bffff,음식,3
8930e1cf28fffff,과학·기술,7
8930e1cf28fffff,교육,7
8930e1cf28fffff,보건의료,2
8930e1cf28fffff,부동산,7
8930e1cf28fffff,소매,13
8930e1cf28fffff,수리·개인,15
8930e1cf28fffff,시설관리·임대,8
8930e1cf28fffff,예술·스포츠,4
8930e1cf28fffff,음식,23
8930e1cf293ffff,과학·기술,4
8930e1cf293ffff,교육,3
8930e1cf293ffff,보건의료,1
8930e1cf293ffff,부동산,3
8930e1cf293ffff,소매,10
8930e1cf293ffff,수리·개인,8
8930e1cf293ffff,숙박,1
8930e1cf293ffff,시설관리·임대,4
8930e1cf293ffff,예술·스포츠,2
8930e1cf293ffff,음식,10
8930e1cf297ffff,과학·기술,10
8930e1cf297ffff,교육,7
8930e1cf297ffff,보건의료,3
8930e1cf297ffff,부동산,2
8930e1cf297ffff,소매,8
8930e1cf297ffff,수리·개인,2
8930e1cf297ffff,시설관리·임대,2
8930e1cf297ffff,예술·스포츠,1
8930e1cf297ffff,음식,13
8930e1cf29bffff,과학·기술,2
8930e1cf29bffff,교육,3
8930e1cf29bffff,소매,3
8930e1cf29bffff,수리·개인,1
8930e1cf29bffff,시설관리·임대,3
8930e1cf29bffff,음식,2
8930e1cf2abffff,과학·기술,2
8930e1cf2abffff,교육,3
8930e1cf2abffff,부동산,2
8930e1cf2abffff,소매,4
8930e1cf2abffff,수리·개인,2
8930e1cf2abffff,시설관리·임대,1
8930e1cf2abffff,예술·스포츠,2
8930e1cf2abffff,음식,5
8930e1cf2b3ffff,소매,1
8930e1cf2bbffff,과학·기술,6
8930e1cf2bbffff,교육,10
8930e1cf2bbffff,보건의료,1
8930e1cf2bbffff,부동산,4
8930e1cf2bbffff,소매,20
8930e1cf2bbffff,수리·개인,5
8930e1cf2bbffff,시설관리·임대,3
8930e1cf2bbffff,예술·스포츠,5
8930e1cf2bbffff,음식,10
8930e1cf2c3ffff,보건의료,1
8930e1cf2c3ffff,수리·개인,1
8930e1cf2c3ffff,예술·스포츠,1
8930e1cf2c7ffff,소매,1
8930e1cf2cbffff,과학·기술,11
8930e1cf2cbffff,교육,50
8930e1cf2cbffff,보건의료,17
8930e1cf2cbffff,부동산,7
8930e1cf2cbffff,소매,35
8930e1cf2cbffff,수리·개인,18
8930e1cf2cbffff,시설관리·임대,9
8930e1cf2cbffff,예술·스포츠,13
8930e1cf2cbffff,음식,24
8930e1cf2cfffff,과학·기술,8
8930e1cf2cfffff,교육,12
8930e1cf2cfffff,보건의료,7
8930e1cf2cfffff,부동산,4
8930e1cf2cfffff,소매,16
8930e1cf2cfffff,수리·개인,18
8930e1cf2cfffff,시설관리·임대,1
8930e1cf2cfffff,예술·스포츠,3
8930e1cf2cfffff,음식,11
8930e1cf2d3ffff,과학·기술,26
8930e1cf2d3ffff,교육,4
8930e1cf2d3ffff,보건의료,1
8930e1cf2d3ffff,부동산,2
8930e1cf2d3ffff,소매,18
8930e1cf2d3ffff,수리·개인,14
8930e1cf2d3ffff,시설관리·임대,4
8930e1cf2d3ffff,음식,13
8930e1cf2dbffff,과학·기술,8
8930e1cf2dbffff,교육,14
8930e1cf2dbffff,부동산,2
8930e1cf2dbffff,소매,11
8930e1cf2dbffff,수리·개인,9
8930e1cf2dbffff,시설관리·임대,4
8930e1cf2dbffff,예술·스포츠,1
8930e1cf2dbffff,음식,5
8930e1cf343ffff,과학·기술,2
8930e1cf343ffff,교육,4
8930e1cf343ffff,부동산,2
8930e1cf343ffff,소매,7
8930e1cf343ffff,수리·개인,5
8930e1cf343ffff,시설관리·임대,4
8930e1cf343ffff,예술·스포츠,2
8930e1cf343ffff,음식,12
8930e1cf34bffff,과학·기술,8
8930e1cf34bffff,교육,8
8930e1cf34bffff,보건의료,1
8930e1cf34bffff,부동산,7
8930e1cf34bffff,소매,19
8930e1cf34bffff,수리·개인,15
8930e1cf34bffff,시설관리·임대,5
8930e1cf34bffff,예술·스포츠,4
8930e1cf34bffff,음식,28
8930e1cf34fffff,교육,1
8930e1cf34fffff,부동산,1
8930e1cf34fffff,소매,1
8930e1cf34fffff,수리·개인,1
8930e1cf353ffff,과학·기술,1
8930e1cf353ffff,수리·개인,2
8930e1cf353ffff,시설관리·임대,1
8930e1cf353ffff,예술·스포츠,1
8930e1cf357ffff,과학·기술,1
8930e1cf357ffff,교육,1
8930e1cf357ffff,시설관리·임대,1
8930e1cf35bffff,과학·기술,7
8930e1cf35bffff,교육,10
8930e1cf35bffff,보건의료,3
8930e1cf35bffff,부동산,6
8930e1cf35bffff,소매,94
8930e1cf35bffff,수리·개인,22
8930e1cf35bffff,시설관리·임대,3
8930e1cf35bffff,예술·스포츠,4
8930e1cf35bffff,음식,64
8930e1cf403ffff,과학·기술,32
8930e1cf403ffff,교육,13
8930e1cf403ffff,보건의료,7
8930e1cf403ffff,부동산,6
8930e1cf403ffff,소매,38
8930e1cf403ffff,수리·개인,15
8930e1cf403ffff,숙박,1
8930e1cf403ffff,시설관리·임대,9
8930e1cf403ffff,예술·스포츠,6
8930e1cf403ffff,음식,60
8930e1cf407ffff,과학·기술,11
8930e1cf407ffff,교육,13
8930e1cf407ffff,보건의료,4
8930e1cf407ffff,부동산,14
8930e1cf407ffff,소매,31
8930e1cf407ffff,수리·개인,18
8930e1cf407ffff,시설관리·임대,4
8930e1cf407ffff,예술·스포츠,6
8930e1cf407ffff,음식,12
8930e1cf40bffff,과학·기술,93
8930e1cf40bffff,교육,17
8930e1cf40bffff,보건의료,5
8930e1cf40bffff,부동산,10
8930e1cf40bffff,소매,29
8930e1cf40bffff,수리·개인,11
8930e1cf40bffff,숙박,3
8930e1cf40bffff,시설관리·임대,17
8930e1cf40bffff,예술·스포츠,15
8930e1cf40bffff,음식,84
8930e1cf40fffff,과학·기술,19
8930e1cf40fffff,교육,10
8930e1cf40fffff,보건의료,4
8930e1cf40fffff,부동산,5
8930e1cf40fffff,소매,13
8930e1cf40fffff,수리·개인,9
8930e1cf40fffff,시설관리·임대,7
8930e1cf40fffff,예술·스포츠,6
8930e1cf40fffff,음식,28
8930e1cf413ffff,과학·기술,13
8930e1cf413ffff,교육,8
8930e1cf413ffff,보건의료,3
8930e1cf413ffff,부동산,3
8930e1cf413ffff,소매,15
8930e1cf413ffff,수리·개인,5
8930e1cf413ffff,숙박,1
8930e1cf413ffff,시설관리·임대,1
8930e1cf413ffff,예술·스포츠,3
8930e1cf413ffff,음식,22
8930e1cf417ffff,과학·기술,17
8930e1cf417ffff,교육,13
8930e1cf417ffff,보건의료,3
8930e1cf417ffff,부동산,6
8930e1cf417ffff,소매,36
8930e1cf417ffff,수리·개인,26
8930e1cf417ffff,숙박,4
8930e1cf417ffff,시설관리·임대,6
8930e1cf417ffff,예술·스포츠,4
8930e1cf417ffff,음식,28
8930e1cf41bffff,과학·기술,28
8930e1cf41bffff,교육,7
8930e1cf41bffff,보건의료,3
8930e1cf41bffff,부동산,5
8930e1cf41bffff,소매,23
8930e1cf41bffff,수리·개인,10
8930e1cf41bffff,숙박,2
8930e1cf41bffff,시설관리·임대,10
8930e1cf41bffff,예술·스포츠,7
8930e1cf41bffff,음식,37
8930e1cf423ffff,과학·기술,13
8930e1cf423ffff,교육,11
8930e1cf423ffff,부동산,13
8930e1cf423ffff,소매,19
8930e1cf423ffff,수리·개인,23
8930e1cf423ffff,숙박,2
8930e1cf423ffff,시설관리·임대,10
8930e1cf423ffff,예술·스포츠,2
8930e1cf423ffff,음식,22
8930e1cf427ffff,과학·기술,19
8930e1cf427ffff,교육,10
8930e1cf427ffff,부동산,7
8930e1cf427ffff,소매,27
8930e1cf427ffff,수리·개인,30
8930e1cf427ffff,숙박,4
8930e1cf427ffff,시설관리·임대,9
8930e1cf427ffff,예술·스포츠,9
8930e1cf427ffff,음식,37
8930e1cf42bffff,과학·기술,17
8930e1cf42bffff,교육,8
8930e1cf42bffff,보건의료,1
8930e1cf42bffff,부동산,8
8930e1cf42bffff,소매,18
8930e1cf42bffff,수리·개인,12
8930e1cf42bffff,숙박,3
8930e1cf42bffff,시설관리·임대,2
8930e1cf42bffff,예술·스포츠,4
8930e1cf42bffff,음식,31
8930e1cf42fffff,과학·기술,6
8930e1cf42fffff,교육,14
8930e1cf42fffff,보건의료,1
8930e1cf42fffff,부동산,11
8930e1cf42fffff,소매,27
8930e1cf42fffff,수리·개인,24
8930e1cf42fffff,시설관리·임대,1
8930e1cf42fffff,예술·스포츠,3
8930e1cf42fffff,음식,12
8930e1cf433ffff,과학·기술,6
8930e1cf433ffff,교육,6
8930e1cf433ffff,보건의료,3
8930e1cf433ffff,부동산,7
8930e1cf433ffff,소매,59
8930e1cf433ffff,수리·개인,28
8930e1cf433ffff,숙박,2
8930e1cf433ffff,시설관리·임대,4
8930e1cf433ffff,예술·스포츠,3
8930e1cf433ffff,음식,39
8930e1cf437ffff,과학·기술,22
8930e1cf437ffff,교육,8
8930e1cf437ffff,보건의료,1
8930e1cf437ffff,부동산,14
8930e1cf437ffff,소매,26
8930e1cf437ffff,수리·개인,13
8930e1cf437ffff,숙박,2
8930e1cf437ffff,시설관리·임대,13
8930e1cf437ffff,예술·스포츠,3
8930e1cf437ffff,음식,20
8930e1cf43bffff,과학·기술,8
8930e1cf43bffff,교육,21
8930e1cf43bffff,부동산,1
8930e1cf43bffff,소매,17
8930e1cf43bffff,수리·개인,10
8930e1cf43bffff,숙박,2
8930e1cf43bffff,예술·스포츠,4
8930e1cf43bffff,음식,14
8930e1cf447ffff,시설관리·임대,1
8930e1cf453ffff,과학·기술,6
8930e1cf453ffff,교육,8
8930e1cf453ffff,보건의료,3
8930e1cf453ffff,부동산,1
8930e1cf453ffff,소매,11
8930e1cf453ffff,수리·개인,6
8930e1cf453ffff,시설관리·임대,1
8930e1cf453ffff,예술·스포츠,1
8930e1cf453ffff,음식,6
8930e1cf457ffff,과학·기술,10
8930e1cf457ffff,보건의료,5
8930e1cf457ffff,소매,1
8930e1cf457ffff,시설관리·임대,1
8930e1cf457ffff,예술·스포츠,2
8930e1cf457ffff,음식,3
8930e1cf45bffff,소매,1
8930e1cf45bffff,숙박,1
8930e1cf45bffff,음식,1
8930e1cf463ffff,과학·기술,16
8930e1cf463ffff,교육,5
8930e1cf463ffff,보건의료,1
8930e1cf463ffff,소매,15
8930e1cf463ffff,수리·개인,5
8930e1cf463ffff,숙박,1
8930e1cf463ffff,시설관리·임대,2
8930e1cf463ffff,예술·스포츠,2
8930e1cf463ffff,음식,34
8930e1cf467ffff,과학·기술,16
8930e1cf467ffff,교육,16
8930e1cf467ffff,보건의료,1
8930e1cf467ffff,부동산,5
8930e1cf467ffff,소매,20
8930e1cf467ffff,수리·개인,22
8930e1cf467ffff,숙박,4
8930e1cf467ffff,시설관리·임대,6
8930e1cf467ffff,예술·스포츠,6
8930e1cf467ffff,음식,49
8930e1cf46fffff,과학·기술,1
8930e1cf46fffff,교육,6
8930e1cf46fffff,보건의료,1
8930e1cf46fffff,부동산,2
8930e1cf46fffff,소매,1
8930e1cf46fffff,수리·개인,5
8930e1cf46fffff,예술·스포츠,1
8930e1cf46fffff,음식,14
8930e1cf473ffff,과학·기술,8
8930e1cf473ffff,교육,8
8930e1cf473ffff,부동산,3
8930e1cf473ffff,소매,27
8930e1cf473ffff,수리·개인,10
8930e1cf473ffff,시설관리·임대,6
8930e1cf473ffff,예술·스포츠,1
8930e1cf473ffff,음식,24
8930e1cf477ffff,과학·기술,6
8930e1cf477ffff,교육,20
8930e1cf477ffff,보건의료,6
8930e1cf477ffff,부동산,8
8930e1cf477ffff,소매,15
8930e1cf477ffff,수리·개인,14
8930e1cf477ffff,시설관리·임대,6
8930e1cf477ffff,예술·스포츠,3
8930e1cf477ffff,음식,14
8930e1cf483ffff,과학·기술,3
8930e1cf483ffff,교육,4
8930e1cf483ffff,부동산,1
8930e1cf483ffff,소매,12
8930e1cf483ffff,수리·개인,12
8930e1cf483ffff,시설관리·임대,3
8930e1cf483ffff,예술·스포츠,3
8930e1cf483ffff,음식,8
8930e1cf487ffff,과학·기술,4
8930e1cf487ffff,교육,2
8930e1cf487ffff,보건의료,2
8930e1cf487ffff,소매,38
8930e1cf487ffff,수리·개인,12
8930e1cf487ffff,시설관리·임대,3
8930e1cf487ffff,예술·스포츠,3
8930e1cf487ffff,음식,18
8930e1cf48bffff,과학·기술,2
8930e1cf48bffff,교육,10
8930e1cf48bffff,보건의료,4
8930e1cf48bffff,부동산,2
8930e1cf48bffff,소매,10
8930e1cf48bffff,수리·개인,6
8930e1cf48bffff,시설관리·임대,1
8930e1cf48bffff,예술·스포츠,1
8930e1cf48bffff,음식,12
8930e1cf48fffff,과학·기술,6
8930e1cf48fffff,교육,4
8930e1cf48fffff,보건의료,4
8930e1cf48fffff,부동산,8
8930e1cf48fffff,소매,28
8930e1cf48fffff,수리·개인,15
8930e1cf48fffff,시설관리·임대,5
8930e1cf48fffff,예술·스포츠,4
8930e1cf48fffff,음식,34
8930e1cf493ffff,수리·개인,4
8930e1cf493ffff,시설관리·임대,1
8930e1cf497ffff,과학·기술,5
8930e1cf497ffff,부동산,1
8930e1cf497ffff,소매,6
8930e1cf497ffff,수리·개인,4
8930e1cf497ffff,시설관리·임대,3
8930e1cf49bffff,과학·기술,7
8930e1cf49bffff,교육,7
8930e1cf49bffff,부동산,3
8930e1cf49bffff,소매,4
8930e1cf49bffff,수리·개인,2
8930e1cf49bffff,시설관리·임대,2
8930e1cf49bffff,음식,6
8930e1cf4a3ffff,과학·기술,14
8930e1cf4a3ffff,교육,12
8930e1cf4a3ffff,보건의료,44
8930e1cf4a3ffff,부동산,6
8930e1cf4a3ffff,소매,140
8930e1cf4a3ffff,수리·개인,35
8930e1cf4a3ffff,숙박,5
8930e1cf4a3ffff,시설관리·임대,12
8930e1cf4a3ffff,예술·스포츠,31
8930e1cf4a3ffff,음식,159
8930e1cf4a7ffff,과학·기술,13
8930e1cf4a7ffff,교육,4
8930e1cf4a7ffff,보건의료,3
8930e1cf4a7ffff,부동산,10
8930e1cf4a7ffff,소매,52
8930e1cf4a7ffff,수리·개인,20
8930e1cf4a7ffff,숙박,12
8930e1cf4a7ffff,시설관리·임대,4
8930e1cf4a7ffff,예술·스포츠,22
8930e1cf4a7ffff,음식,109
8930e1cf4abffff,과학·기술,24
8930e1cf4abffff,교육,13
8930e1cf4abffff,보건의료,4
8930e1cf4abffff,부동산,9
8930e1cf4abffff,소매,24
8930e1cf4abffff,수리·개인,35
8930e1cf4abffff,숙박,6
8930e1cf4abffff,시설관리·임대,10
8930e1cf4abffff,예술·스포츠,9
8930e1cf4abffff,음식,61
8930e1cf4afffff,과학·기술,18
8930e1cf4afffff,교육,7
8930e1cf4afffff,보건의료,8
8930e1cf4afffff,부동산,15
8930e1cf4afffff,소매,26
8930e1cf4afffff,수리·개인,26
8930e1cf4afffff,숙박,1
8930e1cf4afffff,시설관리·임대,5
8930e1cf4afffff,예술·스포츠,4
8930e1cf4afffff,음식,50
8930e1cf4b3ffff,과학·기술,36
8930e1cf4b3ffff,교육,21
8930e1cf4b3ffff,보건의료,37
8930e1cf4b3ffff,부동산,10
8930e1cf4b3ffff,소매,299
8930e1cf4b3ffff,수리·개인,35
8930e1cf4b3ffff,숙박,6
8930e1cf4b3ffff,시설관리·임대,24
8930e1cf4b3ffff,예술·스포츠,11
8930e1cf4b3ffff,음식,73
8930e1cf4b7ffff,과학·기술,16
8930e1cf4b7ffff,교육,9
8930e1cf4b7ffff,보건의료,14
8930e1cf4b7ffff,부동산,13
8930e1cf4b7ffff,소매,83
8930e1cf4b7ffff,수리·개인,21
8930e1cf4b7ffff,숙박,5
8930e1cf4b7ffff,시설관리·임대,2
8930e1cf4b7ffff,예술·스포츠,7
8930e1cf4b7ffff,음식,70
8930e1cf4bbffff,과학·기술,21
8930e1cf4bbffff,교육,12
8930e1cf4bbffff,보건의료,28
8930e1cf4bbffff,부동산,13
8930e1cf4bbffff,소매,36
8930e1cf4bbffff,수리·개인,28
8930e1cf4bbffff,숙박,2
8930e1cf4bbffff,시설관리·임대,11
8930e1cf4bbffff,예술·스포츠,11
8930e1cf4bbffff,음식,51
8930e1cf4c3ffff,과학·기술,3
8930e1cf4c3ffff,교육,14
8930e1cf4c3ffff,보건의료,1
8930e1cf4c3ffff,부동산,6
8930e1cf4c3ffff,소매,10
8930e1cf4c3ffff,수리·개인,12
8930e1cf4c3ffff,예술·스포츠,1
8930e1cf4c3ffff,음식,7
8930e1cf4c7ffff,과학·기술,2
8930e1cf4c7ffff,보건의료,2
8930e1cf4c7ffff,부동산,4
8930e1cf4c7ffff,소매,15
8930e1cf4c7ffff,수리·개인,6
8930e1cf4c7ffff,시설관리·임대,1
8930e1cf4c7ffff,예술·스포츠,2
8930e1cf4c7ffff,음식,14
8930e1cf4cbffff,과학·기술,29
8930e1cf4cbffff,교육,7
8930e1cf4cbffff,보건의료,1
8930e1cf4cbffff,부동산,8
8930e1cf4cbffff,소매,31
8930e1cf4cbffff,수리·개인,9
8930e1cf4cbffff,숙박,1
8930e1cf4cbffff,시설관리·임대,5
8930e1cf4cbffff,예술·스포츠,3
8930e1cf4cbffff,음식,11
8930e1cf4cfffff,과학·기술,16
8930e1cf4cfffff,교육,25
8930e1cf4cfffff,보건의료,11
8930e1cf4cfffff,부동산,6
8930e1cf4cfffff,소매,27
8930e1cf4cfffff,수리·개인,13
8930e1cf4cfffff,숙박,4
8930e1cf4cfffff,예술·스포츠,13
8930e1cf4cfffff,음식,37
8930e1cf4d3ffff,과학·기술,2
8930e1cf4d3ffff,교육,4
8930e1cf4d3ffff,소매,4
8930e1cf4d3ffff,시설관리·임대,1
8930e1cf4d7ffff,과학·기술,10
8930e1cf4d7ffff,교육,7
8930e1cf4d7ffff,부동산,5
8930e1cf4d7ffff,소매,22
8930e1cf4d7ffff,수리·개인,18
8930e1cf4d7ffff,시설관리·임대,5
8930e1cf4d7ffff,예술·스포츠,2
8930e1cf4d7ffff,음식,12
8930e1cf4dbffff,과학·기술,3
8930e1cf4dbffff,교육,3
8930e1cf4dbffff,소매,11
8930e1cf4dbffff,수리·개인,7
8930e1cf4dbffff,숙박,2
8930e1cf4dbffff,시설관리·임대,1
8930e1cf4dbffff,예술·스포츠,3
8930e1cf4dbffff,음식,4
8930e1cf503ffff,과학·기술,9
8930e1cf503ffff,교육,10
8930e1cf503ffff,보건의료,11
8930e1cf503ffff,부동산,11
8930e1cf503ffff,소매,72
8930e1cf503ffff,수리·개인,27
8930e1cf503ffff,숙박,4
8930e1cf503ffff,시설관리·임대,5
8930e1cf503ffff,예술·스포츠,17
8930e1cf503ffff,음식,57
8930e1cf507ffff,과학·기술,26
8930e1cf507ffff,교육,8
8930e1cf507ffff,보건의료,2
8930e1cf507ffff,부동산,7
8930e1cf507ffff,소매,61
8930e1cf507ffff,수리·개인,24
8930e1cf507ffff,시설관리·임대,11
8930e1cf507ffff,예술·스포츠,6
8930e1cf507ffff,음식,44
8930e1cf50bffff,과학·기술,12
8930e1cf50bffff,교육,5
8930e1cf50bffff,보건의료,2
8930e1cf50bffff,부동산,10
8930e1cf50bffff,소매,40
8930e1cf50bffff,수리·개인,23
8930e1cf50bffff,숙박,2
8930e1cf50bffff,시설관리·임대,7
8930e1cf50bffff,예술·스포츠,2
8930e1cf50bffff,음식,44
8930e1cf50fffff,과학·기술,4
8930e1cf50fffff,교육,7
8930e1cf50fffff,보건의료,4
8930e1cf50fffff,부동산,6
8930e1cf50fffff,소매,31
8930e1cf50fffff,수리·개인,14
8930e1cf50fffff,숙박,1
8930e1cf50fffff,시설관리·임대,1
8930e1cf50fffff,예술·스포츠,5
8930e1cf50fffff,음식,26
8930e1cf513ffff,과학·기술,7
8930e1cf513ffff,교육,2
8930e1cf513ffff,부동산,2
8930e1cf513ffff,소매,13
8930e1cf513ffff,수리·개인,10
8930e1cf513ffff,시설관리·임대,1
8930e1cf513ffff,예술·스포츠,3
8930e1cf513ffff,음식,20
8930e1cf517ffff,과학·기술,18
8930e1cf517ffff,교육,10
8930e1cf517ffff,보건의료,5
8930e1cf517ffff,부동산,6
8930e1cf517ffff,소매,29
8930e1cf517ffff,수리·개인,15
8930e1cf517ffff,숙박,2
8930e1cf517ffff,시설관리·임대,5
8930e1cf517ffff,예술·스포츠,4
8930e1cf517ffff,음식,45
8930e1cf51bffff,과학·기술,22
8930e1cf51bffff,교육,9
8930e1cf51bffff,보건의료,46
8930e1cf51bffff,부동산,14
8930e1cf51bffff,소매,66
8930e1cf51bffff,수리·개인,54
8930e1cf51bffff,숙박,12
8930e1cf51bffff,시설관리·임대,15
8930e1cf51bffff,예술·스포츠,30
8930e1cf51bffff,음식,122
8930e1cf523ffff,부동산,1
8930e1cf523ffff,소매,2
8930e1cf523ffff,음식,1
8930e1cf527ffff,소매,1
8930e1cf52bffff,과학·기술,5
8930e1cf52bffff,교육,1
8930e1cf52bffff,보건의료,1
8930e1cf52bffff,부동산,3
8930e1cf52bffff,소매,15
8930e1cf52bffff,수리·개인,4
8930e1cf52bffff,숙박,3
8930e1cf52bffff,시설관리·임대,1
8930e1cf52bffff,예술·스포츠,3
8930e1cf52bffff,음식,6
8930e1cf52fffff,소매,12
8930e1cf52fffff,음식,3
8930e1cf533ffff,과학·기술,7
8930e1cf533ffff,교육,15
8930e1cf533ffff,보건의료,5
8930e1cf533ffff,부동산,11
8930e1cf533ffff,소매,19
8930e1cf533ffff,수리·개인,16
8930e1cf533ffff,숙박,2
8930e1cf533ffff,시설관리·임대,3
8930e1cf533ffff,예술·스포츠,8
8930e1cf533ffff,음식,30
8930e1cf53bffff,과학·기술,14
8930e1cf53bffff,교육,22
8930e1cf53bffff,보건의료,2
8930e1cf53bffff,부동산,12
8930e1cf53bffff,소매,37
8930e1cf53bffff,수리·개인,25
8930e1cf53bffff,숙박,1
8930e1cf53bffff,시설관리·임대,1
8930e1cf53bffff,예술·스포츠,3
8930e1cf53bffff,음식,32
8930e1cf543ffff,과학·기술,13
8930e1cf543ffff,교육,4
8930e1cf543ffff,보건의료,3
8930e1cf543ffff,부동산,4
8930e1cf543ffff,소매,16
8930e1cf543ffff,수리·개인,15
8930e1cf543ffff,숙박,1
8930e1cf543ffff,시설관리·임대,3
8930e1cf543ffff,예술·스포츠,6
8930e1cf543ffff,음식,21
8930e1cf547ffff,과학·기술,8
8930e1cf547ffff,교육,1
8930e1cf547ffff,보건의료,2
8930e1cf547ffff,부동산,4
8930e1cf547ffff,소매,17
8930e1cf547ffff,수리·개인,12
8930e1cf547ffff,숙박,2
8930e1cf547ffff,시설관리·임대,7
8930e1cf547ffff,예술·스포츠,7
8930e1cf547ffff,음식,42
8930e1cf54bffff,과학·기술,12
8930e1cf54bffff,교육,13
8930e1cf54bffff,보건의료,4
8930e1cf54bffff,부동산,29
8930e1cf54bffff,소매,25
8930e1cf54bffff,수리·개인,23
8930e1cf54bffff,시설관리·임대,4
8930e1cf54bffff,예술·스포츠,7
8930e1cf54bffff,음식,29
8930e1cf54fffff,과학·기술,11
8930e1cf54fffff,교육,15
8930e1cf54fffff,보건의료,3
8930e1cf54fffff,부동산,13
8930e1cf54fffff,소매,28
8930e1cf54fffff,수리·개인,27
8930e1cf54fffff,숙박,1
8930e1cf54fffff,시설관리·임대,4
8930e1cf54fffff,예술·스포츠,4
8930e1cf54fffff,음식,20
8930e1cf553ffff,과학·기술,36
8930e1cf553ffff,교육,13
8930e1cf553ffff,보건의료,17
8930e1cf553ffff,부동산,13
8930e1cf553ffff,소매,47
8930e1cf553ffff,수리·개인,32
8930e1cf553ffff,숙박,3
8930e1cf553ffff,시설관리·임대,16
8930e1cf553ffff,예술·스포츠,11
8930e1cf553ffff,음식,66
8930e1cf557ffff,과학·기술,62
8930e1cf557ffff,교육,16
8930e1cf557ffff,보건의료,17
8930e1cf557ffff,부동산,8
8930e1cf557ffff,소매,39
8930e1cf557ffff,수리·개인,17
8930e1cf557ffff,숙박,9
8930e1cf557ffff,시설관리·임대,14
8930e1cf557ffff,예술·스포츠,15
8930e1cf557ffff,음식,99
8930e1cf55bffff,과학·기술,23
8930e1cf55bffff,교육,4
8930e1cf55bffff,보건의료,4
8930e1cf55bffff,부동산,14
8930e1cf55bffff,소매,18
8930e1cf55bffff,수리·개인,14
8930e1cf55bffff,숙박,4
8930e1cf55bffff,시설관리·임대,6
8930e1cf55bffff,예술·스포츠,2
8930e1cf55bffff,음식,27
8930e1cf563ffff,과학·기술,5
8930e1cf563ffff,교육,15
8930e1cf563ffff,부동산,4
8930e1cf563ffff,소매,13
8930e1cf563ffff,수리·개인,10
8930e1cf563ffff,예술·스포츠,1
8930e1cf563ffff,음식,6
8930e1cf567ffff,과학·기술,2
8930e1cf567ffff,교육,1
8930e1cf567ffff,수리·개인,1
8930e1cf567ffff,시설관리·임대,2
8930e1cf567ffff,음식,6
8930e1cf56bffff,과학·기술,2
8930e1cf56bffff,소매,3
8930e1cf56bffff,음식,1
8930e1cf56fffff,과학·기술,2
8930e1cf56fffff,교육,1
8930e1cf56fffff,부동산,2
8930e1cf56fffff,소매,4
8930e1cf56fffff,시설관리·임대,1
8930e1cf56fffff,음식,4
8930e1cf573ffff,과학·기술,12
8930e1cf573ffff,교육,18
8930e1cf573ffff,보건의료,11
8930e1cf573ffff,부동산,14
8930e1cf573ffff,소매,42
8930e1cf573ffff,수리·개인,33
8930e1cf573ffff,숙박,2
8930e1cf573ffff,시설관리·임대,9
8930e1cf573ffff,예술·스포츠,18
8930e1cf573ffff,음식,47
8930e1cf577ffff,과학·기술,5
8930e1cf577ffff,교육,4
8930e1cf577ffff,보건의료,2
8930e1cf577ffff,부동산,2
8930e1cf577ffff,소매,11
8930e1cf577ffff,수리·개인,2
8930e1cf577ffff,시설관리·임대,2
8930e1cf577ffff,예술·스포츠,4
8930e1cf577ffff,음식,12
8930e1cf57bffff,과학·기술,2
8930e1cf57bffff,교육,6
8930e1cf57bffff,부동산,5
8930e1cf57bffff,소매,5
8930e1cf57bffff,수리·개인,8
8930e1cf57bffff,숙박,1
8930e1cf57bffff,시설관리·임대,3
8930e1cf57bffff,음식,9
8930e1cf583ffff,과학·기술,4
8930e1cf583ffff,교육,5
8930e1cf583ffff,부동산,2
8930e1cf583ffff,소매,12
8930e1cf583ffff,수리·개인,13
8930e1cf583ffff,숙박,1
8930e1cf583ffff,시설관리·임대,6
8930e1cf583ffff,예술·스포츠,1
8930e1cf583ffff,음식,16
8930e1cf587ffff,과학·기술,11
8930e1cf587ffff,교육,3
8930e1cf587ffff,부동산,4
8930e1cf587ffff,소매,10
8930e1cf587ffff,수리·개인,9
8930e1cf587ffff,시설관리·임대,4
8930e1cf587ffff,음식,17
8930e1cf58bffff,과학·기술,7
8930e1cf58bffff,교육,9
8930e1cf58bffff,부동산,5
8930e1cf58bffff,소매,19
8930e1cf58bffff,수리·개인,19
8930e1cf58bffff,숙박,3
8930e1cf58bffff,시설관리·임대,1
8930e1cf58bffff,예술·스포츠,2
8930e1cf58bffff,음식,17
8930e1cf58fffff,과학·기술,3
8930e1cf58fffff,교육,12
8930e1cf58fffff,부동산,5
8930e1cf58fffff,소매,16
8930e1cf58fffff,수리·개인,19
8930e1cf58fffff,시설관리·임대,7
8930e1cf58fffff,음식,18
8930e1cf593ffff,과학·기술,11
8930e1cf593ffff,교육,14
8930e1cf593ffff,보건의료,10
8930e1cf593ffff,부동산,5
8930e1cf593ffff,소매,42
8930e1cf593ffff,수리·개인,26
8930e1cf593ffff,숙박,3
8930e1cf593ffff,시설관리·임대,9
8930e1cf593ffff,예술·스포츠,19
8930e1cf593ffff,음식,72
8930e1cf597ffff,과학·기술,3
8930e1cf597ffff,교육,3
8930e1cf597ffff,보건의료,2
8930e1cf597ffff,부동산,1
8930e1cf597ffff,소매,10
8930e1cf597ffff,수리·개인,9
8930e1cf597ffff,시설관리·임대,1
8930e1cf597ffff,예술·스포츠,3
8930e1cf597ffff,음식,11
8930e1cf59bffff,과학·기술,5
8930e1cf59bffff,교육,6
8930e1cf59bffff,부동산,2
8930e1cf59bffff,소매,11
8930e1cf59bffff,수리·개인,8
8930e1cf59bffff,시설관리·임대,1
8930e1cf59bffff,음식,4
8930e1cf5a3ffff,과학·기술,8
8930e1cf5a3ffff,교육,14
8930e1cf5a3ffff,보건의료,4
8930e1cf5a3ffff,부동산,14
8930e1cf5a3ffff,소매,38
8930e1cf5a3ffff,수리·개인,27
8930e1cf5a3ffff,숙박,2
8930e1cf5a3ffff,시설관리·임대,5
8930e1cf5a3ffff,예술·스포츠,13
8930e1cf5a3ffff,음식,57
8930e1cf5a7ffff,과학·기술,2
8930e1cf5a7ffff,교육,1
8930e1cf5a7ffff,보건의료,1
8930e1cf5a7ffff,소매,6
8930e1cf5a7ffff,수리·개인,1
8930e1cf5a7ffff,음식,2
8930e1cf5abffff,과학·기술,17
8930e1cf5abffff,교육,5
8930e1cf5abffff,보건의료,1
8930e1cf5abffff,부동산,13
8930e1cf5abffff,소매,25
8930e1cf5abffff,수리·개인,37
8930e1cf5abffff,숙박,3
8930e1cf5abffff,시설관리·임대,7
8930e1cf5abffff,예술·스포츠,5
8930e1cf5abffff,음식,35
8930e1cf5afffff,과학·기술,7
8930e1cf5afffff,교육,7
8930e1cf5afffff,보건의료,1
8930e1cf5afffff,부동산,3
8930e1cf5afffff,소매,6
8930e1cf5afffff,수리·개인,8
8930e1cf5afffff,숙박,1
8930e1cf5afffff,시설관리·임대,1
8930e1cf5afffff,예술·스포츠,3
8930e1cf5afffff,음식,3
8930e1cf5b3ffff,과학·기술,22
8930e1cf5b3ffff,교육,21
8930e1cf5b3ffff,보건의료,20
8930e1cf5b3ffff,부동산,8
8930e1cf5b3ffff,소매,40
8930e1cf5b3ffff,수리·개인,20
8930e1cf5b3ffff,시설관리·임대,14
8930e1cf5b3ffff,예술·스포츠,11
8930e1cf5b3ffff,음식,39
8930e1cf5b7ffff,과학·기술,8
8930e1cf5b7ffff,교육,17
8930e1cf5b7ffff,부동산,4
8930e1cf5b7ffff,소매,66
8930e1cf5b7ffff,수리·개인,29
8930e1cf5b7ffff,숙박,3
8930e1cf5b7ffff,시설관리·임대,7
8930e1cf5b7ffff,예술·스포츠,9
8930e1cf5b7ffff,음식,53
8930e1cf5bbffff,과학·기술,7
8930e1cf5bbffff,교육,15
8930e1cf5bbffff,보건의료,17
8930e1cf5bbffff,부동산,7
8930e1cf5bbffff,소매,45
8930e1cf5bbffff,수리·개인,22
8930e1cf5bbffff,숙박,2
8930e1cf5bbffff,시설관리·임대,10
8930e1cf5bbffff,예술·스포츠,12
8930e1cf5bbffff,음식,51
8930e1cf5c3ffff,과학·기술,10
8930e1cf5c3ffff,교육,8
8930e1cf5c3ffff,보건의료,3
8930e1cf5c3ffff,부동산,14
8930e1cf5c3ffff,소매,24
8930e1cf5c3ffff,수리·개인,21
8930e1cf5c3ffff,숙박,1
8930e1cf5c3ffff,시설관리·임대,7
8930e1cf5c3ffff,예술·스포츠,4
8930e1cf5c3ffff,음식,34
8930e1cf5c7ffff,과학·기술,23
8930e1cf5c7ffff,교육,13
8930e1cf5c7ffff,보건의료,1
8930e1cf5c7ffff,부동산,10
8930e1cf5c7ffff,소매,14
8930e1cf5c7ffff,수리·개인,8
8930e1cf5c7ffff,숙박,5
8930e1cf5c7ffff,시설관리·임대,10
8930e1cf5c7ffff,예술·스포츠,6
8930e1cf5c7ffff,음식,40
8930e1cf5cbffff,과학·기술,5
8930e1cf5cbffff,교육,11
8930e1cf5cbffff,보건의료,20
8930e1cf5cbffff,부동산,3
8930e1cf5cbffff,소매,33
8930e1cf5cbffff,수리·개인,29
8930e1cf5cbffff,숙박,3
8930e1cf5cbffff,시설관리·임대,3
8930e1cf5cbffff,예술·스포츠,1
8930e1cf5cbffff,음식,87
8930e1cf5cfffff,과학·기술,11
8930e1cf5cfffff,교육,6
8930e1cf5cfffff,보건의료,7
8930e1cf5cfffff,부동산,1
8930e1cf5cfffff,소매,13
8930e1cf5cfffff,수리·개인,9
8930e1cf5cfffff,숙박,9
8930e1cf5cfffff,시설관리·임대,6
8930e1cf5cfffff,예술·스포츠,7
8930e1cf5cfffff,음식,113
8930e1cf5d3ffff,과학·기술,8
8930e1cf5d3ffff,교육,1
8930e1cf5d3ffff,부동산,3
8930e1cf5d3ffff,소매,8
8930e1cf5d3ffff,수리·개인,11
8930e1cf5d3ffff,숙박,3
8930e1cf5d3ffff,시설관리·임대,8
8930e1cf5d3ffff,예술·스포츠,4
8930e1cf5d3ffff,음식,15
8930e1cf5d7ffff,과학·기술,10
8930e1cf5d7ffff,교육,1
8930e1cf5d7ffff,부동산,5
8930e1cf5d7ffff,소매,17
8930e1cf5d7ffff,수리·개인,20
8930e1cf5d7ffff,숙박,6
8930e1cf5d7ffff,시설관리·임대,5
8930e1cf5d7ffff,예술·스포츠,2
8930e1cf5d7ffff,음식,28
8930e1cf5dbffff,과학·기술,21
8930e1cf5dbffff,교육,13
8930e1cf5dbffff,부동산,26
8930e1cf5dbffff,소매,38
8930e1cf5dbffff,수리·개인,22
8930e1cf5dbffff,숙박,1
8930e1cf5dbffff,시설관리·임대,20
8930e1cf5dbffff,예술·스포츠,4
8930e1cf5dbffff,음식,40
8930e1cf603ffff,과학·기술,18
8930e1cf603ffff,교육,17
8930e1cf603ffff,보건의료,1
8930e1cf603ffff,부동산,3
8930e1cf603ffff,소매,20
8930e1cf603ffff,수리·개인,14
8930e1cf603ffff,숙박,1
8930e1cf603ffff,시설관리·임대,5
8930e1cf603ffff,예술·스포츠,6
8930e1cf603ffff,음식,28
8930e1cf607ffff,과학·기술,12
8930e1cf607ffff,교육,29
8930e1cf607ffff,부동산,2
8930e1cf607ffff,소매,11
8930e1cf607ffff,수리·개인,9
8930e1cf607ffff,시설관리·임대,3
8930e1cf607ffff,예술·스포츠,5
8930e1cf607ffff,음식,26
8930e1cf60bffff,과학·기술,4
8930e1cf60bffff,교육,15
8930e1cf60bffff,부동산,1
8930e1cf60bffff,소매,10
8930e1cf60bffff,수리·개인,3
8930e1cf60bffff,예술·스포츠,3
8930e1cf60bffff,음식,12
8930e1cf60fffff,과학·기술,12
8930e1cf60fffff,교육,67
8930e1cf60fffff,보건의료,9
8930e1cf60fffff,부동산,7
8930e1cf60fffff,소매,28
8930e1cf60fffff,수리·개인,20
8930e1cf60fffff,시설관리·임대,5
8930e1cf60fffff,예술·스포츠,16
8930e1cf60fffff,음식,62
8930e1cf613ffff,과학·기술,10
8930e1cf613ffff,교육,14
8930e1cf613ffff,보건의료,4
8930e1cf613ffff,부동산,11
8930e1cf613ffff,소매,25
8930e1cf613ffff,수리·개인,21
8930e1cf613ffff,숙박,3
8930e1cf613ffff,예술·스포츠,7
8930e1cf613ffff,음식,33
8930e1cf617ffff,과학·기술,3
8930e1cf617ffff,교육,7
8930e1cf617ffff,부동산,1
8930e1cf617ffff,소매,8
8930e1cf617ffff,수리·개인,1
8930e1cf617ffff,예술·스포츠,2
8930e1cf617ffff,음식,8
8930e1cf61bffff,과학·기술,29
8930e1cf61bffff,교육,12
8930e1cf61bffff,보건의료,8
8930e1cf61bffff,부동산,9
8930e1cf61bffff,소매,38
8930e1cf61bffff,수리·개인,28
8930e1cf61bffff,숙박,4
8930e1cf61bffff,시설관리·임대,4
8930e1cf61bffff,예술·스포츠,15
8930e1cf61bffff,음식,45
8930e1cf623ffff,과학·기술,3
8930e1cf623ffff,교육,11
8930e1cf623ffff,보건의료,5
8930e1cf623ffff,부동산,4
8930e1cf623ffff,소매,7
8930e1cf623ffff,수리·개인,6
8930e1cf623ffff,시설관리·임대,1
8930e1cf623ffff,예술·스포츠,2
8930e1cf623ffff,음식,4
8930e1cf627ffff,과학·기술,1
8930e1cf62bffff,과학·기술,4
8930e1cf62bffff,교육,21
8930e1cf62bffff,부동산,6
8930e1cf62bffff,소매,22
8930e1cf62bffff,수리·개인,10
8930e1cf62bffff,숙박,4
8930e1cf62bffff,시설관리·임대,4
8930e1cf62bffff,예술·스포츠,13
8930e1cf62bffff,음식,40
8930e1cf62fffff,과학·기술,1
8930e1cf62fffff,교육,21
8930e1cf62fffff,소매,7
8930e1cf62fffff,수리·개인,4
8930e1cf62fffff,예술·스포츠,5
8930e1cf62fffff,음식,10
8930e1cf637ffff,보건의료,1
8930e1cf637ffff,음식,1
8930e1cf63bffff,과학·기술,11
8930e1cf63bffff,교육,61
8930e1cf63bffff,보건의료,3
8930e1cf63bffff,부동산,3
8930e1cf63bffff,소매,17
8930e1cf63bffff,수리·개인,8
8930e1cf63bffff,숙박,1
8930e1cf63bffff,예술·스포츠,17
8930e1cf63bffff,음식,63
8930e1cf643ffff,과학·기술,3
8930e1cf643ffff,교육,15
8930e1cf643ffff,보건의료,4
8930e1cf643ffff,부동산,10
8930e1cf643ffff,소매,21
8930e1cf643ffff,수리·개인,5
8930e1cf643ffff,예술·스포츠,8
8930e1cf643ffff,음식,14
8930e1cf647ffff,과학·기술,12
8930e1cf647ffff,교육,13
8930e1cf647ffff,보건의료,7
8930e1cf647ffff,부동산,1
8930e1cf647ffff,소매,20
8930e1cf647ffff,수리·개인,13
8930e1cf647ffff,시설관리·임대,1
8930e1cf647ffff,예술·스포츠,6
8930e1cf647ffff,음식,29
8930e1cf64bffff,과학·기술,1
8930e1cf64bffff,교육,19
8930e1cf64bffff,부동산,1
8930e1cf64bffff,소매,12
8930e1cf64bffff,수리·개인,5
8930e1cf64bffff,숙박,1
8930e1cf64bffff,시설관리·임대,1
8930e1cf64bffff,예술·스포츠,3
8930e1cf64bffff,음식,5
8930e1cf64fffff,교육,6
8930e1cf64fffff,보건의료,1
8930e1cf64fffff,부동산,2
8930e1cf64fffff,소매,7
8930e1cf64fffff,수리·개인,5
8930e1cf64fffff,시설관리·임대,1
8930e1cf64fffff,음식,3
8930e1cf653ffff,과학·기술,16
8930e1cf653ffff,교육,20
8930e1cf653ffff,보건의료,7
8930e1cf653ffff,부동산,5
8930e1cf653ffff,소매,30
8930e1cf653ffff,수리·개인,15
8930e1cf653ffff,시설관리·임대,5
8930e1cf653ffff,예술·스포츠,10
8930e1cf653ffff,음식,37
8930e1cf657ffff,과학·기술,12
8930e1cf657ffff,교육,6
8930e1cf657ffff,부동산,1
8930e1cf657ffff,소매,4
8930e1cf657ffff,수리·개인,5
8930e1cf657ffff,시설관리·임대,1
8930e1cf657ffff,예술·스포츠,2
8930e1cf657ffff,음식,2
8930e1cf65bffff,과학·기술,19
8930e1cf65bffff,교육,16
8930e1cf65bffff,보건의료,8
8930e1cf65bffff,부동산,9
8930e1cf65bffff,소매,28
8930e1cf65bffff,수리·개인,15
8930e1cf65bffff,시설관리·임대,6
8930e1cf65bffff,예술·스포츠,5
8930e1cf65bffff,음식,22
8930e1cf667ffff,과학·기술,23
8930e1cf667ffff,교육,34
8930e1cf667ffff,보건의료,3
8930e1cf667ffff,부동산,10
8930e1cf667ffff,소매,34
8930e1cf667ffff,수리·개인,30
8930e1cf667ffff,숙박,1
8930e1cf667ffff,시설관리·임대,7
8930e1cf667ffff,예술·스포츠,16
8930e1cf667ffff,음식,43
8930e1cf66bffff,과학·기술,14
8930e1cf66bffff,교육,5
8930e1cf66bffff,보건의료,8
8930e1cf66bffff,부동산,5
8930e1cf66bffff,소매,38
8930e1cf66bffff,수리·개인,7
8930e1cf66bffff,숙박,1
8930e1cf66bffff,시설관리·임대,9
8930e1cf66bffff,예술·스포츠,10
8930e1cf66bffff,음식,67
8930e1cf66fffff,과학·기술,13
8930e1cf66fffff,교육,12
8930e1cf66fffff,부동산,4
8930e1cf66fffff,소매,8
8930e1cf66fffff,수리·개인,3
8930e1cf66fffff,시설관리·임대,1
8930e1cf66fffff,예술·스포츠,4
8930e1cf66fffff,음식,20
8930e1cf673ffff,과학·기술,3
8930e1cf673ffff,교육,11
8930e1cf673ffff,부동산,3
8930e1cf673ffff,소매,11
8930e1cf673ffff,수리·개인,17
8930e1cf673ffff,시설관리·임대,4
8930e1cf673ffff,예술·스포츠,4
8930e1cf673ffff,음식,11
8930e1cf677ffff,과학·기술,4
8930e1cf677ffff,교육,26
8930e1cf677ffff,보건의료,27
8930e1cf677ffff,부동산,1
8930e1cf677ffff,소매,26
8930e1cf677ffff,수리·개인,9
8930e1cf677ffff,시설관리·임대,2
8930e1cf677ffff,예술·스포츠,10
8930e1cf677ffff,음식,26
8930e1cf67bffff,과학·기술,1
8930e1cf67bffff,보건의료,1
8930e1cf67bffff,부동산,3
8930e1cf67bffff,소매,5
8930e1cf67bffff,수리·개인,6
8930e1cf67bffff,시설관리·임대,2
8930e1cf67bffff,음식,3
8930e1cf68bffff,과학·기술,89
8930e1cf68bffff,교육,17
8930e1cf68bffff,보건의료,2
8930e1cf68bffff,부동산,11
8930e1cf68bffff,소매,27
8930e1cf68bffff,수리·개인,15
8930e1cf68bffff,숙박,1
8930e1cf68bffff,시설관리·임대,10
8930e1cf68bffff,예술·스포츠,9
8930e1cf68bffff,음식,27
8930e1cf68fffff,과학·기술,1
8930e1cf68fffff,교육,2
8930e1cf68fffff,부동산,2
8930e1cf68fffff,소매,6
8930e1cf68fffff,시설관리·임대,1
8930e1cf68fffff,예술·스포츠,1
8930e1cf68fffff,음식,7
8930e1cf693ffff,교육,8
8930e1cf693ffff,보건의료,3
8930e1cf693ffff,부동산,2
8930e1cf693ffff,소매,1
8930e1cf693ffff,예술·스포츠,1
8930e1cf693ffff,음식,3
8930e1cf697ffff,과학·기술,17
8930e1cf697ffff,보건의료,1
8930e1cf697ffff,소매,19
8930e1cf697ffff,시설관리·임대,4
8930e1cf697ffff,예술·스포츠,7
8930e1cf697ffff,음식,12
8930e1cf69bffff,과학·기술,90
8930e1cf69bffff,교육,19
8930e1cf69bffff,보건의료,7
8930e1cf69bffff,부동산,14
8930e1cf69bffff,소매,33
8930e1cf69bffff,수리·개인,23
8930e1cf69bffff,숙박,9
8930e1cf69bffff,시설관리·임대,23
8930e1cf69bffff,예술·스포츠,4
8930e1cf69bffff,음식,43
8930e1cf6c3ffff,과학·기술,49
8930e1cf6c3ffff,교육,18
8930e1cf6c3ffff,보건의료,23
8930e1cf6c3ffff,부동산,16
8930e1cf6c3ffff,소매,50
8930e1cf6c3ffff,수리·개인,22
8930e1cf6c3ffff,숙박,2
8930e1cf6c3ffff,시설관리·임대,12
8930e1cf6c3ffff,예술·스포츠,14
8930e1cf6c3ffff,음식,70
8930e1cf6c7ffff,과학·기술,5
8930e1cf6c7ffff,교육,7
8930e1cf6c7ffff,보건의료,8
8930e1cf6c7ffff,부동산,4
8930e1cf6c7ffff,소매,41
8930e1cf6c7ffff,수리·개인,17
8930e1cf6c7ffff,숙박,2
8930e1cf6c7ffff,시설관리·임대,2
8930e1cf6c7ffff,예술·스포츠,6
8930e1cf6c7ffff,음식,23
8930e1cf6cbffff,과학·기술,27
8930e1cf6cbffff,교육,8
8930e1cf6cbffff,보건의료,2
8930e1cf6cbffff,부동산,8
8930e1cf6cbffff,소매,23
8930e1cf6cbffff,수리·개인,32
8930e1cf6cbffff,숙박,1
8930e1cf6cbffff,시설관리·임대,9
8930e1cf6cbffff,예술·스포츠,8
8930e1cf6cbffff,음식,36
8930e1cf6cfffff,과학·기술,28
8930e1cf6cfffff,교육,13
8930e1cf6cfffff,보건의료,1
8930e1cf6cfffff,부동산,3
8930e1cf6cfffff,소매,31
8930e1cf6cfffff,수리·개인,17
8930e1cf6cfffff,시설관리·임대,4
8930e1cf6cfffff,예술·스포츠,5
8930e1cf6cfffff,음식,26
8930e1cf6d3ffff,과학·기술,27
8930e1cf6d3ffff,교육,9
8930e1cf6d3ffff,보건의료,1
8930e1cf6d3ffff,부동산,8
8930e1cf6d3ffff,소매,21
8930e1cf6d3ffff,수리·개인,25
8930e1cf6d3ffff,숙박,11
8930e1cf6d3ffff,시설관리·임대,5
8930e1cf6d3ffff,예술·스포츠,14
8930e1cf6d3ffff,음식,124
8930e1cf6d7ffff,과학·기술,25
8930e1cf6d7ffff,교육,5
8930e1cf6d7ffff,보건의료,3
8930e1cf6d7ffff,부동산,5
8930e1cf6d7ffff,소매,20
8930e1cf6d7ffff,수리·개인,9
8930e1cf6d7ffff,숙박,2
8930e1cf6d7ffff,시설관리·임대,9
8930e1cf6d7ffff,예술·스포츠,3
8930e1cf6d7ffff,음식,24
8930e1cf6dbffff,과학·기술,50
8930e1cf6dbffff,교육,8
8930e1cf6dbffff,보건의료,3
8930e1cf6dbffff,부동산,8
8930e1cf6dbffff,소매,33
8930e1cf6dbffff,수리·개인,17
8930e1cf6dbffff,숙박,4
8930e1cf6dbffff,시설관리·임대,2
8930e1cf6dbffff,예술·스포츠,10
8930e1cf6dbffff,음식,110
8930e1d0a0bffff,교육,1
8930e1d0a0bffff,소매,2
8930e1d0a0bffff,시설관리·임대,1
8930e1d0a0bffff,음식,9
8930e1d0a1bffff,숙박,1
8930e1d0a1bffff,음식,2
8930e1d0a47ffff,교육,1
8930e1d0a47ffff,소매,4
8930e1d0a47ffff,수리·개인,2
8930e1d0a47ffff,음식,4
8930e1d0a57ffff,음식,1
8930e1d0a63ffff,소매,1
8930e1d0a6bffff,과학·기술,1
8930e1d0a6bffff,교육,1
8930e1d0a6bffff,보건의료,1
8930e1d0a6bffff,소매,1
8930e1d0a6bffff,음식,7
8930e1d0a73ffff,숙박,1
8930e1d0a73ffff,음식,3
8930e1d0a7bffff,숙박,1
8930e1d0a7bffff,음식,3
8930e1d0b27ffff,소매,1
8930e1d0b37ffff,음식,1
8930e1d0b67ffff,음식,1
8930e1d0b6fffff,숙박,1
8930e1d0b6fffff,음식,1
8930e1d0b7bffff,음식,3
8930e1d1003ffff,소매,1
8930e1d100bffff,부동산,1
8930e1d100bffff,수리·개인,2
8930e1d100bffff,음식,1
8930e1d1013ffff,교육,4
8930e1d1013ffff,부동산,1
8930e1d1013ffff,소매,5
8930e1d1013ffff,수리·개인,2
8930e1d1013ffff,음식,9
8930e1d1017ffff,음식,3
8930e1d101bffff,교육,1
8930e1d101bffff,부동산,1
8930e1d101bffff,소매,1
8930e1d101bffff,수리·개인,1
8930e1d101bffff,음식,1
8930e1d102bffff,과학·기술,3
8930e1d102bffff,교육,3
8930e1d102bffff,소매,8
8930e1d102bffff,수리·개인,1
8930e1d102bffff,숙박,3
8930e1d102bffff,시설관리·임대,1
8930e1d102bffff,예술·스포츠,1
8930e1d102bffff,음식,5
8930e1d102fffff,과학·기술,1
8930e1d102fffff,소매,1
8930e1d102fffff,숙박,1
8930e1d1037ffff,소매,2
8930e1d1037ffff,숙박,2
8930e1d1037ffff,음식,1
8930e1d104bffff,과학·기술,2
8930e1d104bffff,교육,1
8930e1d104bffff,부동산,2
8930e1d104bffff,소매,2
8930e1d104bffff,수리·개인,4
8930e1d104bffff,예술·스포츠,1
8930e1d104bffff,음식,5
8930e1d104fffff,과학·기술,2
8930e1d104fffff,소매,1
8930e1d1063ffff,과학·기술,1
8930e1d1063ffff,소매,1
8930e1d1063ffff,수리·개인,1
8930e1d1063ffff,음식,3
8930e1d1067ffff,과학·기술,10
8930e1d1067ffff,교육,5
8930e1d1067ffff,부동산,1
8930e1d1067ffff,소매,4
8930e1d1067ffff,숙박,4
8930e1d1067ffff,시설관리·임대,1
8930e1d1067ffff,예술·스포츠,1
8930e1d1067ffff,음식,9
8930e1d106bffff,과학·기술,1
8930e1d106bffff,소매,2
8930e1d106bffff,수리·개인,1
8930e1d106bffff,시설관리·임대,1
8930e1d106bffff,음식,5
8930e1d106fffff,교육,1
8930e1d106fffff,음식,4
8930e1d107bffff,과학·기술,1
8930e1d107bffff,소매,2
8930e1d107bffff,수리·개인,2
8930e1d107bffff,음식,4
8930e1d10a7ffff,소매,1
8930e1d10a7ffff,음식,1
8930e1d10abffff,과학·기술,1
8930e1d10abffff,교육,2
8930e1d10abffff,보건의료,1
8930e1d10afffff,음식,2
8930e1d10bbffff,교육,1
8930e1d10c3ffff,부동산,2
8930e1d10c3ffff,소매,1
8930e1d10c3ffff,수리·개인,3
8930e1d10c3ffff,음식,4
8930e1d10c7ffff,교육,5
8930e1d10c7ffff,보건의료,1
8930e1d10c7ffff,수리·개인,2
8930e1d10c7ffff,음식,11
8930e1d10cbffff,과학·기술,1
8930e1d10cbffff,교육,7
8930e1d10cbffff,보건의료,1
8930e1d10cbffff,부동산,2
8930e1d10cbffff,소매,9
8930e1d10cbffff,수리·개인,6
8930e1d10cbffff,음식,7
8930e1d10dbffff,교육,1
8930e1d10dbffff,부동산,3
8930e1d10dbffff,소매,10
8930e1d10dbffff,수리·개인,5
8930e1d10dbffff,예술·스포츠,2
8930e1d10dbffff,음식,11
8930e1d1113ffff,음식,1
8930e1d1117ffff,과학·기술,5
8930e1d1117ffff,교육,3
8930e1d1117ffff,부동산,1
8930e1d1117ffff,소매,26
8930e1d1117ffff,수리·개인,1
8930e1d1117ffff,시설관리·임대,2
8930e1d1117ffff,음식,22
8930e1d114bffff,음식,2
8930e1d118fffff,과학·기술,1
8930e1d118fffff,소매,4
8930e1d118fffff,시설관리·임대,1
8930e1d118fffff,예술·스포츠,1
8930e1d118fffff,음식,13
8930e1d119bffff,소매,2
8930e1d11c3ffff,교육,1
8930e1d11c3ffff,음식,1
8930e1d11c7ffff,소매,1
8930e1d11cfffff,음식,1
8930e1d11d3ffff,부동산,3
8930e1d11d3ffff,소매,2
8930e1d11d3ffff,수리·개인,1
8930e1d11d3ffff,음식,13
8930e1d11d7ffff,소매,1
8930e1d11dbffff,소매,1
8930e1d11dbffff,숙박,4
8930e1d11dbffff,음식,5
8930e1d1203ffff,과학·기술,4
8930e1d1203ffff,교육,10
8930e1d1203ffff,부동산,3
8930e1d1203ffff,소매,24
8930e1d1203ffff,수리·개인,21
8930e1d1203ffff,시설관리·임대,3
8930e1d1203ffff,예술·스포츠,1
8930e1d1203ffff,음식,28
8930e1d1207ffff,부동산,1
8930e1d1207ffff,소매,1
8930e1d1207ffff,수리·개인,1
8930e1d1207ffff,시설관리·임대,1
8930e1d120bffff,과학·기술,13
8930e1d120bffff,교육,13
8930e1d120bffff,부동산,9
8930e1d120bffff,소매,25
8930e1d120bffff,수리·개인,18
8930e1d120bffff,숙박,3
8930e1d120bffff,시설관리·임대,5
8930e1d120bffff,예술·스포츠,4
8930e1d120bffff,음식,25
8930e1d120fffff,과학·기술,6
8930e1d120fffff,교육,4
8930e1d120fffff,부동산,1
8930e1d120fffff,소매,10
8930e1d120fffff,수리·개인,8
8930e1d120fffff,음식,13
8930e1d1213ffff,과학·기술,1
8930e1d1213ffff,교육,3
8930e1d1213ffff,소매,4
8930e1d1213ffff,수리·개인,4
8930e1d1213ffff,시설관리·임대,4
8930e1d1213ffff,예술·스포츠,1
8930e1d1213ffff,음식,3
8930e1d1217ffff,소매,2
8930e1d121bffff,과학·기술,4
8930e1d121bffff,교육,3
8930e1d121bffff,소매,4
8930e1d121bffff,수리·개인,9
8930e1d121bffff,시설관리·임대,6
8930e1d121bffff,음식,2
8930e1d122bffff,음식,1
8930e1d1233ffff,소매,1
8930e1d1233ffff,음식,1
8930e1d123bffff,예술·스포츠,1
8930e1d123bffff,음식,2
8930e1d1243ffff,과학·기술,8
8930e1d1243ffff,교육,2
8930e1d1243ffff,부동산,8
8930e1d1243ffff,소매,7
8930e1d1243ffff,수리·개인,14
8930e1d1243ffff,숙박,1
8930e1d1243ffff,시설관리·임대,5
8930e1d1243ffff,음식,11
8930e1d1247ffff,과학·기술,2
8930e1d1247ffff,소매,1
8930e1d1247ffff,시설관리·임대,1
8930e1d1247ffff,음식,1
8930e1d124bffff,과학·기술,24
8930e1d124bffff,교육,13
8930e1d124bffff,보건의료,3
8930e1d124bffff,부동산,9
8930e1d124bffff,소매,31
8930e1d124bffff,수리·개인,21
8930e1d124bffff,숙박,1
8930e1d124bffff,시설관리·임대,13
8930e1d124bffff,예술·스포츠,7
8930e1d124bffff,음식,21
8930e1d124fffff,과학·기술,7
8930e1d124fffff,교육,4
8930e1d124fffff,보건의료,1
8930e1d124fffff,부동산,7
8930e1d124fffff,소매,2
8930e1d124fffff,수리·개인,3
8930e1d124fffff,시설관리·임대,1
8930e1d1253ffff,과학·기술,9
8930e1d1253ffff,교육,5
8930e1d1253ffff,보건의료,27
8930e1d1253ffff,부동산,11
8930e1d1253ffff,소매,68
8930e1d1253ffff,수리·개인,17
8930e1d1253ffff,숙박,3
8930e1d1253ffff,시설관리·임대,7
8930e1d1253ffff,예술·스포츠,4
8930e1d1253ffff,음식,52
8930e1d1257ffff,과학·기술,10
8930e1d1257ffff,교육,8
8930e1d1257ffff,보건의료,14
8930e1d1257ffff,부동산,16
8930e1d1257ffff,소매,45
8930e1d1257ffff,수리·개인,25
8930e1d1257ffff,시설관리·임대,3
8930e1d1257ffff,예술·스포츠,10
8930e1d1257ffff,음식,42
8930e1d125bffff,과학·기술,16
8930e1d125bffff,교육,6
8930e1d125bffff,보건의료,20
8930e1d125bffff,부동산,12
8930e1d125bffff,소매,52
8930e1d125bffff,수리·개인,38
8930e1d125bffff,숙박,5
8930e1d125bffff,시설관리·임대,5
8930e1d125bffff,예술·스포츠,12
8930e1d125bffff,음식,44
8930e1d1263ffff,과학·기술,2
8930e1d1263ffff,교육,8
8930e1d1263ffff,보건의료,2
8930e1d1263ffff,부동산,13
8930e1d1263ffff,소매,8
8930e1d1263ffff,수리·개인,11
8930e1d1263ffff,예술·스포츠,6
8930e1d1263ffff,음식,20
8930e1d126bffff,과학·기술,6
8930e1d126bffff,교육,14
8930e1d126bffff,보건의료,3
8930e1d126bffff,부동산,6
8930e1d126bffff,소매,22
8930e1d126bffff,수리·개인,22
8930e1d126bffff,시설관리·임대,1
8930e1d126bffff,예술·스포츠,2
8930e1d126bffff,음식,32
8930e1d1273ffff,과학·기술,3
8930e1d1273ffff,교육,1
8930e1d1273ffff,부동산,1
8930e1d1273ffff,소매,2
8930e1d1273ffff,수리·개인,2
8930e1d1273ffff,예술·스포츠,1
8930e1d1273ffff,음식,4
8930e1d1277ffff,과학·기술,5
8930e1d1277ffff,소매,7
8930e1d1277ffff,수리·개인,2
8930e1d1277ffff,시설관리·임대,1
8930e1d1277ffff,음식,14
8930e1d127bffff,과학·기술,2
8930e1d127bffff,교육,1
8930e1d1283ffff,교육,1
8930e1d1283ffff,소매,2
8930e1d1283ffff,예술·스포츠,3
8930e1d1283ffff,음식,1
8930e1d1287ffff,교육,4
8930e1d1287ffff,부동산,2
8930e1d1287ffff,소매,3
8930e1d128bffff,과학·기술,1
8930e1d128bffff,교육,1
8930e1d128bffff,소매,1
8930e1d1293ffff,과학·기술,1
8930e1d1293ffff,음식,1
8930e1d1297ffff,과학·기술,3
8930e1d1297ffff,보건의료,2
8930e1d1297ffff,부동산,1
8930e1d1297ffff,소매,5
8930e1d1297ffff,수리·개인,4
8930e1d1297ffff,음식,3
8930e1d129bffff,과학·기술,1
8930e1d129bffff,교육,1
8930e1d129bffff,소매,1
8930e1d129bffff,수리·개인,1
8930e1d129bffff,음식,3
8930e1d12a3ffff,보건의료,1
8930e1d12a3ffff,소매,1
8930e1d12a3ffff,수리·개인,2
8930e1d12a3ffff,음식,2
8930e1d12abffff,소매,2
8930e1d12abffff,음식,2
8930e1d12b3ffff,교육,3
8930e1d12b3ffff,부동산,1
8930e1d12b3ffff,소매,4
8930e1d12b3ffff,음식,2
8930e1d12b7ffff,과학·기술,2
8930e1d12b7ffff,교육,1
8930e1d12b7ffff,부동산,1
8930e1d12b7ffff,소매,4
8930e1d12b7ffff,수리·개인,5
8930e1d12b7ffff,숙박,1
8930e1d12b7ffff,음식,1
8930e1d12bbffff,과학·기술,2
8930e1d12bbffff,교육,1
8930e1d12bbffff,소매,1
8930e1d12bbffff,음식,3
8930e1d12c3ffff,과학·기술,12
8930e1d12c3ffff,교육,6
8930e1d12c3ffff,보건의료,1
8930e1d12c3ffff,부동산,5
8930e1d12c3ffff,소매,29
8930e1d12c3ffff,수리·개인,15
8930e1d12c3ffff,숙박,2
8930e1d12c3ffff,시설관리·임대,3
8930e1d12c3ffff,예술·스포츠,4
8930e1d12c3ffff,음식,16
8930e1d12c7ffff,과학·기술,5
8930e1d12c7ffff,부동산,2
8930e1d12c7ffff,소매,5
8930e1d12c7ffff,수리·개인,2
8930e1d12c7ffff,숙박,1
8930e1d12c7ffff,시설관리·임대,4
8930e1d12c7ffff,음식,1
8930e1d12cbffff,과학·기술,10
8930e1d12cbffff,교육,5
8930e1d12cbffff,보건의료,9
8930e1d12cbffff,부동산,4
8930e1d12cbffff,소매,17
8930e1d12cbffff,수리·개인,10
8930e1d12cbffff,숙박,2
8930e1d12cbffff,시설관리·임대,6
8930e1d12cbffff,예술·스포츠,2
8930e1d12cbffff,음식,17
8930e1d12cfffff,과학·기술,6
8930e1d12cfffff,교육,5
8930e1d12cfffff,소매,2
8930e1d12cfffff,수리·개인,2
8930e1d12cfffff,시설관리·임대,3
8930e1d12d3ffff,과학·기술,8
8930e1d12d3ffff,교육,1
8930e1d12d3ffff,보건의료,1
8930e1d12d3ffff,부동산,8
8930e1d12d3ffff,소매,15
8930e1d12d3ffff,수리·개인,9
8930e1d12d3ffff,숙박,2
8930e1d12d3ffff,시설관리·임대,6
8930e1d12d3ffff,예술·스포츠,2
8930e1d12d3ffff,음식,14
8930e1d12d7ffff,과학·기술,4
8930e1d12d7ffff,소매,4
8930e1d12d7ffff,수리·개인,3
8930e1d12d7ffff,시설관리·임대,2
8930e1d12d7ffff,음식,1
8930e1d12dbffff,과학·기술,8
8930e1d12dbffff,교육,13
8930e1d12dbffff,보건의료,8
8930e1d12dbffff,부동산,17
8930e1d12dbffff,소매,48
8930e1d12dbffff,수리·개인,21
8930e1d12dbffff,숙박,1
8930e1d12dbffff,시설관리·임대,3
8930e1d12dbffff,예술·스포츠,11
8930e1d12dbffff,음식,72
8930e1d1393ffff,과학·기술,1
8930e1d1393ffff,소매,3
8930e1d1393ffff,수리·개인,1
8930e1d1393ffff,숙박,12
8930e1d1393ffff,음식,1
8930e1d1397ffff,음식,2
8930e1d139bffff,과학·기술,3
8930e1d139bffff,수리·개인,1
8930e1d139bffff,숙박,1
8930e1d144bffff,소매,1
8930e1d144bffff,음식,1
8930e1d156fffff,음식,1
8930e1d1623ffff,과학·기술,20
8930e1d1623ffff,교육,19
8930e1d1623ffff,보건의료,15
8930e1d1623ffff,부동산,1
8930e1d1623ffff,소매,64
8930e1d1623ffff,수리·개인,8
8930e1d1623ffff,시설관리·임대,3
8930e1d1623ffff,예술·스포츠,7
8930e1d1623ffff,음식,45
8930e1d1627ffff,과학·기술,7
8930e1d1627ffff,교육,9
8930e1d1627ffff,부동산,2
8930e1d1627ffff,소매,9
8930e1d1627ffff,수리·개인,3
8930e1d1627ffff,시설관리·임대,9
8930e1d1627ffff,예술·스포츠,2
8930e1d162bffff,과학·기술,9
8930e1d162bffff,교육,64
8930e1d162bffff,보건의료,26
8930e1d162bffff,부동산,14
8930e1d162bffff,소매,39
8930e1d162bffff,수리·개인,20
8930e1d162bffff,시설관리·임대,2
8930e1d162bffff,예술·스포츠,24
8930e1d162bffff,음식,70
8930e1d162fffff,소매,1
8930e1d1633ffff,과학·기술,1
8930e1d1633ffff,보건의료,2
8930e1d1633ffff,부동산,1
8930e1d1633ffff,소매,5
8930e1d1633ffff,수리·개인,1
8930e1d1633ffff,예술·스포츠,2
8930e1d1633ffff,음식,18
8930e1d1637ffff,과학·기술,5
8930e1d1637ffff,교육,11
8930e1d1637ffff,부동산,5
8930e1d1637ffff,소매,7
8930e1d1637ffff,수리·개인,8
8930e1d1637ffff,예술·스포츠,2
8930e1d1637ffff,음식,30
8930e1d163bffff,소매,1
8930e1d1667ffff,과학·기술,13
8930e1d1667ffff,교육,17
8930e1d1667ffff,부동산,3
8930e1d1667ffff,소매,6
8930e1d1667ffff,수리·개인,11
8930e1d1667ffff,시설관리·임대,4
8930e1d1667ffff,예술·스포츠,5
8930e1d1667ffff,음식,15
8930e1d166bffff,과학·기술,5
8930e1d166bffff,교육,1
8930e1d166bffff,부동산,2
8930e1d166bffff,소매,6
8930e1d166bffff,수리·개인,2
8930e1d166bffff,시설관리·임대,1
8930e1d166bffff,음식,1
8930e1d166fffff,소매,2
8930e1d166fffff,수리·개인,1
8930e1d1677ffff,과학·기술,5
8930e1d1677ffff,교육,7
8930e1d1677ffff,보건의료,2
8930e1d1677ffff,부동산,2
8930e1d1677ffff,소매,23
8930e1d1677ffff,수리·개인,11
8930e1d1677ffff,시설관리·임대,2
8930e1d1677ffff,예술·스포츠,1
8930e1d1677ffff,음식,20
8930e1d16a7ffff,수리·개인,1
8930e1d16afffff,교육,4
8930e1d16afffff,소매,1
8930e1d16afffff,수리·개인,4
8930e1d16afffff,예술·스포츠,1
8930e1d16afffff,음식,2
8930e1d16bbffff,과학·기술,1
8930e1d16bbffff,소매,2
8930e1d16bbffff,수리·개인,1
8930e1d1913ffff,소매,2
8930e1d1913ffff,음식,2
8930e1d1923ffff,과학·기술,1
8930e1d1923ffff,교육,3
8930e1d1923ffff,보건의료,7
8930e1d1923ffff,부동산,3
8930e1d1923ffff,소매,19
8930e1d1923ffff,수리·개인,9
8930e1d1923ffff,시설관리·임대,3
8930e1d1923ffff,예술·스포츠,5
8930e1d1923ffff,음식,28
8930e1d1927ffff,과학·기술,5
8930e1d1927ffff,교육,1
8930e1d1927ffff,보건의료,2
8930e1d1927ffff,부동산,1
8930e1d1927ffff,소매,11
8930e1d1927ffff,수리·개인,5
8930e1d1927ffff,숙박,1
8930e1d1927ffff,시설관리·임대,1
8930e1d1927ffff,예술·스포츠,2
8930e1d1927ffff,음식,4
8930e1d192bffff,과학·기술,2
8930e1d192bffff,교육,14
8930e1d192bffff,보건의료,4
8930e1d192bffff,부동산,2
8930e1d192bffff,소매,11
8930e1d192bffff,수리·개인,4
8930e1d192bffff,숙박,1
8930e1d192bffff,시설관리·임대,1
8930e1d192bffff,예술·스포츠,2
8930e1d192bffff,음식,12
8930e1d192fffff,과학·기술,5
8930e1d192fffff,교육,5
8930e1d192fffff,보건의료,1
8930e1d192fffff,부동산,3
8930e1d192fffff,소매,18
8930e1d192fffff,수리·개인,5
8930e1d192fffff,시설관리·임대,1
8930e1d192fffff,예술·스포츠,1
8930e1d192fffff,음식,15
8930e1d1933ffff,과학·기술,3
8930e1d1933ffff,소매,2
8930e1d1933ffff,시설관리·임대,1
8930e1d1937ffff,과학·기술,4
8930e1d1937ffff,교육,2
8930e1d1937ffff,보건의료,2
8930e1d1937ffff,부동산,2
8930e1d1937ffff,소매,16
8930e1d1937ffff,수리·개인,11
8930e1d1937ffff,숙박,1
8930e1d1937ffff,예술·스포츠,9
8930e1d1937ffff,음식,22
8930e1d1943ffff,음식,1
8930e1d194fffff,소매,1
8930e1d1963ffff,수리·개인,1
8930e1d1967ffff,과학·기술,6
8930e1d1967ffff,교육,7
8930e1d1967ffff,소매,18
8930e1d1967ffff,수리·개인,8
8930e1d1967ffff,시설관리·임대,5
8930e1d1967ffff,예술·스포츠,4
8930e1d1967ffff,음식,49
8930e1d196bffff,과학·기술,3
8930e1d196bffff,교육,2
8930e1d196bffff,소매,9
8930e1d196bffff,수리·개인,1
8930e1d196bffff,시설관리·임대,2
8930e1d196bffff,예술·스포츠,2
8930e1d196bffff,음식,38
8930e1d196fffff,과학·기술,5
8930e1d196fffff,교육,4
8930e1d196fffff,부동산,6
8930e1d196fffff,소매,14
8930e1d196fffff,수리·개인,5
8930e1d196fffff,숙박,3
8930e1d196fffff,시설관리·임대,3
8930e1d196fffff,음식,37
8930e1d1977ffff,시설관리·임대,1
8930e1d1977ffff,음식,1
8930e1d197bffff,소매,1
8930e1d19a3ffff,과학·기술,1
8930e1d19a3ffff,교육,1
8930e1d19a3ffff,소매,4
8930e1d19a3ffff,수리·개인,1
8930e1d19a3ffff,예술·스포츠,1
8930e1d19a3ffff,음식,6
8930e1d19a7ffff,과학·기술,4
8930e1d19a7ffff,소매,10
8930e1d19a7ffff,예술·스포츠,3
8930e1d19a7ffff,음식,26
8930e1d19abffff,소매,1
8930e1d19abffff,음식,1
8930e1d19afffff,소매,5
8930e1d19afffff,예술·스포츠,1
8930e1d19afffff,음식,5
8930e1d19b7ffff,교육,1
8930e1d19b7ffff,소매,2
8930e1d19b7ffff,숙박,3
8930e1d19b7ffff,음식,2
8930e1d19bbffff,음식,1
8930e1d19c3ffff,음식,1
8930e1d19c7ffff,음식,1
8930e1d1b07ffff,과학·기술,1
8930e1d1b07ffff,교육,1
8930e1d1b07ffff,소매,1
8930e1d1b07ffff,시설관리·임대,1
8930e1d1b07ffff,음식,2
8930e1d1b23ffff,과학·기술,4
8930e1d1b23ffff,교육,6
8930e1d1b23ffff,보건의료,1
8930e1d1b23ffff,부동산,1
8930e1d1b23ffff,소매,10
8930e1d1b23ffff,수리·개인,5
8930e1d1b23ffff,시설관리·임대,2
8930e1d1b23ffff,음식,5
8930e1d1b27ffff,과학·기술,6
8930e1d1b27ffff,교육,6
8930e1d1b27ffff,부동산,1
8930e1d1b27ffff,소매,20
8930e1d1b27ffff,수리·개인,10
8930e1d1b27ffff,시설관리·임대,3
8930e1d1b27ffff,예술·스포츠,3
8930e1d1b27ffff,음식,16
8930e1d1b2bffff,음식,3
8930e1d1b2fffff,과학·기술,6
8930e1d1b2fffff,교육,3
8930e1d1b2fffff,부동산,1
8930e1d1b2fffff,소매,24
8930e1d1b2fffff,수리·개인,11
8930e1d1b2fffff,숙박,1
8930e1d1b2fffff,시설관리·임대,4
8930e1d1b2fffff,예술·스포츠,2
8930e1d1b2fffff,음식,14
8930e1d1b33ffff,과학·기술,5
8930e1d1b33ffff,교육,1
8930e1d1b33ffff,소매,3
8930e1d1b33ffff,음식,3
8930e1d1b37ffff,교육,1
8930e1d1b37ffff,보건의료,2
8930e1d1b37ffff,소매,8
8930e1d1b37ffff,시설관리·임대,2
8930e1d1b37ffff,음식,11
8930e1d1b3bffff,과학·기술,1
8930e1d1b6fffff,교육,1
8930e1d1b6fffff,소매,1
8930e1d1b6fffff,음식,2
8930e1d1b87ffff,음식,3
8930e1d1b8fffff,과학·기술,1
8930e1d1b8fffff,숙박,2
8930e1d1ba3ffff,교육,1
8930e1d1ba3ffff,소매,1
8930e1d1ba3ffff,시설관리·임대,2
8930e1d1ba3ffff,음식,1
8930e1d1ba7ffff,과학·기술,4
8930e1d1ba7ffff,교육,5
8930e1d1ba7ffff,부동산,2
8930e1d1ba7ffff,소매,6
8930e1d1ba7ffff,수리·개인,4
8930e1d1ba7ffff,음식,7
8930e1d1babffff,보건의료,1
8930e1d1bafffff,교육,1
8930e1d1bafffff,소매,2
8930e1d1bafffff,시설관리·임대,1
8930e1d1bb3ffff,과학·기술,2
8930e1d1bb3ffff,소매,2
8930e1d1bb3ffff,음식,10
8930e1d1bb7ffff,과학·기술,2
8930e1d1bb7ffff,교육,4
8930e1d1bb7ffff,부동산,1
8930e1d1bb7ffff,소매,3
8930e1d1bb7ffff,수리·개인,3
8930e1d1bb7ffff,시설관리·임대,1
8930e1d1bb7ffff,예술·스포츠,1
8930e1d1bb7ffff,음식,22
8930e1d1bbbffff,교육,1
8930e1d1bbbffff,시설관리·임대,1
8930e1d1bbbffff,음식,1
8930e1d1d2fffff,음식,1
8930e1d520bffff,과학·기술,1
8930e1d520bffff,예술·스포츠,1
8930e1d520bffff,음식,6
8930e1d5243ffff,과학·기술,3
8930e1d5243ffff,교육,6
8930e1d5243ffff,부동산,1
8930e1d5243ffff,소매,5
8930e1d5243ffff,수리·개인,8
8930e1d5243ffff,시설관리·임대,1
8930e1d5243ffff,예술·스포츠,2
8930e1d5243ffff,음식,17
8930e1d5247ffff,음식,6
8930e1d524bffff,과학·기술,2
8930e1d524bffff,교육,8
8930e1d524bffff,부동산,4
8930e1d524bffff,소매,8
8930e1d524bffff,수리·개인,3
8930e1d524bffff,시설관리·임대,1
8930e1d524bffff,예술·스포츠,3
8930e1d524bffff,음식,5
8930e1d5253ffff,과학·기술,10
8930e1d5253ffff,교육,7
8930e1d5253ffff,보건의료,2
8930e1d5253ffff,부동산,1
8930e1d5253ffff,소매,20
8930e1d5253ffff,수리·개인,6
8930e1d5253ffff,시설관리·임대,3
8930e1d5253ffff,예술·스포츠,2
8930e1d5253ffff,음식,22
8930e1d5257ffff,과학·기술,6
8930e1d5257ffff,교육,4
8930e1d5257ffff,부동산,3
8930e1d5257ffff,소매,15
8930e1d5257ffff,수리·개인,8
8930e1d5257ffff,시설관리·임대,1
8930e1d5257ffff,예술·스포츠,3
8930e1d5257ffff,음식,34
8930e1d525bffff,과학·기술,2
8930e1d525bffff,교육,13
8930e1d525bffff,보건의료,3
8930e1d525bffff,부동산,3
8930e1d525bffff,소매,16
8930e1d525bffff,수리·개인,12
8930e1d525bffff,시설관리·임대,2
8930e1d525bffff,예술·스포츠,15
8930e1d525bffff,음식,25
8930e1d5283ffff,수리·개인,1
8930e1d528bffff,과학·기술,1
8930e1d528bffff,교육,2
8930e1d528bffff,소매,4
8930e1d528bffff,수리·개인,4
8930e1d528bffff,시설관리·임대,2
8930e1d528bffff,예술·스포츠,2
8930e1d528bffff,음식,5
8930e1d528fffff,시설관리·임대,1
8930e1d528fffff,음식,9
8930e1d5293ffff,교육,12
8930e1d5293ffff,보건의료,3
8930e1d5293ffff,부동산,1
8930e1d5293ffff,소매,9
8930e1d5293ffff,수리·개인,3
8930e1d5293ffff,예술·스포츠,1
8930e1d5293ffff,음식,5
8930e1d529bffff,소매,1
8930e1d529bffff,수리·개인,1
8930e1d52c3ffff,과학·기술,15
8930e1d52c3ffff,교육,8
8930e1d52c3ffff,보건의료,21
8930e1d52c3ffff,부동산,6
8930e1d52c3ffff,소매,39
8930e1d52c3ffff,수리·개인,22
8930e1d52c3ffff,숙박,2
8930e1d52c3ffff,시설관리·임대,11
8930e1d52c3ffff,예술·스포츠,13
8930e1d52c3ffff,음식,44
8930e1d52c7ffff,과학·기술,16
8930e1d52c7ffff,교육,4
8930e1d52c7ffff,보건의료,1
8930e1d52c7ffff,부동산,7
8930e1d52c7ffff,소매,16
8930e1d52c7ffff,수리·개인,14
8930e1d52c7ffff,시설관리·임대,7
8930e1d52c7ffff,예술·스포츠,4
8930e1d52c7ffff,음식,23
8930e1d52cbffff,과학·기술,12
8930e1d52cbffff,교육,13
8930e1d52cbffff,보건의료,2
8930e1d52cbffff,부동산,5
8930e1d52cbffff,소매,40
8930e1d52cbffff,수리·개인,28
8930e1d52cbffff,숙박,1
8930e1d52cbffff,시설관리·임대,4
8930e1d52cbffff,예술·스포츠,12
8930e1d52cbffff,음식,36
8930e1d52cfffff,과학·기술,2
8930e1d52cfffff,교육,4
8930e1d52cfffff,보건의료,9
8930e1d52cfffff,부동산,3
8930e1d52cfffff,소매,33
8930e1d52cfffff,수리·개인,14
8930e1d52cfffff,시설관리·임대,3
8930e1d52cfffff,예술·스포츠,23
8930e1d52cfffff,음식,93
8930e1d52d3ffff,시설관리·임대,1
8930e1d52d7ffff,과학·기술,10
8930e1d52d7ffff,교육,21
8930e1d52d7ffff,보건의료,2
8930e1d52d7ffff,부동산,8
8930e1d52d7ffff,소매,12
8930e1d52d7ffff,수리·개인,13
8930e1d52d7ffff,시설관리·임대,4
8930e1d52d7ffff,예술·스포츠,2
8930e1d52d7ffff,음식,12
8930e1d52dbffff,부동산,2
8930e1d52dbffff,소매,3
8930e1d52dbffff,수리·개인,1
8930e1d52dbffff,시설관리·임대,1
8930e1d52dbffff,음식,2
8930e1d532bffff,음식,1
8930e1d5357ffff,소매,1
8930e1d536fffff,음식,2
8930e1d5607ffff,소매,1
8930e1d5607ffff,예술·스포츠,1
8930e1d560bffff,과학·기술,1
8930e1d560bffff,교육,3
8930e1d560bffff,소매,18
8930e1d560bffff,수리·개인,5
8930e1d560bffff,시설관리·임대,1
8930e1d560bffff,예술·스포츠,1
8930e1d560bffff,음식,44
8930e1d560fffff,소매,4
8930e1d560fffff,수리·개인,1
8930e1d560fffff,음식,3
8930e1d5617ffff,소매,1
8930e1d5617ffff,수리·개인,2
8930e1d561bffff,과학·기술,2
8930e1d561bffff,소매,2
8930e1d561bffff,수리·개인,2
8930e1d561bffff,시설관리·임대,2
8930e1d561bffff,음식,10
8930e1d5643ffff,교육,1
8930e1d5643ffff,시설관리·임대,1
8930e1d5643ffff,음식,4
8930e1d5647ffff,과학·기술,4
8930e1d5647ffff,교육,6
8930e1d5647ffff,보건의료,3
8930e1d5647ffff,부동산,6
8930e1d5647ffff,소매,36
8930e1d5647ffff,수리·개인,13
8930e1d5647ffff,시설관리·임대,3
8930e1d5647ffff,예술·스포츠,14
8930e1d5647ffff,음식,57
8930e1d564bffff,숙박,1
8930e1d564fffff,과학·기술,4
8930e1d564fffff,교육,3
8930e1d564fffff,부동산,4
8930e1d564fffff,소매,9
8930e1d564fffff,수리·개인,9
8930e1d564fffff,시설관리·임대,3
8930e1d564fffff,음식,7
8930e1d5653ffff,교육,1
8930e1d5653ffff,소매,28
8930e1d5653ffff,수리·개인,1
8930e1d5653ffff,음식,9
8930e1d5657ffff,과학·기술,2
8930e1d5657ffff,소매,16
8930e1d5657ffff,수리·개인,3
8930e1d5657ffff,예술·스포츠,1
8930e1d5657ffff,음식,33
8930e1d5663ffff,과학·기술,2
8930e1d5663ffff,교육,23
8930e1d5663ffff,보건의료,3
8930e1d5663ffff,부동산,3
8930e1d5663ffff,소매,14
8930e1d5663ffff,수리·개인,5
8930e1d5663ffff,시설관리·임대,2
8930e1d5663ffff,예술·스포츠,3
8930e1d5663ffff,음식,18
8930e1d5667ffff,교육,4
8930e1d5667ffff,부동산,3
8930e1d5667ffff,소매,2
8930e1d5667ffff,수리·개인,1
8930e1d5667ffff,시설관리·임대,1
8930e1d5667ffff,예술·스포츠,1
8930e1d5667ffff,음식,3
8930e1d566bffff,과학·기술,2
8930e1d566bffff,교육,1
8930e1d566bffff,보건의료,1
8930e1d566bffff,부동산,7
8930e1d566bffff,소매,13
8930e1d566bffff,수리·개인,5
8930e1d566bffff,시설관리·임대,2
8930e1d566bffff,음식,3
8930e1d566fffff,소매,1
8930e1d566fffff,수리·개인,4
8930e1d566fffff,예술·스포츠,1
8930e1d566fffff,음식,2
8930e1d5673ffff,과학·기술,8
8930e1d5673ffff,교육,5
8930e1d5673ffff,보건의료,3
8930e1d5673ffff,부동산,9
8930e1d5673ffff,소매,17
8930e1d5673ffff,수리·개인,13
8930e1d5673ffff,숙박,1
8930e1d5673ffff,시설관리·임대,4
8930e1d5673ffff,예술·스포츠,1
8930e1d5673ffff,음식,8
8930e1d5677ffff,소매,1
8930e1d5677ffff,음식,1
8930e1d567bffff,과학·기술,9
8930e1d567bffff,교육,5
8930e1d567bffff,보건의료,4
8930e1d567bffff,부동산,5
8930e1d567bffff,소매,29
8930e1d567bffff,수리·개인,14
8930e1d567bffff,시설관리·임대,2
8930e1d567bffff,예술·스포츠,16
8930e1d567bffff,음식,46
8930e1d8003ffff,과학·기술,7
8930e1d8003ffff,교육,3
8930e1d8003ffff,부동산,2
8930e1d8003ffff,소매,2
8930e1d8003ffff,수리·개인,6
8930e1d8003ffff,숙박,14
8930e1d8003ffff,시설관리·임대,2
8930e1d8003ffff,음식,1
8930e1d8007ffff,과학·기술,13
8930e1d8007ffff,교육,15
8930e1d8007ffff,보건의료,8
8930e1d8007ffff,부동산,10
8930e1d8007ffff,소매,15
8930e1d8007ffff,수리·개인,12
8930e1d8007ffff,숙박,2
8930e1d8007ffff,시설관리·임대,4
8930e1d8007ffff,예술·스포츠,3
8930e1d8007ffff,음식,19
8930e1d800fffff,과학·기술,10
8930e1d800fffff,교육,6
8930e1d800fffff,소매,9
8930e1d800fffff,수리·개인,8
8930e1d800fffff,숙박,3
8930e1d800fffff,시설관리·임대,3
8930e1d800fffff,예술·스포츠,1
8930e1d800fffff,음식,14
8930e1d8013ffff,과학·기술,21
8930e1d8013ffff,교육,51
8930e1d8013ffff,보건의료,19
8930e1d8013ffff,부동산,10
8930e1d8013ffff,소매,46
8930e1d8013ffff,수리·개인,32
8930e1d8013ffff,숙박,40
8930e1d8013ffff,시설관리·임대,13
8930e1d8013ffff,예술·스포츠,11
8930e1d8013ffff,음식,69
8930e1d8017ffff,과학·기술,23
8930e1d8017ffff,교육,14
8930e1d8017ffff,보건의료,5
8930e1d8017ffff,부동산,8
8930e1d8017ffff,소매,19
8930e1d8017ffff,수리·개인,15
8930e1d8017ffff,숙박,15
8930e1d8017ffff,시설관리·임대,7
8930e1d8017ffff,예술·스포츠,7
8930e1d8017ffff,음식,41
8930e1d801bffff,과학·기술,15
8930e1d801bffff,교육,25
8930e1d801bffff,보건의료,4
8930e1d801bffff,부동산,9
8930e1d801bffff,소매,12
8930e1d801bffff,수리·개인,9
8930e1d801bffff,숙박,9
8930e1d801bffff,시설관리·임대,12
8930e1d801bffff,예술·스포츠,5
8930e1d801bffff,음식,36
8930e1d8023ffff,교육,3
8930e1d8023ffff,부동산,1
8930e1d8023ffff,소매,6
8930e1d8023ffff,수리·개인,2
8930e1d8023ffff,숙박,2
8930e1d8023ffff,시설관리·임대,1
8930e1d8023ffff,예술·스포츠,2
8930e1d8023ffff,음식,1
8930e1d8027ffff,과학·기술,6
8930e1d8027ffff,교육,6
8930e1d8027ffff,보건의료,1
8930e1d8027ffff,부동산,5
8930e1d8027ffff,소매,12
8930e1d8027ffff,수리·개인,8
8930e1d8027ffff,시설관리·임대,1
8930e1d8027ffff,예술·스포츠,2
8930e1d8027ffff,음식,17
8930e1d802bffff,과학·기술,7
8930e1d802bffff,교육,2
8930e1d802bffff,부동산,2
8930e1d802bffff,수리·개인,2
8930e1d802bffff,시설관리·임대,2
8930e1d802bffff,예술·스포츠,1
8930e1d802bffff,음식,2
8930e1d802fffff,교육,1
8930e1d802fffff,부동산,2
8930e1d802fffff,소매,1
8930e1d802fffff,수리·개인,1
8930e1d802fffff,시설관리·임대,1
8930e1d802fffff,음식,1
8930e1d8033ffff,과학·기술,17
8930e1d8033ffff,교육,17
8930e1d8033ffff,보건의료,18
8930e1d8033ffff,부동산,39
8930e1d8033ffff,소매,71
8930e1d8033ffff,수리·개인,39
8930e1d8033ffff,숙박,16
8930e1d8033ffff,시설관리·임대,16
8930e1d8033ffff,예술·스포츠,11
8930e1d8033ffff,음식,69
8930e1d8037ffff,과학·기술,14
8930e1d8037ffff,교육,16
8930e1d8037ffff,부동산,1
8930e1d8037ffff,소매,15
8930e1d8037ffff,수리·개인,5
8930e1d8037ffff,숙박,1
8930e1d8037ffff,시설관리·임대,18
8930e1d8037ffff,예술·스포츠,1
8930e1d8037ffff,음식,15
8930e1d803bffff,과학·기술,4
8930e1d803bffff,교육,33
8930e1d803bffff,보건의료,7
8930e1d803bffff,부동산,24
8930e1d803bffff,소매,30
8930e1d803bffff,수리·개인,21
8930e1d803bffff,시설관리·임대,1
8930e1d803bffff,예술·스포츠,5
8930e1d803bffff,음식,27
8930e1d8043ffff,과학·기술,62
8930e1d8043ffff,교육,11
8930e1d8043ffff,부동산,8
8930e1d8043ffff,소매,24
8930e1d8043ffff,수리·개인,11
8930e1d8043ffff,숙박,3
8930e1d8043ffff,시설관리·임대,4
8930e1d8043ffff,예술·스포츠,3
8930e1d8043ffff,음식,24
8930e1d8047ffff,과학·기술,19
8930e1d8047ffff,교육,37
8930e1d8047ffff,보건의료,10
8930e1d8047ffff,부동산,8
8930e1d8047ffff,소매,21
8930e1d8047ffff,수리·개인,8
8930e1d8047ffff,숙박,4
8930e1d8047ffff,시설관리·임대,3
8930e1d8047ffff,예술·스포츠,7
8930e1d8047ffff,음식,48
8930e1d804bffff,과학·기술,17
8930e1d804bffff,교육,10
8930e1d804bffff,보건의료,1
8930e1d804bffff,부동산,7
8930e1d804bffff,소매,23
8930e1d804bffff,수리·개인,14
8930e1d804bffff,시설관리·임대,5
8930e1d804bffff,예술·스포츠,4
8930e1d804bffff,음식,18
8930e1d804fffff,과학·기술,39
8930e1d804fffff,교육,25
8930e1d804fffff,부동산,5
8930e1d804fffff,소매,28
8930e1d804fffff,수리·개인,22
8930e1d804fffff,숙박,2
8930e1d804fffff,시설관리·임대,6
8930e1d804fffff,예술·스포츠,4
8930e1d804fffff,음식,42
8930e1d8053ffff,과학·기술,6
8930e1d8053ffff,교육,5
8930e1d8053ffff,보건의료,1
8930e1d8053ffff,부동산,10
8930e1d8053ffff,소매,16
8930e1d8053ffff,수리·개인,6
8930e1d8053ffff,숙박,2
8930e1d8053ffff,시설관리·임대,1
8930e1d8053ffff,예술·스포츠,1
8930e1d8053ffff,음식,16
8930e1d8057ffff,과학·기술,16
8930e1d8057ffff,교육,31
8930e1d8057ffff,소매,14
8930e1d8057ffff,수리·개인,15
8930e1d8057ffff,숙박,4
8930e1d8057ffff,시설관리·임대,6
8930e1d8057ffff,예술·스포츠,4
8930e1d8057ffff,음식,57
8930e1d805bffff,과학·기술,21
8930e1d805bffff,교육,13
8930e1d805bffff,보건의료,3
8930e1d805bffff,부동산,4
8930e1d805bffff,소매,23
8930e1d805bffff,수리·개인,13
8930e1d805bffff,숙박,1
8930e1d805bffff,시설관리·임대,12
8930e1d805bffff,예술·스포츠,3
8930e1d805bffff,음식,23
8930e1d8063ffff,과학·기술,12
8930e1d8063ffff,교육,10
8930e1d8063ffff,보건의료,2
8930e1d8063ffff,부동산,6
8930e1d8063ffff,소매,29
8930e1d8063ffff,수리·개인,7
8930e1d8063ffff,숙박,3
8930e1d8063ffff,시설관리·임대,1
8930e1d8063ffff,예술·스포츠,2
8930e1d8063ffff,음식,58
8930e1d8067ffff,부동산,1
8930e1d8067ffff,소매,2
8930e1d8067ffff,수리·개인,2
8930e1d8067ffff,숙박,3
8930e1d8067ffff,시설관리·임대,1
8930e1d8067ffff,예술·스포츠,1
8930e1d8067ffff,음식,7
8930e1d806bffff,과학·기술,17
8930e1d806bffff,교육,30
8930e1d806bffff,보건의료,2
8930e1d806bffff,부동산,5
8930e1d806bffff,소매,15
8930e1d806bffff,수리·개인,8
8930e1d806bffff,숙박,1
8930e1d806bffff,시설관리·임대,3
8930e1d806bffff,예술·스포츠,7
8930e1d806bffff,음식,51
8930e1d806fffff,과학·기술,11
8930e1d806fffff,교육,7
8930e1d806fffff,보건의료,3
8930e1d806fffff,부동산,4
8930e1d806fffff,소매,10
8930e1d806fffff,수리·개인,8
8930e1d806fffff,시설관리·임대,3
8930e1d806fffff,예술·스포츠,3
8930e1d806fffff,음식,61
8930e1d8073ffff,과학·기술,9
8930e1d8073ffff,교육,6
8930e1d8073ffff,부동산,2
8930e1d8073ffff,소매,11
8930e1d8073ffff,수리·개인,5
8930e1d8073ffff,숙박,6
8930e1d8073ffff,음식,19
8930e1d8077ffff,교육,13
8930e1d8077ffff,부동산,8
8930e1d8077ffff,소매,5
8930e1d8077ffff,수리·개인,6
8930e1d8077ffff,숙박,2
8930e1d8077ffff,시설관리·임대,1
8930e1d8077ffff,예술·스포츠,1
8930e1d8077ffff,음식,12
8930e1d807bffff,과학·기술,21
8930e1d807bffff,교육,63
8930e1d807bffff,보건의료,5
8930e1d807bffff,부동산,4
8930e1d807bffff,소매,43
8930e1d807bffff,수리·개인,20
8930e1d807bffff,숙박,2
8930e1d807bffff,시설관리·임대,3
8930e1d807bffff,예술·스포츠,6
8930e1d807bffff,음식,103
8930e1d8083ffff,과학·기술,2
8930e1d8083ffff,보건의료,1
8930e1d8083ffff,소매,16
8930e1d8083ffff,수리·개인,2
8930e1d8083ffff,시설관리·임대,2
8930e1d8083ffff,예술·스포츠,7
8930e1d8083ffff,음식,32
8930e1d808bffff,과학·기술,26
8930e1d808bffff,교육,26
8930e1d808bffff,보건의료,11
8930e1d808bffff,부동산,13
8930e1d808bffff,소매,225
8930e1d808bffff,수리·개인,35
8930e1d808bffff,숙박,25
8930e1d808bffff,시설관리·임대,9
8930e1d808bffff,예술·스포츠,52
8930e1d808bffff,음식,336
8930e1d808fffff,과학·기술,18
8930e1d808fffff,교육,11
8930e1d808fffff,보건의료,1
8930e1d808fffff,부동산,1
8930e1d808fffff,소매,23
8930e1d808fffff,수리·개인,12
8930e1d808fffff,숙박,14
8930e1d808fffff,시설관리·임대,6
8930e1d808fffff,예술·스포츠,20
8930e1d808fffff,음식,129
8930e1d809bffff,과학·기술,8
8930e1d809bffff,교육,6
8930e1d809bffff,부동산,12
8930e1d809bffff,소매,18
8930e1d809bffff,수리·개인,15
8930e1d809bffff,숙박,11
8930e1d809bffff,시설관리·임대,4
8930e1d809bffff,예술·스포츠,3
8930e1d809bffff,음식,85
8930e1d80a3ffff,과학·기술,5
8930e1d80a3ffff,교육,4
8930e1d80a3ffff,부동산,2
8930e1d80a3ffff,소매,33
8930e1d80a3ffff,수리·개인,9
8930e1d80a3ffff,숙박,2
8930e1d80a3ffff,시설관리·임대,3
8930e1d80a3ffff,예술·스포츠,3
8930e1d80a3ffff,음식,39
8930e1d80abffff,과학·기술,41
8930e1d80abffff,교육,46
8930e1d80abffff,보건의료,9
8930e1d80abffff,부동산,16
8930e1d80abffff,소매,95
8930e1d80abffff,수리·개인,74
8930e1d80abffff,숙박,5
8930e1d80abffff,시설관리·임대,23
8930e1d80abffff,예술·스포츠,22
8930e1d80abffff,음식,122
8930e1d80afffff,과학·기술,7
8930e1d80afffff,교육,11
8930e1d80afffff,부동산,10
8930e1d80afffff,소매,23
8930e1d80afffff,수리·개인,19
8930e1d80afffff,숙박,8
8930e1d80afffff,시설관리·임대,2
8930e1d80afffff,예술·스포츠,3
8930e1d80afffff,음식,78
8930e1d80b3ffff,과학·기술,6
8930e1d80b3ffff,보건의료,10
8930e1d80b3ffff,소매,5
8930e1d80b3ffff,숙박,1
8930e1d80b3ffff,시설관리·임대,3
8930e1d80b3ffff,음식,18
8930e1d80b7ffff,과학·기술,1
8930e1d80b7ffff,교육,4
8930e1d80b7ffff,소매,7
8930e1d80b7ffff,수리·개인,2
8930e1d80b7ffff,숙박,2
8930e1d80b7ffff,예술·스포츠,4
8930e1d80b7ffff,음식,26
8930e1d80bbffff,과학·기술,9
8930e1d80bbffff,교육,13
8930e1d80bbffff,보건의료,2
8930e1d80bbffff,부동산,3
8930e1d80bbffff,소매,19
8930e1d80bbffff,수리·개인,6
8930e1d80bbffff,숙박,12
8930e1d80bbffff,시설관리·임대,5
8930e1d80bbffff,예술·스포츠,3
8930e1d80bbffff,음식,58
8930e1d80c3ffff,과학·기술,27
8930e1d80c3ffff,교육,16
8930e1d80c3ffff,보건의료,5
8930e1d80c3ffff,부동산,11
8930e1d80c3ffff,소매,33
8930e1d80c3ffff,수리·개인,20
8930e1d80c3ffff,숙박,13
8930e1d80c3ffff,시설관리·임대,8
8930e1d80c3ffff,예술·스포츠,5
8930e1d80c3ffff,음식,86
8930e1d80c7ffff,과학·기술,47
8930e1d80c7ffff,교육,28
8930e1d80c7ffff,보건의료,43
8930e1d80c7ffff,부동산,14
8930e1d80c7ffff,소매,47
8930e1d80c7ffff,수리·개인,28
8930e1d80c7ffff,숙박,19
8930e1d80c7ffff,시설관리·임대,25
8930e1d80c7ffff,예술·스포츠,8
8930e1d80c7ffff,음식,63
8930e1d80cbffff,과학·기술,4
8930e1d80cbffff,교육,9
8930e1d80cbffff,보건의료,3
8930e1d80cbffff,부동산,3
8930e1d80cbffff,소매,8
8930e1d80cbffff,수리·개인,10
8930e1d80cbffff,숙박,1
8930e1d80cbffff,시설관리·임대,3
8930e1d80cbffff,예술·스포츠,2
8930e1d80cbffff,음식,5
8930e1d80cfffff,과학·기술,5
8930e1d80cfffff,교육,5
8930e1d80cfffff,보건의료,1
8930e1d80cfffff,부동산,5
8930e1d80cfffff,소매,10
8930e1d80cfffff,수리·개인,8
8930e1d80cfffff,숙박,5
8930e1d80cfffff,시설관리·임대,3
8930e1d80cfffff,예술·스포츠,5
8930e1d80cfffff,음식,20
8930e1d80d3ffff,과학·기술,44
8930e1d80d3ffff,교육,30
8930e1d80d3ffff,부동산,8
8930e1d80d3ffff,소매,43
8930e1d80d3ffff,수리·개인,32
8930e1d80d3ffff,숙박,64
8930e1d80d3ffff,시설관리·임대,13
8930e1d80d3ffff,예술·스포츠,4
8930e1d80d3ffff,음식,121
8930e1d80d7ffff,과학·기술,73
8930e1d80d7ffff,교육,27
8930e1d80d7ffff,보건의료,18
8930e1d80d7ffff,부동산,11
8930e1d80d7ffff,소매,61
8930e1d80d7ffff,수리·개인,38
8930e1d80d7ffff,숙박,15
8930e1d80d7ffff,시설관리·임대,40
8930e1d80d7ffff,예술·스포츠,12
8930e1d80d7ffff,음식,104
8930e1d80dbffff,과학·기술,8
8930e1d80dbffff,교육,3
8930e1d80dbffff,보건의료,1
8930e1d80dbffff,부동산,3
8930e1d80dbffff,소매,3
8930e1d80dbffff,수리·개인,2
8930e1d80dbffff,예술·스포츠,3
8930e1d80dbffff,음식,1
8930e1d8103ffff,과학·기술,4
8930e1d8103ffff,교육,1
8930e1d8103ffff,부동산,1
8930e1d8103ffff,소매,3
8930e1d8103ffff,수리·개인,1
8930e1d8103ffff,숙박,3
8930e1d8103ffff,시설관리·임대,1
8930e1d8103ffff,예술·스포츠,1
8930e1d8103ffff,음식,3
8930e1d8107ffff,과학·기술,15
8930e1d8107ffff,교육,7
8930e1d8107ffff,보건의료,2
8930e1d8107ffff,부동산,3
8930e1d8107ffff,소매,12
8930e1d8107ffff,수리·개인,7
8930e1d8107ffff,숙박,3
8930e1d8107ffff,시설관리·임대,9
8930e1d8107ffff,예술·스포츠,2
8930e1d8107ffff,음식,51
8930e1d810bffff,과학·기술,12
8930e1d810bffff,교육,1
8930e1d810bffff,부동산,3
8930e1d810bffff,소매,59
8930e1d810bffff,수리·개인,7
8930e1d810bffff,숙박,3
8930e1d810bffff,시설관리·임대,4
8930e1d810bffff,음식,3
8930e1d810fffff,과학·기술,23
8930e1d810fffff,교육,6
8930e1d810fffff,보건의료,4
8930e1d810fffff,부동산,1
8930e1d810fffff,소매,31
8930e1d810fffff,수리·개인,5
8930e1d810fffff,숙박,4
8930e1d810fffff,시설관리·임대,5
8930e1d810fffff,예술·스포츠,3
8930e1d810fffff,음식,55
8930e1d8113ffff,과학·기술,5
8930e1d8113ffff,교육,1
8930e1d8113ffff,소매,9
8930e1d8113ffff,수리·개인,6
8930e1d8113ffff,숙박,2
8930e1d8113ffff,시설관리·임대,3
8930e1d8113ffff,음식,2
8930e1d8117ffff,과학·기술,8
8930e1d8117ffff,교육,1
8930e1d8117ffff,부동산,1
8930e1d8117ffff,소매,8
8930e1d8117ffff,수리·개인,4
8930e1d8117ffff,숙박,5
8930e1d8117ffff,예술·스포츠,1
8930e1d8117ffff,음식,6
8930e1d811bffff,과학·기술,4
8930e1d811bffff,교육,5
8930e1d811bffff,부동산,9
8930e1d811bffff,소매,14
8930e1d811bffff,수리·개인,17
8930e1d811bffff,시설관리·임대,2
8930e1d811bffff,예술·스포츠,1
8930e1d811bffff,음식,13
8930e1d8123ffff,과학·기술,9
8930e1d8123ffff,교육,3
8930e1d8123ffff,보건의료,2
8930e1d8123ffff,부동산,4
8930e1d8123ffff,소매,10
8930e1d8123ffff,수리·개인,1
8930e1d8123ffff,숙박,1
8930e1d8123ffff,시설관리·임대,4
8930e1d8123ffff,예술·스포츠,1
8930e1d8123ffff,음식,58
8930e1d8127ffff,과학·기술,65
8930e1d8127ffff,교육,10
8930e1d8127ffff,보건의료,3
8930e1d8127ffff,부동산,12
8930e1d8127ffff,소매,22
8930e1d8127ffff,수리·개인,7
8930e1d8127ffff,숙박,1
8930e1d8127ffff,시설관리·임대,67
8930e1d8127ffff,예술·스포츠,2
8930e1d8127ffff,음식,71
8930e1d812bffff,과학·기술,15
8930e1d812bffff,교육,7
8930e1d812bffff,보건의료,3
8930e1d812bffff,부동산,1
8930e1d812bffff,소매,25
8930e1d812bffff,수리·개인,7
8930e1d812bffff,숙박,6
8930e1d812bffff,시설관리·임대,2
8930e1d812bffff,예술·스포츠,6
8930e1d812bffff,음식,43
8930e1d812fffff,과학·기술,4
8930e1d812fffff,소매,26
8930e1d812fffff,음식,42
8930e1d8133ffff,과학·기술,45
8930e1d8133ffff,교육,2
8930e1d8133ffff,보건의료,4
8930e1d8133ffff,부동산,7
8930e1d8133ffff,소매,23
8930e1d8133ffff,수리·개인,9
8930e1d8133ffff,숙박,4
8930e1d8133ffff,시설관리·임대,27
8930e1d8133ffff,예술·스포츠,1
8930e1d8133ffff,음식,59
8930e1d8137ffff,과학·기술,21
8930e1d8137ffff,교육,6
8930e1d8137ffff,보건의료,6
8930e1d8137ffff,부동산,2
8930e1d8137ffff,소매,13
8930e1d8137ffff,수리·개인,3
8930e1d8137ffff,숙박,2
8930e1d8137ffff,시설관리·임대,13
8930e1d8137ffff,예술·스포츠,8
8930e1d8137ffff,음식,41
8930e1d813bffff,과학·기술,46
8930e1d813bffff,교육,8
8930e1d813bffff,보건의료,3
8930e1d813bffff,부동산,16
8930e1d813bffff,소매,23
8930e1d813bffff,수리·개인,9
8930e1d813bffff,시설관리·임대,33
8930e1d813bffff,예술·스포츠,6
8930e1d813bffff,음식,68
8930e1d8143ffff,과학·기술,6
8930e1d8143ffff,교육,25
8930e1d8143ffff,보건의료,6
8930e1d8143ffff,부동산,14
8930e1d8143ffff,소매,13
8930e1d8143ffff,수리·개인,13
8930e1d8143ffff,숙박,3
8930e1d8143ffff,예술·스포츠,6
8930e1d8143ffff,음식,23
8930e1d8147ffff,과학·기술,5
8930e1d8147ffff,교육,1
8930e1d8147ffff,부동산,13
8930e1d8147ffff,소매,8
8930e1d8147ffff,수리·개인,6
8930e1d8147ffff,숙박,1
8930e1d8147ffff,시설관리·임대,2
8930e1d8147ffff,음식,8
8930e1d814bffff,과학·기술,39
8930e1d814bffff,교육,17
8930e1d814bffff,보건의료,6
8930e1d814bffff,부동산,14
8930e1d814bffff,소매,21
8930e1d814bffff,수리·개인,23
8930e1d814bffff,시설관리·임대,10
8930e1d814bffff,예술·스포츠,8
8930e1d814bffff,음식,29
8930e1d814fffff,교육,6
8930e1d814fffff,부동산,4
8930e1d814fffff,소매,2
8930e1d814fffff,수리·개인,4
8930e1d814fffff,숙박,1
8930e1d814fffff,시설관리·임대,1
8930e1d814fffff,예술·스포츠,1
8930e1d814fffff,음식,2
8930e1d8153ffff,과학·기술,11
8930e1d8153ffff,교육,30
8930e1d8153ffff,보건의료,27
8930e1d8153ffff,부동산,15
8930e1d8153ffff,소매,79
8930e1d8153ffff,수리·개인,26
8930e1d8153ffff,숙박,4
8930e1d8153ffff,시설관리·임대,9
8930e1d8153ffff,예술·스포츠,6
8930e1d8153ffff,음식,68
8930e1d8157ffff,과학·기술,4
8930e1d8157ffff,교육,1
8930e1d8157ffff,보건의료,14
8930e1d8157ffff,부동산,14
8930e1d8157ffff,소매,51
8930e1d8157ffff,수리·개인,9
8930e1d8157ffff,숙박,2
8930e1d8157ffff,시설관리·임대,8
8930e1d8157ffff,예술·스포츠,5
8930e1d8157ffff,음식,44
8930e1d815bffff,교육,3
8930e1d815bffff,보건의료,3
8930e1d815bffff,부동산,14
8930e1d815bffff,소매,12
8930e1d815bffff,수리·개인,3
8930e1d815bffff,시설관리·임대,1
8930e1d815bffff,음식,12
8930e1d8163ffff,교육,1
8930e1d8163ffff,보건의료,3
8930e1d8163ffff,부동산,3
8930e1d8163ffff,소매,4
8930e1d8163ffff,수리·개인,4
8930e1d8163ffff,예술·스포츠,1
8930e1d8163ffff,음식,19
8930e1d8167ffff,과학·기술,15
8930e1d8167ffff,교육,3
8930e1d8167ffff,보건의료,1
8930e1d8167ffff,부동산,3
8930e1d8167ffff,소매,18
8930e1d8167ffff,수리·개인,3
8930e1d8167ffff,숙박,14
8930e1d8167ffff,시설관리·임대,9
8930e1d8167ffff,예술·스포츠,3
8930e1d8167ffff,음식,52
8930e1d816bffff,과학·기술,6
8930e1d816bffff,교육,1
8930e1d816bffff,부동산,3
8930e1d816bffff,소매,22
8930e1d816bffff,수리·개인,2
8930e1d816bffff,숙박,22
8930e1d816bffff,시설관리·임대,2
8930e1d816bffff,예술·스포츠,6
8930e1d816bffff,음식,29
8930e1d816fffff,과학·기술,17
8930e1d816fffff,교육,4
8930e1d816fffff,보건의료,1
8930e1d816fffff,부동산,10
8930e1d816fffff,소매,15
8930e1d816fffff,수리·개인,7
8930e1d816fffff,숙박,52
8930e1d816fffff,시설관리·임대,8
8930e1d816fffff,예술·스포츠,1
8930e1d816fffff,음식,52
8930e1d8173ffff,과학·기술,3
8930e1d8173ffff,부동산,2
8930e1d8173ffff,소매,12
8930e1d8173ffff,수리·개인,5
8930e1d8173ffff,숙박,1
8930e1d8173ffff,음식,12
8930e1d8177ffff,과학·기술,8
8930e1d8177ffff,교육,4
8930e1d8177ffff,보건의료,1
8930e1d8177ffff,부동산,2
8930e1d8177ffff,소매,12
8930e1d8177ffff,수리·개인,10
8930e1d8177ffff,숙박,1
8930e1d8177ffff,시설관리·임대,3
8930e1d8177ffff,예술·스포츠,4
8930e1d8177ffff,음식,38
8930e1d817bffff,과학·기술,2
8930e1d817bffff,부동산,1
8930e1d817bffff,소매,7
8930e1d817bffff,수리·개인,4
8930e1d817bffff,음식,4
8930e1d8187ffff,과학·기술,1
8930e1d8187ffff,교육,4
8930e1d8187ffff,부동산,5
8930e1d8187ffff,소매,6
8930e1d8187ffff,수리·개인,4
8930e1d8187ffff,숙박,1
8930e1d8187ffff,시설관리·임대,2
8930e1d8187ffff,예술·스포츠,2
8930e1d8187ffff,음식,3
8930e1d818bffff,과학·기술,12
8930e1d818bffff,교육,3
8930e1d818bffff,부동산,2
8930e1d818bffff,소매,3
8930e1d818bffff,수리·개인,2
8930e1d818bffff,숙박,4
8930e1d818bffff,시설관리·임대,2
8930e1d818bffff,음식,1
8930e1d818fffff,교육,2
8930e1d818fffff,부동산,1
8930e1d818fffff,소매,4
8930e1d818fffff,숙박,2
8930e1d818fffff,시설관리·임대,2
8930e1d8197ffff,음식,1
8930e1d819bffff,과학·기술,3
8930e1d819bffff,교육,3
8930e1d819bffff,부동산,1
8930e1d819bffff,수리·개인,1
8930e1d819bffff,시설관리·임대,1
8930e1d819bffff,음식,1
8930e1d81a3ffff,과학·기술,6
8930e1d81a3ffff,교육,17
8930e1d81a3ffff,보건의료,8
8930e1d81a3ffff,부동산,9
8930e1d81a3ffff,소매,26
8930e1d81a3ffff,수리·개인,20
8930e1d81a3ffff,숙박,4
8930e1d81a3ffff,시설관리·임대,7
8930e1d81a3ffff,예술·스포츠,6
8930e1d81a3ffff,음식,64
8930e1d81a7ffff,과학·기술,2
8930e1d81a7ffff,교육,2
8930e1d81a7ffff,부동산,4
8930e1d81a7ffff,소매,6
8930e1d81a7ffff,음식,31
8930e1d81abffff,과학·기술,12
8930e1d81abffff,교육,8
8930e1d81abffff,부동산,1
8930e1d81abffff,소매,8
8930e1d81abffff,수리·개인,6
8930e1d81abffff,숙박,2
8930e1d81abffff,시설관리·임대,8
8930e1d81abffff,음식,26
8930e1d81afffff,과학·기술,14
8930e1d81afffff,교육,7
8930e1d81afffff,보건의료,15
8930e1d81afffff,부동산,11
8930e1d81afffff,소매,31
8930e1d81afffff,수리·개인,8
8930e1d81afffff,숙박,3
8930e1d81afffff,시설관리·임대,5
8930e1d81afffff,예술·스포츠,11
8930e1d81afffff,음식,120
8930e1d81b3ffff,과학·기술,11
8930e1d81b3ffff,교육,15
8930e1d81b3ffff,보건의료,12
8930e1d81b3ffff,부동산,6
8930e1d81b3ffff,소매,74
8930e1d81b3ffff,수리·개인,19
8930e1d81b3ffff,숙박,7
8930e1d81b3ffff,시설관리·임대,3
8930e1d81b3ffff,예술·스포츠,7
8930e1d81b3ffff,음식,64
8930e1d81b7ffff,과학·기술,3
8930e1d81b7ffff,교육,16
8930e1d81b7ffff,보건의료,5
8930e1d81b7ffff,부동산,5
8930e1d81b7ffff,소매,10
8930e1d81b7ffff,수리·개인,6
8930e1d81b7ffff,시설관리·임대,1
8930e1d81b7ffff,예술·스포츠,1
8930e1d81b7ffff,음식,11
8930e1d81bbffff,과학·기술,8
8930e1d81bbffff,교육,5
8930e1d81bbffff,부동산,1
8930e1d81bbffff,소매,5
8930e1d81bbffff,수리·개인,5
8930e1d81bbffff,숙박,3
8930e1d81bbffff,시설관리·임대,3
8930e1d81bbffff,예술·스포츠,1
8930e1d81bbffff,음식,4
8930e1d81c3ffff,과학·기술,1
8930e1d81c3ffff,교육,10
8930e1d81c3ffff,부동산,9
8930e1d81c3ffff,소매,4
8930e1d81c3ffff,수리·개인,4
8930e1d81c3ffff,시설관리·임대,1
8930e1d81c3ffff,음식,6
8930e1d81c7ffff,과학·기술,4
8930e1d81c7ffff,교육,14
8930e1d81c7ffff,보건의료,2
8930e1d81c7ffff,부동산,18
8930e1d81c7ffff,소매,32
8930e1d81c7ffff,수리·개인,12
8930e1d81c7ffff,숙박,2
8930e1d81c7ffff,시설관리·임대,1
8930e1d81c7ffff,예술·스포츠,5
8930e1d81c7ffff,음식,31
8930e1d81cbffff,과학·기술,7
8930e1d81cbffff,교육,16
8930e1d81cbffff,보건의료,2
8930e1d81cbffff,부동산,6
8930e1d81cbffff,소매,24
8930e1d81cbffff,수리·개인,15
8930e1d81cbffff,숙박,2
8930e1d81cbffff,시설관리·임대,3
8930e1d81cbffff,예술·스포츠,8
8930e1d81cbffff,음식,26
8930e1d81cfffff,과학·기술,2
8930e1d81cfffff,교육,2
8930e1d81cfffff,보건의료,2
8930e1d81cfffff,부동산,5
8930e1d81cfffff,소매,5
8930e1d81cfffff,수리·개인,5
8930e1d81cfffff,음식,14
8930e1d81d3ffff,과학·기술,1
8930e1d81d3ffff,교육,2
8930e1d81d3ffff,부동산,5
8930e1d81d3ffff,소매,1
8930e1d81d3ffff,음식,1
8930e1d81d7ffff,과학·기술,6
8930e1d81d7ffff,교육,6
8930e1d81d7ffff,부동산,4
8930e1d81d7ffff,소매,8
8930e1d81d7ffff,수리·개인,7
8930e1d81d7ffff,숙박,1
8930e1d81d7ffff,시설관리·임대,1
8930e1d81d7ffff,음식,17
8930e1d81dbffff,교육,4
8930e1d81dbffff,보건의료,1
8930e1d81dbffff,부동산,1
8930e1d81dbffff,소매,4
8930e1d81dbffff,수리·개인,3
8930e1d81dbffff,예술·스포츠,1
8930e1d81dbffff,음식,1
8930e1d8207ffff,과학·기술,4
8930e1d8207ffff,소매,1
8930e1d8207ffff,음식,2
8930e1d8223ffff,과학·기술,2
8930e1d8223ffff,교육,1
8930e1d8223ffff,시설관리·임대,3
8930e1d8227ffff,소매,3
8930e1d8227ffff,수리·개인,1
8930e1d822fffff,과학·기술,7
8930e1d822fffff,교육,27
8930e1d822fffff,보건의료,4
8930e1d822fffff,부동산,10
8930e1d822fffff,소매,30
8930e1d822fffff,수리·개인,14
8930e1d822fffff,시설관리·임대,4
8930e1d822fffff,예술·스포츠,5
8930e1d822fffff,음식,9
8930e1d8233ffff,과학·기술,53
8930e1d8233ffff,교육,10
8930e1d8233ffff,부동산,4
8930e1d8233ffff,소매,28
8930e1d8233ffff,수리·개인,7
8930e1d8233ffff,숙박,3
8930e1d8233ffff,시설관리·임대,17
8930e1d8233ffff,예술·스포츠,1
8930e1d8233ffff,음식,19
8930e1d8237ffff,과학·기술,29
8930e1d8237ffff,교육,18
8930e1d8237ffff,보건의료,5
8930e1d8237ffff,부동산,6
8930e1d8237ffff,소매,34
8930e1d8237ffff,수리·개인,16
8930e1d8237ffff,숙박,7
8930e1d8237ffff,시설관리·임대,4
8930e1d8237ffff,예술·스포츠,6
8930e1d8237ffff,음식,47
8930e1d823bffff,과학·기술,2
8930e1d823bffff,소매,1
8930e1d823bffff,수리·개인,2
8930e1d823bffff,시설관리·임대,1
8930e1d823bffff,음식,1
8930e1d8243ffff,음식,10
8930e1d824bffff,소매,1
8930e1d824fffff,소매,5
8930e1d824fffff,예술·스포츠,1
8930e1d824fffff,음식,2
8930e1d8253ffff,소매,4
8930e1d8253ffff,음식,5
8930e1d825bffff,소매,3
8930e1d825bffff,음식,13
8930e1d8287ffff,과학·기술,13
8930e1d8287ffff,부동산,2
8930e1d8287ffff,소매,8
8930e1d8287ffff,수리·개인,4
8930e1d8287ffff,시설관리·임대,2
8930e1d8287ffff,예술·스포츠,1
8930e1d8287ffff,음식,1
8930e1d8293ffff,과학·기술,1
8930e1d8293ffff,교육,3
8930e1d8297ffff,과학·기술,10
8930e1d8297ffff,교육,10
8930e1d8297ffff,보건의료,3
8930e1d8297ffff,부동산,10
8930e1d8297ffff,소매,18
8930e1d8297ffff,수리·개인,10
8930e1d8297ffff,숙박,1
8930e1d8297ffff,시설관리·임대,2
8930e1d8297ffff,예술·스포츠,2
8930e1d8297ffff,음식,17
8930e1d82a3ffff,과학·기술,48
8930e1d82a3ffff,교육,12
8930e1d82a3ffff,보건의료,1
8930e1d82a3ffff,부동산,9
8930e1d82a3ffff,소매,17
8930e1d82a3ffff,수리·개인,12
8930e1d82a3ffff,숙박,2
8930e1d82a3ffff,시설관리·임대,23
8930e1d82a3ffff,예술·스포츠,19
8930e1d82a3ffff,음식,80
8930e1d82a7ffff,과학·기술,48
8930e1d82a7ffff,교육,32
8930e1d82a7ffff,보건의료,10
8930e1d82a7ffff,부동산,12
8930e1d82a7ffff,소매,26
8930e1d82a7ffff,수리·개인,15
8930e1d82a7ffff,시설관리·임대,19
8930e1d82a7ffff,예술·스포츠,8
8930e1d82a7ffff,음식,68
8930e1d82afffff,과학·기술,44
8930e1d82afffff,교육,10
8930e1d82afffff,보건의료,3
8930e1d82afffff,부동산,5
8930e1d82afffff,소매,23
8930e1d82afffff,수리·개인,9
8930e1d82afffff,시설관리·임대,11
8930e1d82afffff,예술·스포츠,11
8930e1d82afffff,음식,72
8930e1d82b3ffff,과학·기술,25
8930e1d82b3ffff,교육,4
8930e1d82b3ffff,보건의료,1
8930e1d82b3ffff,부동산,4
8930e1d82b3ffff,소매,17
8930e1d82b3ffff,수리·개인,10
8930e1d82b3ffff,시설관리·임대,5
8930e1d82b3ffff,예술·스포츠,6
8930e1d82b3ffff,음식,30
8930e1d82b7ffff,과학·기술,4
8930e1d82b7ffff,교육,27
8930e1d82b7ffff,부동산,12
8930e1d82b7ffff,소매,17
8930e1d82b7ffff,수리·개인,8
8930e1d82b7ffff,시설관리·임대,1
8930e1d82b7ffff,예술·스포츠,3
8930e1d82b7ffff,음식,18
8930e1d82bbffff,과학·기술,2
8930e1d82bbffff,교육,1
8930e1d82bbffff,소매,3
8930e1d82bbffff,시설관리·임대,2
8930e1d82bbffff,음식,3
8930e1d8303ffff,과학·기술,10
8930e1d8303ffff,교육,6
8930e1d8303ffff,보건의료,2
8930e1d8303ffff,소매,12
8930e1d8303ffff,수리·개인,2
8930e1d8303ffff,숙박,2
8930e1d8303ffff,시설관리·임대,1
8930e1d8303ffff,음식,7
8930e1d8307ffff,과학·기술,13
8930e1d8307ffff,교육,9
8930e1d8307ffff,부동산,3
8930e1d8307ffff,소매,8
8930e1d8307ffff,수리·개인,6
8930e1d8307ffff,시설관리·임대,3
8930e1d8307ffff,예술·스포츠,3
8930e1d8307ffff,음식,16
8930e1d830bffff,과학·기술,12
8930e1d830bffff,교육,11
8930e1d830bffff,보건의료,1
8930e1d830bffff,부동산,11
8930e1d830bffff,소매,22
8930e1d830bffff,수리·개인,18
8930e1d830bffff,시설관리·임대,4
8930e1d830bffff,예술·스포츠,2
8930e1d830bffff,음식,22
8930e1d830fffff,과학·기술,12
8930e1d830fffff,교육,19
8930e1d830fffff,보건의료,7
8930e1d830fffff,부동산,14
8930e1d830fffff,소매,30
8930e1d830fffff,수리·개인,6
8930e1d830fffff,예술·스포츠,4
8930e1d830fffff,음식,33
8930e1d8313ffff,과학·기술,8
8930e1d8313ffff,교육,9
8930e1d8313ffff,보건의료,3
8930e1d8313ffff,부동산,8
8930e1d8313ffff,소매,12
8930e1d8313ffff,수리·개인,9
8930e1d8313ffff,숙박,3
8930e1d8313ffff,시설관리·임대,3
8930e1d8313ffff,예술·스포츠,2
8930e1d8313ffff,음식,5
8930e1d8317ffff,과학·기술,6
8930e1d8317ffff,교육,5
8930e1d8317ffff,소매,18
8930e1d8317ffff,수리·개인,1
8930e1d8317ffff,시설관리·임대,3
8930e1d8317ffff,음식,9
8930e1d831bffff,과학·기술,5
8930e1d831bffff,교육,3
8930e1d831bffff,부동산,5
8930e1d831bffff,소매,8
8930e1d831bffff,수리·개인,3
8930e1d831bffff,시설관리·임대,2
8930e1d831bffff,예술·스포츠,1
8930e1d831bffff,음식,4
8930e1d8323ffff,과학·기술,2
8930e1d8323ffff,교육,2
8930e1d8323ffff,시설관리·임대,3
8930e1d8323ffff,예술·스포츠,1
8930e1d8323ffff,음식,3
8930e1d8327ffff,과학·기술,19
8930e1d8327ffff,교육,10
8930e1d8327ffff,부동산,12
8930e1d8327ffff,소매,30
8930e1d8327ffff,수리·개인,25
8930e1d8327ffff,숙박,6
8930e1d8327ffff,시설관리·임대,3
8930e1d8327ffff,예술·스포츠,4
8930e1d8327ffff,음식,81
8930e1d832bffff,과학·기술,18
8930e1d832bffff,교육,5
8930e1d832bffff,부동산,3
8930e1d832bffff,소매,12
8930e1d832bffff,수리·개인,9
8930e1d832bffff,숙박,4
8930e1d832bffff,시설관리·임대,2
8930e1d832bffff,음식,18
8930e1d832fffff,과학·기술,25
8930e1d832fffff,교육,16
8930e1d832fffff,보건의료,2
8930e1d832fffff,부동산,18
8930e1d832fffff,소매,26
8930e1d832fffff,수리·개인,15
8930e1d832fffff,숙박,2
8930e1d832fffff,시설관리·임대,8
8930e1d832fffff,예술·스포츠,8
8930e1d832fffff,음식,77
8930e1d8333ffff,과학·기술,4
8930e1d8333ffff,소매,5
8930e1d8333ffff,수리·개인,1
8930e1d8333ffff,숙박,2
8930e1d8333ffff,시설관리·임대,1
8930e1d8333ffff,예술·스포츠,1
8930e1d8333ffff,음식,5
8930e1d8337ffff,과학·기술,39
8930e1d8337ffff,교육,17
8930e1d8337ffff,보건의료,4
8930e1d8337ffff,부동산,4
8930e1d8337ffff,소매,37
8930e1d8337ffff,수리·개인,29
8930e1d8337ffff,숙박,3
8930e1d8337ffff,시설관리·임대,13
8930e1d8337ffff,예술·스포츠,13
8930e1d8337ffff,음식,101
8930e1d833bffff,과학·기술,12
8930e1d833bffff,교육,12
8930e1d833bffff,부동산,2
8930e1d833bffff,소매,14
8930e1d833bffff,수리·개인,5
8930e1d833bffff,시설관리·임대,3
8930e1d833bffff,음식,14
8930e1d8343ffff,과학·기술,13
8930e1d8343ffff,교육,2
8930e1d8343ffff,부동산,6
8930e1d8343ffff,소매,13
8930e1d8343ffff,수리·개인,13
8930e1d8343ffff,시설관리·임대,1
8930e1d8343ffff,음식,5
8930e1d8347ffff,과학·기술,1
8930e1d8347ffff,교육,1
8930e1d8347ffff,소매,11
8930e1d8347ffff,수리·개인,8
8930e1d8347ffff,숙박,2
8930e1d8347ffff,시설관리·임대,1
8930e1d8347ffff,예술·스포츠,2
8930e1d8347ffff,음식,8
8930e1d834bffff,과학·기술,30
8930e1d834bffff,교육,4
8930e1d834bffff,부동산,2
8930e1d834bffff,소매,61
8930e1d834bffff,수리·개인,7
8930e1d834bffff,시설관리·임대,15
8930e1d834bffff,예술·스포츠,5
8930e1d834bffff,음식,16
8930e1d834fffff,과학·기술,15
8930e1d834fffff,교육,4
8930e1d834fffff,부동산,7
8930e1d834fffff,소매,28
8930e1d834fffff,수리·개인,9
8930e1d834fffff,숙박,1
8930e1d834fffff,시설관리·임대,9
8930e1d834fffff,예술·스포츠,5
8930e1d834fffff,음식,32
8930e1d8353ffff,교육,1
8930e1d8353ffff,부동산,1
8930e1d8353ffff,소매,6
8930e1d8353ffff,수리·개인,3
8930e1d8353ffff,숙박,1
8930e1d8353ffff,예술·스포츠,1
8930e1d8353ffff,음식,3
8930e1d8357ffff,과학·기술,3
8930e1d8357ffff,교육,12
8930e1d8357ffff,부동산,3
8930e1d8357ffff,소매,4
8930e1d8357ffff,수리·개인,7
8930e1d8357ffff,예술·스포츠,1
8930e1d8357ffff,음식,4
8930e1d835bffff,과학·기술,9
8930e1d835bffff,교육,8
8930e1d835bffff,보건의료,1
8930e1d835bffff,부동산,5
8930e1d835bffff,소매,16
8930e1d835bffff,수리·개인,10
8930e1d835bffff,시설관리·임대,1
8930e1d835bffff,음식,16
8930e1d8363ffff,과학·기술,24
8930e1d8363ffff,교육,7
8930e1d8363ffff,보건의료,2
8930e1d8363ffff,부동산,7
8930e1d8363ffff,소매,41
8930e1d8363ffff,수리·개인,12
8930e1d8363ffff,숙박,4
8930e1d8363ffff,예술·스포츠,7
8930e1d8363ffff,음식,53
8930e1d8367ffff,과학·기술,22
8930e1d8367ffff,교육,10
8930e1d8367ffff,보건의료,1
8930e1d8367ffff,부동산,5
8930e1d8367ffff,소매,15
8930e1d8367ffff,수리·개인,7
8930e1d8367ffff,시설관리·임대,3
8930e1d8367ffff,예술·스포츠,4
8930e1d8367ffff,음식,12
8930e1d836bffff,과학·기술,4
8930e1d836bffff,보건의료,1
8930e1d836bffff,소매,33
8930e1d836bffff,수리·개인,4
8930e1d836bffff,예술·스포츠,2
8930e1d836bffff,음식,3
8930e1d836fffff,과학·기술,11
8930e1d836fffff,부동산,7
8930e1d836fffff,소매,138
8930e1d836fffff,수리·개인,18
8930e1d836fffff,시설관리·임대,3
8930e1d836fffff,음식,14
8930e1d8373ffff,과학·기술,32
8930e1d8373ffff,교육,6
8930e1d8373ffff,보건의료,9
8930e1d8373ffff,부동산,16
8930e1d8373ffff,소매,115
8930e1d8373ffff,수리·개인,29
8930e1d8373ffff,숙박,3
8930e1d8373ffff,시설관리·임대,6
8930e1d8373ffff,예술·스포츠,6
8930e1d8373ffff,음식,111
8930e1d8377ffff,과학·기술,7
8930e1d8377ffff,교육,4
8930e1d8377ffff,부동산,7
8930e1d8377ffff,소매,14
8930e1d8377ffff,수리·개인,8
8930e1d8377ffff,숙박,3
8930e1d8377ffff,시설관리·임대,1
8930e1d8377ffff,음식,27
8930e1d837bffff,과학·기술,23
8930e1d837bffff,교육,3
8930e1d837bffff,보건의료,7
8930e1d837bffff,부동산,3
8930e1d837bffff,소매,61
8930e1d837bffff,수리·개인,21
8930e1d837bffff,숙박,2
8930e1d837bffff,시설관리·임대,9
8930e1d837bffff,예술·스포츠,3
8930e1d837bffff,음식,52
8930e1d8383ffff,과학·기술,43
8930e1d8383ffff,교육,14
8930e1d8383ffff,보건의료,5
8930e1d8383ffff,부동산,7
8930e1d8383ffff,소매,18
8930e1d8383ffff,수리·개인,23
8930e1d8383ffff,숙박,5
8930e1d8383ffff,시설관리·임대,3
8930e1d8383ffff,예술·스포츠,4
8930e1d8383ffff,음식,101
8930e1d8387ffff,과학·기술,34
8930e1d8387ffff,교육,14
8930e1d8387ffff,보건의료,1
8930e1d8387ffff,부동산,4
8930e1d8387ffff,소매,12
8930e1d8387ffff,수리·개인,6
8930e1d8387ffff,숙박,3
8930e1d8387ffff,시설관리·임대,5
8930e1d8387ffff,예술·스포츠,10
8930e1d8387ffff,음식,44
8930e1d838bffff,과학·기술,111
8930e1d838bffff,교육,22
8930e1d838bffff,보건의료,23
8930e1d838bffff,부동산,15
8930e1d838bffff,소매,68
8930e1d838bffff,수리·개인,22
8930e1d838bffff,숙박,4
8930e1d838bffff,시설관리·임대,52
8930e1d838bffff,예술·스포츠,11
8930e1d838bffff,음식,132
8930e1d838fffff,과학·기술,44
8930e1d838fffff,교육,10
8930e1d838fffff,부동산,8
8930e1d838fffff,소매,10
8930e1d838fffff,수리·개인,10
8930e1d838fffff,숙박,2
8930e1d838fffff,시설관리·임대,5
8930e1d838fffff,예술·스포츠,4
8930e1d838fffff,음식,21
8930e1d8393ffff,과학·기술,3
8930e1d8393ffff,교육,12
8930e1d8393ffff,보건의료,1
8930e1d8393ffff,부동산,5
8930e1d8393ffff,소매,8
8930e1d8393ffff,수리·개인,9
8930e1d8393ffff,예술·스포츠,2
8930e1d8393ffff,음식,2
8930e1d8397ffff,과학·기술,37
8930e1d8397ffff,교육,9
8930e1d8397ffff,보건의료,6
8930e1d8397ffff,부동산,4
8930e1d8397ffff,소매,17
8930e1d8397ffff,수리·개인,7
8930e1d8397ffff,시설관리·임대,9
8930e1d8397ffff,예술·스포츠,10
8930e1d8397ffff,음식,24
8930e1d839bffff,과학·기술,86
8930e1d839bffff,교육,21
8930e1d839bffff,보건의료,6
8930e1d839bffff,부동산,21
8930e1d839bffff,소매,35
8930e1d839bffff,수리·개인,19
8930e1d839bffff,시설관리·임대,43
8930e1d839bffff,예술·스포츠,3
8930e1d839bffff,음식,36
8930e1d83a3ffff,과학·기술,10
8930e1d83a3ffff,교육,7
8930e1d83a3ffff,보건의료,2
8930e1d83a3ffff,부동산,1
8930e1d83a3ffff,소매,11
8930e1d83a3ffff,수리·개인,8
8930e1d83a3ffff,숙박,4
8930e1d83a3ffff,시설관리·임대,2
8930e1d83a3ffff,음식,6
8930e1d83a7ffff,과학·기술,4
8930e1d83a7ffff,교육,8
8930e1d83a7ffff,보건의료,2
8930e1d83a7ffff,부동산,7
8930e1d83a7ffff,소매,26
8930e1d83a7ffff,수리·개인,18
8930e1d83a7ffff,숙박,5
8930e1d83a7ffff,시설관리·임대,2
8930e1d83a7ffff,예술·스포츠,1
8930e1d83a7ffff,음식,24
8930e1d83abffff,소매,1
8930e1d83abffff,숙박,1
8930e1d83abffff,음식,4
8930e1d83afffff,과학·기술,7
8930e1d83afffff,교육,4
8930e1d83afffff,소매,7
8930e1d83afffff,수리·개인,1
8930e1d83afffff,숙박,1
8930e1d83afffff,시설관리·임대,1
8930e1d83afffff,음식,6
8930e1d83b3ffff,과학·기술,11
8930e1d83b3ffff,교육,6
8930e1d83b3ffff,부동산,7
8930e1d83b3ffff,소매,15
8930e1d83b3ffff,수리·개인,8
8930e1d83b3ffff,숙박,3
8930e1d83b3ffff,시설관리·임대,2
8930e1d83b3ffff,예술·스포츠,3
8930e1d83b3ffff,음식,17
8930e1d83b7ffff,과학·기술,12
8930e1d83b7ffff,교육,21
8930e1d83b7ffff,보건의료,11
8930e1d83b7ffff,부동산,3
8930e1d83b7ffff,소매,28
8930e1d83b7ffff,수리·개인,9
8930e1d83b7ffff,숙박,1
8930e1d83b7ffff,예술·스포츠,6
8930e1d83b7ffff,음식,27
8930e1d83bbffff,과학·기술,21
8930e1d83bbffff,교육,7
8930e1d83bbffff,부동산,3
8930e1d83bbffff,소매,19
8930e1d83bbffff,수리·개인,7
8930e1d83bbffff,숙박,6
8930e1d83bbffff,시설관리·임대,4
8930e1d83bbffff,예술·스포츠,1
8930e1d83bbffff,음식,34
8930e1d83c3ffff,과학·기술,61
8930e1d83c3ffff,교육,22
8930e1d83c3ffff,보건의료,23
8930e1d83c3ffff,부동산,8
8930e1d83c3ffff,소매,33
8930e1d83c3ffff,수리·개인,31
8930e1d83c3ffff,숙박,2
8930e1d83c3ffff,시설관리·임대,14
8930e1d83c3ffff,예술·스포츠,11
8930e1d83c3ffff,음식,134
8930e1d83c7ffff,과학·기술,17
8930e1d83c7ffff,교육,6
8930e1d83c7ffff,보건의료,5
8930e1d83c7ffff,부동산,8
8930e1d83c7ffff,소매,24
8930e1d83c7ffff,수리·개인,18
8930e1d83c7ffff,숙박,20
8930e1d83c7ffff,시설관리·임대,7
8930e1d83c7ffff,예술·스포츠,7
8930e1d83c7ffff,음식,54
8930e1d83cbffff,과학·기술,3
8930e1d83cbffff,교육,32
8930e1d83cbffff,보건의료,1
8930e1d83cbffff,부동산,5
8930e1d83cbffff,소매,17
8930e1d83cbffff,수리·개인,5
8930e1d83cbffff,숙박,4
8930e1d83cbffff,예술·스포츠,4
8930e1d83cbffff,음식,9
8930e1d83cfffff,과학·기술,4
8930e1d83cfffff,교육,3
8930e1d83cfffff,부동산,3
8930e1d83cfffff,소매,2
8930e1d83cfffff,수리·개인,3
8930e1d83cfffff,시설관리·임대,1
8930e1d83cfffff,음식,4
8930e1d83d3ffff,과학·기술,129
8930e1d83d3ffff,교육,37
8930e1d83d3ffff,보건의료,10
8930e1d83d3ffff,부동산,8
8930e1d83d3ffff,소매,38
8930e1d83d3ffff,수리·개인,16
8930e1d83d3ffff,숙박,2
8930e1d83d3ffff,시설관리·임대,68
8930e1d83d3ffff,예술·스포츠,12
8930e1d83d3ffff,음식,89
8930e1d83d7ffff,과학·기술,49
8930e1d83d7ffff,교육,12
8930e1d83d7ffff,보건의료,18
8930e1d83d7ffff,부동산,7
8930e1d83d7ffff,소매,42
8930e1d83d7ffff,수리·개인,14
8930e1d83d7ffff,숙박,2
8930e1d83d7ffff,시설관리·임대,15
8930e1d83d7ffff,예술·스포츠,2
8930e1d83d7ffff,음식,65
8930e1d83dbffff,과학·기술,59
8930e1d83dbffff,교육,9
8930e1d83dbffff,보건의료,31
8930e1d83dbffff,부동산,16
8930e1d83dbffff,소매,34
8930e1d83dbffff,수리·개인,42
8930e1d83dbffff,숙박,6
8930e1d83dbffff,시설관리·임대,27
8930e1d83dbffff,예술·스포츠,20
8930e1d83dbffff,음식,158
8930e1d8403ffff,과학·기술,38
8930e1d8403ffff,교육,13
8930e1d8403ffff,보건의료,1
8930e1d8403ffff,부동산,3
8930e1d8403ffff,소매,31
8930e1d8403ffff,수리·개인,17
8930e1d8403ffff,숙박,11
8930e1d8403ffff,시설관리·임대,2
8930e1d8403ffff,음식,81
8930e1d8407ffff,과학·기술,8
8930e1d8407ffff,교육,6
8930e1d8407ffff,보건의료,2
8930e1d8407ffff,부동산,2
8930e1d8407ffff,소매,16
8930e1d8407ffff,수리·개인,5
8930e1d8407ffff,시설관리·임대,4
8930e1d8407ffff,음식,36
8930e1d840bffff,과학·기술,44
8930e1d840bffff,교육,16
8930e1d840bffff,보건의료,1
8930e1d840bffff,부동산,2
8930e1d840bffff,소매,52
8930e1d840bffff,수리·개인,44
8930e1d840bffff,숙박,34
8930e1d840bffff,시설관리·임대,9
8930e1d840bffff,예술·스포츠,7
8930e1d840bffff,음식,129
8930e1d840fffff,과학·기술,44
8930e1d840fffff,교육,14
8930e1d840fffff,부동산,4
8930e1d840fffff,소매,28
8930e1d840fffff,수리·개인,17
8930e1d840fffff,숙박,17
8930e1d840fffff,시설관리·임대,10
8930e1d840fffff,예술·스포츠,2
8930e1d840fffff,음식,74
8930e1d8413ffff,과학·기술,2
8930e1d8413ffff,소매,4
8930e1d8413ffff,수리·개인,2
8930e1d8413ffff,숙박,1
8930e1d8413ffff,시설관리·임대,1
8930e1d8413ffff,음식,1
8930e1d8417ffff,과학·기술,7
8930e1d8417ffff,소매,1
8930e1d841bffff,과학·기술,38
8930e1d841bffff,교육,12
8930e1d841bffff,부동산,2
8930e1d841bffff,소매,37
8930e1d841bffff,수리·개인,17
8930e1d841bffff,숙박,18
8930e1d841bffff,시설관리·임대,4
8930e1d841bffff,예술·스포츠,1
8930e1d841bffff,음식,55
8930e1d8423ffff,과학·기술,18
8930e1d8423ffff,교육,12
8930e1d8423ffff,보건의료,14
8930e1d8423ffff,부동산,5
8930e1d8423ffff,소매,29
8930e1d8423ffff,수리·개인,14
8930e1d8423ffff,숙박,3
8930e1d8423ffff,시설관리·임대,5
8930e1d8423ffff,예술·스포츠,13
8930e1d8423ffff,음식,43
8930e1d8427ffff,과학·기술,8
8930e1d8427ffff,교육,4
8930e1d8427ffff,소매,4
8930e1d8427ffff,시설관리·임대,2
8930e1d842bffff,과학·기술,13
8930e1d842bffff,교육,9
8930e1d842bffff,부동산,4
8930e1d842bffff,소매,9
8930e1d842bffff,수리·개인,4
8930e1d842bffff,숙박,11
8930e1d842bffff,시설관리·임대,4
8930e1d842bffff,예술·스포츠,1
8930e1d842bffff,음식,10
8930e1d842fffff,과학·기술,1
8930e1d842fffff,교육,4
8930e1d842fffff,소매,2
8930e1d842fffff,수리·개인,2
8930e1d842fffff,시설관리·임대,1
8930e1d842fffff,예술·스포츠,1
8930e1d842fffff,음식,12
8930e1d8433ffff,과학·기술,40
8930e1d8433ffff,교육,16
8930e1d8433ffff,보건의료,1
8930e1d8433ffff,부동산,3
8930e1d8433ffff,소매,75
8930e1d8433ffff,수리·개인,16
8930e1d8433ffff,시설관리·임대,1
8930e1d8433ffff,예술·스포츠,2
8930e1d8433ffff,음식,86
8930e1d8437ffff,과학·기술,25
8930e1d8437ffff,교육,27
8930e1d8437ffff,보건의료,8
8930e1d8437ffff,부동산,10
8930e1d8437ffff,소매,49
8930e1d8437ffff,수리·개인,16
8930e1d8437ffff,숙박,1
8930e1d8437ffff,시설관리·임대,2
8930e1d8437ffff,예술·스포츠,4
8930e1d8437ffff,음식,61
8930e1d843bffff,과학·기술,30
8930e1d843bffff,교육,10
8930e1d843bffff,보건의료,7
8930e1d843bffff,부동산,6
8930e1d843bffff,소매,23
8930e1d843bffff,수리·개인,14
8930e1d843bffff,숙박,2
8930e1d843bffff,시설관리·임대,5
8930e1d843bffff,예술·스포츠,13
8930e1d843bffff,음식,85
8930e1d8443ffff,과학·기술,58
8930e1d8443ffff,교육,25
8930e1d8443ffff,보건의료,2
8930e1d8443ffff,부동산,8
8930e1d8443ffff,소매,39
8930e1d8443ffff,수리·개인,28
8930e1d8443ffff,숙박,33
8930e1d8443ffff,시설관리·임대,16
8930e1d8443ffff,예술·스포츠,3
8930e1d8443ffff,음식,67
8930e1d8447ffff,과학·기술,70
8930e1d8447ffff,교육,17
8930e1d8447ffff,보건의료,3
8930e1d8447ffff,부동산,8
8930e1d8447ffff,소매,50
8930e1d8447ffff,수리·개인,28
8930e1d8447ffff,숙박,31
8930e1d8447ffff,시설관리·임대,18
8930e1d8447ffff,예술·스포츠,12
8930e1d8447ffff,음식,169
8930e1d844bffff,과학·기술,97
8930e1d844bffff,교육,31
8930e1d844bffff,보건의료,13
8930e1d844bffff,부동산,10
8930e1d844bffff,소매,41
8930e1d844bffff,수리·개인,43
8930e1d844bffff,숙박,15
8930e1d844bffff,시설관리·임대,33
8930e1d844bffff,예술·스포츠,14
8930e1d844bffff,음식,91
8930e1d844fffff,과학·기술,92
8930e1d844fffff,교육,55
8930e1d844fffff,보건의료,51
8930e1d844fffff,부동산,11
8930e1d844fffff,소매,70
8930e1d844fffff,수리·개인,42
8930e1d844fffff,숙박,10
8930e1d844fffff,시설관리·임대,33
8930e1d844fffff,예술·스포츠,7
8930e1d844fffff,음식,85
8930e1d8453ffff,과학·기술,20
8930e1d8453ffff,교육,17
8930e1d8453ffff,보건의료,1
8930e1d8453ffff,부동산,6
8930e1d8453ffff,소매,21
8930e1d8453ffff,수리·개인,12
8930e1d8453ffff,숙박,20
8930e1d8453ffff,시설관리·임대,7
8930e1d8453ffff,예술·스포츠,3
8930e1d8453ffff,음식,31
8930e1d8457ffff,과학·기술,30
8930e1d8457ffff,교육,13
8930e1d8457ffff,보건의료,5
8930e1d8457ffff,부동산,11
8930e1d8457ffff,소매,29
8930e1d8457ffff,수리·개인,28
8930e1d8457ffff,숙박,30
8930e1d8457ffff,시설관리·임대,9
8930e1d8457ffff,예술·스포츠,8
8930e1d8457ffff,음식,56
8930e1d845bffff,과학·기술,36
8930e1d845bffff,교육,11
8930e1d845bffff,보건의료,5
8930e1d845bffff,부동산,11
8930e1d845bffff,소매,28
8930e1d845bffff,수리·개인,21
8930e1d845bffff,숙박,21
8930e1d845bffff,시설관리·임대,13
8930e1d845bffff,예술·스포츠,6
8930e1d845bffff,음식,62
8930e1d8463ffff,과학·기술,25
8930e1d8463ffff,교육,10
8930e1d8463ffff,보건의료,1
8930e1d8463ffff,부동산,5
8930e1d8463ffff,소매,16
8930e1d8463ffff,수리·개인,11
8930e1d8463ffff,숙박,19
8930e1d8463ffff,시설관리·임대,6
8930e1d8463ffff,예술·스포츠,1
8930e1d8463ffff,음식,24
8930e1d8467ffff,과학·기술,2
8930e1d8467ffff,교육,4
8930e1d8467ffff,소매,3
8930e1d8467ffff,수리·개인,1
8930e1d8467ffff,숙박,6
8930e1d8467ffff,시설관리·임대,1
8930e1d8467ffff,예술·스포츠,1
8930e1d8467ffff,음식,4
8930e1d846bffff,과학·기술,47
8930e1d846bffff,교육,29
8930e1d846bffff,보건의료,4
8930e1d846bffff,부동산,13
8930e1d846bffff,소매,71
8930e1d846bffff,수리·개인,50
8930e1d846bffff,숙박,57
8930e1d846bffff,시설관리·임대,14
8930e1d846bffff,예술·스포츠,5
8930e1d846bffff,음식,69
8930e1d846fffff,과학·기술,145
8930e1d846fffff,교육,40
8930e1d846fffff,보건의료,1
8930e1d846fffff,부동산,4
8930e1d846fffff,소매,31
8930e1d846fffff,수리·개인,12
8930e1d846fffff,숙박,20
8930e1d846fffff,시설관리·임대,47
8930e1d846fffff,예술·스포츠,3
8930e1d846fffff,음식,12
8930e1d8473ffff,과학·기술,60
8930e1d8473ffff,교육,19
8930e1d8473ffff,보건의료,4
8930e1d8473ffff,부동산,9
8930e1d8473ffff,소매,74
8930e1d8473ffff,수리·개인,59
8930e1d8473ffff,숙박,49
8930e1d8473ffff,시설관리·임대,6
8930e1d8473ffff,예술·스포츠,10
8930e1d8473ffff,음식,328
8930e1d8477ffff,과학·기술,10
8930e1d8477ffff,교육,4
8930e1d8477ffff,보건의료,4
8930e1d8477ffff,부동산,5
8930e1d8477ffff,소매,18
8930e1d8477ffff,수리·개인,4
8930e1d8477ffff,숙박,4
8930e1d8477ffff,시설관리·임대,5
8930e1d8477ffff,음식,16
8930e1d847bffff,과학·기술,140
8930e1d847bffff,교육,41
8930e1d847bffff,보건의료,11
8930e1d847bffff,부동산,10
8930e1d847bffff,소매,75
8930e1d847bffff,수리·개인,28
8930e1d847bffff,숙박,19
8930e1d847bffff,시설관리·임대,26
8930e1d847bffff,예술·스포츠,14
8930e1d847bffff,음식,107
8930e1d8483ffff,교육,3
8930e1d8483ffff,소매,2
8930e1d8483ffff,수리·개인,2
8930e1d8483ffff,음식,4
8930e1d8487ffff,과학·기술,3
8930e1d8487ffff,교육,16
8930e1d8487ffff,보건의료,2
8930e1d8487ffff,소매,14
8930e1d8487ffff,수리·개인,6
8930e1d8487ffff,예술·스포츠,3
8930e1d8487ffff,음식,10
8930e1d848bffff,과학·기술,2
8930e1d848bffff,소매,2
8930e1d848bffff,숙박,1
8930e1d848bffff,시설관리·임대,1
8930e1d848bffff,음식,4
8930e1d848fffff,과학·기술,2
8930e1d848fffff,교육,2
8930e1d848fffff,부동산,1
8930e1d848fffff,소매,4
8930e1d848fffff,수리·개인,1
8930e1d848fffff,시설관리·임대,3
8930e1d8493ffff,과학·기술,2
8930e1d8493ffff,교육,6
8930e1d8493ffff,보건의료,3
8930e1d8493ffff,부동산,13
8930e1d8493ffff,소매,19
8930e1d8493ffff,수리·개인,9
8930e1d8493ffff,음식,40
8930e1d8497ffff,과학·기술,3
8930e1d8497ffff,교육,25
8930e1d8497ffff,보건의료,2
8930e1d8497ffff,부동산,9
8930e1d8497ffff,소매,14
8930e1d8497ffff,수리·개인,8
8930e1d8497ffff,예술·스포츠,1
8930e1d8497ffff,음식,16
8930e1d849bffff,과학·기술,2
8930e1d849bffff,교육,25
8930e1d849bffff,부동산,7
8930e1d849bffff,소매,21
8930e1d849bffff,수리·개인,11
8930e1d849bffff,숙박,2
8930e1d849bffff,시설관리·임대,1
8930e1d849bffff,예술·스포츠,2
8930e1d849bffff,음식,31
8930e1d84a3ffff,과학·기술,5
8930e1d84a3ffff,교육,1
8930e1d84a3ffff,소매,1
8930e1d84a3ffff,시설관리·임대,3
8930e1d84a3ffff,음식,1
8930e1d84a7ffff,과학·기술,8
8930e1d84a7ffff,교육,3
8930e1d84a7ffff,소매,2
8930e1d84a7ffff,음식,1
8930e1d84abffff,과학·기술,21
8930e1d84abffff,교육,7
8930e1d84abffff,소매,5
8930e1d84abffff,수리·개인,2
8930e1d84abffff,시설관리·임대,1
8930e1d84abffff,음식,2
8930e1d84afffff,과학·기술,18
8930e1d84afffff,교육,5
8930e1d84afffff,부동산,2
8930e1d84afffff,소매,23
8930e1d84afffff,수리·개인,9
8930e1d84afffff,숙박,1
8930e1d84afffff,시설관리·임대,5
8930e1d84afffff,예술·스포츠,2
8930e1d84afffff,음식,19
8930e1d84b3ffff,과학·기술,8
8930e1d84b3ffff,교육,5
8930e1d84b3ffff,보건의료,2
8930e1d84b3ffff,부동산,3
8930e1d84b3ffff,소매,16
8930e1d84b3ffff,수리·개인,6
8930e1d84b3ffff,시설관리·임대,5
8930e1d84b3ffff,예술·스포츠,1
8930e1d84b3ffff,음식,11
8930e1d84b7ffff,과학·기술,8
8930e1d84b7ffff,교육,1
8930e1d84b7ffff,보건의료,1
8930e1d84b7ffff,부동산,2
8930e1d84b7ffff,소매,13
8930e1d84b7ffff,수리·개인,14
8930e1d84b7ffff,숙박,1
8930e1d84b7ffff,시설관리·임대,3
8930e1d84b7ffff,음식,16
8930e1d84bbffff,교육,1
8930e1d84bbffff,소매,1
8930e1d84bbffff,시설관리·임대,1
8930e1d84c3ffff,과학·기술,30
8930e1d84c3ffff,교육,6
8930e1d84c3ffff,부동산,3
8930e1d84c3ffff,소매,26
8930e1d84c3ffff,수리·개인,9
8930e1d84c3ffff,숙박,8
8930e1d84c3ffff,시설관리·임대,5
8930e1d84c3ffff,음식,41
8930e1d84c7ffff,과학·기술,16
8930e1d84c7ffff,교육,4
8930e1d84c7ffff,보건의료,1
8930e1d84c7ffff,부동산,2
8930e1d84c7ffff,소매,28
8930e1d84c7ffff,수리·개인,6
8930e1d84c7ffff,숙박,3
8930e1d84c7ffff,시설관리·임대,4
8930e1d84c7ffff,예술·스포츠,1
8930e1d84c7ffff,음식,35
8930e1d84cbffff,과학·기술,59
8930e1d84cbffff,교육,10
8930e1d84cbffff,부동산,2
8930e1d84cbffff,소매,21
8930e1d84cbffff,수리·개인,8
8930e1d84cbffff,숙박,4
8930e1d84cbffff,시설관리·임대,23
8930e1d84cbffff,예술·스포츠,7
8930e1d84cbffff,음식,20
8930e1d84cfffff,과학·기술,22
8930e1d84cfffff,교육,4
8930e1d84cfffff,부동산,1
8930e1d84cfffff,소매,11
8930e1d84cfffff,수리·개인,13
8930e1d84cfffff,숙박,21
8930e1d84cfffff,시설관리·임대,5
8930e1d84cfffff,예술·스포츠,1
8930e1d84cfffff,음식,22
8930e1d84d3ffff,과학·기술,5
8930e1d84d3ffff,소매,5
8930e1d84d3ffff,수리·개인,2
8930e1d84d3ffff,시설관리·임대,1
8930e1d84d3ffff,예술·스포츠,1
8930e1d84d3ffff,음식,5
8930e1d84d7ffff,과학·기술,1
8930e1d84d7ffff,교육,2
8930e1d84d7ffff,보건의료,9
8930e1d84d7ffff,소매,31
8930e1d84d7ffff,수리·개인,8
8930e1d84d7ffff,숙박,3
8930e1d84d7ffff,시설관리·임대,3
8930e1d84d7ffff,예술·스포츠,6
8930e1d84d7ffff,음식,43
8930e1d84dbffff,과학·기술,23
8930e1d84dbffff,교육,9
8930e1d84dbffff,보건의료,3
8930e1d84dbffff,부동산,4
8930e1d84dbffff,소매,23
8930e1d84dbffff,수리·개인,5
8930e1d84dbffff,숙박,1
8930e1d84dbffff,시설관리·임대,13
8930e1d84dbffff,예술·스포츠,3
8930e1d84dbffff,음식,22
8930e1d850bffff,과학·기술,1
8930e1d850bffff,예술·스포츠,1
8930e1d8513ffff,소매,1
8930e1d8523ffff,소매,1
8930e1d8527ffff,소매,1
8930e1d8537ffff,교육,2
8930e1d8537ffff,소매,1
8930e1d8563ffff,과학·기술,7
8930e1d8563ffff,교육,3
8930e1d8563ffff,보건의료,2
8930e1d8563ffff,부동산,1
8930e1d8563ffff,소매,8
8930e1d8563ffff,수리·개인,4
8930e1d8563ffff,숙박,2
8930e1d8563ffff,시설관리·임대,2
8930e1d8563ffff,음식,4
8930e1d8567ffff,소매,1
8930e1d856fffff,과학·기술,11
8930e1d856fffff,교육,3
8930e1d856fffff,소매,27
8930e1d856fffff,수리·개인,2
8930e1d856fffff,시설관리·임대,1
8930e1d856fffff,음식,18
8930e1d8573ffff,과학·기술,3
8930e1d8573ffff,교육,2
8930e1d8573ffff,소매,2
8930e1d8573ffff,수리·개인,3
8930e1d8573ffff,음식,1
8930e1d8577ffff,교육,1
8930e1d857bffff,과학·기술,18
8930e1d857bffff,교육,8
8930e1d857bffff,보건의료,3
8930e1d857bffff,소매,38
8930e1d857bffff,수리·개인,4
8930e1d857bffff,숙박,1
8930e1d857bffff,시설관리·임대,5
8930e1d857bffff,예술·스포츠,2
8930e1d857bffff,음식,47
8930e1d8583ffff,교육,1
8930e1d8583ffff,음식,2
8930e1d858bffff,과학·기술,2
8930e1d858bffff,교육,1
8930e1d858bffff,부동산,3
8930e1d858bffff,소매,2
8930e1d858bffff,수리·개인,2
8930e1d858bffff,음식,4
8930e1d8593ffff,과학·기술,7
8930e1d8593ffff,교육,5
8930e1d8593ffff,보건의료,7
8930e1d8593ffff,부동산,4
8930e1d8593ffff,소매,26
8930e1d8593ffff,수리·개인,12
8930e1d8593ffff,숙박,1
8930e1d8593ffff,시설관리·임대,4
8930e1d8593ffff,예술·스포츠,12
8930e1d8593ffff,음식,44
8930e1d8597ffff,과학·기술,5
8930e1d8597ffff,교육,3
8930e1d8597ffff,부동산,1
8930e1d8597ffff,소매,8
8930e1d8597ffff,수리·개인,12
8930e1d8597ffff,숙박,1
8930e1d8597ffff,시설관리·임대,1
8930e1d8597ffff,음식,10
8930e1d859bffff,과학·기술,22
8930e1d859bffff,교육,3
8930e1d859bffff,부동산,2
8930e1d859bffff,소매,13
8930e1d859bffff,수리·개인,1
8930e1d859bffff,숙박,2
8930e1d859bffff,시설관리·임대,5
8930e1d859bffff,음식,15
8930e1d85a7ffff,보건의료,1
8930e1d85a7ffff,부동산,1
8930e1d85a7ffff,소매,3
8930e1d85a7ffff,수리·개인,1
8930e1d85b3ffff,교육,2
8930e1d85b3ffff,소매,1
8930e1d85b3ffff,수리·개인,1
8930e1d85b3ffff,시설관리·임대,1
8930e1d85b3ffff,음식,1
8930e1d85b7ffff,과학·기술,1
8930e1d85b7ffff,교육,6
8930e1d85b7ffff,보건의료,1
8930e1d85b7ffff,소매,5
8930e1d85b7ffff,수리·개인,4
8930e1d85b7ffff,예술·스포츠,1
8930e1d85b7ffff,음식,2
8930e1d85c3ffff,과학·기술,27
8930e1d85c3ffff,교육,18
8930e1d85c3ffff,보건의료,1
8930e1d85c3ffff,부동산,5
8930e1d85c3ffff,소매,13
8930e1d85c3ffff,수리·개인,3
8930e1d85c3ffff,숙박,1
8930e1d85c3ffff,시설관리·임대,1
8930e1d85c3ffff,예술·스포츠,3
8930e1d85c3ffff,음식,25
8930e1d85c7ffff,과학·기술,10
8930e1d85c7ffff,교육,1
8930e1d85c7ffff,부동산,1
8930e1d85c7ffff,소매,5
8930e1d85c7ffff,수리·개인,2
8930e1d85c7ffff,시설관리·임대,2
8930e1d85c7ffff,음식,1
8930e1d85cbffff,과학·기술,6
8930e1d85cbffff,교육,17
8930e1d85cbffff,부동산,3
8930e1d85cbffff,소매,8
8930e1d85cbffff,수리·개인,1
8930e1d85cbffff,숙박,1
8930e1d85cbffff,시설관리·임대,7
8930e1d85cbffff,예술·스포츠,4
8930e1d85cbffff,음식,15
8930e1d85cfffff,교육,1
8930e1d85cfffff,소매,4
8930e1d85cfffff,수리·개인,2
8930e1d85cfffff,시설관리·임대,1
8930e1d85cfffff,음식,5
8930e1d85d3ffff,과학·기술,7
8930e1d85d3ffff,교육,1
8930e1d85d3ffff,소매,1
8930e1d85d3ffff,숙박,4
8930e1d85d3ffff,시설관리·임대,2
8930e1d85d3ffff,음식,1
8930e1d85d7ffff,과학·기술,14
8930e1d85d7ffff,교육,7
8930e1d85d7ffff,보건의료,2
8930e1d85d7ffff,부동산,6
8930e1d85d7ffff,소매,9
8930e1d85d7ffff,수리·개인,7
8930e1d85d7ffff,숙박,1
8930e1d85d7ffff,시설관리·임대,1
8930e1d85d7ffff,예술·스포츠,1
8930e1d85d7ffff,음식,8
8930e1d85dbffff,과학·기술,7
8930e1d85dbffff,교육,3
8930e1d85dbffff,소매,2
8930e1d85dbffff,시설관리·임대,1
8930e1d85dbffff,음식,4
8930e1d8603ffff,과학·기술,50
8930e1d8603ffff,교육,15
8930e1d8603ffff,보건의료,3
8930e1d8603ffff,부동산,7
8930e1d8603ffff,소매,32
8930e1d8603ffff,수리·개인,26
8930e1d8603ffff,숙박,13
8930e1d8603ffff,시설관리·임대,11
8930e1d8603ffff,예술·스포츠,5
8930e1d8603ffff,음식,88
8930e1d8607ffff,과학·기술,31
8930e1d8607ffff,교육,10
8930e1d8607ffff,보건의료,2
8930e1d8607ffff,부동산,6
8930e1d8607ffff,소매,19
8930e1d8607ffff,수리·개인,14
8930e1d8607ffff,숙박,3
8930e1d8607ffff,시설관리·임대,6
8930e1d8607ffff,예술·스포츠,3
8930e1d8607ffff,음식,25
8930e1d860bffff,과학·기술,1
8930e1d860bffff,소매,2
8930e1d860bffff,예술·스포츠,1
8930e1d860bffff,음식,2
8930e1d860fffff,과학·기술,13
8930e1d860fffff,교육,1
8930e1d860fffff,부동산,1
8930e1d860fffff,소매,9
8930e1d860fffff,수리·개인,1
8930e1d860fffff,시설관리·임대,4
8930e1d860fffff,예술·스포츠,2
8930e1d860fffff,음식,12
8930e1d8613ffff,과학·기술,61
8930e1d8613ffff,교육,17
8930e1d8613ffff,보건의료,1
8930e1d8613ffff,부동산,6
8930e1d8613ffff,소매,59
8930e1d8613ffff,수리·개인,49
8930e1d8613ffff,숙박,6
8930e1d8613ffff,시설관리·임대,12
8930e1d8613ffff,예술·스포츠,13
8930e1d8613ffff,음식,164
8930e1d8617ffff,과학·기술,62
8930e1d8617ffff,교육,23
8930e1d8617ffff,보건의료,2
8930e1d8617ffff,부동산,13
8930e1d8617ffff,소매,87
8930e1d8617ffff,수리·개인,65
8930e1d8617ffff,숙박,6
8930e1d8617ffff,시설관리·임대,9
8930e1d8617ffff,예술·스포츠,20
8930e1d8617ffff,음식,250
8930e1d861bffff,과학·기술,12
8930e1d861bffff,교육,1
8930e1d861bffff,소매,12
8930e1d861bffff,수리·개인,1
8930e1d861bffff,숙박,5
8930e1d861bffff,시설관리·임대,2
8930e1d861bffff,예술·스포츠,1
8930e1d861bffff,음식,13
8930e1d8623ffff,과학·기술,14
8930e1d8623ffff,교육,24
8930e1d8623ffff,보건의료,2
8930e1d8623ffff,부동산,12
8930e1d8623ffff,소매,21
8930e1d8623ffff,수리·개인,10
8930e1d8623ffff,숙박,4
8930e1d8623ffff,시설관리·임대,3
8930e1d8623ffff,예술·스포츠,4
8930e1d8623ffff,음식,15
8930e1d8627ffff,과학·기술,10
8930e1d8627ffff,교육,10
8930e1d8627ffff,보건의료,10
8930e1d8627ffff,부동산,10
8930e1d8627ffff,소매,12
8930e1d8627ffff,수리·개인,9
8930e1d8627ffff,시설관리·임대,4
8930e1d8627ffff,예술·스포츠,7
8930e1d8627ffff,음식,32
8930e1d862bffff,과학·기술,1
8930e1d862bffff,교육,2
8930e1d862bffff,소매,1
8930e1d862bffff,시설관리·임대,1
8930e1d862bffff,예술·스포츠,2
8930e1d862bffff,음식,1
8930e1d862fffff,과학·기술,18
8930e1d862fffff,교육,16
8930e1d862fffff,보건의료,4
8930e1d862fffff,부동산,5
8930e1d862fffff,소매,18
8930e1d862fffff,수리·개인,10
8930e1d862fffff,숙박,1
8930e1d862fffff,시설관리·임대,4
8930e1d862fffff,예술·스포츠,10
8930e1d862fffff,음식,36
8930e1d8633ffff,과학·기술,4
8930e1d8633ffff,교육,1
8930e1d8633ffff,소매,4
8930e1d8633ffff,수리·개인,1
8930e1d8633ffff,숙박,1
8930e1d8633ffff,시설관리·임대,3
8930e1d8633ffff,음식,2
8930e1d8637ffff,과학·기술,12
8930e1d8637ffff,교육,13
8930e1d8637ffff,보건의료,1
8930e1d8637ffff,부동산,1
8930e1d8637ffff,소매,14
8930e1d8637ffff,수리·개인,6
8930e1d8637ffff,숙박,2
8930e1d8637ffff,시설관리·임대,2
8930e1d8637ffff,예술·스포츠,4
8930e1d8637ffff,음식,14
8930e1d863bffff,과학·기술,4
8930e1d863bffff,교육,5
8930e1d863bffff,보건의료,1
8930e1d863bffff,부동산,8
8930e1d863bffff,소매,5
8930e1d863bffff,수리·개인,7
8930e1d863bffff,예술·스포츠,1
8930e1d863bffff,음식,8
8930e1d8683ffff,과학·기술,131
8930e1d8683ffff,교육,34
8930e1d8683ffff,보건의료,6
8930e1d8683ffff,부동산,6
8930e1d8683ffff,소매,38
8930e1d8683ffff,수리·개인,16
8930e1d8683ffff,숙박,11
8930e1d8683ffff,시설관리·임대,42
8930e1d8683ffff,예술·스포츠,7
8930e1d8683ffff,음식,57
8930e1d8687ffff,과학·기술,60
8930e1d8687ffff,교육,35
8930e1d8687ffff,보건의료,7
8930e1d8687ffff,부동산,8
8930e1d8687ffff,소매,83
8930e1d8687ffff,수리·개인,24
8930e1d8687ffff,숙박,20
8930e1d8687ffff,시설관리·임대,19
8930e1d8687ffff,예술·스포츠,14
8930e1d8687ffff,음식,135
8930e1d868bffff,과학·기술,80
8930e1d868bffff,교육,30
8930e1d868bffff,보건의료,3
8930e1d868bffff,부동산,13
8930e1d868bffff,소매,42
8930e1d868bffff,수리·개인,39
8930e1d868bffff,숙박,3
8930e1d868bffff,시설관리·임대,13
8930e1d868bffff,예술·스포츠,14
8930e1d868bffff,음식,229
8930e1d868fffff,과학·기술,66
8930e1d868fffff,교육,11
8930e1d868fffff,보건의료,2
8930e1d868fffff,부동산,12
8930e1d868fffff,소매,67
8930e1d868fffff,수리·개인,35
8930e1d868fffff,숙박,7
8930e1d868fffff,시설관리·임대,12
8930e1d868fffff,예술·스포츠,32
8930e1d868fffff,음식,147
8930e1d8693ffff,과학·기술,79
8930e1d8693ffff,교육,25
8930e1d8693ffff,부동산,6
8930e1d8693ffff,소매,26
8930e1d8693ffff,수리·개인,15
8930e1d8693ffff,숙박,18
8930e1d8693ffff,시설관리·임대,39
8930e1d8693ffff,예술·스포츠,3
8930e1d8693ffff,음식,55
8930e1d8697ffff,과학·기술,123
8930e1d8697ffff,교육,37
8930e1d8697ffff,부동산,8
8930e1d8697ffff,소매,36
8930e1d8697ffff,수리·개인,17
8930e1d8697ffff,숙박,9
8930e1d8697ffff,시설관리·임대,33
8930e1d8697ffff,예술·스포츠,6
8930e1d8697ffff,음식,57
8930e1d869bffff,과학·기술,99
8930e1d869bffff,교육,33
8930e1d869bffff,보건의료,17
8930e1d869bffff,부동산,15
8930e1d869bffff,소매,57
8930e1d869bffff,수리·개인,31
8930e1d869bffff,숙박,4
8930e1d869bffff,시설관리·임대,37
8930e1d869bffff,예술·스포츠,7
8930e1d869bffff,음식,81
8930e1d86a3ffff,과학·기술,72
8930e1d86a3ffff,교육,49
8930e1d86a3ffff,부동산,5
8930e1d86a3ffff,소매,25
8930e1d86a3ffff,수리·개인,23
8930e1d86a3ffff,숙박,7
8930e1d86a3ffff,시설관리·임대,17
8930e1d86a3ffff,예술·스포츠,10
8930e1d86a3ffff,음식,56
8930e1d86a7ffff,과학·기술,54
8930e1d86a7ffff,교육,37
8930e1d86a7ffff,부동산,13
8930e1d86a7ffff,소매,87
8930e1d86a7ffff,수리·개인,30
8930e1d86a7ffff,숙박,36
8930e1d86a7ffff,시설관리·임대,10
8930e1d86a7ffff,예술·스포츠,4
8930e1d86a7ffff,음식,121
8930e1d86abffff,과학·기술,12
8930e1d86abffff,교육,2
8930e1d86abffff,부동산,1
8930e1d86abffff,소매,4
8930e1d86abffff,수리·개인,7
8930e1d86abffff,숙박,2
8930e1d86abffff,시설관리·임대,2
8930e1d86abffff,예술·스포츠,1
8930e1d86abffff,음식,10
8930e1d86afffff,과학·기술,1
8930e1d86afffff,교육,3
8930e1d86afffff,소매,2
8930e1d86afffff,숙박,2
8930e1d86afffff,음식,1
8930e1d86b3ffff,과학·기술,55
8930e1d86b3ffff,교육,36
8930e1d86b3ffff,보건의료,34
8930e1d86b3ffff,부동산,25
8930e1d86b3ffff,소매,173
8930e1d86b3ffff,수리·개인,85
8930e1d86b3ffff,숙박,15
8930e1d86b3ffff,시설관리·임대,34
8930e1d86b3ffff,예술·스포츠,21
8930e1d86b3ffff,음식,179
8930e1d86b7ffff,과학·기술,109
8930e1d86b7ffff,교육,38
8930e1d86b7ffff,보건의료,1
8930e1d86b7ffff,부동산,11
8930e1d86b7ffff,소매,146
8930e1d86b7ffff,수리·개인,70
8930e1d86b7ffff,숙박,35
8930e1d86b7ffff,시설관리·임대,30
8930e1d86b7ffff,예술·스포츠,15
8930e1d86b7ffff,음식,229
8930e1d86bbffff,과학·기술,43
8930e1d86bbffff,교육,22
8930e1d86bbffff,부동산,4
8930e1d86bbffff,소매,115
8930e1d86bbffff,수리·개인,27
8930e1d86bbffff,숙박,9
8930e1d86bbffff,시설관리·임대,12
8930e1d86bbffff,예술·스포츠,40
8930e1d86bbffff,음식,231
8930e1d86c3ffff,과학·기술,72
8930e1d86c3ffff,교육,15
8930e1d86c3ffff,부동산,5
8930e1d86c3ffff,소매,27
8930e1d86c3ffff,수리·개인,29
8930e1d86c3ffff,숙박,9
8930e1d86c3ffff,시설관리·임대,11
8930e1d86c3ffff,예술·스포츠,1
8930e1d86c3ffff,음식,71
8930e1d86c7ffff,과학·기술,119
8930e1d86c7ffff,교육,22
8930e1d86c7ffff,보건의료,1
8930e1d86c7ffff,부동산,9
8930e1d86c7ffff,소매,43
8930e1d86c7ffff,수리·개인,27
8930e1d86c7ffff,숙박,11
8930e1d86c7ffff,시설관리·임대,21
8930e1d86c7ffff,예술·스포츠,4
8930e1d86c7ffff,음식,56
8930e1d86cbffff,과학·기술,12
8930e1d86cbffff,소매,2
8930e1d86cbffff,숙박,1
8930e1d86cbffff,시설관리·임대,1
8930e1d86d3ffff,과학·기술,29
8930e1d86d3ffff,교육,10
8930e1d86d3ffff,부동산,1
8930e1d86d3ffff,소매,19
8930e1d86d3ffff,수리·개인,13
8930e1d86d3ffff,숙박,6
8930e1d86d3ffff,시설관리·임대,7
8930e1d86d3ffff,예술·스포츠,2
8930e1d86d3ffff,음식,25
8930e1d86d7ffff,과학·기술,130
8930e1d86d7ffff,교육,33
8930e1d86d7ffff,보건의료,12
8930e1d86d7ffff,부동산,15
8930e1d86d7ffff,소매,69
8930e1d86d7ffff,수리·개인,46
8930e1d86d7ffff,숙박,5
8930e1d86d7ffff,시설관리·임대,28
8930e1d86d7ffff,예술·스포츠,14
8930e1d86d7ffff,음식,105
8930e1d86dbffff,과학·기술,12
8930e1d86dbffff,교육,3
8930e1d86dbffff,소매,2
8930e1d86dbffff,수리·개인,2
8930e1d86dbffff,숙박,2
8930e1d86dbffff,시설관리·임대,1
8930e1d86dbffff,음식,5
8930e1d8803ffff,과학·기술,35
8930e1d8803ffff,교육,3
8930e1d8803ffff,부동산,1
8930e1d8803ffff,소매,8
8930e1d8803ffff,숙박,3
8930e1d8803ffff,시설관리·임대,7
8930e1d8803ffff,음식,11
8930e1d8807ffff,과학·기술,2
8930e1d8807ffff,교육,3
8930e1d8807ffff,소매,11
8930e1d8807ffff,수리·개인,3
8930e1d8807ffff,숙박,4
8930e1d8807ffff,음식,8
8930e1d880bffff,과학·기술,8
8930e1d880bffff,교육,1
8930e1d880bffff,소매,1
8930e1d880bffff,수리·개인,1
8930e1d880bffff,음식,2
8930e1d8813ffff,과학·기술,13
8930e1d8813ffff,교육,2
8930e1d8813ffff,소매,2
8930e1d8813ffff,수리·개인,1
8930e1d8813ffff,숙박,2
8930e1d8813ffff,시설관리·임대,1
8930e1d8813ffff,예술·스포츠,1
8930e1d8813ffff,음식,5
8930e1d8817ffff,과학·기술,168
8930e1d8817ffff,교육,12
8930e1d8817ffff,보건의료,3
8930e1d8817ffff,부동산,10
8930e1d8817ffff,소매,38
8930e1d8817ffff,수리·개인,11
8930e1d8817ffff,숙박,5
8930e1d8817ffff,시설관리·임대,21
8930e1d8817ffff,예술·스포츠,10
8930e1d8817ffff,음식,99
8930e1d881bffff,과학·기술,36
8930e1d881bffff,부동산,1
8930e1d881bffff,소매,5
8930e1d881bffff,숙박,4
8930e1d881bffff,시설관리·임대,3
8930e1d881bffff,음식,6
8930e1d8823ffff,음식,1
8930e1d8827ffff,과학·기술,6
8930e1d8827ffff,교육,1
8930e1d8827ffff,보건의료,1
8930e1d8827ffff,소매,21
8930e1d8827ffff,수리·개인,4
8930e1d8827ffff,숙박,2
8930e1d8827ffff,시설관리·임대,2
8930e1d8827ffff,예술·스포츠,2
8930e1d8827ffff,음식,13
8930e1d882bffff,과학·기술,3
8930e1d882bffff,소매,7
8930e1d882bffff,시설관리·임대,2
8930e1d882bffff,음식,2
8930e1d882fffff,과학·기술,7
8930e1d882fffff,교육,4
8930e1d882fffff,소매,6
8930e1d882fffff,수리·개인,1
8930e1d882fffff,숙박,1
8930e1d882fffff,음식,4
8930e1d8833ffff,과학·기술,11
8930e1d8833ffff,교육,1
8930e1d8833ffff,부동산,1
8930e1d8833ffff,소매,11
8930e1d8833ffff,수리·개인,2
8930e1d8833ffff,숙박,4
8930e1d8833ffff,시설관리·임대,2
8930e1d8833ffff,음식,8
8930e1d8837ffff,과학·기술,21
8930e1d8837ffff,교육,2
8930e1d8837ffff,소매,28
8930e1d8837ffff,수리·개인,8
8930e1d8837ffff,숙박,8
8930e1d8837ffff,시설관리·임대,13
8930e1d8837ffff,예술·스포츠,5
8930e1d8837ffff,음식,75
8930e1d8853ffff,음식,2
8930e1d8863ffff,과학·기술,1
8930e1d8863ffff,소매,1
8930e1d8863ffff,수리·개인,2
8930e1d8863ffff,숙박,1
8930e1d8867ffff,과학·기술,1
8930e1d8867ffff,교육,2
8930e1d8867ffff,소매,1
8930e1d8867ffff,시설관리·임대,2
8930e1d8867ffff,예술·스포츠,1
8930e1d8867ffff,음식,4
8930e1d886fffff,과학·기술,1
8930e1d886fffff,음식,1
8930e1d8873ffff,소매,2
8930e1d8873ffff,음식,2
8930e1d8877ffff,예술·스포츠,3
8930e1d8883ffff,과학·기술,255
8930e1d8883ffff,교육,10
8930e1d8883ffff,보건의료,3
8930e1d8883ffff,부동산,8
8930e1d8883ffff,소매,46
8930e1d8883ffff,수리·개인,19
8930e1d8883ffff,숙박,13
8930e1d8883ffff,시설관리·임대,25
8930e1d8883ffff,예술·스포츠,9
8930e1d8883ffff,음식,230
8930e1d8887ffff,과학·기술,412
8930e1d8887ffff,교육,4
8930e1d8887ffff,보건의료,4
8930e1d8887ffff,부동산,9
8930e1d8887ffff,소매,65
8930e1d8887ffff,수리·개인,8
8930e1d8887ffff,숙박,11
8930e1d8887ffff,시설관리·임대,14
8930e1d8887ffff,예술·스포츠,5
8930e1d8887ffff,음식,124
8930e1d888bffff,과학·기술,137
8930e1d888bffff,교육,11
8930e1d888bffff,보건의료,1
8930e1d888bffff,부동산,10
8930e1d888bffff,소매,21
8930e1d888bffff,수리·개인,4
8930e1d888bffff,숙박,1
8930e1d888bffff,시설관리·임대,15
8930e1d888bffff,예술·스포츠,3
8930e1d888bffff,음식,59
8930e1d888fffff,과학·기술,226
8930e1d888fffff,교육,14
8930e1d888fffff,보건의료,10
8930e1d888fffff,부동산,7
8930e1d888fffff,소매,64
8930e1d888fffff,수리·개인,13
8930e1d888fffff,숙박,16
8930e1d888fffff,시설관리·임대,34
8930e1d888fffff,예술·스포츠,21
8930e1d888fffff,음식,160
8930e1d8893ffff,과학·기술,139
8930e1d8893ffff,교육,7
8930e1d8893ffff,보건의료,12
8930e1d8893ffff,부동산,16
8930e1d8893ffff,소매,60
8930e1d8893ffff,수리·개인,13
8930e1d8893ffff,숙박,2
8930e1d8893ffff,시설관리·임대,35
8930e1d8893ffff,예술·스포츠,7
8930e1d8893ffff,음식,193
8930e1d8897ffff,과학·기술,230
8930e1d8897ffff,교육,4
8930e1d8897ffff,보건의료,4
8930e1d8897ffff,부동산,10
8930e1d8897ffff,소매,67
8930e1d8897ffff,수리·개인,6
8930e1d8897ffff,숙박,11
8930e1d8897ffff,시설관리·임대,14
8930e1d8897ffff,예술·스포츠,8
8930e1d8897ffff,음식,175
8930e1d889bffff,과학·기술,93
8930e1d889bffff,교육,5
8930e1d889bffff,보건의료,4
8930e1d889bffff,부동산,6
8930e1d889bffff,소매,47
8930e1d889bffff,수리·개인,8
8930e1d889bffff,숙박,10
8930e1d889bffff,시설관리·임대,28
8930e1d889bffff,예술·스포츠,2
8930e1d889bffff,음식,54
8930e1d88a3ffff,과학·기술,157
8930e1d88a3ffff,교육,11
8930e1d88a3ffff,부동산,5
8930e1d88a3ffff,소매,59
8930e1d88a3ffff,수리·개인,5
8930e1d88a3ffff,숙박,4
8930e1d88a3ffff,시설관리·임대,12
8930e1d88a3ffff,예술·스포츠,1
8930e1d88a3ffff,음식,40
8930e1d88a7ffff,과학·기술,90
8930e1d88a7ffff,교육,7
8930e1d88a7ffff,보건의료,3
8930e1d88a7ffff,부동산,9
8930e1d88a7ffff,소매,54
8930e1d88a7ffff,수리·개인,20
8930e1d88a7ffff,숙박,16
8930e1d88a7ffff,시설관리·임대,17
8930e1d88a7ffff,예술·스포츠,7
8930e1d88a7ffff,음식,71
8930e1d88abffff,과학·기술,24
8930e1d88abffff,교육,4
8930e1d88abffff,보건의료,5
8930e1d88abffff,부동산,6
8930e1d88abffff,소매,14
8930e1d88abffff,수리·개인,13
8930e1d88abffff,숙박,5
8930e1d88abffff,시설관리·임대,3
8930e1d88abffff,예술·스포츠,4
8930e1d88abffff,음식,57
8930e1d88afffff,과학·기술,50
8930e1d88afffff,교육,10
8930e1d88afffff,보건의료,2
8930e1d88afffff,부동산,3
8930e1d88afffff,소매,27
8930e1d88afffff,수리·개인,11
8930e1d88afffff,숙박,5
8930e1d88afffff,시설관리·임대,9
8930e1d88afffff,예술·스포츠,1
8930e1d88afffff,음식,18
8930e1d88b3ffff,과학·기술,19
8930e1d88b3ffff,교육,1
8930e1d88b3ffff,보건의료,6
8930e1d88b3ffff,부동산,1
8930e1d88b3ffff,소매,37
8930e1d88b3ffff,수리·개인,4
8930e1d88b3ffff,숙박,1
8930e1d88b3ffff,시설관리·임대,6
8930e1d88b3ffff,예술·스포츠,2
8930e1d88b3ffff,음식,36
8930e1d88b7ffff,과학·기술,76
8930e1d88b7ffff,교육,1
8930e1d88b7ffff,보건의료,4
8930e1d88b7ffff,부동산,7
8930e1d88b7ffff,소매,103
8930e1d88b7ffff,수리·개인,1
8930e1d88b7ffff,숙박,2
8930e1d88b7ffff,시설관리·임대,9
8930e1d88b7ffff,예술·스포츠,1
8930e1d88b7ffff,음식,25
8930e1d88bbffff,과학·기술,130
8930e1d88bbffff,교육,5
8930e1d88bbffff,보건의료,5
8930e1d88bbffff,부동산,6
8930e1d88bbffff,소매,103
8930e1d88bbffff,수리·개인,6
8930e1d88bbffff,숙박,74
8930e1d88bbffff,시설관리·임대,6
8930e1d88bbffff,예술·스포츠,7
8930e1d88bbffff,음식,82
8930e1d88c3ffff,교육,1
8930e1d88c3ffff,소매,1
8930e1d88cfffff,음식,1
8930e1d88d3ffff,과학·기술,40
8930e1d88d3ffff,교육,6
8930e1d88d3ffff,부동산,3
8930e1d88d3ffff,소매,26
8930e1d88d3ffff,수리·개인,12
8930e1d88d3ffff,숙박,66
8930e1d88d3ffff,시설관리·임대,22
8930e1d88d3ffff,예술·스포츠,1
8930e1d88d3ffff,음식,55
8930e1d88d7ffff,과학·기술,5
8930e1d88d7ffff,교육,1
8930e1d88d7ffff,소매,5
8930e1d88d7ffff,숙박,2
8930e1d88d7ffff,시설관리·임대,1
8930e1d88d7ffff,음식,8
8930e1d88dbffff,음식,6
8930e1d8903ffff,과학·기술,48
8930e1d8903ffff,교육,6
8930e1d8903ffff,보건의료,11
8930e1d8903ffff,부동산,9
8930e1d8903ffff,소매,49
8930e1d8903ffff,수리·개인,18
8930e1d8903ffff,숙박,12
8930e1d8903ffff,시설관리·임대,10
8930e1d8903ffff,예술·스포츠,23
8930e1d8903ffff,음식,119
8930e1d8907ffff,과학·기술,19
8930e1d8907ffff,교육,4
8930e1d8907ffff,보건의료,6
8930e1d8907ffff,부동산,11
8930e1d8907ffff,소매,114
8930e1d8907ffff,수리·개인,18
8930e1d8907ffff,숙박,9
8930e1d8907ffff,시설관리·임대,12
8930e1d8907ffff,예술·스포츠,12
8930e1d8907ffff,음식,174
8930e1d890bffff,과학·기술,18
8930e1d890bffff,교육,3
8930e1d890bffff,보건의료,6
8930e1d890bffff,부동산,11
8930e1d890bffff,소매,35
8930e1d890bffff,수리·개인,13
8930e1d890bffff,숙박,7
8930e1d890bffff,시설관리·임대,10
8930e1d890bffff,예술·스포츠,10
8930e1d890bffff,음식,56
8930e1d890fffff,과학·기술,12
8930e1d890fffff,교육,9
8930e1d890fffff,보건의료,4
8930e1d890fffff,부동산,6
8930e1d890fffff,소매,49
8930e1d890fffff,수리·개인,18
8930e1d890fffff,숙박,3
8930e1d890fffff,시설관리·임대,4
8930e1d890fffff,예술·스포츠,8
8930e1d890fffff,음식,67
8930e1d8913ffff,과학·기술,23
8930e1d8913ffff,교육,1
8930e1d8913ffff,부동산,6
8930e1d8913ffff,소매,79
8930e1d8913ffff,수리·개인,6
8930e1d8913ffff,시설관리·임대,82
8930e1d8913ffff,예술·스포츠,1
8930e1d8913ffff,음식,31
8930e1d8917ffff,과학·기술,20
8930e1d8917ffff,교육,2
8930e1d8917ffff,보건의료,3
8930e1d8917ffff,부동산,7
8930e1d8917ffff,소매,48
8930e1d8917ffff,수리·개인,14
8930e1d8917ffff,숙박,1
8930e1d8917ffff,시설관리·임대,14
8930e1d8917ffff,예술·스포츠,3
8930e1d8917ffff,음식,34
8930e1d891bffff,과학·기술,12
8930e1d891bffff,교육,1
8930e1d891bffff,부동산,10
8930e1d891bffff,소매,27
8930e1d891bffff,수리·개인,14
8930e1d891bffff,숙박,7
8930e1d891bffff,시설관리·임대,3
8930e1d891bffff,음식,30
8930e1d8923ffff,과학·기술,17
8930e1d8923ffff,교육,11
8930e1d8923ffff,보건의료,10
8930e1d8923ffff,부동산,14
8930e1d8923ffff,소매,18
8930e1d8923ffff,수리·개인,10
8930e1d8923ffff,숙박,7
8930e1d8923ffff,시설관리·임대,2
8930e1d8923ffff,예술·스포츠,6
8930e1d8923ffff,음식,35
8930e1d8927ffff,교육,5
8930e1d8927ffff,보건의료,1
8930e1d8927ffff,부동산,5
8930e1d8927ffff,소매,11
8930e1d8927ffff,수리·개인,3
8930e1d8927ffff,시설관리·임대,1
8930e1d8927ffff,예술·스포츠,1
8930e1d8927ffff,음식,6
8930e1d892bffff,과학·기술,3
8930e1d892bffff,부동산,4
8930e1d892bffff,소매,3
8930e1d892bffff,수리·개인,6
8930e1d892bffff,예술·스포츠,1
8930e1d892bffff,음식,1
8930e1d892fffff,과학·기술,2
8930e1d892fffff,교육,2
8930e1d892fffff,소매,6
8930e1d892fffff,수리·개인,2
8930e1d892fffff,숙박,3
8930e1d892fffff,시설관리·임대,3
8930e1d892fffff,음식,1
8930e1d8933ffff,과학·기술,21
8930e1d8933ffff,교육,2
8930e1d8933ffff,보건의료,9
8930e1d8933ffff,부동산,5
8930e1d8933ffff,소매,95
8930e1d8933ffff,수리·개인,17
8930e1d8933ffff,숙박,13
8930e1d8933ffff,시설관리·임대,5
8930e1d8933ffff,예술·스포츠,7
8930e1d8933ffff,음식,125
8930e1d8937ffff,과학·기술,9
8930e1d8937ffff,교육,42
8930e1d8937ffff,보건의료,15
8930e1d8937ffff,부동산,15
8930e1d8937ffff,소매,63
8930e1d8937ffff,수리·개인,63
8930e1d8937ffff,시설관리·임대,3
8930e1d8937ffff,예술·스포츠,9
8930e1d8937ffff,음식,143
8930e1d893bffff,과학·기술,22
8930e1d893bffff,교육,3
8930e1d893bffff,보건의료,18
8930e1d893bffff,부동산,13
8930e1d893bffff,소매,57
8930e1d893bffff,수리·개인,28
8930e1d893bffff,시설관리·임대,4
8930e1d893bffff,예술·스포츠,13
8930e1d893bffff,음식,117
8930e1d8943ffff,과학·기술,37
8930e1d8943ffff,교육,25
8930e1d8943ffff,보건의료,7
8930e1d8943ffff,부동산,7
8930e1d8943ffff,소매,32
8930e1d8943ffff,수리·개인,24
8930e1d8943ffff,숙박,2
8930e1d8943ffff,시설관리·임대,7
8930e1d8943ffff,예술·스포츠,16
8930e1d8943ffff,음식,69
8930e1d8947ffff,과학·기술,13
8930e1d8947ffff,교육,7
8930e1d8947ffff,보건의료,5
8930e1d8947ffff,부동산,14
8930e1d8947ffff,소매,24
8930e1d8947ffff,수리·개인,15
8930e1d8947ffff,시설관리·임대,4
8930e1d8947ffff,예술·스포츠,1
8930e1d8947ffff,음식,5
8930e1d894bffff,과학·기술,30
8930e1d894bffff,교육,21
8930e1d894bffff,보건의료,17
8930e1d894bffff,부동산,15
8930e1d894bffff,소매,58
8930e1d894bffff,수리·개인,19
8930e1d894bffff,숙박,2
8930e1d894bffff,시설관리·임대,2
8930e1d894bffff,예술·스포츠,13
8930e1d894bffff,음식,77
8930e1d894fffff,과학·기술,18
8930e1d894fffff,교육,2
8930e1d894fffff,부동산,1
8930e1d894fffff,소매,7
8930e1d894fffff,수리·개인,3
8930e1d894fffff,숙박,2
8930e1d894fffff,시설관리·임대,1
8930e1d894fffff,예술·스포츠,2
8930e1d894fffff,음식,3
8930e1d8953ffff,과학·기술,15
8930e1d8953ffff,교육,1
8930e1d8953ffff,소매,7
8930e1d8953ffff,수리·개인,1
8930e1d8953ffff,숙박,3
8930e1d8953ffff,시설관리·임대,3
8930e1d8953ffff,음식,2
8930e1d8957ffff,과학·기술,6
8930e1d8957ffff,교육,3
8930e1d8957ffff,보건의료,7
8930e1d8957ffff,부동산,8
8930e1d8957ffff,소매,47
8930e1d8957ffff,수리·개인,31
8930e1d8957ffff,숙박,4
8930e1d8957ffff,시설관리·임대,4
8930e1d8957ffff,예술·스포츠,2
8930e1d8957ffff,음식,44
8930e1d895bffff,과학·기술,58
8930e1d895bffff,교육,11
8930e1d895bffff,보건의료,2
8930e1d895bffff,부동산,4
8930e1d895bffff,소매,28
8930e1d895bffff,수리·개인,6
8930e1d895bffff,숙박,6
8930e1d895bffff,시설관리·임대,17
8930e1d895bffff,예술·스포츠,11
8930e1d895bffff,음식,38
8930e1d8963ffff,수리·개인,1
8930e1d8963ffff,음식,1
8930e1d8967ffff,교육,3
8930e1d8967ffff,부동산,4
8930e1d8967ffff,소매,5
8930e1d8967ffff,수리·개인,1
8930e1d8967ffff,시설관리·임대,1
8930e1d8967ffff,예술·스포츠,1
8930e1d8967ffff,음식,3
8930e1d896bffff,과학·기술,6
8930e1d896bffff,교육,18
8930e1d896bffff,보건의료,14
8930e1d896bffff,부동산,5
8930e1d896bffff,소매,28
8930e1d896bffff,수리·개인,18
8930e1d896bffff,숙박,1
8930e1d896bffff,시설관리·임대,3
8930e1d896bffff,예술·스포츠,10
8930e1d896bffff,음식,28
8930e1d896fffff,과학·기술,1
8930e1d896fffff,교육,11
8930e1d896fffff,부동산,1
8930e1d896fffff,소매,3
8930e1d896fffff,수리·개인,3
8930e1d896fffff,시설관리·임대,1
8930e1d896fffff,음식,9
8930e1d8973ffff,과학·기술,3
8930e1d8973ffff,교육,4
8930e1d8973ffff,보건의료,1
8930e1d8973ffff,부동산,7
8930e1d8973ffff,소매,10
8930e1d8973ffff,수리·개인,9
8930e1d8973ffff,시설관리·임대,1
8930e1d8973ffff,예술·스포츠,2
8930e1d8973ffff,음식,12
8930e1d8977ffff,과학·기술,3
8930e1d8977ffff,교육,5
8930e1d8977ffff,부동산,4
8930e1d8977ffff,소매,9
8930e1d8977ffff,수리·개인,8
8930e1d8977ffff,예술·스포츠,1
8930e1d8977ffff,음식,7
8930e1d897bffff,과학·기술,3
8930e1d897bffff,교육,6
8930e1d897bffff,부동산,9
8930e1d897bffff,소매,13
8930e1d897bffff,수리·개인,3
8930e1d897bffff,음식,4
8930e1d8983ffff,과학·기술,18
8930e1d8983ffff,교육,5
8930e1d8983ffff,보건의료,8
8930e1d8983ffff,부동산,16
8930e1d8983ffff,소매,112
8930e1d8983ffff,수리·개인,12
8930e1d8983ffff,숙박,25
8930e1d8983ffff,시설관리·임대,10
8930e1d8983ffff,예술·스포츠,8
8930e1d8983ffff,음식,98
8930e1d8987ffff,과학·기술,50
8930e1d8987ffff,교육,5
8930e1d8987ffff,보건의료,7
8930e1d8987ffff,부동산,7
8930e1d8987ffff,소매,86
8930e1d8987ffff,수리·개인,18
8930e1d8987ffff,숙박,17
8930e1d8987ffff,시설관리·임대,15
8930e1d8987ffff,예술·스포츠,13
8930e1d8987ffff,음식,89
8930e1d898bffff,과학·기술,10
8930e1d898bffff,교육,1
8930e1d898bffff,보건의료,1
8930e1d898bffff,부동산,12
8930e1d898bffff,소매,160
8930e1d898bffff,수리·개인,9
8930e1d898bffff,숙박,1
8930e1d898bffff,시설관리·임대,2
8930e1d898bffff,예술·스포츠,1
8930e1d898bffff,음식,38
8930e1d898fffff,과학·기술,7
8930e1d898fffff,교육,1
8930e1d898fffff,부동산,11
8930e1d898fffff,소매,90
8930e1d898fffff,수리·개인,7
8930e1d898fffff,숙박,5
8930e1d898fffff,시설관리·임대,10
8930e1d898fffff,음식,27
8930e1d8993ffff,과학·기술,19
8930e1d8993ffff,교육,5
8930e1d8993ffff,보건의료,3
8930e1d8993ffff,부동산,1
8930e1d8993ffff,소매,24
8930e1d8993ffff,수리·개인,6
8930e1d8993ffff,숙박,2
8930e1d8993ffff,시설관리·임대,5
8930e1d8993ffff,예술·스포츠,1
8930e1d8993ffff,음식,18
8930e1d8997ffff,과학·기술,14
8930e1d8997ffff,교육,2
8930e1d8997ffff,보건의료,2
8930e1d8997ffff,부동산,9
8930e1d8997ffff,소매,60
8930e1d8997ffff,수리·개인,25
8930e1d8997ffff,숙박,3
8930e1d8997ffff,시설관리·임대,1
8930e1d8997ffff,예술·스포츠,7
8930e1d8997ffff,음식,85
8930e1d899bffff,과학·기술,29
8930e1d899bffff,교육,4
8930e1d899bffff,보건의료,9
8930e1d899bffff,부동산,16
8930e1d899bffff,소매,471
8930e1d899bffff,수리·개인,10
8930e1d899bffff,숙박,2
8930e1d899bffff,시설관리·임대,8
8930e1d899bffff,음식,88
8930e1d89a3ffff,과학·기술,5
8930e1d89a3ffff,보건의료,2
8930e1d89a3ffff,부동산,3
8930e1d89a3ffff,소매,139
8930e1d89a3ffff,수리·개인,8
8930e1d89a3ffff,숙박,5
8930e1d89a3ffff,시설관리·임대,3
8930e1d89a3ffff,음식,28
8930e1d89a7ffff,과학·기술,16
8930e1d89a7ffff,교육,2
8930e1d89a7ffff,부동산,4
8930e1d89a7ffff,소매,42
8930e1d89a7ffff,수리·개인,7
8930e1d89a7ffff,숙박,4
8930e1d89a7ffff,시설관리·임대,6
8930e1d89a7ffff,예술·스포츠,3
8930e1d89a7ffff,음식,10
8930e1d89abffff,과학·기술,3
8930e1d89abffff,교육,3
8930e1d89abffff,부동산,4
8930e1d89abffff,소매,180
8930e1d89abffff,수리·개인,10
8930e1d89abffff,숙박,1
8930e1d89abffff,시설관리·임대,1
8930e1d89abffff,예술·스포츠,2
8930e1d89abffff,음식,31
8930e1d89afffff,과학·기술,24
8930e1d89afffff,교육,5
8930e1d89afffff,보건의료,3
8930e1d89afffff,부동산,9
8930e1d89afffff,소매,52
8930e1d89afffff,수리·개인,15
8930e1d89afffff,숙박,3
8930e1d89afffff,시설관리·임대,7
8930e1d89afffff,예술·스포츠,6
8930e1d89afffff,음식,48
8930e1d89b3ffff,과학·기술,28
8930e1d89b3ffff,교육,13
8930e1d89b3ffff,보건의료,41
8930e1d89b3ffff,부동산,8
8930e1d89b3ffff,소매,89
8930e1d89b3ffff,수리·개인,24
8930e1d89b3ffff,숙박,8
8930e1d89b3ffff,시설관리·임대,16
8930e1d89b3ffff,예술·스포츠,10
8930e1d89b3ffff,음식,62
8930e1d89b7ffff,과학·기술,12
8930e1d89b7ffff,교육,8
8930e1d89b7ffff,보건의료,3
8930e1d89b7ffff,부동산,8
8930e1d89b7ffff,소매,40
8930e1d89b7ffff,수리·개인,5
8930e1d89b7ffff,숙박,17
8930e1d89b7ffff,시설관리·임대,5
8930e1d89b7ffff,예술·스포츠,3
8930e1d89b7ffff,음식,50
8930e1d89bbffff,과학·기술,21
8930e1d89bbffff,보건의료,1
8930e1d89bbffff,부동산,30
8930e1d89bbffff,소매,209
8930e1d89bbffff,수리·개인,18
8930e1d89bbffff,숙박,6
8930e1d89bbffff,시설관리·임대,14
8930e1d89bbffff,예술·스포츠,5
8930e1d89bbffff,음식,40
8930e1d89c3ffff,과학·기술,51
8930e1d89c3ffff,교육,9
8930e1d89c3ffff,보건의료,5
8930e1d89c3ffff,부동산,6
8930e1d89c3ffff,소매,68
8930e1d89c3ffff,수리·개인,9
8930e1d89c3ffff,숙박,23
8930e1d89c3ffff,시설관리·임대,12
8930e1d89c3ffff,예술·스포츠,4
8930e1d89c3ffff,음식,68
8930e1d89c7ffff,과학·기술,7
8930e1d89c7ffff,보건의료,1
8930e1d89c7ffff,부동산,1
8930e1d89c7ffff,소매,43
8930e1d89c7ffff,수리·개인,4
8930e1d89c7ffff,숙박,9
8930e1d89c7ffff,시설관리·임대,6
8930e1d89c7ffff,음식,27
8930e1d89cbffff,과학·기술,13
8930e1d89cbffff,교육,7
8930e1d89cbffff,보건의료,4
8930e1d89cbffff,부동산,4
8930e1d89cbffff,소매,23
8930e1d89cbffff,수리·개인,7
8930e1d89cbffff,숙박,6
8930e1d89cbffff,시설관리·임대,2
8930e1d89cbffff,예술·스포츠,4
8930e1d89cbffff,음식,25
8930e1d89cfffff,과학·기술,17
8930e1d89cfffff,교육,3
8930e1d89cfffff,부동산,4
8930e1d89cfffff,소매,19
8930e1d89cfffff,수리·개인,6
8930e1d89cfffff,숙박,14
8930e1d89cfffff,시설관리·임대,5
8930e1d89cfffff,음식,14
8930e1d89d3ffff,과학·기술,41
8930e1d89d3ffff,교육,5
8930e1d89d3ffff,보건의료,5
8930e1d89d3ffff,부동산,10
8930e1d89d3ffff,소매,81
8930e1d89d3ffff,수리·개인,17
8930e1d89d3ffff,숙박,15
8930e1d89d3ffff,시설관리·임대,19
8930e1d89d3ffff,예술·스포츠,6
8930e1d89d3ffff,음식,74
8930e1d89d7ffff,과학·기술,29
8930e1d89d7ffff,교육,3
8930e1d89d7ffff,보건의료,10
8930e1d89d7ffff,부동산,7
8930e1d89d7ffff,소매,591
8930e1d89d7ffff,수리·개인,31
8930e1d89d7ffff,숙박,5
8930e1d89d7ffff,시설관리·임대,18
8930e1d89d7ffff,예술·스포츠,13
8930e1d89d7ffff,음식,82
8930e1d89dbffff,과학·기술,38
8930e1d89dbffff,교육,6
8930e1d89dbffff,보건의료,1
8930e1d89dbffff,부동산,8
8930e1d89dbffff,소매,30
8930e1d89dbffff,수리·개인,12
8930e1d89dbffff,숙박,17
8930e1d89dbffff,시설관리·임대,24
8930e1d89dbffff,예술·스포츠,6
8930e1d89dbffff,음식,61
8930e1d8a03ffff,과학·기술,6
8930e1d8a03ffff,교육,1
8930e1d8a03ffff,부동산,1
8930e1d8a03ffff,소매,5
8930e1d8a03ffff,시설관리·임대,1
8930e1d8a03ffff,음식,3
8930e1d8a07ffff,과학·기술,3
8930e1d8a07ffff,소매,2
8930e1d8a07ffff,음식,1
8930e1d8a0bffff,과학·기술,37
8930e1d8a0bffff,교육,8
8930e1d8a0bffff,보건의료,7
8930e1d8a0bffff,부동산,11
8930e1d8a0bffff,소매,112
8930e1d8a0bffff,수리·개인,16
8930e1d8a0bffff,숙박,11
8930e1d8a0bffff,시설관리·임대,11
8930e1d8a0bffff,예술·스포츠,7
8930e1d8a0bffff,음식,239
8930e1d8a0fffff,과학·기술,40
8930e1d8a0fffff,교육,6
8930e1d8a0fffff,보건의료,3
8930e1d8a0fffff,부동산,12
8930e1d8a0fffff,소매,30
8930e1d8a0fffff,수리·개인,11
8930e1d8a0fffff,숙박,1
8930e1d8a0fffff,시설관리·임대,9
8930e1d8a0fffff,예술·스포츠,5
8930e1d8a0fffff,음식,35
8930e1d8a13ffff,과학·기술,34
8930e1d8a13ffff,교육,7
8930e1d8a13ffff,부동산,5
8930e1d8a13ffff,소매,20
8930e1d8a13ffff,수리·개인,2
8930e1d8a13ffff,숙박,4
8930e1d8a13ffff,시설관리·임대,4
8930e1d8a13ffff,예술·스포츠,1
8930e1d8a13ffff,음식,19
8930e1d8a17ffff,과학·기술,17
8930e1d8a17ffff,교육,2
8930e1d8a17ffff,부동산,12
8930e1d8a17ffff,소매,36
8930e1d8a17ffff,수리·개인,5
8930e1d8a17ffff,숙박,3
8930e1d8a17ffff,시설관리·임대,5
8930e1d8a17ffff,음식,26
8930e1d8a1bffff,과학·기술,19
8930e1d8a1bffff,교육,1
8930e1d8a1bffff,소매,11
8930e1d8a1bffff,수리·개인,3
8930e1d8a1bffff,숙박,4
8930e1d8a1bffff,시설관리·임대,2
8930e1d8a1bffff,예술·스포츠,1
8930e1d8a1bffff,음식,73
8930e1d8a23ffff,과학·기술,20
8930e1d8a23ffff,교육,3
8930e1d8a23ffff,보건의료,1
8930e1d8a23ffff,부동산,2
8930e1d8a23ffff,소매,56
8930e1d8a23ffff,수리·개인,7
8930e1d8a23ffff,숙박,1
8930e1d8a23ffff,시설관리·임대,2
8930e1d8a23ffff,음식,66
8930e1d8a27ffff,과학·기술,8
8930e1d8a27ffff,교육,3
8930e1d8a27ffff,소매,5
8930e1d8a27ffff,숙박,1
8930e1d8a27ffff,시설관리·임대,1
8930e1d8a2bffff,과학·기술,12
8930e1d8a2bffff,교육,4
8930e1d8a2bffff,보건의료,1
8930e1d8a2bffff,부동산,1
8930e1d8a2bffff,소매,24
8930e1d8a2bffff,수리·개인,6
8930e1d8a2bffff,예술·스포츠,1
8930e1d8a2bffff,음식,27
8930e1d8a2fffff,과학·기술,12
8930e1d8a2fffff,교육,1
8930e1d8a2fffff,보건의료,2
8930e1d8a2fffff,부동산,1
8930e1d8a2fffff,소매,8
8930e1d8a2fffff,예술·스포츠,1
8930e1d8a2fffff,음식,3
8930e1d8a33ffff,과학·기술,1
8930e1d8a33ffff,소매,6
8930e1d8a33ffff,시설관리·임대,1
8930e1d8a33ffff,예술·스포츠,2
8930e1d8a33ffff,음식,3
8930e1d8a37ffff,과학·기술,9
8930e1d8a37ffff,부동산,2
8930e1d8a37ffff,소매,14
8930e1d8a37ffff,수리·개인,1
8930e1d8a37ffff,시설관리·임대,1
8930e1d8a37ffff,예술·스포츠,2
8930e1d8a37ffff,음식,12
8930e1d8a3bffff,과학·기술,29
8930e1d8a3bffff,교육,4
8930e1d8a3bffff,보건의료,4
8930e1d8a3bffff,부동산,6
8930e1d8a3bffff,소매,133
8930e1d8a3bffff,수리·개인,13
8930e1d8a3bffff,숙박,1
8930e1d8a3bffff,시설관리·임대,7
8930e1d8a3bffff,예술·스포츠,1
8930e1d8a3bffff,음식,127
8930e1d8a43ffff,과학·기술,11
8930e1d8a43ffff,교육,2
8930e1d8a43ffff,보건의료,1
8930e1d8a43ffff,부동산,8
8930e1d8a43ffff,소매,12
8930e1d8a43ffff,수리·개인,3
8930e1d8a43ffff,숙박,2
8930e1d8a43ffff,음식,12
8930e1d8a47ffff,과학·기술,29
8930e1d8a47ffff,교육,6
8930e1d8a47ffff,부동산,5
8930e1d8a47ffff,소매,77
8930e1d8a47ffff,수리·개인,9
8930e1d8a47ffff,숙박,11
8930e1d8a47ffff,시설관리·임대,4
8930e1d8a47ffff,예술·스포츠,1
8930e1d8a47ffff,음식,14
8930e1d8a4bffff,과학·기술,7
8930e1d8a4bffff,교육,4
8930e1d8a4bffff,부동산,6
8930e1d8a4bffff,소매,4
8930e1d8a4bffff,시설관리·임대,1
8930e1d8a4bffff,예술·스포츠,1
8930e1d8a4bffff,음식,6
8930e1d8a4fffff,과학·기술,11
8930e1d8a4fffff,교육,5
8930e1d8a4fffff,부동산,3
8930e1d8a4fffff,소매,13
8930e1d8a4fffff,수리·개인,1
8930e1d8a4fffff,숙박,2
8930e1d8a4fffff,시설관리·임대,3
8930e1d8a4fffff,예술·스포츠,1
8930e1d8a4fffff,음식,11
8930e1d8a53ffff,과학·기술,5
8930e1d8a53ffff,소매,27
8930e1d8a53ffff,수리·개인,2
8930e1d8a53ffff,숙박,2
8930e1d8a53ffff,음식,28
8930e1d8a57ffff,과학·기술,42
8930e1d8a57ffff,교육,10
8930e1d8a57ffff,보건의료,2
8930e1d8a57ffff,부동산,5
8930e1d8a57ffff,소매,155
8930e1d8a57ffff,수리·개인,26
8930e1d8a57ffff,숙박,23
8930e1d8a57ffff,시설관리·임대,7
8930e1d8a57ffff,예술·스포츠,4
8930e1d8a57ffff,음식,168
8930e1d8a5bffff,음식,3
8930e1d8a63ffff,과학·기술,17
8930e1d8a63ffff,교육,3
8930e1d8a63ffff,부동산,1
8930e1d8a63ffff,소매,17
8930e1d8a63ffff,수리·개인,5
8930e1d8a63ffff,숙박,3
8930e1d8a63ffff,시설관리·임대,6
8930e1d8a63ffff,음식,5
8930e1d8a67ffff,과학·기술,16
8930e1d8a67ffff,교육,3
8930e1d8a67ffff,부동산,1
8930e1d8a67ffff,소매,14
8930e1d8a67ffff,수리·개인,2
8930e1d8a67ffff,숙박,2
8930e1d8a67ffff,시설관리·임대,4
8930e1d8a67ffff,음식,10
8930e1d8a6bffff,과학·기술,11
8930e1d8a6bffff,교육,3
8930e1d8a6bffff,보건의료,4
8930e1d8a6bffff,부동산,23
8930e1d8a6bffff,소매,30
8930e1d8a6bffff,수리·개인,16
8930e1d8a6bffff,숙박,1
8930e1d8a6bffff,시설관리·임대,3
8930e1d8a6bffff,예술·스포츠,3
8930e1d8a6bffff,음식,24
8930e1d8a6fffff,과학·기술,10
8930e1d8a6fffff,교육,1
8930e1d8a6fffff,부동산,1
8930e1d8a6fffff,소매,3
8930e1d8a6fffff,수리·개인,2
8930e1d8a6fffff,시설관리·임대,2
8930e1d8a6fffff,음식,1
8930e1d8a73ffff,과학·기술,19
8930e1d8a73ffff,교육,4
8930e1d8a73ffff,부동산,6
8930e1d8a73ffff,소매,39
8930e1d8a73ffff,수리·개인,10
8930e1d8a73ffff,숙박,7
8930e1d8a73ffff,시설관리·임대,11
8930e1d8a73ffff,음식,52
8930e1d8a77ffff,과학·기술,24
8930e1d8a77ffff,교육,6
8930e1d8a77ffff,보건의료,1
8930e1d8a77ffff,부동산,7
8930e1d8a77ffff,소매,11
8930e1d8a77ffff,수리·개인,2
8930e1d8a77ffff,숙박,1
8930e1d8a77ffff,시설관리·임대,1
8930e1d8a77ffff,예술·스포츠,2
8930e1d8a77ffff,음식,20
8930e1d8a7bffff,과학·기술,12
8930e1d8a7bffff,교육,4
8930e1d8a7bffff,보건의료,3
8930e1d8a7bffff,부동산,4
8930e1d8a7bffff,소매,22
8930e1d8a7bffff,수리·개인,20
8930e1d8a7bffff,숙박,2
8930e1d8a7bffff,예술·스포츠,2
8930e1d8a7bffff,음식,26
8930e1d8a83ffff,과학·기술,15
8930e1d8a83ffff,교육,3
8930e1d8a83ffff,부동산,2
8930e1d8a83ffff,소매,6
8930e1d8a83ffff,수리·개인,1
8930e1d8a83ffff,숙박,1
8930e1d8a83ffff,음식,7
8930e1d8a8bffff,과학·기술,22
8930e1d8a8bffff,교육,12
8930e1d8a8bffff,보건의료,6
8930e1d8a8bffff,부동산,12
8930e1d8a8bffff,소매,42
8930e1d8a8bffff,수리·개인,20
8930e1d8a8bffff,숙박,4
8930e1d8a8bffff,시설관리·임대,4
8930e1d8a8bffff,예술·스포츠,1
8930e1d8a8bffff,음식,38
8930e1d8a8fffff,과학·기술,28
8930e1d8a8fffff,교육,3
8930e1d8a8fffff,부동산,1
8930e1d8a8fffff,소매,27
8930e1d8a8fffff,수리·개인,6
8930e1d8a8fffff,숙박,3
8930e1d8a8fffff,시설관리·임대,4
8930e1d8a8fffff,음식,14
8930e1d8a93ffff,과학·기술,9
8930e1d8a93ffff,교육,1
8930e1d8a93ffff,소매,5
8930e1d8a93ffff,수리·개인,7
8930e1d8a93ffff,숙박,2
8930e1d8a93ffff,예술·스포츠,1
8930e1d8a93ffff,음식,15
8930e1d8a9bffff,과학·기술,16
8930e1d8a9bffff,교육,11
8930e1d8a9bffff,보건의료,1
8930e1d8a9bffff,부동산,3
8930e1d8a9bffff,소매,24
8930e1d8a9bffff,수리·개인,7
8930e1d8a9bffff,숙박,3
8930e1d8a9bffff,시설관리·임대,2
8930e1d8a9bffff,음식,78
8930e1d8aa7ffff,과학·기술,4
8930e1d8aa7ffff,소매,3
8930e1d8aa7ffff,수리·개인,1
8930e1d8aa7ffff,시설관리·임대,1
8930e1d8aa7ffff,음식,1
8930e1d8aabffff,교육,1
8930e1d8aabffff,소매,2
8930e1d8aafffff,음식,1
8930e1d8abbffff,과학·기술,2
8930e1d8abbffff,교육,2
8930e1d8abbffff,소매,1
8930e1d8abbffff,수리·개인,1
8930e1d8ac3ffff,과학·기술,13
8930e1d8ac3ffff,교육,3
8930e1d8ac3ffff,부동산,3
8930e1d8ac3ffff,소매,25
8930e1d8ac3ffff,수리·개인,4
8930e1d8ac3ffff,숙박,1
8930e1d8ac3ffff,시설관리·임대,1
8930e1d8ac3ffff,음식,42
8930e1d8ac7ffff,과학·기술,24
8930e1d8ac7ffff,교육,6
8930e1d8ac7ffff,보건의료,4
8930e1d8ac7ffff,부동산,3
8930e1d8ac7ffff,소매,31
8930e1d8ac7ffff,수리·개인,8
8930e1d8ac7ffff,숙박,4
8930e1d8ac7ffff,시설관리·임대,6
8930e1d8ac7ffff,예술·스포츠,5
8930e1d8ac7ffff,음식,41
8930e1d8acbffff,과학·기술,1
8930e1d8acbffff,교육,2
8930e1d8acbffff,소매,6
8930e1d8acbffff,수리·개인,2
8930e1d8acbffff,숙박,2
8930e1d8acbffff,시설관리·임대,2
8930e1d8acbffff,음식,14
8930e1d8acfffff,과학·기술,12
8930e1d8acfffff,교육,4
8930e1d8acfffff,보건의료,1
8930e1d8acfffff,부동산,7
8930e1d8acfffff,소매,133
8930e1d8acfffff,수리·개인,8
8930e1d8acfffff,숙박,9
8930e1d8acfffff,시설관리·임대,4
8930e1d8acfffff,예술·스포츠,4
8930e1d8acfffff,음식,78
8930e1d8ad7ffff,과학·기술,14
8930e1d8ad7ffff,교육,3
8930e1d8ad7ffff,보건의료,1
8930e1d8ad7ffff,부동산,3
8930e1d8ad7ffff,소매,26
8930e1d8ad7ffff,수리·개인,6
8930e1d8ad7ffff,숙박,1
8930e1d8ad7ffff,시설관리·임대,3
8930e1d8ad7ffff,예술·스포츠,7
8930e1d8ad7ffff,음식,87
8930e1d8adbffff,시설관리·임대,1
8930e1d8b03ffff,과학·기술,1
8930e1d8b03ffff,교육,1
8930e1d8b03ffff,보건의료,3
8930e1d8b03ffff,부동산,1
8930e1d8b03ffff,소매,1
8930e1d8b03ffff,수리·개인,3
8930e1d8b03ffff,음식,3
8930e1d8b07ffff,과학·기술,4
8930e1d8b07ffff,교육,9
8930e1d8b07ffff,부동산,10
8930e1d8b07ffff,소매,7
8930e1d8b07ffff,수리·개인,7
8930e1d8b07ffff,시설관리·임대,1
8930e1d8b07ffff,음식,11
8930e1d8b0bffff,과학·기술,6
8930e1d8b0bffff,교육,14
8930e1d8b0bffff,보건의료,7
8930e1d8b0bffff,부동산,9
8930e1d8b0bffff,소매,11
8930e1d8b0bffff,수리·개인,10
8930e1d8b0bffff,예술·스포츠,11
8930e1d8b0bffff,음식,20
8930e1d8b0fffff,과학·기술,26
8930e1d8b0fffff,교육,27
8930e1d8b0fffff,보건의료,4
8930e1d8b0fffff,부동산,11
8930e1d8b0fffff,소매,22
8930e1d8b0fffff,수리·개인,18
8930e1d8b0fffff,시설관리·임대,5
8930e1d8b0fffff,예술·스포츠,7
8930e1d8b0fffff,음식,67
8930e1d8b13ffff,교육,3
8930e1d8b13ffff,부동산,1
8930e1d8b13ffff,소매,3
8930e1d8b13ffff,수리·개인,2
8930e1d8b13ffff,예술·스포츠,1
8930e1d8b13ffff,음식,4
8930e1d8b17ffff,과학·기술,1
8930e1d8b17ffff,교육,9
8930e1d8b17ffff,보건의료,7
8930e1d8b17ffff,부동산,2
8930e1d8b17ffff,소매,5
8930e1d8b17ffff,수리·개인,10
8930e1d8b17ffff,시설관리·임대,1
8930e1d8b17ffff,예술·스포츠,3
8930e1d8b17ffff,음식,14
8930e1d8b1bffff,과학·기술,4
8930e1d8b1bffff,교육,13
8930e1d8b1bffff,보건의료,1
8930e1d8b1bffff,부동산,3
8930e1d8b1bffff,소매,9
8930e1d8b1bffff,수리·개인,2
8930e1d8b1bffff,시설관리·임대,4
8930e1d8b1bffff,음식,6
8930e1d8b23ffff,과학·기술,1
8930e1d8b27ffff,과학·기술,2
8930e1d8b27ffff,교육,9
8930e1d8b27ffff,부동산,7
8930e1d8b27ffff,소매,6
8930e1d8b27ffff,수리·개인,15
8930e1d8b27ffff,예술·스포츠,2
8930e1d8b27ffff,음식,30
8930e1d8b2fffff,교육,2
8930e1d8b2fffff,부동산,2
8930e1d8b2fffff,소매,1
8930e1d8b2fffff,수리·개인,2
8930e1d8b2fffff,음식,1
8930e1d8b33ffff,과학·기술,12
8930e1d8b33ffff,교육,15
8930e1d8b33ffff,보건의료,7
8930e1d8b33ffff,부동산,6
8930e1d8b33ffff,소매,37
8930e1d8b33ffff,수리·개인,21
8930e1d8b33ffff,숙박,4
8930e1d8b33ffff,시설관리·임대,3
8930e1d8b33ffff,예술·스포츠,7
8930e1d8b33ffff,음식,45
8930e1d8b37ffff,과학·기술,13
8930e1d8b37ffff,교육,6
8930e1d8b37ffff,보건의료,32
8930e1d8b37ffff,부동산,11
8930e1d8b37ffff,소매,79
8930e1d8b37ffff,수리·개인,30
8930e1d8b37ffff,숙박,1
8930e1d8b37ffff,시설관리·임대,1
8930e1d8b37ffff,예술·스포츠,7
8930e1d8b37ffff,음식,114
8930e1d8b3bffff,과학·기술,3
8930e1d8b3bffff,교육,1
8930e1d8b3bffff,부동산,4
8930e1d8b3bffff,소매,2
8930e1d8b3bffff,수리·개인,1
8930e1d8b3bffff,시설관리·임대,1
8930e1d8b43ffff,과학·기술,1
8930e1d8b43ffff,교육,2
8930e1d8b43ffff,소매,1
8930e1d8b43ffff,음식,2
8930e1d8b47ffff,과학·기술,6
8930e1d8b47ffff,교육,4
8930e1d8b47ffff,부동산,3
8930e1d8b47ffff,소매,4
8930e1d8b47ffff,수리·개인,2
8930e1d8b47ffff,시설관리·임대,5
8930e1d8b47ffff,예술·스포츠,1
8930e1d8b47ffff,음식,7
8930e1d8b4bffff,과학·기술,23
8930e1d8b4bffff,교육,15
8930e1d8b4bffff,보건의료,4
8930e1d8b4bffff,부동산,13
8930e1d8b4bffff,소매,29
8930e1d8b4bffff,수리·개인,13
8930e1d8b4bffff,시설관리·임대,5
8930e1d8b4bffff,예술·스포츠,3
8930e1d8b4bffff,음식,42
8930e1d8b4fffff,과학·기술,10
8930e1d8b4fffff,교육,8
8930e1d8b4fffff,보건의료,2
8930e1d8b4fffff,소매,14
8930e1d8b4fffff,수리·개인,2
8930e1d8b4fffff,시설관리·임대,1
8930e1d8b4fffff,음식,6
8930e1d8b57ffff,과학·기술,6
8930e1d8b57ffff,교육,13
8930e1d8b57ffff,보건의료,3
8930e1d8b57ffff,부동산,8
8930e1d8b57ffff,소매,15
8930e1d8b57ffff,수리·개인,14
8930e1d8b57ffff,시설관리·임대,1
8930e1d8b57ffff,예술·스포츠,2
8930e1d8b57ffff,음식,15
8930e1d8b5bffff,과학·기술,1
8930e1d8b5bffff,소매,2
8930e1d8b73ffff,과학·기술,5
8930e1d8b73ffff,교육,16
8930e1d8b73ffff,보건의료,5
8930e1d8b73ffff,부동산,3
8930e1d8b73ffff,소매,11
8930e1d8b73ffff,수리·개인,6
8930e1d8b73ffff,시설관리·임대,6
8930e1d8b73ffff,예술·스포츠,5
8930e1d8b73ffff,음식,7
8930e1d8b77ffff,과학·기술,2
8930e1d8b77ffff,교육,4
8930e1d8b77ffff,보건의료,4
8930e1d8b77ffff,부동산,1
8930e1d8b77ffff,소매,11
8930e1d8b77ffff,수리·개인,4
8930e1d8b77ffff,예술·스포츠,2
8930e1d8b77ffff,음식,17
8930e1d8b7bffff,과학·기술,2
8930e1d8b7bffff,소매,1
8930e1d8b83ffff,과학·기술,12
8930e1d8b83ffff,교육,6
8930e1d8b83ffff,보건의료,2
8930e1d8b83ffff,소매,11
8930e1d8b83ffff,수리·개인,3
8930e1d8b83ffff,시설관리·임대,6
8930e1d8b83ffff,음식,8
8930e1d8b87ffff,과학·기술,10
8930e1d8b87ffff,교육,8
8930e1d8b87ffff,보건의료,10
8930e1d8b87ffff,부동산,3
8930e1d8b87ffff,소매,37
8930e1d8b87ffff,수리·개인,18
8930e1d8b87ffff,숙박,2
8930e1d8b87ffff,시설관리·임대,4
8930e1d8b87ffff,예술·스포츠,6
8930e1d8b87ffff,음식,42
8930e1d8b8bffff,과학·기술,1
8930e1d8b8bffff,교육,1
8930e1d8b8fffff,과학·기술,1
8930e1d8b93ffff,과학·기술,4
8930e1d8b93ffff,교육,3
8930e1d8b93ffff,소매,12
8930e1d8b93ffff,수리·개인,3
8930e1d8b93ffff,시설관리·임대,2
8930e1d8b93ffff,음식,4
8930e1d8b97ffff,과학·기술,30
8930e1d8b97ffff,교육,15
8930e1d8b97ffff,보건의료,37
8930e1d8b97ffff,부동산,6
8930e1d8b97ffff,소매,57
8930e1d8b97ffff,수리·개인,26
8930e1d8b97ffff,시설관리·임대,11
8930e1d8b97ffff,예술·스포츠,15
8930e1d8b97ffff,음식,91
8930e1d8b9bffff,과학·기술,10
8930e1d8b9bffff,교육,3
8930e1d8b9bffff,부동산,1
8930e1d8b9bffff,소매,15
8930e1d8b9bffff,수리·개인,3
8930e1d8b9bffff,숙박,1
8930e1d8b9bffff,시설관리·임대,3
8930e1d8b9bffff,예술·스포츠,1
8930e1d8b9bffff,음식,17
8930e1d8ba3ffff,과학·기술,3
8930e1d8ba3ffff,교육,2
8930e1d8ba3ffff,보건의료,2
8930e1d8ba3ffff,부동산,1
8930e1d8ba3ffff,수리·개인,4
8930e1d8ba3ffff,시설관리·임대,2
8930e1d8ba3ffff,예술·스포츠,2
8930e1d8ba3ffff,음식,1
8930e1d8ba7ffff,과학·기술,7
8930e1d8ba7ffff,교육,20
8930e1d8ba7ffff,보건의료,2
8930e1d8ba7ffff,부동산,3
8930e1d8ba7ffff,소매,24
8930e1d8ba7ffff,수리·개인,19
8930e1d8ba7ffff,숙박,2
8930e1d8ba7ffff,시설관리·임대,2
8930e1d8ba7ffff,예술·스포츠,8
8930e1d8ba7ffff,음식,51
8930e1d8babffff,과학·기술,8
8930e1d8babffff,교육,7
8930e1d8babffff,보건의료,6
8930e1d8babffff,부동산,9
8930e1d8babffff,소매,24
8930e1d8babffff,수리·개인,8
8930e1d8babffff,시설관리·임대,1
8930e1d8babffff,예술·스포츠,4
8930e1d8babffff,음식,13
8930e1d8bafffff,과학·기술,4
8930e1d8bafffff,교육,3
8930e1d8bafffff,보건의료,2
8930e1d8bafffff,부동산,5
8930e1d8bafffff,소매,6
8930e1d8bafffff,수리·개인,7
8930e1d8bafffff,숙박,1
8930e1d8bafffff,시설관리·임대,1
8930e1d8bafffff,예술·스포츠,2
8930e1d8bafffff,음식,18
8930e1d8bb3ffff,과학·기술,2
8930e1d8bb3ffff,교육,1
8930e1d8bb3ffff,소매,2
8930e1d8bb3ffff,수리·개인,1
8930e1d8bb3ffff,시설관리·임대,1
8930e1d8bb7ffff,과학·기술,1
8930e1d8bb7ffff,교육,2
8930e1d8bb7ffff,보건의료,2
8930e1d8bb7ffff,부동산,1
8930e1d8bb7ffff,소매,3
8930e1d8bb7ffff,수리·개인,4
8930e1d8bb7ffff,음식,3
8930e1d8bbbffff,과학·기술,1
8930e1d8bbbffff,교육,1
8930e1d8bbbffff,소매,1
8930e1d8bbbffff,음식,1
8930e1d8bc7ffff,과학·기술,1
8930e1d8bc7ffff,교육,2
8930e1d8bc7ffff,소매,1
8930e1d8bc7ffff,예술·스포츠,1
8930e1d8bcbffff,과학·기술,3
8930e1d8bcbffff,소매,1
8930e1d8bd3ffff,과학·기술,4
8930e1d8bd3ffff,소매,3
8930e1d8bd3ffff,예술·스포츠,2
8930e1d8bd7ffff,과학·기술,7
8930e1d8bd7ffff,교육,13
8930e1d8bd7ffff,보건의료,4
8930e1d8bd7ffff,부동산,11
8930e1d8bd7ffff,소매,13
8930e1d8bd7ffff,수리·개인,18
8930e1d8bd7ffff,시설관리·임대,1
8930e1d8bd7ffff,예술·스포츠,2
8930e1d8bd7ffff,음식,18
8930e1d8bdbffff,과학·기술,43
8930e1d8bdbffff,교육,10
8930e1d8bdbffff,소매,32
8930e1d8bdbffff,수리·개인,10
8930e1d8bdbffff,시설관리·임대,3
8930e1d8bdbffff,예술·스포츠,3
8930e1d8bdbffff,음식,15
8930e1d8c03ffff,과학·기술,86
8930e1d8c03ffff,교육,12
8930e1d8c03ffff,보건의료,11
8930e1d8c03ffff,부동산,13
8930e1d8c03ffff,소매,48
8930e1d8c03ffff,수리·개인,7
8930e1d8c03ffff,숙박,1
8930e1d8c03ffff,시설관리·임대,84
8930e1d8c03ffff,예술·스포츠,6
8930e1d8c03ffff,음식,96
8930e1d8c07ffff,과학·기술,83
8930e1d8c07ffff,교육,13
8930e1d8c07ffff,보건의료,8
8930e1d8c07ffff,부동산,5
8930e1d8c07ffff,소매,40
8930e1d8c07ffff,수리·개인,6
8930e1d8c07ffff,숙박,1
8930e1d8c07ffff,시설관리·임대,26
8930e1d8c07ffff,예술·스포츠,1
8930e1d8c07ffff,음식,64
8930e1d8c0bffff,과학·기술,55
8930e1d8c0bffff,교육,11
8930e1d8c0bffff,보건의료,23
8930e1d8c0bffff,부동산,3
8930e1d8c0bffff,소매,41
8930e1d8c0bffff,수리·개인,15
8930e1d8c0bffff,숙박,1
8930e1d8c0bffff,시설관리·임대,152
8930e1d8c0bffff,예술·스포츠,10
8930e1d8c0bffff,음식,80
8930e1d8c0fffff,과학·기술,91
8930e1d8c0fffff,교육,10
8930e1d8c0fffff,보건의료,9
8930e1d8c0fffff,부동산,12
8930e1d8c0fffff,소매,40
8930e1d8c0fffff,수리·개인,11
8930e1d8c0fffff,숙박,4
8930e1d8c0fffff,시설관리·임대,187
8930e1d8c0fffff,예술·스포츠,9
8930e1d8c0fffff,음식,182
8930e1d8c13ffff,과학·기술,87
8930e1d8c13ffff,교육,8
8930e1d8c13ffff,보건의료,13
8930e1d8c13ffff,부동산,4
8930e1d8c13ffff,소매,33
8930e1d8c13ffff,수리·개인,5
8930e1d8c13ffff,숙박,1
8930e1d8c13ffff,시설관리·임대,33
8930e1d8c13ffff,예술·스포츠,3
8930e1d8c13ffff,음식,68
8930e1d8c17ffff,과학·기술,168
8930e1d8c17ffff,교육,37
8930e1d8c17ffff,보건의료,28
8930e1d8c17ffff,부동산,20
8930e1d8c17ffff,소매,81
8930e1d8c17ffff,수리·개인,37
8930e1d8c17ffff,숙박,4
8930e1d8c17ffff,시설관리·임대,130
8930e1d8c17ffff,예술·스포츠,17
8930e1d8c17ffff,음식,229
8930e1d8c1bffff,과학·기술,40
8930e1d8c1bffff,교육,6
8930e1d8c1bffff,보건의료,4
8930e1d8c1bffff,부동산,2
8930e1d8c1bffff,소매,7
8930e1d8c1bffff,수리·개인,1
8930e1d8c1bffff,숙박,2
8930e1d8c1bffff,시설관리·임대,40
8930e1d8c1bffff,예술·스포츠,1
8930e1d8c1bffff,음식,42
8930e1d8c23ffff,과학·기술,50
8930e1d8c23ffff,교육,38
8930e1d8c23ffff,보건의료,15
8930e1d8c23ffff,부동산,8
8930e1d8c23ffff,소매,71
8930e1d8c23ffff,수리·개인,20
8930e1d8c23ffff,숙박,9
8930e1d8c23ffff,시설관리·임대,29
8930e1d8c23ffff,예술·스포츠,29
8930e1d8c23ffff,음식,205
8930e1d8c27ffff,과학·기술,41
8930e1d8c27ffff,교육,40
8930e1d8c27ffff,보건의료,15
8930e1d8c27ffff,부동산,17
8930e1d8c27ffff,소매,171
8930e1d8c27ffff,수리·개인,15
8930e1d8c27ffff,숙박,34
8930e1d8c27ffff,시설관리·임대,12
8930e1d8c27ffff,예술·스포츠,34
8930e1d8c27ffff,음식,203
8930e1d8c2bffff,과학·기술,72
8930e1d8c2bffff,교육,5
8930e1d8c2bffff,보건의료,4
8930e1d8c2bffff,부동산,10
8930e1d8c2bffff,소매,44
8930e1d8c2bffff,수리·개인,7
8930e1d8c2bffff,숙박,1
8930e1d8c2bffff,시설관리·임대,30
8930e1d8c2bffff,예술·스포츠,7
8930e1d8c2bffff,음식,48
8930e1d8c2fffff,과학·기술,158
8930e1d8c2fffff,교육,18
8930e1d8c2fffff,보건의료,5
8930e1d8c2fffff,부동산,9
8930e1d8c2fffff,소매,42
8930e1d8c2fffff,수리·개인,8
8930e1d8c2fffff,숙박,15
8930e1d8c2fffff,시설관리·임대,23
8930e1d8c2fffff,예술·스포츠,3
8930e1d8c2fffff,음식,95
8930e1d8c33ffff,과학·기술,47
8930e1d8c33ffff,교육,25
8930e1d8c33ffff,보건의료,6
8930e1d8c33ffff,부동산,4
8930e1d8c33ffff,소매,98
8930e1d8c33ffff,수리·개인,9
8930e1d8c33ffff,숙박,3
8930e1d8c33ffff,시설관리·임대,109
8930e1d8c33ffff,예술·스포츠,3
8930e1d8c33ffff,음식,122
8930e1d8c37ffff,과학·기술,42
8930e1d8c37ffff,교육,12
8930e1d8c37ffff,보건의료,4
8930e1d8c37ffff,부동산,8
8930e1d8c37ffff,소매,305
8930e1d8c37ffff,수리·개인,14
8930e1d8c37ffff,숙박,8
8930e1d8c37ffff,시설관리·임대,31
8930e1d8c37ffff,예술·스포츠,3
8930e1d8c37ffff,음식,160
8930e1d8c3bffff,과학·기술,91
8930e1d8c3bffff,교육,59
8930e1d8c3bffff,보건의료,10
8930e1d8c3bffff,부동산,11
8930e1d8c3bffff,소매,31
8930e1d8c3bffff,수리·개인,13
8930e1d8c3bffff,숙박,18
8930e1d8c3bffff,시설관리·임대,51
8930e1d8c3bffff,예술·스포츠,27
8930e1d8c3bffff,음식,204
8930e1d8c43ffff,과학·기술,142
8930e1d8c43ffff,교육,6
8930e1d8c43ffff,보건의료,19
8930e1d8c43ffff,부동산,9
8930e1d8c43ffff,소매,44
8930e1d8c43ffff,수리·개인,18
8930e1d8c43ffff,숙박,6
8930e1d8c43ffff,시설관리·임대,27
8930e1d8c43ffff,예술·스포츠,8
8930e1d8c43ffff,음식,144
8930e1d8c47ffff,과학·기술,41
8930e1d8c47ffff,교육,5
8930e1d8c47ffff,보건의료,6
8930e1d8c47ffff,부동산,7
8930e1d8c47ffff,소매,100
8930e1d8c47ffff,수리·개인,11
8930e1d8c47ffff,숙박,14
8930e1d8c47ffff,시설관리·임대,47
8930e1d8c47ffff,예술·스포츠,7
8930e1d8c47ffff,음식,106
8930e1d8c4bffff,과학·기술,14
8930e1d8c4bffff,교육,5
8930e1d8c4bffff,보건의료,3
8930e1d8c4bffff,부동산,1
8930e1d8c4bffff,소매,280
8930e1d8c4bffff,수리·개인,19
8930e1d8c4bffff,시설관리·임대,7
8930e1d8c4bffff,예술·스포츠,3
8930e1d8c4bffff,음식,88
8930e1d8c4fffff,과학·기술,21
8930e1d8c4fffff,교육,3
8930e1d8c4fffff,보건의료,14
8930e1d8c4fffff,부동산,12
8930e1d8c4fffff,소매,935
8930e1d8c4fffff,수리·개인,21
8930e1d8c4fffff,숙박,14
8930e1d8c4fffff,시설관리·임대,7
8930e1d8c4fffff,예술·스포츠,5
8930e1d8c4fffff,음식,98
8930e1d8c53ffff,과학·기술,90
8930e1d8c53ffff,교육,8
8930e1d8c53ffff,보건의료,10
8930e1d8c53ffff,부동산,4
8930e1d8c53ffff,소매,23
8930e1d8c53ffff,수리·개인,4
8930e1d8c53ffff,시설관리·임대,40
8930e1d8c53ffff,예술·스포츠,4
8930e1d8c53ffff,음식,56
8930e1d8c57ffff,과학·기술,8
8930e1d8c57ffff,교육,4
8930e1d8c57ffff,보건의료,4
8930e1d8c57ffff,소매,21
8930e1d8c57ffff,수리·개인,2
8930e1d8c57ffff,숙박,1
8930e1d8c57ffff,시설관리·임대,12
8930e1d8c57ffff,예술·스포츠,2
8930e1d8c57ffff,음식,32
8930e1d8c5bffff,과학·기술,25
8930e1d8c5bffff,교육,2
8930e1d8c5bffff,보건의료,6
8930e1d8c5bffff,부동산,1
8930e1d8c5bffff,소매,29
8930e1d8c5bffff,수리·개인,6
8930e1d8c5bffff,숙박,1
8930e1d8c5bffff,시설관리·임대,14
8930e1d8c5bffff,예술·스포츠,1
8930e1d8c5bffff,음식,58
8930e1d8c63ffff,과학·기술,21
8930e1d8c63ffff,교육,2
8930e1d8c63ffff,보건의료,25
8930e1d8c63ffff,부동산,18
8930e1d8c63ffff,소매,223
8930e1d8c63ffff,수리·개인,52
8930e1d8c63ffff,숙박,9
8930e1d8c63ffff,시설관리·임대,6
8930e1d8c63ffff,예술·스포츠,3
8930e1d8c63ffff,음식,113
8930e1d8c67ffff,과학·기술,37
8930e1d8c67ffff,교육,8
8930e1d8c67ffff,보건의료,10
8930e1d8c67ffff,부동산,10
8930e1d8c67ffff,소매,65
8930e1d8c67ffff,수리·개인,17
8930e1d8c67ffff,숙박,8
8930e1d8c67ffff,시설관리·임대,16
8930e1d8c67ffff,예술·스포츠,3
8930e1d8c67ffff,음식,83
8930e1d8c6bffff,과학·기술,42
8930e1d8c6bffff,교육,6
8930e1d8c6bffff,보건의료,19
8930e1d8c6bffff,부동산,5
8930e1d8c6bffff,소매,74
8930e1d8c6bffff,수리·개인,34
8930e1d8c6bffff,숙박,23
8930e1d8c6bffff,시설관리·임대,26
8930e1d8c6bffff,예술·스포츠,6
8930e1d8c6bffff,음식,79
8930e1d8c6fffff,과학·기술,24
8930e1d8c6fffff,교육,7
8930e1d8c6fffff,보건의료,29
8930e1d8c6fffff,부동산,8
8930e1d8c6fffff,소매,179
8930e1d8c6fffff,수리·개인,38
8930e1d8c6fffff,숙박,27
8930e1d8c6fffff,시설관리·임대,15
8930e1d8c6fffff,예술·스포츠,6
8930e1d8c6fffff,음식,86
8930e1d8c73ffff,과학·기술,15
8930e1d8c73ffff,교육,3
8930e1d8c73ffff,보건의료,9
8930e1d8c73ffff,부동산,2
8930e1d8c73ffff,소매,403
8930e1d8c73ffff,수리·개인,19
8930e1d8c73ffff,숙박,5
8930e1d8c73ffff,시설관리·임대,19
8930e1d8c73ffff,음식,60
8930e1d8c77ffff,과학·기술,46
8930e1d8c77ffff,교육,8
8930e1d8c77ffff,보건의료,25
8930e1d8c77ffff,부동산,14
8930e1d8c77ffff,소매,62
8930e1d8c77ffff,수리·개인,17
8930e1d8c77ffff,숙박,9
8930e1d8c77ffff,시설관리·임대,45
8930e1d8c77ffff,예술·스포츠,6
8930e1d8c77ffff,음식,164
8930e1d8c7bffff,과학·기술,24
8930e1d8c7bffff,교육,3
8930e1d8c7bffff,보건의료,4
8930e1d8c7bffff,부동산,3
8930e1d8c7bffff,소매,227
8930e1d8c7bffff,수리·개인,25
8930e1d8c7bffff,숙박,6
8930e1d8c7bffff,시설관리·임대,15
8930e1d8c7bffff,음식,47
8930e1d8c83ffff,과학·기술,43
8930e1d8c83ffff,교육,13
8930e1d8c83ffff,보건의료,3
8930e1d8c83ffff,부동산,2
8930e1d8c83ffff,소매,24
8930e1d8c83ffff,수리·개인,14
8930e1d8c83ffff,시설관리·임대,56
8930e1d8c83ffff,예술·스포츠,5
8930e1d8c83ffff,음식,80
8930e1d8c8bffff,과학·기술,49
8930e1d8c8bffff,교육,12
8930e1d8c8bffff,보건의료,10
8930e1d8c8bffff,부동산,9
8930e1d8c8bffff,소매,33
8930e1d8c8bffff,수리·개인,16
8930e1d8c8bffff,시설관리·임대,41
8930e1d8c8bffff,예술·스포츠,8
8930e1d8c8bffff,음식,201
8930e1d8c8fffff,소매,1
8930e1d8c8fffff,예술·스포츠,1
8930e1d8c8fffff,음식,2
8930e1d8c93ffff,과학·기술,27
8930e1d8c93ffff,교육,9
8930e1d8c93ffff,보건의료,11
8930e1d8c93ffff,부동산,3
8930e1d8c93ffff,소매,52
8930e1d8c93ffff,수리·개인,10
8930e1d8c93ffff,숙박,16
8930e1d8c93ffff,시설관리·임대,18
8930e1d8c93ffff,예술·스포츠,10
8930e1d8c93ffff,음식,157
8930e1d8c97ffff,과학·기술,13
8930e1d8c97ffff,소매,13
8930e1d8c97ffff,숙박,3
8930e1d8c97ffff,시설관리·임대,2
8930e1d8c97ffff,음식,10
8930e1d8c9bffff,과학·기술,28
8930e1d8c9bffff,교육,10
8930e1d8c9bffff,보건의료,1
8930e1d8c9bffff,부동산,14
8930e1d8c9bffff,소매,17
8930e1d8c9bffff,수리·개인,14
8930e1d8c9bffff,숙박,1
8930e1d8c9bffff,시설관리·임대,16
8930e1d8c9bffff,예술·스포츠,5
8930e1d8c9bffff,음식,81
8930e1d8ca3ffff,과학·기술,16
8930e1d8ca3ffff,교육,6
8930e1d8ca3ffff,보건의료,1
8930e1d8ca3ffff,소매,25
8930e1d8ca3ffff,숙박,1
8930e1d8ca3ffff,시설관리·임대,4
8930e1d8ca3ffff,예술·스포츠,1
8930e1d8ca3ffff,음식,25
8930e1d8ca7ffff,과학·기술,32
8930e1d8ca7ffff,교육,9
8930e1d8ca7ffff,보건의료,11
8930e1d8ca7ffff,부동산,1
8930e1d8ca7ffff,소매,61
8930e1d8ca7ffff,수리·개인,6
8930e1d8ca7ffff,숙박,4
8930e1d8ca7ffff,시설관리·임대,15
8930e1d8ca7ffff,예술·스포츠,5
8930e1d8ca7ffff,음식,95
8930e1d8cabffff,과학·기술,69
8930e1d8cabffff,교육,21
8930e1d8cabffff,보건의료,12
8930e1d8cabffff,부동산,10
8930e1d8cabffff,소매,77
8930e1d8cabffff,수리·개인,13
8930e1d8cabffff,숙박,3
8930e1d8cabffff,시설관리·임대,108
8930e1d8cabffff,예술·스포츠,6
8930e1d8cabffff,음식,138
8930e1d8cafffff,과학·기술,29
8930e1d8cafffff,교육,8
8930e1d8cafffff,보건의료,1
8930e1d8cafffff,부동산,2
8930e1d8cafffff,소매,207
8930e1d8cafffff,수리·개인,5
8930e1d8cafffff,숙박,5
8930e1d8cafffff,시설관리·임대,20
8930e1d8cafffff,예술·스포츠,2
8930e1d8cafffff,음식,179
8930e1d8cb3ffff,과학·기술,11
8930e1d8cb3ffff,교육,4
8930e1d8cb3ffff,소매,16
8930e1d8cb3ffff,숙박,6
8930e1d8cb3ffff,시설관리·임대,9
8930e1d8cb3ffff,음식,21
8930e1d8cb7ffff,과학·기술,16
8930e1d8cb7ffff,교육,2
8930e1d8cb7ffff,보건의료,1
8930e1d8cb7ffff,소매,43
8930e1d8cb7ffff,수리·개인,1
8930e1d8cb7ffff,숙박,2
8930e1d8cb7ffff,시설관리·임대,2
8930e1d8cb7ffff,음식,48
8930e1d8cbbffff,과학·기술,59
8930e1d8cbbffff,교육,5
8930e1d8cbbffff,보건의료,1
8930e1d8cbbffff,부동산,1
8930e1d8cbbffff,소매,30
8930e1d8cbbffff,수리·개인,7
8930e1d8cbbffff,시설관리·임대,9
8930e1d8cbbffff,예술·스포츠,2
8930e1d8cbbffff,음식,48
8930e1d8cc3ffff,과학·기술,25
8930e1d8cc3ffff,교육,4
8930e1d8cc3ffff,보건의료,1
8930e1d8cc3ffff,부동산,2
8930e1d8cc3ffff,소매,16
8930e1d8cc3ffff,수리·개인,2
8930e1d8cc3ffff,시설관리·임대,7
8930e1d8cc3ffff,음식,46
8930e1d8cc7ffff,과학·기술,71
8930e1d8cc7ffff,교육,17
8930e1d8cc7ffff,보건의료,13
8930e1d8cc7ffff,부동산,5
8930e1d8cc7ffff,소매,24
8930e1d8cc7ffff,수리·개인,5
8930e1d8cc7ffff,시설관리·임대,46
8930e1d8cc7ffff,예술·스포츠,4
8930e1d8cc7ffff,음식,81
8930e1d8ccbffff,과학·기술,9
8930e1d8ccbffff,교육,2
8930e1d8ccbffff,소매,9
8930e1d8ccbffff,시설관리·임대,7
8930e1d8ccbffff,예술·스포츠,1
8930e1d8ccbffff,음식,16
8930e1d8ccfffff,소매,3
8930e1d8ccfffff,음식,3
8930e1d8cd3ffff,음식,3
8930e1d8cd7ffff,과학·기술,39
8930e1d8cd7ffff,교육,15
8930e1d8cd7ffff,보건의료,9
8930e1d8cd7ffff,부동산,4
8930e1d8cd7ffff,소매,22
8930e1d8cd7ffff,수리·개인,8
8930e1d8cd7ffff,시설관리·임대,20
8930e1d8cd7ffff,예술·스포츠,4
8930e1d8cd7ffff,음식,60
8930e1d8cdbffff,과학·기술,10
8930e1d8cdbffff,교육,3
8930e1d8cdbffff,보건의료,6
8930e1d8cdbffff,소매,28
8930e1d8cdbffff,수리·개인,7
8930e1d8cdbffff,시설관리·임대,9
8930e1d8cdbffff,예술·스포츠,5
8930e1d8cdbffff,음식,45
8930e1d8d03ffff,과학·기술,2
8930e1d8d03ffff,교육,2
8930e1d8d03ffff,소매,13
8930e1d8d03ffff,수리·개인,3
8930e1d8d03ffff,숙박,4
8930e1d8d03ffff,시설관리·임대,2
8930e1d8d03ffff,음식,10
8930e1d8d07ffff,과학·기술,3
8930e1d8d07ffff,교육,2
8930e1d8d07ffff,보건의료,1
8930e1d8d07ffff,소매,10
8930e1d8d07ffff,수리·개인,5
8930e1d8d07ffff,숙박,4
8930e1d8d07ffff,시설관리·임대,1
8930e1d8d07ffff,음식,37
8930e1d8d0bffff,과학·기술,28
8930e1d8d0bffff,교육,7
8930e1d8d0bffff,부동산,2
8930e1d8d0bffff,소매,29
8930e1d8d0bffff,수리·개인,8
8930e1d8d0bffff,숙박,5
8930e1d8d0bffff,시설관리·임대,15
8930e1d8d0bffff,예술·스포츠,2
8930e1d8d0bffff,음식,50
8930e1d8d0fffff,과학·기술,28
8930e1d8d0fffff,교육,5
8930e1d8d0fffff,보건의료,2
8930e1d8d0fffff,부동산,1
8930e1d8d0fffff,소매,17
8930e1d8d0fffff,수리·개인,6
8930e1d8d0fffff,숙박,4
8930e1d8d0fffff,시설관리·임대,14
8930e1d8d0fffff,예술·스포츠,3
8930e1d8d0fffff,음식,19
8930e1d8d17ffff,과학·기술,5
8930e1d8d17ffff,교육,1
8930e1d8d17ffff,보건의료,12
8930e1d8d17ffff,소매,6
8930e1d8d17ffff,수리·개인,1
8930e1d8d17ffff,시설관리·임대,3
8930e1d8d17ffff,음식,17
8930e1d8d1bffff,과학·기술,8
8930e1d8d1bffff,교육,1
8930e1d8d1bffff,보건의료,1
8930e1d8d1bffff,소매,1
8930e1d8d1bffff,수리·개인,3
8930e1d8d1bffff,숙박,1
8930e1d8d1bffff,시설관리·임대,2
8930e1d8d1bffff,음식,6
8930e1d8d23ffff,과학·기술,14
8930e1d8d23ffff,교육,9
8930e1d8d23ffff,부동산,1
8930e1d8d23ffff,소매,24
8930e1d8d23ffff,수리·개인,1
8930e1d8d23ffff,숙박,2
8930e1d8d23ffff,시설관리·임대,3
8930e1d8d23ffff,예술·스포츠,1
8930e1d8d23ffff,음식,20
8930e1d8d27ffff,과학·기술,4
8930e1d8d27ffff,교육,3
8930e1d8d27ffff,소매,7
8930e1d8d27ffff,수리·개인,3
8930e1d8d27ffff,숙박,3
8930e1d8d27ffff,시설관리·임대,1
8930e1d8d27ffff,음식,9
8930e1d8d2bffff,과학·기술,14
8930e1d8d2bffff,교육,4
8930e1d8d2bffff,보건의료,2
8930e1d8d2bffff,부동산,5
8930e1d8d2bffff,소매,31
8930e1d8d2bffff,수리·개인,10
8930e1d8d2bffff,숙박,3
8930e1d8d2bffff,시설관리·임대,2
8930e1d8d2bffff,예술·스포츠,2
8930e1d8d2bffff,음식,12
8930e1d8d2fffff,과학·기술,8
8930e1d8d2fffff,교육,3
8930e1d8d2fffff,소매,8
8930e1d8d2fffff,수리·개인,2
8930e1d8d2fffff,숙박,5
8930e1d8d2fffff,시설관리·임대,2
8930e1d8d2fffff,음식,5
8930e1d8d33ffff,과학·기술,16
8930e1d8d33ffff,교육,3
8930e1d8d33ffff,부동산,1
8930e1d8d33ffff,소매,9
8930e1d8d33ffff,예술·스포츠,2
8930e1d8d33ffff,음식,20
8930e1d8d37ffff,과학·기술,14
8930e1d8d37ffff,교육,4
8930e1d8d37ffff,보건의료,1
8930e1d8d37ffff,소매,14
8930e1d8d37ffff,수리·개인,3
8930e1d8d37ffff,숙박,11
8930e1d8d37ffff,시설관리·임대,3
8930e1d8d37ffff,예술·스포츠,1
8930e1d8d37ffff,음식,16
8930e1d8d3bffff,과학·기술,25
8930e1d8d3bffff,교육,9
8930e1d8d3bffff,보건의료,1
8930e1d8d3bffff,부동산,4
8930e1d8d3bffff,소매,22
8930e1d8d3bffff,수리·개인,9
8930e1d8d3bffff,숙박,3
8930e1d8d3bffff,시설관리·임대,4
8930e1d8d3bffff,예술·스포츠,3
8930e1d8d3bffff,음식,45
8930e1d8d43ffff,과학·기술,25
8930e1d8d43ffff,교육,2
8930e1d8d43ffff,부동산,5
8930e1d8d43ffff,소매,93
8930e1d8d43ffff,수리·개인,32
8930e1d8d43ffff,숙박,2
8930e1d8d43ffff,시설관리·임대,11
8930e1d8d43ffff,예술·스포츠,1
8930e1d8d43ffff,음식,32
8930e1d8d47ffff,과학·기술,13
8930e1d8d47ffff,교육,5
8930e1d8d47ffff,보건의료,4
8930e1d8d47ffff,부동산,5
8930e1d8d47ffff,소매,339
8930e1d8d47ffff,수리·개인,63
8930e1d8d47ffff,숙박,1
8930e1d8d47ffff,시설관리·임대,10
8930e1d8d47ffff,예술·스포츠,1
8930e1d8d47ffff,음식,30
8930e1d8d4bffff,과학·기술,87
8930e1d8d4bffff,교육,6
8930e1d8d4bffff,보건의료,3
8930e1d8d4bffff,부동산,7
8930e1d8d4bffff,소매,84
8930e1d8d4bffff,수리·개인,12
8930e1d8d4bffff,숙박,2
8930e1d8d4bffff,시설관리·임대,14
8930e1d8d4bffff,예술·스포츠,2
8930e1d8d4bffff,음식,63
8930e1d8d4fffff,과학·기술,22
8930e1d8d4fffff,교육,7
8930e1d8d4fffff,보건의료,2
8930e1d8d4fffff,부동산,5
8930e1d8d4fffff,소매,42
8930e1d8d4fffff,수리·개인,5
8930e1d8d4fffff,숙박,7
8930e1d8d4fffff,시설관리·임대,4
8930e1d8d4fffff,예술·스포츠,3
8930e1d8d4fffff,음식,48
8930e1d8d53ffff,과학·기술,22
8930e1d8d53ffff,교육,11
8930e1d8d53ffff,보건의료,6
8930e1d8d53ffff,부동산,8
8930e1d8d53ffff,소매,220
8930e1d8d53ffff,수리·개인,100
8930e1d8d53ffff,숙박,1
8930e1d8d53ffff,시설관리·임대,9
8930e1d8d53ffff,예술·스포츠,4
8930e1d8d53ffff,음식,103
8930e1d8d57ffff,소매,2
8930e1d8d57ffff,수리·개인,1
8930e1d8d5bffff,과학·기술,70
8930e1d8d5bffff,교육,2
8930e1d8d5bffff,보건의료,5
8930e1d8d5bffff,부동산,8
8930e1d8d5bffff,소매,70
8930e1d8d5bffff,수리·개인,9
8930e1d8d5bffff,숙박,12
8930e1d8d5bffff,시설관리·임대,5
8930e1d8d5bffff,예술·스포츠,4
8930e1d8d5bffff,음식,46
8930e1d8d63ffff,과학·기술,23
8930e1d8d63ffff,교육,9
8930e1d8d63ffff,보건의료,26
8930e1d8d63ffff,부동산,11
8930e1d8d63ffff,소매,159
8930e1d8d63ffff,수리·개인,8
8930e1d8d63ffff,숙박,11
8930e1d8d63ffff,시설관리·임대,22
8930e1d8d63ffff,예술·스포츠,12
8930e1d8d63ffff,음식,92
8930e1d8d67ffff,과학·기술,26
8930e1d8d67ffff,교육,5
8930e1d8d67ffff,보건의료,29
8930e1d8d67ffff,부동산,4
8930e1d8d67ffff,소매,93
8930e1d8d67ffff,수리·개인,5
8930e1d8d67ffff,숙박,6
8930e1d8d67ffff,시설관리·임대,4
8930e1d8d67ffff,예술·스포츠,8
8930e1d8d67ffff,음식,163
8930e1d8d6bffff,과학·기술,26
8930e1d8d6bffff,교육,4
8930e1d8d6bffff,보건의료,2
8930e1d8d6bffff,부동산,9
8930e1d8d6bffff,소매,61
8930e1d8d6bffff,수리·개인,5
8930e1d8d6bffff,숙박,5
8930e1d8d6bffff,시설관리·임대,2
8930e1d8d6bffff,음식,13
8930e1d8d6fffff,과학·기술,6
8930e1d8d6fffff,부동산,2
8930e1d8d6fffff,소매,63
8930e1d8d6fffff,수리·개인,5
8930e1d8d6fffff,시설관리·임대,7
8930e1d8d6fffff,음식,33
8930e1d8d73ffff,과학·기술,36
8930e1d8d73ffff,교육,4
8930e1d8d73ffff,보건의료,11
8930e1d8d73ffff,부동산,16
8930e1d8d73ffff,소매,82
8930e1d8d73ffff,수리·개인,23
8930e1d8d73ffff,숙박,6
8930e1d8d73ffff,시설관리·임대,7
8930e1d8d73ffff,예술·스포츠,11
8930e1d8d73ffff,음식,126
8930e1d8d77ffff,과학·기술,30
8930e1d8d77ffff,교육,3
8930e1d8d77ffff,보건의료,4
8930e1d8d77ffff,부동산,7
8930e1d8d77ffff,소매,16
8930e1d8d77ffff,수리·개인,7
8930e1d8d77ffff,숙박,3
8930e1d8d77ffff,시설관리·임대,5
8930e1d8d77ffff,음식,47
8930e1d8d7bffff,과학·기술,19
8930e1d8d7bffff,보건의료,2
8930e1d8d7bffff,부동산,7
8930e1d8d7bffff,소매,316
8930e1d8d7bffff,수리·개인,12
8930e1d8d7bffff,숙박,6
8930e1d8d7bffff,시설관리·임대,5
8930e1d8d7bffff,예술·스포츠,1
8930e1d8d7bffff,음식,91
8930e1d8d87ffff,과학·기술,10
8930e1d8d87ffff,교육,7
8930e1d8d87ffff,보건의료,1
8930e1d8d87ffff,부동산,6
8930e1d8d87ffff,소매,17
8930e1d8d87ffff,수리·개인,11
8930e1d8d87ffff,숙박,6
8930e1d8d87ffff,시설관리·임대,12
8930e1d8d87ffff,예술·스포츠,4
8930e1d8d87ffff,음식,57
8930e1d8d8fffff,음식,1
8930e1d8d97ffff,과학·기술,6
8930e1d8d97ffff,교육,1
8930e1d8d97ffff,소매,8
8930e1d8d97ffff,수리·개인,2
8930e1d8d97ffff,시설관리·임대,3
8930e1d8d97ffff,음식,7
8930e1d8d9bffff,과학·기술,2
8930e1d8d9bffff,교육,2
8930e1d8d9bffff,소매,5
8930e1d8d9bffff,수리·개인,1
8930e1d8d9bffff,숙박,2
8930e1d8d9bffff,시설관리·임대,1
8930e1d8d9bffff,음식,2
8930e1d8da3ffff,과학·기술,27
8930e1d8da3ffff,교육,21
8930e1d8da3ffff,보건의료,17
8930e1d8da3ffff,부동산,9
8930e1d8da3ffff,소매,58
8930e1d8da3ffff,수리·개인,20
8930e1d8da3ffff,숙박,6
8930e1d8da3ffff,시설관리·임대,7
8930e1d8da3ffff,예술·스포츠,30
8930e1d8da3ffff,음식,191
8930e1d8da7ffff,과학·기술,8
8930e1d8da7ffff,교육,5
8930e1d8da7ffff,부동산,1
8930e1d8da7ffff,소매,4
8930e1d8da7ffff,수리·개인,1
8930e1d8da7ffff,숙박,5
8930e1d8da7ffff,시설관리·임대,1
8930e1d8da7ffff,예술·스포츠,1
8930e1d8da7ffff,음식,13
8930e1d8dabffff,과학·기술,11
8930e1d8dabffff,교육,2
8930e1d8dabffff,보건의료,1
8930e1d8dabffff,소매,15
8930e1d8dabffff,수리·개인,2
8930e1d8dabffff,숙박,3
8930e1d8dabffff,음식,43
8930e1d8dafffff,과학·기술,83
8930e1d8dafffff,교육,31
8930e1d8dafffff,보건의료,2
8930e1d8dafffff,부동산,4
8930e1d8dafffff,소매,50
8930e1d8dafffff,수리·개인,8
8930e1d8dafffff,숙박,7
8930e1d8dafffff,시설관리·임대,19
8930e1d8dafffff,예술·스포츠,17
8930e1d8dafffff,음식,148
8930e1d8db3ffff,과학·기술,15
8930e1d8db3ffff,교육,10
8930e1d8db3ffff,보건의료,2
8930e1d8db3ffff,부동산,6
8930e1d8db3ffff,소매,17
8930e1d8db3ffff,수리·개인,6
8930e1d8db3ffff,숙박,7
8930e1d8db3ffff,시설관리·임대,7
8930e1d8db3ffff,예술·스포츠,8
8930e1d8db3ffff,음식,28
8930e1d8db7ffff,과학·기술,24
8930e1d8db7ffff,교육,15
8930e1d8db7ffff,보건의료,8
8930e1d8db7ffff,부동산,7
8930e1d8db7ffff,소매,43
8930e1d8db7ffff,수리·개인,11
8930e1d8db7ffff,시설관리·임대,2
8930e1d8db7ffff,예술·스포츠,5
8930e1d8db7ffff,음식,37
8930e1d8dbbffff,과학·기술,25
8930e1d8dbbffff,교육,8
8930e1d8dbbffff,보건의료,3
8930e1d8dbbffff,부동산,11
8930e1d8dbbffff,소매,42
8930e1d8dbbffff,수리·개인,23
8930e1d8dbbffff,숙박,18
8930e1d8dbbffff,시설관리·임대,9
8930e1d8dbbffff,예술·스포츠,15
8930e1d8dbbffff,음식,162
8930e1d8dc3ffff,과학·기술,43
8930e1d8dc3ffff,교육,11
8930e1d8dc3ffff,보건의료,3
8930e1d8dc3ffff,부동산,5
8930e1d8dc3ffff,소매,63
8930e1d8dc3ffff,수리·개인,10
8930e1d8dc3ffff,숙박,21
8930e1d8dc3ffff,시설관리·임대,22
8930e1d8dc3ffff,예술·스포츠,2
8930e1d8dc3ffff,음식,75
8930e1d8dc7ffff,소매,1
8930e1d8dc7ffff,음식,3
8930e1d8dcbffff,과학·기술,55
8930e1d8dcbffff,교육,12
8930e1d8dcbffff,보건의료,4
8930e1d8dcbffff,부동산,11
8930e1d8dcbffff,소매,82
8930e1d8dcbffff,수리·개인,12
8930e1d8dcbffff,숙박,27
8930e1d8dcbffff,시설관리·임대,17
8930e1d8dcbffff,예술·스포츠,12
8930e1d8dcbffff,음식,283
8930e1d8dcfffff,과학·기술,9
8930e1d8dcfffff,교육,2
8930e1d8dcfffff,소매,15
8930e1d8dcfffff,수리·개인,4
8930e1d8dcfffff,숙박,6
8930e1d8dcfffff,시설관리·임대,1
8930e1d8dcfffff,음식,43
8930e1d8dd3ffff,과학·기술,26
8930e1d8dd3ffff,교육,9
8930e1d8dd3ffff,부동산,3
8930e1d8dd3ffff,소매,23
8930e1d8dd3ffff,수리·개인,1
8930e1d8dd3ffff,시설관리·임대,13
8930e1d8dd3ffff,예술·스포츠,5
8930e1d8dd3ffff,음식,51
8930e1d8dd7ffff,과학·기술,2
8930e1d8dd7ffff,교육,1
8930e1d8dd7ffff,소매,6
8930e1d8dd7ffff,수리·개인,1
8930e1d8dd7ffff,음식,12
8930e1d8ddbffff,과학·기술,51
8930e1d8ddbffff,교육,18
8930e1d8ddbffff,보건의료,1
8930e1d8ddbffff,부동산,5
8930e1d8ddbffff,소매,62
8930e1d8ddbffff,수리·개인,6
8930e1d8ddbffff,숙박,7
8930e1d8ddbffff,시설관리·임대,31
8930e1d8ddbffff,음식,23
8930e1d8e03ffff,과학·기술,16
8930e1d8e03ffff,교육,10
8930e1d8e03ffff,보건의료,11
8930e1d8e03ffff,부동산,18
8930e1d8e03ffff,소매,56
8930e1d8e03ffff,수리·개인,17
8930e1d8e03ffff,숙박,5
8930e1d8e03ffff,시설관리·임대,5
8930e1d8e03ffff,예술·스포츠,9
8930e1d8e03ffff,음식,51
8930e1d8e07ffff,과학·기술,12
8930e1d8e07ffff,교육,7
8930e1d8e07ffff,보건의료,1
8930e1d8e07ffff,부동산,1
8930e1d8e07ffff,소매,12
8930e1d8e07ffff,수리·개인,5
8930e1d8e07ffff,숙박,3
8930e1d8e07ffff,시설관리·임대,2
8930e1d8e07ffff,음식,13
8930e1d8e0bffff,과학·기술,16
8930e1d8e0bffff,교육,9
8930e1d8e0bffff,보건의료,3
8930e1d8e0bffff,부동산,7
8930e1d8e0bffff,소매,15
8930e1d8e0bffff,수리·개인,6
8930e1d8e0bffff,숙박,4
8930e1d8e0bffff,시설관리·임대,2
8930e1d8e0bffff,예술·스포츠,2
8930e1d8e0bffff,음식,35
8930e1d8e0fffff,과학·기술,13
8930e1d8e0fffff,교육,8
8930e1d8e0fffff,부동산,6
8930e1d8e0fffff,소매,14
8930e1d8e0fffff,수리·개인,9
8930e1d8e0fffff,숙박,4
8930e1d8e0fffff,시설관리·임대,4
8930e1d8e0fffff,음식,25
8930e1d8e13ffff,과학·기술,11
8930e1d8e13ffff,교육,9
8930e1d8e13ffff,보건의료,2
8930e1d8e13ffff,부동산,5
8930e1d8e13ffff,소매,22
8930e1d8e13ffff,수리·개인,6
8930e1d8e13ffff,숙박,5
8930e1d8e13ffff,시설관리·임대,5
8930e1d8e13ffff,예술·스포츠,3
8930e1d8e13ffff,음식,53
8930e1d8e17ffff,과학·기술,16
8930e1d8e17ffff,교육,5
8930e1d8e17ffff,보건의료,1
8930e1d8e17ffff,부동산,9
8930e1d8e17ffff,소매,12
8930e1d8e17ffff,수리·개인,4
8930e1d8e17ffff,숙박,10
8930e1d8e17ffff,시설관리·임대,1
8930e1d8e17ffff,예술·스포츠,1
8930e1d8e17ffff,음식,28
8930e1d8e1bffff,과학·기술,9
8930e1d8e1bffff,교육,9
8930e1d8e1bffff,부동산,1
8930e1d8e1bffff,소매,13
8930e1d8e1bffff,수리·개인,2
8930e1d8e1bffff,숙박,9
8930e1d8e1bffff,시설관리·임대,2
8930e1d8e1bffff,예술·스포츠,2
8930e1d8e1bffff,음식,11
8930e1d8e27ffff,과학·기술,2
8930e1d8e27ffff,소매,11
8930e1d8e27ffff,예술·스포츠,1
8930e1d8e27ffff,음식,11
8930e1d8e2bffff,과학·기술,12
8930e1d8e2bffff,교육,9
8930e1d8e2bffff,보건의료,3
8930e1d8e2bffff,부동산,2
8930e1d8e2bffff,소매,23
8930e1d8e2bffff,수리·개인,6
8930e1d8e2bffff,시설관리·임대,2
8930e1d8e2bffff,예술·스포츠,2
8930e1d8e2bffff,음식,31
8930e1d8e33ffff,과학·기술,2
8930e1d8e33ffff,교육,2
8930e1d8e33ffff,보건의료,1
8930e1d8e33ffff,부동산,2
8930e1d8e33ffff,소매,4
8930e1d8e33ffff,수리·개인,1
8930e1d8e33ffff,음식,1
8930e1d8e37ffff,음식,1
8930e1d8e3bffff,과학·기술,18
8930e1d8e3bffff,교육,5
8930e1d8e3bffff,부동산,2
8930e1d8e3bffff,소매,16
8930e1d8e3bffff,수리·개인,2
8930e1d8e3bffff,숙박,2
8930e1d8e3bffff,시설관리·임대,2
8930e1d8e3bffff,예술·스포츠,1
8930e1d8e3bffff,음식,2
8930e1d8e43ffff,과학·기술,23
8930e1d8e43ffff,교육,3
8930e1d8e43ffff,보건의료,2
8930e1d8e43ffff,소매,10
8930e1d8e43ffff,수리·개인,9
8930e1d8e43ffff,숙박,7
8930e1d8e43ffff,시설관리·임대,11
8930e1d8e43ffff,예술·스포츠,2
8930e1d8e43ffff,음식,81
8930e1d8e4bffff,과학·기술,4
8930e1d8e4bffff,보건의료,3
8930e1d8e4bffff,부동산,2
8930e1d8e4bffff,소매,4
8930e1d8e4bffff,숙박,2
8930e1d8e4bffff,시설관리·임대,2
8930e1d8e4bffff,예술·스포츠,1
8930e1d8e4bffff,음식,8
8930e1d8e53ffff,과학·기술,39
8930e1d8e53ffff,교육,25
8930e1d8e53ffff,보건의료,20
8930e1d8e53ffff,부동산,8
8930e1d8e53ffff,소매,48
8930e1d8e53ffff,수리·개인,15
8930e1d8e53ffff,숙박,4
8930e1d8e53ffff,시설관리·임대,6
8930e1d8e53ffff,예술·스포츠,18
8930e1d8e53ffff,음식,132
8930e1d8e57ffff,과학·기술,12
8930e1d8e57ffff,교육,2
8930e1d8e57ffff,보건의료,1
8930e1d8e57ffff,부동산,6
8930e1d8e57ffff,소매,14
8930e1d8e57ffff,수리·개인,9
8930e1d8e57ffff,숙박,9
8930e1d8e57ffff,시설관리·임대,7
8930e1d8e57ffff,예술·스포츠,1
8930e1d8e57ffff,음식,25
8930e1d8e5bffff,과학·기술,32
8930e1d8e5bffff,교육,20
8930e1d8e5bffff,보건의료,13
8930e1d8e5bffff,부동산,8
8930e1d8e5bffff,소매,26
8930e1d8e5bffff,수리·개인,12
8930e1d8e5bffff,숙박,5
8930e1d8e5bffff,시설관리·임대,15
8930e1d8e5bffff,예술·스포츠,12
8930e1d8e5bffff,음식,66
8930e1d8e63ffff,과학·기술,3
8930e1d8e63ffff,교육,1
8930e1d8e63ffff,부동산,1
8930e1d8e63ffff,소매,1
8930e1d8e63ffff,숙박,1
8930e1d8e67ffff,과학·기술,42
8930e1d8e67ffff,교육,12
8930e1d8e67ffff,보건의료,3
8930e1d8e67ffff,부동산,9
8930e1d8e67ffff,소매,50
8930e1d8e67ffff,수리·개인,9
8930e1d8e67ffff,숙박,6
8930e1d8e67ffff,시설관리·임대,7
8930e1d8e67ffff,예술·스포츠,3
8930e1d8e67ffff,음식,110
8930e1d8e6fffff,과학·기술,7
8930e1d8e6fffff,교육,2
8930e1d8e6fffff,부동산,1
8930e1d8e6fffff,소매,3
8930e1d8e6fffff,수리·개인,1
8930e1d8e6fffff,숙박,4
8930e1d8e6fffff,음식,7
8930e1d8e73ffff,과학·기술,16
8930e1d8e73ffff,교육,1
8930e1d8e73ffff,부동산,2
8930e1d8e73ffff,소매,6
8930e1d8e73ffff,시설관리·임대,12
8930e1d8e73ffff,예술·스포츠,3
8930e1d8e73ffff,음식,6
8930e1d8e77ffff,과학·기술,12
8930e1d8e77ffff,교육,8
8930e1d8e77ffff,보건의료,2
8930e1d8e77ffff,부동산,5
8930e1d8e77ffff,소매,35
8930e1d8e77ffff,수리·개인,11
8930e1d8e77ffff,숙박,5
8930e1d8e77ffff,시설관리·임대,2
8930e1d8e77ffff,예술·스포츠,1
8930e1d8e77ffff,음식,21
8930e1d8e7bffff,소매,3
8930e1d8e7bffff,음식,1
8930e1d8e83ffff,과학·기술,34
8930e1d8e83ffff,교육,3
8930e1d8e83ffff,보건의료,3
8930e1d8e83ffff,부동산,1
8930e1d8e83ffff,소매,64
8930e1d8e83ffff,수리·개인,3
8930e1d8e83ffff,숙박,1
8930e1d8e83ffff,시설관리·임대,9
8930e1d8e83ffff,예술·스포츠,1
8930e1d8e83ffff,음식,50
8930e1d8e87ffff,과학·기술,12
8930e1d8e87ffff,교육,2
8930e1d8e87ffff,보건의료,1
8930e1d8e87ffff,부동산,3
8930e1d8e87ffff,소매,19
8930e1d8e87ffff,수리·개인,4
8930e1d8e87ffff,숙박,6
8930e1d8e87ffff,시설관리·임대,8
8930e1d8e87ffff,음식,43
8930e1d8e8bffff,과학·기술,7
8930e1d8e8bffff,교육,4
8930e1d8e8bffff,보건의료,1
8930e1d8e8bffff,부동산,1
8930e1d8e8bffff,소매,9
8930e1d8e8bffff,수리·개인,3
8930e1d8e8bffff,숙박,3
8930e1d8e8bffff,시설관리·임대,6
8930e1d8e8bffff,예술·스포츠,9
8930e1d8e8bffff,음식,46
8930e1d8e8fffff,과학·기술,16
8930e1d8e8fffff,교육,4
8930e1d8e8fffff,보건의료,3
8930e1d8e8fffff,부동산,3
8930e1d8e8fffff,소매,19
8930e1d8e8fffff,수리·개인,5
8930e1d8e8fffff,숙박,18
8930e1d8e8fffff,시설관리·임대,5
8930e1d8e8fffff,예술·스포츠,2
8930e1d8e8fffff,음식,66
8930e1d8e93ffff,과학·기술,7
8930e1d8e93ffff,교육,2
8930e1d8e93ffff,보건의료,1
8930e1d8e93ffff,부동산,1
8930e1d8e93ffff,소매,16
8930e1d8e93ffff,수리·개인,3
8930e1d8e93ffff,숙박,1
8930e1d8e93ffff,시설관리·임대,2
8930e1d8e93ffff,예술·스포츠,2
8930e1d8e93ffff,음식,16
8930e1d8e97ffff,과학·기술,29
8930e1d8e97ffff,교육,9
8930e1d8e97ffff,보건의료,21
8930e1d8e97ffff,부동산,5
8930e1d8e97ffff,소매,37
8930e1d8e97ffff,수리·개인,8
8930e1d8e97ffff,숙박,4
8930e1d8e97ffff,시설관리·임대,13
8930e1d8e97ffff,예술·스포츠,7
8930e1d8e97ffff,음식,105
8930e1d8e9bffff,과학·기술,2
8930e1d8e9bffff,교육,1
8930e1d8e9bffff,보건의료,1
8930e1d8e9bffff,부동산,2
8930e1d8e9bffff,소매,56
8930e1d8e9bffff,수리·개인,5
8930e1d8e9bffff,숙박,2
8930e1d8e9bffff,시설관리·임대,3
8930e1d8e9bffff,예술·스포츠,2
8930e1d8e9bffff,음식,25
8930e1d8ea3ffff,과학·기술,4
8930e1d8ea3ffff,교육,2
8930e1d8ea3ffff,부동산,1
8930e1d8ea3ffff,소매,11
8930e1d8ea3ffff,수리·개인,6
8930e1d8ea3ffff,숙박,6
8930e1d8ea3ffff,시설관리·임대,5
8930e1d8ea3ffff,예술·스포츠,1
8930e1d8ea3ffff,음식,19
8930e1d8ea7ffff,과학·기술,13
8930e1d8ea7ffff,교육,1
8930e1d8ea7ffff,소매,44
8930e1d8ea7ffff,수리·개인,6
8930e1d8ea7ffff,숙박,37
8930e1d8ea7ffff,시설관리·임대,19
8930e1d8ea7ffff,음식,13
8930e1d8eabffff,교육,1
8930e1d8eabffff,소매,1
8930e1d8eabffff,음식,1
8930e1d8eb3ffff,과학·기술,14
8930e1d8eb3ffff,교육,3
8930e1d8eb3ffff,보건의료,8
8930e1d8eb3ffff,부동산,5
8930e1d8eb3ffff,소매,332
8930e1d8eb3ffff,수리·개인,10
8930e1d8eb3ffff,숙박,11
8930e1d8eb3ffff,시설관리·임대,21
8930e1d8eb3ffff,예술·스포츠,6
8930e1d8eb3ffff,음식,87
8930e1d8eb7ffff,과학·기술,6
8930e1d8eb7ffff,교육,3
8930e1d8eb7ffff,보건의료,7
8930e1d8eb7ffff,부동산,5
8930e1d8eb7ffff,소매,177
8930e1d8eb7ffff,수리·개인,14
8930e1d8eb7ffff,숙박,12
8930e1d8eb7ffff,시설관리·임대,9
8930e1d8eb7ffff,예술·스포츠,1
8930e1d8eb7ffff,음식,85
8930e1d8ebbffff,과학·기술,7
8930e1d8ebbffff,교육,3
8930e1d8ebbffff,소매,10
8930e1d8ebbffff,수리·개인,2
8930e1d8ebbffff,숙박,2
8930e1d8ebbffff,시설관리·임대,2
8930e1d8ebbffff,음식,10
8930e1d8ec3ffff,과학·기술,10
8930e1d8ec3ffff,교육,7
8930e1d8ec3ffff,보건의료,1
8930e1d8ec3ffff,부동산,16
8930e1d8ec3ffff,소매,33
8930e1d8ec3ffff,수리·개인,12
8930e1d8ec3ffff,숙박,8
8930e1d8ec3ffff,시설관리·임대,8
8930e1d8ec3ffff,예술·스포츠,2
8930e1d8ec3ffff,음식,72
8930e1d8ec7ffff,과학·기술,46
8930e1d8ec7ffff,교육,20
8930e1d8ec7ffff,보건의료,1
8930e1d8ec7ffff,부동산,3
8930e1d8ec7ffff,소매,21
8930e1d8ec7ffff,수리·개인,8
8930e1d8ec7ffff,숙박,6
8930e1d8ec7ffff,시설관리·임대,14
8930e1d8ec7ffff,예술·스포츠,2
8930e1d8ec7ffff,음식,48
8930e1d8ecbffff,과학·기술,19
8930e1d8ecbffff,교육,7
8930e1d8ecbffff,보건의료,1
8930e1d8ecbffff,부동산,2
8930e1d8ecbffff,소매,21
8930e1d8ecbffff,수리·개인,11
8930e1d8ecbffff,숙박,4
8930e1d8ecbffff,시설관리·임대,2
8930e1d8ecbffff,예술·스포츠,1
8930e1d8ecbffff,음식,37
8930e1d8ecfffff,과학·기술,20
8930e1d8ecfffff,교육,10
8930e1d8ecfffff,보건의료,1
8930e1d8ecfffff,소매,10
8930e1d8ecfffff,수리·개인,5
8930e1d8ecfffff,숙박,12
8930e1d8ecfffff,시설관리·임대,9
8930e1d8ecfffff,예술·스포츠,2
8930e1d8ecfffff,음식,8
8930e1d8ed3ffff,과학·기술,11
8930e1d8ed3ffff,교육,1
8930e1d8ed3ffff,부동산,1
8930e1d8ed3ffff,소매,7
8930e1d8ed3ffff,수리·개인,1
8930e1d8ed3ffff,숙박,11
8930e1d8ed3ffff,시설관리·임대,1
8930e1d8ed3ffff,음식,4
8930e1d8ed7ffff,과학·기술,4
8930e1d8ed7ffff,교육,1
8930e1d8ed7ffff,보건의료,1
8930e1d8ed7ffff,소매,4
8930e1d8ed7ffff,수리·개인,5
8930e1d8ed7ffff,숙박,3
8930e1d8ed7ffff,시설관리·임대,4
8930e1d8ed7ffff,음식,4
8930e1d8edbffff,과학·기술,11
8930e1d8edbffff,교육,1
8930e1d8edbffff,소매,6
8930e1d8edbffff,수리·개인,8
8930e1d8edbffff,숙박,2
8930e1d8edbffff,시설관리·임대,2
8930e1d8edbffff,음식,3
8930e1d9003ffff,과학·기술,1
8930e1d9003ffff,교육,7
8930e1d9003ffff,보건의료,1
8930e1d9003ffff,부동산,2
8930e1d9003ffff,소매,8
8930e1d9003ffff,수리·개인,5
8930e1d9003ffff,예술·스포츠,4
8930e1d9003ffff,음식,4
8930e1d9007ffff,과학·기술,9
8930e1d9007ffff,교육,8
8930e1d9007ffff,부동산,2
8930e1d9007ffff,소매,16
8930e1d9007ffff,수리·개인,12
8930e1d9007ffff,숙박,1
8930e1d9007ffff,시설관리·임대,1
8930e1d9007ffff,예술·스포츠,4
8930e1d9007ffff,음식,8
8930e1d900bffff,교육,9
8930e1d900bffff,부동산,2
8930e1d900bffff,소매,3
8930e1d900bffff,수리·개인,2
8930e1d900bffff,음식,2
8930e1d900fffff,과학·기술,5
8930e1d900fffff,교육,19
8930e1d900fffff,보건의료,8
8930e1d900fffff,부동산,2
8930e1d900fffff,소매,32
8930e1d900fffff,수리·개인,11
8930e1d900fffff,숙박,1
8930e1d900fffff,시설관리·임대,4
8930e1d900fffff,예술·스포츠,15
8930e1d900fffff,음식,35
8930e1d9013ffff,과학·기술,2
8930e1d9013ffff,교육,9
8930e1d9013ffff,소매,4
8930e1d9013ffff,수리·개인,5
8930e1d9013ffff,시설관리·임대,1
8930e1d9013ffff,예술·스포츠,1
8930e1d9013ffff,음식,2
8930e1d9017ffff,과학·기술,5
8930e1d9017ffff,교육,5
8930e1d9017ffff,부동산,6
8930e1d9017ffff,소매,11
8930e1d9017ffff,수리·개인,6
8930e1d9017ffff,숙박,1
8930e1d9017ffff,시설관리·임대,4
8930e1d9017ffff,음식,4
8930e1d901bffff,소매,1
8930e1d901bffff,숙박,1
8930e1d901bffff,시설관리·임대,1
8930e1d9023ffff,과학·기술,1
8930e1d9023ffff,소매,2
8930e1d9023ffff,음식,2
8930e1d9027ffff,교육,1
8930e1d9027ffff,소매,2
8930e1d902bffff,교육,3
8930e1d902bffff,소매,6
8930e1d902bffff,예술·스포츠,2
8930e1d9033ffff,교육,6
8930e1d9033ffff,보건의료,1
8930e1d9033ffff,부동산,1
8930e1d9033ffff,소매,4
8930e1d9033ffff,수리·개인,3
8930e1d9033ffff,예술·스포츠,1
8930e1d9033ffff,음식,11
8930e1d9037ffff,과학·기술,4
8930e1d9037ffff,교육,11
8930e1d9037ffff,부동산,1
8930e1d9037ffff,소매,3
8930e1d9037ffff,수리·개인,3
8930e1d9037ffff,시설관리·임대,1
8930e1d9037ffff,음식,6
8930e1d903bffff,과학·기술,6
8930e1d903bffff,교육,24
8930e1d903bffff,보건의료,2
8930e1d903bffff,부동산,8
8930e1d903bffff,소매,22
8930e1d903bffff,수리·개인,12
8930e1d903bffff,시설관리·임대,3
8930e1d903bffff,예술·스포츠,6
8930e1d903bffff,음식,10
8930e1d9043ffff,과학·기술,8
8930e1d9043ffff,교육,10
8930e1d9043ffff,보건의료,4
8930e1d9043ffff,부동산,7
8930e1d9043ffff,소매,19
8930e1d9043ffff,수리·개인,17
8930e1d9043ffff,숙박,3
8930e1d9043ffff,시설관리·임대,5
8930e1d9043ffff,예술·스포츠,4
8930e1d9043ffff,음식,19
8930e1d9047ffff,과학·기술,16
8930e1d9047ffff,교육,37
8930e1d9047ffff,보건의료,3
8930e1d9047ffff,부동산,10
8930e1d9047ffff,소매,18
8930e1d9047ffff,수리·개인,19
8930e1d9047ffff,숙박,3
8930e1d9047ffff,시설관리·임대,1
8930e1d9047ffff,예술·스포츠,2
8930e1d9047ffff,음식,21
8930e1d904bffff,과학·기술,6
8930e1d904bffff,교육,27
8930e1d904bffff,보건의료,7
8930e1d904bffff,부동산,6
8930e1d904bffff,소매,16
8930e1d904bffff,수리·개인,13
8930e1d904bffff,시설관리·임대,1
8930e1d904bffff,예술·스포츠,7
8930e1d904bffff,음식,33
8930e1d904fffff,과학·기술,19
8930e1d904fffff,교육,8
8930e1d904fffff,부동산,6
8930e1d904fffff,소매,15
8930e1d904fffff,수리·개인,12
8930e1d904fffff,숙박,5
8930e1d904fffff,시설관리·임대,3
8930e1d904fffff,예술·스포츠,12
8930e1d904fffff,음식,38
8930e1d9053ffff,과학·기술,1
8930e1d9053ffff,교육,2
8930e1d9053ffff,부동산,2
8930e1d9053ffff,소매,3
8930e1d9053ffff,수리·개인,3
8930e1d9053ffff,음식,6
8930e1d9057ffff,과학·기술,1
8930e1d9057ffff,교육,3
8930e1d9057ffff,보건의료,1
8930e1d9057ffff,수리·개인,4
8930e1d9057ffff,시설관리·임대,1
8930e1d9057ffff,예술·스포츠,1
8930e1d9057ffff,음식,1
8930e1d905bffff,과학·기술,7
8930e1d905bffff,교육,7
8930e1d905bffff,보건의료,1
8930e1d905bffff,부동산,5
8930e1d905bffff,소매,13
8930e1d905bffff,수리·개인,11
8930e1d905bffff,시설관리·임대,2
8930e1d905bffff,예술·스포츠,1
8930e1d905bffff,음식,19
8930e1d9063ffff,과학·기술,13
8930e1d9063ffff,교육,22
8930e1d9063ffff,부동산,2
8930e1d9063ffff,소매,16
8930e1d9063ffff,수리·개인,7
8930e1d9063ffff,숙박,3
8930e1d9063ffff,시설관리·임대,4
8930e1d9063ffff,예술·스포츠,3
8930e1d9063ffff,음식,8
8930e1d9067ffff,과학·기술,8
8930e1d9067ffff,교육,4
8930e1d9067ffff,부동산,1
8930e1d9067ffff,소매,5
8930e1d9067ffff,수리·개인,5
8930e1d9067ffff,숙박,1
8930e1d9067ffff,시설관리·임대,2
8930e1d9067ffff,음식,3
8930e1d906bffff,과학·기술,10
8930e1d906bffff,교육,6
8930e1d906bffff,보건의료,1
8930e1d906bffff,부동산,10
8930e1d906bffff,소매,16
8930e1d906bffff,수리·개인,17
8930e1d906bffff,시설관리·임대,7
8930e1d906bffff,예술·스포츠,6
8930e1d906bffff,음식,34
8930e1d906fffff,과학·기술,13
8930e1d906fffff,교육,31
8930e1d906fffff,보건의료,7
8930e1d906fffff,부동산,13
8930e1d906fffff,소매,20
8930e1d906fffff,수리·개인,35
8930e1d906fffff,숙박,4
8930e1d906fffff,시설관리·임대,8
8930e1d906fffff,예술·스포츠,10
8930e1d906fffff,음식,83
8930e1d9073ffff,과학·기술,11
8930e1d9073ffff,교육,25
8930e1d9073ffff,보건의료,4
8930e1d9073ffff,부동산,4
8930e1d9073ffff,소매,25
8930e1d9073ffff,수리·개인,13
8930e1d9073ffff,숙박,4
8930e1d9073ffff,시설관리·임대,7
8930e1d9073ffff,예술·스포츠,7
8930e1d9073ffff,음식,25
8930e1d9077ffff,과학·기술,7
8930e1d9077ffff,교육,18
8930e1d9077ffff,부동산,5
8930e1d9077ffff,소매,13
8930e1d9077ffff,수리·개인,9
8930e1d9077ffff,숙박,2
8930e1d9077ffff,시설관리·임대,3
8930e1d9077ffff,예술·스포츠,1
8930e1d9077ffff,음식,16
8930e1d907bffff,과학·기술,35
8930e1d907bffff,교육,18
8930e1d907bffff,보건의료,16
8930e1d907bffff,부동산,6
8930e1d907bffff,소매,26
8930e1d907bffff,수리·개인,11
8930e1d907bffff,숙박,1
8930e1d907bffff,시설관리·임대,11
8930e1d907bffff,예술·스포츠,10
8930e1d907bffff,음식,57
8930e1d9083ffff,과학·기술,5
8930e1d9083ffff,교육,4
8930e1d9083ffff,보건의료,1
8930e1d9083ffff,부동산,1
8930e1d9083ffff,소매,10
8930e1d9083ffff,수리·개인,5
8930e1d9083ffff,숙박,2
8930e1d9083ffff,시설관리·임대,4
8930e1d9083ffff,음식,7
8930e1d9087ffff,과학·기술,12
8930e1d9087ffff,교육,11
8930e1d9087ffff,보건의료,4
8930e1d9087ffff,부동산,5
8930e1d9087ffff,소매,21
8930e1d9087ffff,수리·개인,9
8930e1d9087ffff,시설관리·임대,7
8930e1d9087ffff,예술·스포츠,2
8930e1d9087ffff,음식,23
8930e1d908bffff,과학·기술,7
8930e1d908bffff,교육,4
8930e1d908bffff,보건의료,1
8930e1d908bffff,부동산,6
8930e1d908bffff,소매,20
8930e1d908bffff,수리·개인,11
8930e1d908bffff,숙박,1
8930e1d908bffff,시설관리·임대,5
8930e1d908bffff,예술·스포츠,5
8930e1d908bffff,음식,17
8930e1d908fffff,과학·기술,16
8930e1d908fffff,교육,12
8930e1d908fffff,보건의료,19
8930e1d908fffff,부동산,10
8930e1d908fffff,소매,62
8930e1d908fffff,수리·개인,23
8930e1d908fffff,숙박,5
8930e1d908fffff,시설관리·임대,4
8930e1d908fffff,예술·스포츠,12
8930e1d908fffff,음식,71
8930e1d9093ffff,과학·기술,1
8930e1d9093ffff,교육,2
8930e1d9093ffff,보건의료,1
8930e1d9093ffff,부동산,6
8930e1d9093ffff,소매,14
8930e1d9093ffff,수리·개인,8
8930e1d9093ffff,숙박,2
8930e1d9093ffff,시설관리·임대,1
8930e1d9093ffff,예술·스포츠,1
8930e1d9093ffff,음식,17
8930e1d9097ffff,과학·기술,6
8930e1d9097ffff,교육,1
8930e1d9097ffff,소매,11
8930e1d9097ffff,수리·개인,6
8930e1d9097ffff,숙박,1
8930e1d9097ffff,시설관리·임대,1
8930e1d9097ffff,예술·스포츠,1
8930e1d9097ffff,음식,2
8930e1d909bffff,과학·기술,8
8930e1d909bffff,교육,4
8930e1d909bffff,부동산,3
8930e1d909bffff,소매,27
8930e1d909bffff,수리·개인,14
8930e1d909bffff,숙박,6
8930e1d909bffff,시설관리·임대,5
8930e1d909bffff,예술·스포츠,9
8930e1d909bffff,음식,25
8930e1d90a3ffff,과학·기술,9
8930e1d90a3ffff,교육,2
8930e1d90a3ffff,보건의료,1
8930e1d90a3ffff,부동산,6
8930e1d90a3ffff,소매,19
8930e1d90a3ffff,수리·개인,16
8930e1d90a3ffff,숙박,6
8930e1d90a3ffff,시설관리·임대,3
8930e1d90a3ffff,예술·스포츠,7
8930e1d90a3ffff,음식,28
8930e1d90a7ffff,과학·기술,9
8930e1d90a7ffff,부동산,6
8930e1d90a7ffff,소매,1
8930e1d90a7ffff,수리·개인,2
8930e1d90a7ffff,숙박,1
8930e1d90a7ffff,시설관리·임대,6
8930e1d90a7ffff,예술·스포츠,1
8930e1d90a7ffff,음식,7
8930e1d90abffff,과학·기술,17
8930e1d90abffff,교육,2
8930e1d90abffff,보건의료,1
8930e1d90abffff,부동산,3
8930e1d90abffff,소매,13
8930e1d90abffff,수리·개인,10
8930e1d90abffff,숙박,6
8930e1d90abffff,시설관리·임대,3
8930e1d90abffff,예술·스포츠,10
8930e1d90abffff,음식,18
8930e1d90afffff,과학·기술,2
8930e1d90afffff,교육,7
8930e1d90afffff,보건의료,2
8930e1d90afffff,부동산,4
8930e1d90afffff,소매,7
8930e1d90afffff,수리·개인,5
8930e1d90afffff,숙박,3
8930e1d90afffff,시설관리·임대,1
8930e1d90afffff,예술·스포츠,4
8930e1d90afffff,음식,11
8930e1d90b3ffff,과학·기술,7
8930e1d90b3ffff,교육,4
8930e1d90b3ffff,부동산,3
8930e1d90b3ffff,소매,5
8930e1d90b3ffff,수리·개인,1
8930e1d90b3ffff,숙박,5
8930e1d90b3ffff,시설관리·임대,8
8930e1d90b3ffff,예술·스포츠,2
8930e1d90b3ffff,음식,22
8930e1d90b7ffff,교육,3
8930e1d90b7ffff,부동산,1
8930e1d90b7ffff,소매,8
8930e1d90b7ffff,수리·개인,4
8930e1d90b7ffff,숙박,2
8930e1d90b7ffff,시설관리·임대,2
8930e1d90b7ffff,예술·스포츠,1
8930e1d90b7ffff,음식,3
8930e1d90bbffff,과학·기술,12
8930e1d90bbffff,교육,10
8930e1d90bbffff,보건의료,4
8930e1d90bbffff,부동산,7
8930e1d90bbffff,소매,31
8930e1d90bbffff,수리·개인,22
8930e1d90bbffff,숙박,10
8930e1d90bbffff,시설관리·임대,6
8930e1d90bbffff,예술·스포츠,9
8930e1d90bbffff,음식,45
8930e1d90c3ffff,과학·기술,16
8930e1d90c3ffff,교육,15
8930e1d90c3ffff,보건의료,21
8930e1d90c3ffff,부동산,5
8930e1d90c3ffff,소매,40
8930e1d90c3ffff,수리·개인,18
8930e1d90c3ffff,숙박,6
8930e1d90c3ffff,시설관리·임대,5
8930e1d90c3ffff,예술·스포츠,10
8930e1d90c3ffff,음식,58
8930e1d90c7ffff,과학·기술,4
8930e1d90c7ffff,교육,7
8930e1d90c7ffff,부동산,2
8930e1d90c7ffff,소매,8
8930e1d90c7ffff,수리·개인,8
8930e1d90c7ffff,시설관리·임대,2
8930e1d90c7ffff,음식,11
8930e1d90cbffff,과학·기술,2
8930e1d90cbffff,교육,5
8930e1d90cbffff,보건의료,5
8930e1d90cbffff,부동산,9
8930e1d90cbffff,소매,15
8930e1d90cbffff,수리·개인,7
8930e1d90cbffff,예술·스포츠,1
8930e1d90cbffff,음식,27
8930e1d90cfffff,과학·기술,8
8930e1d90cfffff,교육,8
8930e1d90cfffff,부동산,3
8930e1d90cfffff,소매,10
8930e1d90cfffff,수리·개인,10
8930e1d90cfffff,숙박,1
8930e1d90cfffff,시설관리·임대,2
8930e1d90cfffff,예술·스포츠,1
8930e1d90cfffff,음식,9
8930e1d90d3ffff,과학·기술,1
8930e1d90d3ffff,교육,4
8930e1d90d3ffff,부동산,2
8930e1d90d3ffff,소매,12
8930e1d90d3ffff,수리·개인,12
8930e1d90d3ffff,시설관리·임대,4
8930e1d90d3ffff,예술·스포츠,1
8930e1d90d3ffff,음식,11
8930e1d90d7ffff,과학·기술,5
8930e1d90d7ffff,교육,5
8930e1d90d7ffff,보건의료,2
8930e1d90d7ffff,부동산,3
8930e1d90d7ffff,소매,24
8930e1d90d7ffff,수리·개인,14
8930e1d90d7ffff,숙박,1
8930e1d90d7ffff,시설관리·임대,7
8930e1d90d7ffff,음식,19
8930e1d90dbffff,과학·기술,2
8930e1d90dbffff,교육,7
8930e1d90dbffff,보건의료,6
8930e1d90dbffff,부동산,12
8930e1d90dbffff,소매,35
8930e1d90dbffff,수리·개인,7
8930e1d90dbffff,숙박,4
8930e1d90dbffff,시설관리·임대,4
8930e1d90dbffff,예술·스포츠,2
8930e1d90dbffff,음식,30
8930e1d9103ffff,과학·기술,19
8930e1d9103ffff,교육,6
8930e1d9103ffff,보건의료,4
8930e1d9103ffff,부동산,9
8930e1d9103ffff,소매,441
8930e1d9103ffff,수리·개인,6
8930e1d9103ffff,숙박,1
8930e1d9103ffff,시설관리·임대,3
8930e1d9103ffff,예술·스포츠,3
8930e1d9103ffff,음식,74
8930e1d9107ffff,소매,1
8930e1d9107ffff,음식,2
8930e1d910bffff,과학·기술,14
8930e1d910bffff,교육,9
8930e1d910bffff,부동산,4
8930e1d910bffff,소매,18
8930e1d910bffff,수리·개인,7
8930e1d910bffff,숙박,7
8930e1d910bffff,시설관리·임대,5
8930e1d910bffff,예술·스포츠,11
8930e1d910bffff,음식,51
8930e1d910fffff,과학·기술,14
8930e1d910fffff,교육,30
8930e1d910fffff,보건의료,5
8930e1d910fffff,부동산,15
8930e1d910fffff,소매,34
8930e1d910fffff,수리·개인,5
8930e1d910fffff,숙박,23
8930e1d910fffff,시설관리·임대,6
8930e1d910fffff,예술·스포츠,17
8930e1d910fffff,음식,54
8930e1d9117ffff,시설관리·임대,1
8930e1d911bffff,과학·기술,10
8930e1d911bffff,교육,5
8930e1d911bffff,보건의료,4
8930e1d911bffff,부동산,3
8930e1d911bffff,소매,22
8930e1d911bffff,수리·개인,7
8930e1d911bffff,숙박,4
8930e1d911bffff,시설관리·임대,4
8930e1d911bffff,예술·스포츠,6
8930e1d911bffff,음식,37
8930e1d9123ffff,교육,5
8930e1d9123ffff,소매,75
8930e1d9123ffff,수리·개인,1
8930e1d9123ffff,예술·스포츠,2
8930e1d9123ffff,음식,3
8930e1d9127ffff,음식,1
8930e1d912bffff,과학·기술,14
8930e1d912bffff,교육,21
8930e1d912bffff,보건의료,5
8930e1d912bffff,부동산,13
8930e1d912bffff,소매,33
8930e1d912bffff,수리·개인,14
8930e1d912bffff,숙박,57
8930e1d912bffff,시설관리·임대,9
8930e1d912bffff,예술·스포츠,35
8930e1d912bffff,음식,142
8930e1d912fffff,과학·기술,7
8930e1d912fffff,교육,17
8930e1d912fffff,보건의료,1
8930e1d912fffff,부동산,2
8930e1d912fffff,소매,5
8930e1d912fffff,수리·개인,3
8930e1d912fffff,숙박,14
8930e1d912fffff,시설관리·임대,1
8930e1d912fffff,예술·스포츠,8
8930e1d912fffff,음식,6
8930e1d913bffff,과학·기술,6
8930e1d913bffff,교육,16
8930e1d913bffff,보건의료,9
8930e1d913bffff,부동산,10
8930e1d913bffff,소매,33
8930e1d913bffff,수리·개인,4
8930e1d913bffff,숙박,18
8930e1d913bffff,시설관리·임대,9
8930e1d913bffff,예술·스포츠,20
8930e1d913bffff,음식,68
8930e1d9143ffff,과학·기술,1
8930e1d9143ffff,교육,1
8930e1d9143ffff,소매,2
8930e1d9143ffff,시설관리·임대,1
8930e1d9147ffff,과학·기술,3
8930e1d9147ffff,교육,1
8930e1d9147ffff,보건의료,1
8930e1d9147ffff,부동산,2
8930e1d9147ffff,소매,5
8930e1d9147ffff,수리·개인,6
8930e1d9147ffff,시설관리·임대,4
8930e1d9147ffff,음식,3
8930e1d914bffff,과학·기술,30
8930e1d914bffff,교육,6
8930e1d914bffff,부동산,6
8930e1d914bffff,소매,18
8930e1d914bffff,수리·개인,13
8930e1d914bffff,숙박,1
8930e1d914bffff,시설관리·임대,12
8930e1d914bffff,예술·스포츠,1
8930e1d914bffff,음식,6
8930e1d914fffff,과학·기술,4
8930e1d914fffff,교육,3
8930e1d914fffff,보건의료,4
8930e1d914fffff,부동산,6
8930e1d914fffff,소매,12
8930e1d914fffff,수리·개인,10
8930e1d914fffff,예술·스포츠,4
8930e1d914fffff,음식,13
8930e1d9153ffff,과학·기술,4
8930e1d9153ffff,교육,7
8930e1d9153ffff,부동산,1
8930e1d9153ffff,소매,13
8930e1d9153ffff,수리·개인,12
8930e1d9153ffff,숙박,2
8930e1d9153ffff,시설관리·임대,3
8930e1d9153ffff,음식,17
8930e1d9157ffff,과학·기술,9
8930e1d9157ffff,교육,1
8930e1d9157ffff,부동산,3
8930e1d9157ffff,소매,10
8930e1d9157ffff,수리·개인,6
8930e1d9157ffff,시설관리·임대,2
8930e1d9157ffff,음식,3
8930e1d915bffff,과학·기술,4
8930e1d915bffff,교육,3
8930e1d915bffff,부동산,1
8930e1d915bffff,소매,4
8930e1d915bffff,수리·개인,1
8930e1d915bffff,시설관리·임대,1
8930e1d915bffff,음식,5
8930e1d9163ffff,과학·기술,5
8930e1d9163ffff,교육,2
8930e1d9163ffff,소매,3
8930e1d9163ffff,숙박,1
8930e1d9167ffff,과학·기술,8
8930e1d9167ffff,교육,5
8930e1d9167ffff,보건의료,1
8930e1d9167ffff,부동산,6
8930e1d9167ffff,소매,13
8930e1d9167ffff,수리·개인,16
8930e1d9167ffff,숙박,32
8930e1d9167ffff,시설관리·임대,2
8930e1d9167ffff,예술·스포츠,2
8930e1d9167ffff,음식,25
8930e1d916bffff,과학·기술,17
8930e1d916bffff,교육,28
8930e1d916bffff,보건의료,8
8930e1d916bffff,부동산,7
8930e1d916bffff,소매,27
8930e1d916bffff,수리·개인,12
8930e1d916bffff,시설관리·임대,2
8930e1d916bffff,예술·스포츠,8
8930e1d916bffff,음식,43
8930e1d916fffff,과학·기술,6
8930e1d916fffff,교육,19
8930e1d916fffff,부동산,8
8930e1d916fffff,소매,12
8930e1d916fffff,수리·개인,4
8930e1d916fffff,숙박,3
8930e1d916fffff,시설관리·임대,1
8930e1d916fffff,예술·스포츠,4
8930e1d916fffff,음식,6
8930e1d9173ffff,과학·기술,8
8930e1d9173ffff,교육,3
8930e1d9173ffff,보건의료,2
8930e1d9173ffff,부동산,12
8930e1d9173ffff,소매,30
8930e1d9173ffff,수리·개인,15
8930e1d9173ffff,숙박,12
8930e1d9173ffff,시설관리·임대,3
8930e1d9173ffff,예술·스포츠,2
8930e1d9173ffff,음식,27
8930e1d9177ffff,과학·기술,5
8930e1d9177ffff,교육,3
8930e1d9177ffff,보건의료,2
8930e1d9177ffff,부동산,4
8930e1d9177ffff,소매,8
8930e1d9177ffff,수리·개인,5
8930e1d9177ffff,숙박,18
8930e1d9177ffff,시설관리·임대,4
8930e1d9177ffff,예술·스포츠,3
8930e1d9177ffff,음식,25
8930e1d917bffff,과학·기술,8
8930e1d917bffff,교육,8
8930e1d917bffff,보건의료,9
8930e1d917bffff,부동산,5
8930e1d917bffff,소매,25
8930e1d917bffff,수리·개인,9
8930e1d917bffff,숙박,3
8930e1d917bffff,시설관리·임대,6
8930e1d917bffff,예술·스포츠,4
8930e1d917bffff,음식,14
8930e1d9183ffff,과학·기술,6
8930e1d9183ffff,교육,15
8930e1d9183ffff,보건의료,4
8930e1d9183ffff,부동산,4
8930e1d9183ffff,소매,21
8930e1d9183ffff,수리·개인,8
8930e1d9183ffff,시설관리·임대,5
8930e1d9183ffff,예술·스포츠,6
8930e1d9183ffff,음식,16
8930e1d9187ffff,과학·기술,1
8930e1d9187ffff,부동산,4
8930e1d9187ffff,소매,4
8930e1d9187ffff,수리·개인,2
8930e1d9187ffff,음식,11
8930e1d918bffff,과학·기술,23
8930e1d918bffff,교육,21
8930e1d918bffff,부동산,2
8930e1d918bffff,소매,12
8930e1d918bffff,수리·개인,6
8930e1d918bffff,숙박,1
8930e1d918bffff,시설관리·임대,9
8930e1d918bffff,예술·스포츠,3
8930e1d918bffff,음식,22
8930e1d918fffff,과학·기술,1
8930e1d918fffff,보건의료,1
8930e1d918fffff,소매,2
8930e1d918fffff,수리·개인,1
8930e1d918fffff,음식,5
8930e1d9193ffff,과학·기술,72
8930e1d9193ffff,교육,15
8930e1d9193ffff,보건의료,11
8930e1d9193ffff,부동산,12
8930e1d9193ffff,소매,24
8930e1d9193ffff,수리·개인,21
8930e1d9193ffff,숙박,1
8930e1d9193ffff,시설관리·임대,8
8930e1d9193ffff,예술·스포츠,5
8930e1d9193ffff,음식,70
8930e1d9197ffff,과학·기술,3
8930e1d9197ffff,교육,5
8930e1d9197ffff,부동산,4
8930e1d9197ffff,소매,16
8930e1d9197ffff,수리·개인,3
8930e1d9197ffff,시설관리·임대,1
8930e1d9197ffff,예술·스포츠,2
8930e1d9197ffff,음식,18
8930e1d919bffff,과학·기술,340
8930e1d919bffff,교육,115
8930e1d919bffff,보건의료,41
8930e1d919bffff,부동산,35
8930e1d919bffff,소매,82
8930e1d919bffff,수리·개인,72
8930e1d919bffff,숙박,2
8930e1d919bffff,시설관리·임대,63
8930e1d919bffff,예술·스포츠,29
8930e1d919bffff,음식,343
8930e1d91abffff,부동산,1
8930e1d91abffff,소매,2
8930e1d91abffff,예술·스포츠,1
8930e1d91abffff,음식,10
8930e1d91b3ffff,소매,1
8930e1d91b3ffff,음식,1
8930e1d91b7ffff,소매,1
8930e1d91b7ffff,예술·스포츠,1
8930e1d91b7ffff,음식,1
8930e1d91bbffff,과학·기술,13
8930e1d91bbffff,교육,1
8930e1d91bbffff,부동산,8
8930e1d91bbffff,소매,15
8930e1d91bbffff,수리·개인,7
8930e1d91bbffff,숙박,2
8930e1d91bbffff,시설관리·임대,4
8930e1d91bbffff,예술·스포츠,4
8930e1d91bbffff,음식,67
8930e1d91c3ffff,과학·기술,1
8930e1d91c3ffff,교육,2
8930e1d91c3ffff,부동산,6
8930e1d91c3ffff,소매,6
8930e1d91c3ffff,수리·개인,3
8930e1d91c3ffff,음식,3
8930e1d91cbffff,과학·기술,2
8930e1d91cbffff,보건의료,1
8930e1d91cbffff,부동산,1
8930e1d91cbffff,소매,3
8930e1d91cfffff,과학·기술,4
8930e1d91cfffff,교육,8
8930e1d91cfffff,보건의료,5
8930e1d91cfffff,부동산,3
8930e1d91cfffff,소매,12
8930e1d91cfffff,수리·개인,7
8930e1d91cfffff,숙박,5
8930e1d91cfffff,시설관리·임대,3
8930e1d91cfffff,예술·스포츠,6
8930e1d91cfffff,음식,16
8930e1d91d7ffff,교육,2
8930e1d91d7ffff,소매,3
8930e1d91d7ffff,수리·개인,1
8930e1d91d7ffff,음식,2
8930e1d91dbffff,과학·기술,11
8930e1d91dbffff,교육,18
8930e1d91dbffff,보건의료,2
8930e1d91dbffff,부동산,3
8930e1d91dbffff,소매,18
8930e1d91dbffff,수리·개인,3
8930e1d91dbffff,숙박,4
8930e1d91dbffff,시설관리·임대,5
8930e1d91dbffff,예술·스포츠,9
8930e1d91dbffff,음식,24
8930e1d9203ffff,과학·기술,7
8930e1d9203ffff,교육,4
8930e1d9203ffff,보건의료,1
8930e1d9203ffff,부동산,8
8930e1d9203ffff,소매,48
8930e1d9203ffff,수리·개인,21
8930e1d9203ffff,숙박,1
8930e1d9203ffff,시설관리·임대,4
8930e1d9203ffff,예술·스포츠,2
8930e1d9203ffff,음식,24
8930e1d9207ffff,과학·기술,12
8930e1d9207ffff,교육,5
8930e1d9207ffff,부동산,3
8930e1d9207ffff,소매,12
8930e1d9207ffff,수리·개인,9
8930e1d9207ffff,숙박,4
8930e1d9207ffff,시설관리·임대,2
8930e1d9207ffff,음식,2
8930e1d920bffff,과학·기술,7
8930e1d920bffff,교육,10
8930e1d920bffff,보건의료,7
8930e1d920bffff,부동산,9
8930e1d920bffff,소매,51
8930e1d920bffff,수리·개인,24
8930e1d920bffff,숙박,1
8930e1d920bffff,시설관리·임대,1
8930e1d920bffff,예술·스포츠,5
8930e1d920bffff,음식,39
8930e1d920fffff,과학·기술,11
8930e1d920fffff,교육,7
8930e1d920fffff,보건의료,4
8930e1d920fffff,부동산,6
8930e1d920fffff,소매,13
8930e1d920fffff,수리·개인,22
8930e1d920fffff,숙박,4
8930e1d920fffff,시설관리·임대,2
8930e1d920fffff,예술·스포츠,1
8930e1d920fffff,음식,17
8930e1d9213ffff,과학·기술,7
8930e1d9213ffff,교육,5
8930e1d9213ffff,부동산,2
8930e1d9213ffff,소매,8
8930e1d9213ffff,수리·개인,9
8930e1d9213ffff,숙박,1
8930e1d9213ffff,시설관리·임대,4
8930e1d9213ffff,예술·스포츠,2
8930e1d9213ffff,음식,11
8930e1d9217ffff,과학·기술,4
8930e1d9217ffff,부동산,3
8930e1d9217ffff,소매,5
8930e1d9217ffff,수리·개인,3
8930e1d9217ffff,숙박,2
8930e1d9217ffff,시설관리·임대,3
8930e1d9217ffff,음식,1
8930e1d921bffff,과학·기술,24
8930e1d921bffff,교육,9
8930e1d921bffff,보건의료,8
8930e1d921bffff,부동산,9
8930e1d921bffff,소매,35
8930e1d921bffff,수리·개인,53
8930e1d921bffff,숙박,4
8930e1d921bffff,시설관리·임대,5
8930e1d921bffff,예술·스포츠,17
8930e1d921bffff,음식,60
8930e1d9223ffff,과학·기술,19
8930e1d9223ffff,교육,8
8930e1d9223ffff,부동산,4
8930e1d9223ffff,소매,21
8930e1d9223ffff,수리·개인,17
8930e1d9223ffff,숙박,8
8930e1d9223ffff,시설관리·임대,1
8930e1d9223ffff,예술·스포츠,5
8930e1d9223ffff,음식,70
8930e1d9227ffff,과학·기술,18
8930e1d9227ffff,교육,11
8930e1d9227ffff,보건의료,4
8930e1d9227ffff,부동산,14
8930e1d9227ffff,소매,43
8930e1d9227ffff,수리·개인,21
8930e1d9227ffff,숙박,2
8930e1d9227ffff,시설관리·임대,1
8930e1d9227ffff,예술·스포츠,24
8930e1d9227ffff,음식,87
8930e1d922bffff,과학·기술,21
8930e1d922bffff,교육,4
8930e1d922bffff,보건의료,3
8930e1d922bffff,부동산,13
8930e1d922bffff,소매,21
8930e1d922bffff,수리·개인,25
8930e1d922bffff,숙박,5
8930e1d922bffff,시설관리·임대,5
8930e1d922bffff,예술·스포츠,7
8930e1d922bffff,음식,40
8930e1d922fffff,과학·기술,9
8930e1d922fffff,교육,13
8930e1d922fffff,보건의료,8
8930e1d922fffff,부동산,13
8930e1d922fffff,소매,40
8930e1d922fffff,수리·개인,39
8930e1d922fffff,숙박,38
8930e1d922fffff,시설관리·임대,4
8930e1d922fffff,예술·스포츠,39
8930e1d922fffff,음식,168
8930e1d9233ffff,과학·기술,9
8930e1d9233ffff,교육,1
8930e1d9233ffff,부동산,3
8930e1d9233ffff,소매,3
8930e1d9233ffff,수리·개인,11
8930e1d9233ffff,숙박,5
8930e1d9233ffff,시설관리·임대,1
8930e1d9233ffff,예술·스포츠,1
8930e1d9233ffff,음식,6
8930e1d9237ffff,과학·기술,19
8930e1d9237ffff,교육,21
8930e1d9237ffff,보건의료,11
8930e1d9237ffff,부동산,3
8930e1d9237ffff,소매,149
8930e1d9237ffff,수리·개인,22
8930e1d9237ffff,시설관리·임대,7
8930e1d9237ffff,예술·스포츠,11
8930e1d9237ffff,음식,127
8930e1d923bffff,과학·기술,10
8930e1d923bffff,교육,4
8930e1d923bffff,부동산,3
8930e1d923bffff,소매,11
8930e1d923bffff,수리·개인,13
8930e1d923bffff,숙박,2
8930e1d923bffff,시설관리·임대,3
8930e1d923bffff,예술·스포츠,1
8930e1d923bffff,음식,11
8930e1d9243ffff,과학·기술,21
8930e1d9243ffff,교육,10
8930e1d9243ffff,보건의료,12
8930e1d9243ffff,부동산,4
8930e1d9243ffff,소매,42
8930e1d9243ffff,수리·개인,12
8930e1d9243ffff,숙박,3
8930e1d9243ffff,시설관리·임대,5
8930e1d9243ffff,예술·스포츠,6
8930e1d9243ffff,음식,20
8930e1d9247ffff,과학·기술,6
8930e1d9247ffff,교육,6
8930e1d9247ffff,부동산,2
8930e1d9247ffff,소매,11
8930e1d9247ffff,수리·개인,1
8930e1d9247ffff,시설관리·임대,6
8930e1d9247ffff,예술·스포츠,4
8930e1d9247ffff,음식,13
8930e1d924bffff,과학·기술,10
8930e1d924bffff,교육,15
8930e1d924bffff,보건의료,4
8930e1d924bffff,부동산,3
8930e1d924bffff,소매,32
8930e1d924bffff,수리·개인,23
8930e1d924bffff,시설관리·임대,1
8930e1d924bffff,예술·스포츠,6
8930e1d924bffff,음식,25
8930e1d924fffff,과학·기술,3
8930e1d924fffff,교육,8
8930e1d924fffff,보건의료,1
8930e1d924fffff,부동산,1
8930e1d924fffff,소매,11
8930e1d924fffff,수리·개인,10
8930e1d924fffff,시설관리·임대,2
8930e1d924fffff,예술·스포츠,3
8930e1d924fffff,음식,5
8930e1d9253ffff,과학·기술,17
8930e1d9253ffff,교육,5
8930e1d9253ffff,보건의료,4
8930e1d9253ffff,부동산,11
8930e1d9253ffff,소매,60
8930e1d9253ffff,수리·개인,15
8930e1d9253ffff,숙박,4
8930e1d9253ffff,시설관리·임대,6
8930e1d9253ffff,예술·스포츠,4
8930e1d9253ffff,음식,53
8930e1d9257ffff,과학·기술,15
8930e1d9257ffff,교육,3
8930e1d9257ffff,보건의료,9
8930e1d9257ffff,부동산,10
8930e1d9257ffff,소매,22
8930e1d9257ffff,수리·개인,20
8930e1d9257ffff,숙박,1
8930e1d9257ffff,시설관리·임대,5
8930e1d9257ffff,예술·스포츠,37
8930e1d9257ffff,음식,90
8930e1d925bffff,과학·기술,2
8930e1d925bffff,교육,1
8930e1d925bffff,부동산,3
8930e1d925bffff,소매,10
8930e1d925bffff,수리·개인,6
8930e1d925bffff,시설관리·임대,5
8930e1d925bffff,예술·스포츠,3
8930e1d925bffff,음식,9
8930e1d9263ffff,과학·기술,5
8930e1d9263ffff,소매,2
8930e1d9263ffff,숙박,2
8930e1d9263ffff,시설관리·임대,2
8930e1d9267ffff,과학·기술,13
8930e1d9267ffff,교육,8
8930e1d9267ffff,보건의료,2
8930e1d9267ffff,부동산,3
8930e1d9267ffff,소매,18
8930e1d9267ffff,수리·개인,16
8930e1d9267ffff,숙박,1
8930e1d9267ffff,시설관리·임대,5
8930e1d9267ffff,예술·스포츠,3
8930e1d9267ffff,음식,18
8930e1d926bffff,과학·기술,3
8930e1d926bffff,예술·스포츠,1
8930e1d926fffff,과학·기술,12
8930e1d926fffff,소매,4
8930e1d926fffff,수리·개인,1
8930e1d926fffff,숙박,2
8930e1d926fffff,시설관리·임대,1
8930e1d926fffff,예술·스포츠,1
8930e1d926fffff,음식,1
8930e1d9273ffff,과학·기술,12
8930e1d9273ffff,교육,12
8930e1d9273ffff,보건의료,1
8930e1d9273ffff,부동산,6
8930e1d9273ffff,소매,22
8930e1d9273ffff,수리·개인,12
8930e1d9273ffff,숙박,1
8930e1d9273ffff,시설관리·임대,10
8930e1d9273ffff,예술·스포츠,3
8930e1d9273ffff,음식,13
8930e1d9277ffff,과학·기술,6
8930e1d9277ffff,교육,16
8930e1d9277ffff,보건의료,1
8930e1d9277ffff,부동산,5
8930e1d9277ffff,소매,23
8930e1d9277ffff,수리·개인,17
8930e1d9277ffff,숙박,1
8930e1d9277ffff,시설관리·임대,5
8930e1d9277ffff,예술·스포츠,2
8930e1d9277ffff,음식,38
8930e1d9283ffff,소매,1
8930e1d9287ffff,과학·기술,1
8930e1d9287ffff,교육,16
8930e1d9287ffff,부동산,4
8930e1d9287ffff,소매,2
8930e1d9287ffff,수리·개인,1
8930e1d9287ffff,음식,1
8930e1d928bffff,과학·기술,3
8930e1d928bffff,교육,2
8930e1d928bffff,부동산,2
8930e1d928bffff,소매,7
8930e1d928bffff,수리·개인,3
8930e1d928bffff,예술·스포츠,2
8930e1d928bffff,음식,7
8930e1d928fffff,소매,1
8930e1d9293ffff,과학·기술,6
8930e1d9293ffff,교육,33
8930e1d9293ffff,보건의료,2
8930e1d9293ffff,부동산,5
8930e1d9293ffff,소매,16
8930e1d9293ffff,수리·개인,9
8930e1d9293ffff,시설관리·임대,1
8930e1d9293ffff,예술·스포츠,2
8930e1d9293ffff,음식,15
8930e1d9297ffff,과학·기술,3
8930e1d9297ffff,교육,21
8930e1d9297ffff,보건의료,4
8930e1d9297ffff,부동산,4
8930e1d9297ffff,소매,15
8930e1d9297ffff,수리·개인,7
8930e1d9297ffff,예술·스포츠,4
8930e1d9297ffff,음식,12
8930e1d929bffff,과학·기술,4
8930e1d929bffff,교육,6
8930e1d929bffff,보건의료,4
8930e1d929bffff,소매,7
8930e1d929bffff,수리·개인,5
8930e1d929bffff,숙박,1
8930e1d929bffff,예술·스포츠,1
8930e1d929bffff,음식,12
8930e1d92a3ffff,교육,2
8930e1d92a7ffff,과학·기술,4
8930e1d92a7ffff,소매,2
8930e1d92a7ffff,수리·개인,1
8930e1d92a7ffff,음식,1
8930e1d92abffff,과학·기술,1
8930e1d92abffff,소매,1
8930e1d92abffff,수리·개인,1
8930e1d92afffff,과학·기술,15
8930e1d92afffff,교육,10
8930e1d92afffff,보건의료,4
8930e1d92afffff,부동산,4
8930e1d92afffff,소매,20
8930e1d92afffff,수리·개인,18
8930e1d92afffff,시설관리·임대,12
8930e1d92afffff,예술·스포츠,10
8930e1d92afffff,음식,83
8930e1d92b3ffff,과학·기술,1
8930e1d92b3ffff,소매,7
8930e1d92b3ffff,시설관리·임대,1
8930e1d92b3ffff,예술·스포츠,1
8930e1d92b3ffff,음식,2
8930e1d92b7ffff,과학·기술,7
8930e1d92b7ffff,교육,3
8930e1d92b7ffff,보건의료,2
8930e1d92b7ffff,부동산,1
8930e1d92b7ffff,소매,9
8930e1d92b7ffff,수리·개인,6
8930e1d92b7ffff,숙박,1
8930e1d92b7ffff,시설관리·임대,5
8930e1d92b7ffff,예술·스포츠,3
8930e1d92b7ffff,음식,20
8930e1d92c3ffff,과학·기술,15
8930e1d92c3ffff,교육,8
8930e1d92c3ffff,보건의료,1
8930e1d92c3ffff,부동산,7
8930e1d92c3ffff,소매,17
8930e1d92c3ffff,수리·개인,10
8930e1d92c3ffff,숙박,2
8930e1d92c3ffff,시설관리·임대,6
8930e1d92c3ffff,예술·스포츠,6
8930e1d92c3ffff,음식,17
8930e1d92c7ffff,과학·기술,5
8930e1d92c7ffff,교육,9
8930e1d92c7ffff,보건의료,10
8930e1d92c7ffff,부동산,9
8930e1d92c7ffff,소매,32
8930e1d92c7ffff,수리·개인,17
8930e1d92c7ffff,시설관리·임대,6
8930e1d92c7ffff,예술·스포츠,7
8930e1d92c7ffff,음식,43
8930e1d92cbffff,과학·기술,7
8930e1d92cbffff,교육,13
8930e1d92cbffff,부동산,6
8930e1d92cbffff,소매,15
8930e1d92cbffff,수리·개인,21
8930e1d92cbffff,숙박,1
8930e1d92cbffff,시설관리·임대,6
8930e1d92cbffff,예술·스포츠,5
8930e1d92cbffff,음식,16
8930e1d92cfffff,과학·기술,5
8930e1d92cfffff,교육,5
8930e1d92cfffff,부동산,6
8930e1d92cfffff,소매,20
8930e1d92cfffff,수리·개인,24
8930e1d92cfffff,숙박,4
8930e1d92cfffff,시설관리·임대,4
8930e1d92cfffff,예술·스포츠,2
8930e1d92cfffff,음식,20
8930e1d92d3ffff,과학·기술,7
8930e1d92d3ffff,교육,3
8930e1d92d3ffff,보건의료,8
8930e1d92d3ffff,부동산,1
8930e1d92d3ffff,소매,24
8930e1d92d3ffff,수리·개인,17
8930e1d92d3ffff,숙박,6
8930e1d92d3ffff,시설관리·임대,2
8930e1d92d3ffff,예술·스포츠,2
8930e1d92d3ffff,음식,38
8930e1d92d7ffff,과학·기술,4
8930e1d92d7ffff,교육,4
8930e1d92d7ffff,부동산,5
8930e1d92d7ffff,소매,35
8930e1d92d7ffff,수리·개인,17
8930e1d92d7ffff,숙박,1
8930e1d92d7ffff,시설관리·임대,4
8930e1d92d7ffff,예술·스포츠,2
8930e1d92d7ffff,음식,22
8930e1d92dbffff,과학·기술,2
8930e1d92dbffff,교육,2
8930e1d92dbffff,소매,3
8930e1d92dbffff,수리·개인,10
8930e1d92dbffff,시설관리·임대,2
8930e1d92dbffff,음식,1
8930e1d9303ffff,과학·기술,8
8930e1d9303ffff,교육,4
8930e1d9303ffff,부동산,1
8930e1d9303ffff,소매,6
8930e1d9303ffff,수리·개인,3
8930e1d9303ffff,숙박,1
8930e1d9303ffff,시설관리·임대,2
8930e1d9303ffff,음식,3
8930e1d9307ffff,과학·기술,4
8930e1d9307ffff,교육,1
8930e1d9307ffff,소매,2
8930e1d9307ffff,수리·개인,3
8930e1d9307ffff,음식,1
8930e1d9313ffff,과학·기술,10
8930e1d9313ffff,교육,4
8930e1d9313ffff,보건의료,1
8930e1d9313ffff,부동산,2
8930e1d9313ffff,소매,4
8930e1d9313ffff,수리·개인,4
8930e1d9313ffff,시설관리·임대,1
8930e1d9313ffff,음식,4
8930e1d9317ffff,과학·기술,5
8930e1d9317ffff,교육,3
8930e1d9317ffff,부동산,3
8930e1d9317ffff,소매,4
8930e1d9317ffff,수리·개인,3
8930e1d9317ffff,시설관리·임대,2
8930e1d9317ffff,예술·스포츠,1
8930e1d9317ffff,음식,2
8930e1d931bffff,과학·기술,1
8930e1d931bffff,교육,3
8930e1d931bffff,부동산,3
8930e1d931bffff,소매,1
8930e1d931bffff,수리·개인,1
8930e1d9323ffff,과학·기술,5
8930e1d9323ffff,교육,2
8930e1d9323ffff,부동산,1
8930e1d9323ffff,소매,6
8930e1d9323ffff,수리·개인,1
8930e1d9323ffff,시설관리·임대,3
8930e1d9323ffff,음식,5
8930e1d9327ffff,과학·기술,5
8930e1d9327ffff,소매,1
8930e1d9327ffff,시설관리·임대,2
8930e1d932bffff,음식,1
8930e1d932fffff,교육,1
8930e1d932fffff,부동산,1
8930e1d932fffff,소매,1
8930e1d932fffff,수리·개인,1
8930e1d932fffff,예술·스포츠,1
8930e1d9333ffff,과학·기술,5
8930e1d9333ffff,교육,1
8930e1d9333ffff,부동산,2
8930e1d9333ffff,소매,5
8930e1d9333ffff,수리·개인,1
8930e1d9333ffff,시설관리·임대,1
8930e1d9333ffff,음식,2
8930e1d9337ffff,과학·기술,5
8930e1d9337ffff,교육,15
8930e1d9337ffff,보건의료,9
8930e1d9337ffff,부동산,9
8930e1d9337ffff,소매,41
8930e1d9337ffff,수리·개인,25
8930e1d9337ffff,숙박,1
8930e1d9337ffff,시설관리·임대,5
8930e1d9337ffff,예술·스포츠,7
8930e1d9337ffff,음식,39
8930e1d933bffff,부동산,1
8930e1d933bffff,소매,1
8930e1d9343ffff,과학·기술,22
8930e1d9343ffff,교육,3
8930e1d9343ffff,보건의료,1
8930e1d9343ffff,부동산,1
8930e1d9343ffff,소매,16
8930e1d9343ffff,수리·개인,8
8930e1d9343ffff,숙박,9
8930e1d9343ffff,시설관리·임대,7
8930e1d9343ffff,예술·스포츠,1
8930e1d9343ffff,음식,20
8930e1d9347ffff,과학·기술,8
8930e1d9347ffff,교육,4
8930e1d9347ffff,소매,1
8930e1d9347ffff,수리·개인,2
8930e1d9347ffff,숙박,1
8930e1d9347ffff,시설관리·임대,1
8930e1d9347ffff,음식,2
8930e1d934bffff,과학·기술,17
8930e1d934bffff,교육,15
8930e1d934bffff,보건의료,7
8930e1d934bffff,부동산,26
8930e1d934bffff,소매,26
8930e1d934bffff,수리·개인,21
8930e1d934bffff,숙박,12
8930e1d934bffff,시설관리·임대,7
8930e1d934bffff,예술·스포츠,12
8930e1d934bffff,음식,40
8930e1d934fffff,과학·기술,14
8930e1d934fffff,교육,3
8930e1d934fffff,보건의료,1
8930e1d934fffff,부동산,6
8930e1d934fffff,소매,21
8930e1d934fffff,수리·개인,19
8930e1d934fffff,숙박,3
8930e1d934fffff,시설관리·임대,5
8930e1d934fffff,예술·스포츠,6
8930e1d934fffff,음식,45
8930e1d9353ffff,과학·기술,8
8930e1d9353ffff,교육,4
8930e1d9353ffff,보건의료,1
8930e1d9353ffff,부동산,5
8930e1d9353ffff,소매,17
8930e1d9353ffff,수리·개인,14
8930e1d9353ffff,시설관리·임대,1
8930e1d9353ffff,음식,22
8930e1d9357ffff,과학·기술,4
8930e1d9357ffff,교육,1
8930e1d9357ffff,소매,4
8930e1d9357ffff,숙박,1
8930e1d9357ffff,시설관리·임대,1
8930e1d935bffff,과학·기술,25
8930e1d935bffff,교육,7
8930e1d935bffff,보건의료,14
8930e1d935bffff,부동산,13
8930e1d935bffff,소매,37
8930e1d935bffff,수리·개인,45
8930e1d935bffff,숙박,14
8930e1d935bffff,시설관리·임대,8
8930e1d935bffff,예술·스포츠,13
8930e1d935bffff,음식,129
8930e1d9363ffff,과학·기술,4
8930e1d9363ffff,교육,3
8930e1d9363ffff,부동산,2
8930e1d9363ffff,소매,13
8930e1d9363ffff,수리·개인,6
8930e1d9363ffff,숙박,2
8930e1d9363ffff,시설관리·임대,2
8930e1d9363ffff,음식,3
8930e1d9367ffff,과학·기술,3
8930e1d9367ffff,교육,4
8930e1d9367ffff,시설관리·임대,2
8930e1d936bffff,과학·기술,6
8930e1d936bffff,교육,15
8930e1d936bffff,보건의료,5
8930e1d936bffff,부동산,5
8930e1d936bffff,소매,31
8930e1d936bffff,수리·개인,16
8930e1d936bffff,숙박,5
8930e1d936bffff,시설관리·임대,5
8930e1d936bffff,예술·스포츠,5
8930e1d936bffff,음식,33
8930e1d936fffff,과학·기술,3
8930e1d936fffff,교육,21
8930e1d936fffff,부동산,3
8930e1d936fffff,소매,18
8930e1d936fffff,수리·개인,12
8930e1d936fffff,시설관리·임대,2
8930e1d936fffff,예술·스포츠,1
8930e1d936fffff,음식,15
8930e1d9373ffff,과학·기술,1
8930e1d9373ffff,소매,1
8930e1d9373ffff,시설관리·임대,1
8930e1d9377ffff,소매,5
8930e1d9377ffff,수리·개인,3
8930e1d9377ffff,시설관리·임대,1
8930e1d9377ffff,음식,5
8930e1d937bffff,과학·기술,18
8930e1d937bffff,교육,15
8930e1d937bffff,보건의료,7
8930e1d937bffff,부동산,5
8930e1d937bffff,소매,51
8930e1d937bffff,수리·개인,29
8930e1d937bffff,시설관리·임대,4
8930e1d937bffff,예술·스포츠,16
8930e1d937bffff,음식,50
8930e1d9383ffff,과학·기술,7
8930e1d9383ffff,교육,8
8930e1d9383ffff,보건의료,30
8930e1d9383ffff,부동산,8
8930e1d9383ffff,소매,77
8930e1d9383ffff,수리·개인,30
8930e1d9383ffff,숙박,3
8930e1d9383ffff,시설관리·임대,2
8930e1d9383ffff,예술·스포츠,13
8930e1d9383ffff,음식,50
8930e1d9387ffff,과학·기술,14
8930e1d9387ffff,교육,14
8930e1d9387ffff,보건의료,2
8930e1d9387ffff,부동산,4
8930e1d9387ffff,소매,31
8930e1d9387ffff,수리·개인,31
8930e1d9387ffff,숙박,8
8930e1d9387ffff,시설관리·임대,6
8930e1d9387ffff,예술·스포츠,7
8930e1d9387ffff,음식,51
8930e1d938bffff,과학·기술,7
8930e1d938bffff,교육,12
8930e1d938bffff,보건의료,6
8930e1d938bffff,부동산,6
8930e1d938bffff,소매,34
8930e1d938bffff,수리·개인,25
8930e1d938bffff,시설관리·임대,2
8930e1d938bffff,예술·스포츠,9
8930e1d938bffff,음식,31
8930e1d938fffff,과학·기술,9
8930e1d938fffff,교육,7
8930e1d938fffff,보건의료,7
8930e1d938fffff,부동산,3
8930e1d938fffff,소매,25
8930e1d938fffff,수리·개인,14
8930e1d938fffff,시설관리·임대,1
8930e1d938fffff,예술·스포츠,8
8930e1d938fffff,음식,25
8930e1d9393ffff,과학·기술,3
8930e1d9393ffff,시설관리·임대,1
8930e1d9397ffff,과학·기술,2
8930e1d9397ffff,소매,1
8930e1d9397ffff,시설관리·임대,2
8930e1d939bffff,과학·기술,16
8930e1d939bffff,교육,27
8930e1d939bffff,보건의료,40
8930e1d939bffff,부동산,13
8930e1d939bffff,소매,56
8930e1d939bffff,수리·개인,26
8930e1d939bffff,숙박,2
8930e1d939bffff,시설관리·임대,3
8930e1d939bffff,예술·스포츠,28
8930e1d939bffff,음식,90
8930e1d93a3ffff,과학·기술,1
8930e1d93a3ffff,교육,5
8930e1d93a3ffff,부동산,3
8930e1d93a3ffff,소매,7
8930e1d93a3ffff,수리·개인,6
8930e1d93a3ffff,시설관리·임대,7
8930e1d93a3ffff,음식,9
8930e1d93a7ffff,과학·기술,2
8930e1d93a7ffff,교육,4
8930e1d93a7ffff,부동산,1
8930e1d93a7ffff,소매,1
8930e1d93a7ffff,수리·개인,1
8930e1d93a7ffff,시설관리·임대,1
8930e1d93a7ffff,예술·스포츠,1
8930e1d93a7ffff,음식,4
8930e1d93abffff,과학·기술,3
8930e1d93abffff,교육,2
8930e1d93abffff,부동산,2
8930e1d93abffff,소매,7
8930e1d93abffff,수리·개인,6
8930e1d93abffff,시설관리·임대,3
8930e1d93abffff,예술·스포츠,2
8930e1d93abffff,음식,5
8930e1d93afffff,과학·기술,9
8930e1d93afffff,교육,27
8930e1d93afffff,보건의료,4
8930e1d93afffff,부동산,5
8930e1d93afffff,소매,15
8930e1d93afffff,수리·개인,12
8930e1d93afffff,시설관리·임대,3
8930e1d93afffff,예술·스포츠,2
8930e1d93afffff,음식,16
8930e1d93b3ffff,과학·기술,7
8930e1d93b3ffff,교육,5
8930e1d93b3ffff,보건의료,5
8930e1d93b3ffff,부동산,5
8930e1d93b3ffff,소매,35
8930e1d93b3ffff,수리·개인,11
8930e1d93b3ffff,숙박,3
8930e1d93b3ffff,시설관리·임대,3
8930e1d93b3ffff,예술·스포츠,7
8930e1d93b3ffff,음식,37
8930e1d93b7ffff,과학·기술,10
8930e1d93b7ffff,교육,6
8930e1d93b7ffff,보건의료,23
8930e1d93b7ffff,부동산,8
8930e1d93b7ffff,소매,40
8930e1d93b7ffff,수리·개인,16
8930e1d93b7ffff,시설관리·임대,5
8930e1d93b7ffff,예술·스포츠,10
8930e1d93b7ffff,음식,58
8930e1d93bbffff,과학·기술,6
8930e1d93bbffff,교육,11
8930e1d93bbffff,보건의료,2
8930e1d93bbffff,부동산,1
8930e1d93bbffff,소매,15
8930e1d93bbffff,수리·개인,11
8930e1d93bbffff,숙박,1
8930e1d93bbffff,시설관리·임대,5
8930e1d93bbffff,음식,19
8930e1d93c3ffff,과학·기술,8
8930e1d93c3ffff,교육,7
8930e1d93c3ffff,부동산,4
8930e1d93c3ffff,소매,10
8930e1d93c3ffff,수리·개인,10
8930e1d93c3ffff,시설관리·임대,1
8930e1d93c3ffff,예술·스포츠,2
8930e1d93c3ffff,음식,2
8930e1d93c7ffff,과학·기술,10
8930e1d93c7ffff,교육,1
8930e1d93c7ffff,부동산,3
8930e1d93c7ffff,소매,8
8930e1d93c7ffff,수리·개인,9
8930e1d93c7ffff,시설관리·임대,3
8930e1d93c7ffff,예술·스포츠,2
8930e1d93c7ffff,음식,9
8930e1d93cbffff,과학·기술,12
8930e1d93cbffff,교육,19
8930e1d93cbffff,보건의료,7
8930e1d93cbffff,부동산,7
8930e1d93cbffff,소매,43
8930e1d93cbffff,수리·개인,21
8930e1d93cbffff,숙박,1
8930e1d93cbffff,시설관리·임대,2
8930e1d93cbffff,예술·스포츠,11
8930e1d93cbffff,음식,62
8930e1d93cfffff,과학·기술,6
8930e1d93cfffff,소매,4
8930e1d93cfffff,수리·개인,3
8930e1d93cfffff,숙박,3
8930e1d93cfffff,시설관리·임대,3
8930e1d93cfffff,예술·스포츠,1
8930e1d93cfffff,음식,2
8930e1d93d3ffff,과학·기술,4
8930e1d93d3ffff,교육,3
8930e1d93d3ffff,보건의료,2
8930e1d93d3ffff,소매,11
8930e1d93d3ffff,수리·개인,8
8930e1d93d3ffff,시설관리·임대,2
8930e1d93d3ffff,음식,10
8930e1d93d7ffff,과학·기술,12
8930e1d93d7ffff,교육,6
8930e1d93d7ffff,보건의료,6
8930e1d93d7ffff,부동산,15
8930e1d93d7ffff,소매,18
8930e1d93d7ffff,수리·개인,16
8930e1d93d7ffff,숙박,4
8930e1d93d7ffff,시설관리·임대,4
8930e1d93d7ffff,예술·스포츠,12
8930e1d93d7ffff,음식,38
8930e1d93dbffff,과학·기술,8
8930e1d93dbffff,교육,3
8930e1d93dbffff,보건의료,3
8930e1d93dbffff,부동산,1
8930e1d93dbffff,소매,12
8930e1d93dbffff,수리·개인,6
8930e1d93dbffff,시설관리·임대,2
8930e1d93dbffff,예술·스포츠,3
8930e1d93dbffff,음식,28
8930e1d9403ffff,과학·기술,93
8930e1d9403ffff,교육,6
8930e1d9403ffff,보건의료,6
8930e1d9403ffff,부동산,4
8930e1d9403ffff,소매,38
8930e1d9403ffff,수리·개인,4
8930e1d9403ffff,숙박,4
8930e1d9403ffff,시설관리·임대,11
8930e1d9403ffff,음식,37
8930e1d9407ffff,과학·기술,27
8930e1d9407ffff,교육,23
8930e1d9407ffff,보건의료,33
8930e1d9407ffff,부동산,13
8930e1d9407ffff,소매,161
8930e1d9407ffff,수리·개인,34
8930e1d9407ffff,숙박,14
8930e1d9407ffff,시설관리·임대,28
8930e1d9407ffff,예술·스포츠,23
8930e1d9407ffff,음식,111
8930e1d940bffff,과학·기술,3
8930e1d940bffff,부동산,2
8930e1d940bffff,소매,16
8930e1d940bffff,수리·개인,1
8930e1d940bffff,음식,14
8930e1d940fffff,과학·기술,8
8930e1d940fffff,교육,2
8930e1d940fffff,보건의료,3
8930e1d940fffff,부동산,1
8930e1d940fffff,소매,309
8930e1d940fffff,수리·개인,22
8930e1d940fffff,숙박,3
8930e1d940fffff,시설관리·임대,3
8930e1d940fffff,예술·스포츠,2
8930e1d940fffff,음식,112
8930e1d9413ffff,과학·기술,30
8930e1d9413ffff,교육,1
8930e1d9413ffff,보건의료,4
8930e1d9413ffff,부동산,4
8930e1d9413ffff,소매,35
8930e1d9413ffff,수리·개인,12
8930e1d9413ffff,숙박,4
8930e1d9413ffff,시설관리·임대,8
8930e1d9413ffff,예술·스포츠,8
8930e1d9413ffff,음식,39
8930e1d9417ffff,과학·기술,33
8930e1d9417ffff,교육,8
8930e1d9417ffff,보건의료,1
8930e1d9417ffff,부동산,8
8930e1d9417ffff,소매,47
8930e1d9417ffff,수리·개인,18
8930e1d9417ffff,숙박,10
8930e1d9417ffff,시설관리·임대,6
8930e1d9417ffff,예술·스포츠,7
8930e1d9417ffff,음식,47
8930e1d941bffff,과학·기술,17
8930e1d941bffff,교육,6
8930e1d941bffff,보건의료,2
8930e1d941bffff,부동산,6
8930e1d941bffff,소매,17
8930e1d941bffff,수리·개인,7
8930e1d941bffff,시설관리·임대,4
8930e1d941bffff,예술·스포츠,4
8930e1d941bffff,음식,12
8930e1d9423ffff,과학·기술,17
8930e1d9423ffff,교육,7
8930e1d9423ffff,보건의료,3
8930e1d9423ffff,부동산,3
8930e1d9423ffff,소매,53
8930e1d9423ffff,수리·개인,10
8930e1d9423ffff,숙박,25
8930e1d9423ffff,시설관리·임대,3
8930e1d9423ffff,예술·스포츠,16
8930e1d9423ffff,음식,77
8930e1d9427ffff,과학·기술,5
8930e1d9427ffff,교육,1
8930e1d9427ffff,부동산,1
8930e1d9427ffff,소매,7
8930e1d9427ffff,수리·개인,1
8930e1d9427ffff,음식,13
8930e1d942bffff,과학·기술,10
8930e1d942bffff,교육,5
8930e1d942bffff,보건의료,2
8930e1d942bffff,부동산,3
8930e1d942bffff,소매,11
8930e1d942bffff,수리·개인,3
8930e1d942bffff,숙박,11
8930e1d942bffff,시설관리·임대,2
8930e1d942bffff,예술·스포츠,11
8930e1d942bffff,음식,69
8930e1d942fffff,과학·기술,14
8930e1d942fffff,교육,6
8930e1d942fffff,보건의료,1
8930e1d942fffff,부동산,4
8930e1d942fffff,소매,10
8930e1d942fffff,수리·개인,8
8930e1d942fffff,숙박,5
8930e1d942fffff,시설관리·임대,4
8930e1d942fffff,예술·스포츠,1
8930e1d942fffff,음식,16
8930e1d9433ffff,과학·기술,14
8930e1d9433ffff,교육,4
8930e1d9433ffff,부동산,12
8930e1d9433ffff,소매,139
8930e1d9433ffff,수리·개인,14
8930e1d9433ffff,숙박,14
8930e1d9433ffff,시설관리·임대,23
8930e1d9433ffff,예술·스포츠,4
8930e1d9433ffff,음식,63
8930e1d9437ffff,과학·기술,7
8930e1d9437ffff,교육,4
8930e1d9437ffff,보건의료,1
8930e1d9437ffff,부동산,5
8930e1d9437ffff,소매,17
8930e1d9437ffff,수리·개인,5
8930e1d9437ffff,숙박,2
8930e1d9437ffff,시설관리·임대,15
8930e1d9437ffff,예술·스포츠,6
8930e1d9437ffff,음식,37
8930e1d943bffff,과학·기술,25
8930e1d943bffff,교육,14
8930e1d943bffff,보건의료,33
8930e1d943bffff,부동산,17
8930e1d943bffff,소매,143
8930e1d943bffff,수리·개인,40
8930e1d943bffff,숙박,32
8930e1d943bffff,시설관리·임대,10
8930e1d943bffff,예술·스포츠,37
8930e1d943bffff,음식,211
8930e1d9443ffff,과학·기술,1
8930e1d9443ffff,부동산,1
8930e1d9443ffff,소매,1
8930e1d9443ffff,수리·개인,2
8930e1d9443ffff,시설관리·임대,1
8930e1d9443ffff,예술·스포츠,1
8930e1d9443ffff,음식,3
8930e1d9447ffff,과학·기술,13
8930e1d9447ffff,교육,1
8930e1d9447ffff,보건의료,1
8930e1d9447ffff,부동산,1
8930e1d9447ffff,소매,6
8930e1d9447ffff,수리·개인,8
8930e1d9447ffff,시설관리·임대,3
8930e1d9447ffff,음식,2
8930e1d944bffff,과학·기술,8
8930e1d944bffff,교육,9
8930e1d944bffff,부동산,3
8930e1d944bffff,소매,22
8930e1d944bffff,수리·개인,13
8930e1d944bffff,숙박,6
8930e1d944bffff,예술·스포츠,2
8930e1d944bffff,음식,32
8930e1d944fffff,과학·기술,9
8930e1d944fffff,교육,8
8930e1d944fffff,부동산,4
8930e1d944fffff,소매,10
8930e1d944fffff,수리·개인,10
8930e1d944fffff,시설관리·임대,6
8930e1d944fffff,음식,5
8930e1d9453ffff,과학·기술,46
8930e1d9453ffff,교육,3
8930e1d9453ffff,소매,27
8930e1d9453ffff,수리·개인,3
8930e1d9453ffff,숙박,2
8930e1d9453ffff,시설관리·임대,9
8930e1d9453ffff,예술·스포츠,1
8930e1d9453ffff,음식,60
8930e1d9457ffff,과학·기술,129
8930e1d9457ffff,교육,20
8930e1d9457ffff,보건의료,4
8930e1d9457ffff,부동산,6
8930e1d9457ffff,소매,23
8930e1d9457ffff,수리·개인,9
8930e1d9457ffff,시설관리·임대,44
8930e1d9457ffff,예술·스포츠,4
8930e1d9457ffff,음식,63
8930e1d945bffff,과학·기술,75
8930e1d945bffff,교육,3
8930e1d945bffff,부동산,3
8930e1d945bffff,소매,10
8930e1d945bffff,수리·개인,1
8930e1d945bffff,숙박,2
8930e1d945bffff,시설관리·임대,2
8930e1d945bffff,음식,12
8930e1d9463ffff,과학·기술,9
8930e1d9463ffff,교육,7
8930e1d9463ffff,보건의료,9
8930e1d9463ffff,부동산,1
8930e1d9463ffff,소매,21
8930e1d9463ffff,수리·개인,10
8930e1d9463ffff,숙박,3
8930e1d9463ffff,시설관리·임대,3
8930e1d9463ffff,예술·스포츠,12
8930e1d9463ffff,음식,23
8930e1d9467ffff,과학·기술,11
8930e1d9467ffff,교육,11
8930e1d9467ffff,부동산,8
8930e1d9467ffff,소매,24
8930e1d9467ffff,수리·개인,20
8930e1d9467ffff,숙박,10
8930e1d9467ffff,시설관리·임대,12
8930e1d9467ffff,예술·스포츠,5
8930e1d9467ffff,음식,34
8930e1d946bffff,과학·기술,7
8930e1d946bffff,교육,7
8930e1d946bffff,보건의료,4
8930e1d946bffff,부동산,3
8930e1d946bffff,소매,25
8930e1d946bffff,수리·개인,14
8930e1d946bffff,시설관리·임대,3
8930e1d946bffff,예술·스포츠,2
8930e1d946bffff,음식,20
8930e1d946fffff,과학·기술,9
8930e1d946fffff,교육,3
8930e1d946fffff,보건의료,1
8930e1d946fffff,부동산,2
8930e1d946fffff,소매,11
8930e1d946fffff,수리·개인,4
8930e1d946fffff,숙박,2
8930e1d946fffff,시설관리·임대,3
8930e1d946fffff,예술·스포츠,5
8930e1d946fffff,음식,14
8930e1d9473ffff,과학·기술,4
8930e1d9473ffff,교육,2
8930e1d9473ffff,보건의료,2
8930e1d9473ffff,부동산,1
8930e1d9473ffff,소매,10
8930e1d9473ffff,수리·개인,7
8930e1d9473ffff,시설관리·임대,5
8930e1d9473ffff,예술·스포츠,1
8930e1d9473ffff,음식,14
8930e1d9477ffff,과학·기술,16
8930e1d9477ffff,교육,7
8930e1d9477ffff,보건의료,10
8930e1d9477ffff,부동산,5
8930e1d9477ffff,소매,281
8930e1d9477ffff,수리·개인,21
8930e1d9477ffff,숙박,2
8930e1d9477ffff,시설관리·임대,14
8930e1d9477ffff,예술·스포츠,19
8930e1d9477ffff,음식,91
8930e1d947bffff,과학·기술,1
8930e1d947bffff,교육,10
8930e1d947bffff,부동산,5
8930e1d947bffff,소매,2
8930e1d947bffff,수리·개인,3
8930e1d947bffff,시설관리·임대,1
8930e1d947bffff,음식,3
8930e1d9483ffff,과학·기술,87
8930e1d9483ffff,교육,13
8930e1d9483ffff,보건의료,10
8930e1d9483ffff,부동산,20
8930e1d9483ffff,소매,54
8930e1d9483ffff,수리·개인,45
8930e1d9483ffff,숙박,5
8930e1d9483ffff,시설관리·임대,32
8930e1d9483ffff,예술·스포츠,28
8930e1d9483ffff,음식,170
8930e1d9487ffff,과학·기술,57
8930e1d9487ffff,교육,9
8930e1d9487ffff,부동산,4
8930e1d9487ffff,소매,17
8930e1d9487ffff,수리·개인,15
8930e1d9487ffff,숙박,2
8930e1d9487ffff,시설관리·임대,18
8930e1d9487ffff,예술·스포츠,3
8930e1d9487ffff,음식,19
8930e1d948bffff,과학·기술,32
8930e1d948bffff,교육,15
8930e1d948bffff,보건의료,2
8930e1d948bffff,부동산,6
8930e1d948bffff,소매,31
8930e1d948bffff,수리·개인,35
8930e1d948bffff,숙박,12
8930e1d948bffff,시설관리·임대,9
8930e1d948bffff,예술·스포츠,2
8930e1d948bffff,음식,85
8930e1d948fffff,과학·기술,27
8930e1d948fffff,교육,8
8930e1d948fffff,보건의료,4
8930e1d948fffff,부동산,12
8930e1d948fffff,소매,20
8930e1d948fffff,수리·개인,13
8930e1d948fffff,숙박,2
8930e1d948fffff,시설관리·임대,4
8930e1d948fffff,예술·스포츠,2
8930e1d948fffff,음식,36
8930e1d9493ffff,과학·기술,129
8930e1d9493ffff,교육,30
8930e1d9493ffff,보건의료,2
8930e1d9493ffff,부동산,15
8930e1d9493ffff,소매,48
8930e1d9493ffff,수리·개인,27
8930e1d9493ffff,숙박,2
8930e1d9493ffff,시설관리·임대,44
8930e1d9493ffff,예술·스포츠,10
8930e1d9493ffff,음식,62
8930e1d9497ffff,과학·기술,171
8930e1d9497ffff,교육,26
8930e1d9497ffff,보건의료,19
8930e1d9497ffff,부동산,10
8930e1d9497ffff,소매,45
8930e1d9497ffff,수리·개인,43
8930e1d9497ffff,숙박,2
8930e1d9497ffff,시설관리·임대,33
8930e1d9497ffff,예술·스포츠,14
8930e1d9497ffff,음식,97
8930e1d949bffff,과학·기술,101
8930e1d949bffff,교육,10
8930e1d949bffff,부동산,14
8930e1d949bffff,소매,19
8930e1d949bffff,수리·개인,21
8930e1d949bffff,숙박,2
8930e1d949bffff,시설관리·임대,16
8930e1d949bffff,예술·스포츠,4
8930e1d949bffff,음식,46
8930e1d94a3ffff,과학·기술,61
8930e1d94a3ffff,교육,10
8930e1d94a3ffff,보건의료,3
8930e1d94a3ffff,부동산,5
8930e1d94a3ffff,소매,29
8930e1d94a3ffff,수리·개인,18
8930e1d94a3ffff,시설관리·임대,9
8930e1d94a3ffff,예술·스포츠,6
8930e1d94a3ffff,음식,54
8930e1d94a7ffff,과학·기술,22
8930e1d94a7ffff,교육,8
8930e1d94a7ffff,보건의료,1
8930e1d94a7ffff,부동산,6
8930e1d94a7ffff,소매,16
8930e1d94a7ffff,수리·개인,12
8930e1d94a7ffff,숙박,1
8930e1d94a7ffff,시설관리·임대,6
8930e1d94a7ffff,예술·스포츠,2
8930e1d94a7ffff,음식,12
8930e1d94abffff,과학·기술,24
8930e1d94abffff,교육,16
8930e1d94abffff,보건의료,14
8930e1d94abffff,부동산,24
8930e1d94abffff,소매,49
8930e1d94abffff,수리·개인,29
8930e1d94abffff,숙박,6
8930e1d94abffff,시설관리·임대,15
8930e1d94abffff,예술·스포츠,10
8930e1d94abffff,음식,87
8930e1d94afffff,과학·기술,18
8930e1d94afffff,교육,6
8930e1d94afffff,보건의료,1
8930e1d94afffff,부동산,9
8930e1d94afffff,소매,20
8930e1d94afffff,수리·개인,13
8930e1d94afffff,시설관리·임대,1
8930e1d94afffff,예술·스포츠,3
8930e1d94afffff,음식,50
8930e1d94b3ffff,과학·기술,7
8930e1d94b3ffff,교육,10
8930e1d94b3ffff,부동산,4
8930e1d94b3ffff,소매,4
8930e1d94b3ffff,수리·개인,8
8930e1d94b3ffff,시설관리·임대,2
8930e1d94b3ffff,음식,15
8930e1d94b7ffff,과학·기술,29
8930e1d94b7ffff,교육,8
8930e1d94b7ffff,보건의료,10
8930e1d94b7ffff,부동산,8
8930e1d94b7ffff,소매,24
8930e1d94b7ffff,수리·개인,17
8930e1d94b7ffff,시설관리·임대,3
8930e1d94b7ffff,예술·스포츠,7
8930e1d94b7ffff,음식,31
8930e1d94bbffff,과학·기술,5
8930e1d94bbffff,교육,5
8930e1d94bbffff,보건의료,2
8930e1d94bbffff,부동산,4
8930e1d94bbffff,소매,10
8930e1d94bbffff,수리·개인,8
8930e1d94bbffff,시설관리·임대,2
8930e1d94bbffff,예술·스포츠,1
8930e1d94bbffff,음식,10
8930e1d94c3ffff,과학·기술,1
8930e1d94c3ffff,교육,6
8930e1d94c3ffff,보건의료,3
8930e1d94c3ffff,부동산,3
8930e1d94c3ffff,소매,7
8930e1d94c3ffff,수리·개인,6
8930e1d94c3ffff,예술·스포츠,5
8930e1d94c3ffff,음식,11
8930e1d94c7ffff,과학·기술,71
8930e1d94c7ffff,교육,5
8930e1d94c7ffff,보건의료,1
8930e1d94c7ffff,부동산,7
8930e1d94c7ffff,소매,16
8930e1d94c7ffff,수리·개인,11
8930e1d94c7ffff,시설관리·임대,6
8930e1d94c7ffff,예술·스포츠,5
8930e1d94c7ffff,음식,41
8930e1d94cbffff,과학·기술,13
8930e1d94cbffff,교육,7
8930e1d94cbffff,보건의료,1
8930e1d94cbffff,부동산,3
8930e1d94cbffff,소매,19
8930e1d94cbffff,수리·개인,3
8930e1d94cbffff,시설관리·임대,4
8930e1d94cbffff,예술·스포츠,3
8930e1d94cbffff,음식,78
8930e1d94cfffff,과학·기술,4
8930e1d94cfffff,교육,3
8930e1d94cfffff,보건의료,10
8930e1d94cfffff,부동산,2
8930e1d94cfffff,소매,41
8930e1d94cfffff,수리·개인,10
8930e1d94cfffff,시설관리·임대,2
8930e1d94cfffff,예술·스포츠,8
8930e1d94cfffff,음식,59
8930e1d94d3ffff,과학·기술,29
8930e1d94d3ffff,교육,43
8930e1d94d3ffff,보건의료,20
8930e1d94d3ffff,부동산,6
8930e1d94d3ffff,소매,36
8930e1d94d3ffff,수리·개인,32
8930e1d94d3ffff,숙박,2
8930e1d94d3ffff,시설관리·임대,15
8930e1d94d3ffff,예술·스포츠,18
8930e1d94d3ffff,음식,70
8930e1d94d7ffff,과학·기술,47
8930e1d94d7ffff,교육,9
8930e1d94d7ffff,보건의료,11
8930e1d94d7ffff,부동산,11
8930e1d94d7ffff,소매,77
8930e1d94d7ffff,수리·개인,25
8930e1d94d7ffff,시설관리·임대,19
8930e1d94d7ffff,예술·스포츠,5
8930e1d94d7ffff,음식,31
8930e1d94dbffff,과학·기술,3
8930e1d94dbffff,교육,4
8930e1d94dbffff,소매,4
8930e1d94dbffff,수리·개인,2
8930e1d94dbffff,예술·스포츠,1
8930e1d94dbffff,음식,7
8930e1d9503ffff,과학·기술,14
8930e1d9503ffff,소매,5
8930e1d9503ffff,시설관리·임대,3
8930e1d9503ffff,예술·스포츠,1
8930e1d9503ffff,음식,14
8930e1d9507ffff,과학·기술,5
8930e1d9507ffff,교육,2
8930e1d9507ffff,소매,5
8930e1d9507ffff,수리·개인,2
8930e1d9507ffff,시설관리·임대,2
8930e1d9507ffff,음식,11
8930e1d950bffff,소매,1
8930e1d950bffff,음식,3
8930e1d950fffff,과학·기술,16
8930e1d950fffff,보건의료,3
8930e1d950fffff,부동산,5
8930e1d950fffff,소매,10
8930e1d950fffff,시설관리·임대,1
8930e1d950fffff,예술·스포츠,1
8930e1d950fffff,음식,72
8930e1d9513ffff,과학·기술,31
8930e1d9513ffff,교육,5
8930e1d9513ffff,보건의료,3
8930e1d9513ffff,부동산,5
8930e1d9513ffff,소매,17
8930e1d9513ffff,수리·개인,2
8930e1d9513ffff,숙박,1
8930e1d9513ffff,시설관리·임대,6
8930e1d9513ffff,예술·스포츠,1
8930e1d9513ffff,음식,29
8930e1d9517ffff,과학·기술,263
8930e1d9517ffff,교육,33
8930e1d9517ffff,보건의료,13
8930e1d9517ffff,부동산,19
8930e1d9517ffff,소매,52
8930e1d9517ffff,수리·개인,18
8930e1d9517ffff,숙박,7
8930e1d9517ffff,시설관리·임대,42
8930e1d9517ffff,예술·스포츠,8
8930e1d9517ffff,음식,256
8930e1d951bffff,과학·기술,30
8930e1d951bffff,교육,7
8930e1d951bffff,보건의료,4
8930e1d951bffff,부동산,5
8930e1d951bffff,소매,20
8930e1d951bffff,수리·개인,4
8930e1d951bffff,시설관리·임대,11
8930e1d951bffff,음식,83
8930e1d9523ffff,과학·기술,2
8930e1d9523ffff,교육,1
8930e1d9523ffff,소매,10
8930e1d9523ffff,수리·개인,2
8930e1d9523ffff,숙박,12
8930e1d9523ffff,시설관리·임대,1
8930e1d9523ffff,음식,6
8930e1d9527ffff,과학·기술,1
8930e1d9527ffff,소매,3
8930e1d9527ffff,음식,2
8930e1d952bffff,과학·기술,148
8930e1d952bffff,교육,8
8930e1d952bffff,보건의료,10
8930e1d952bffff,부동산,11
8930e1d952bffff,소매,165
8930e1d952bffff,수리·개인,12
8930e1d952bffff,숙박,1
8930e1d952bffff,시설관리·임대,17
8930e1d952bffff,예술·스포츠,2
8930e1d952bffff,음식,123
8930e1d952fffff,과학·기술,2
8930e1d952fffff,교육,1
8930e1d952fffff,부동산,8
8930e1d952fffff,소매,5
8930e1d952fffff,수리·개인,4
8930e1d952fffff,시설관리·임대,4
8930e1d952fffff,음식,39
8930e1d9533ffff,과학·기술,19
8930e1d9533ffff,보건의료,2
8930e1d9533ffff,소매,7
8930e1d9533ffff,수리·개인,2
8930e1d9533ffff,시설관리·임대,4
8930e1d9533ffff,음식,18
8930e1d9537ffff,음식,2
8930e1d953bffff,과학·기술,138
8930e1d953bffff,교육,6
8930e1d953bffff,보건의료,2
8930e1d953bffff,부동산,8
8930e1d953bffff,소매,50
8930e1d953bffff,수리·개인,4
8930e1d953bffff,숙박,1
8930e1d953bffff,시설관리·임대,4
8930e1d953bffff,예술·스포츠,1
8930e1d953bffff,음식,84
8930e1d9547ffff,과학·기술,14
8930e1d9547ffff,교육,2
8930e1d9547ffff,보건의료,2
8930e1d9547ffff,소매,8
8930e1d9547ffff,수리·개인,2
8930e1d9547ffff,음식,31
8930e1d954bffff,과학·기술,2
8930e1d954bffff,소매,6
8930e1d954bffff,수리·개인,1
8930e1d954bffff,시설관리·임대,1
8930e1d954bffff,음식,6
8930e1d9557ffff,과학·기술,1
8930e1d9557ffff,부동산,1
8930e1d9557ffff,소매,3
8930e1d9557ffff,수리·개인,3
8930e1d9557ffff,숙박,1
8930e1d9557ffff,시설관리·임대,1
8930e1d9557ffff,음식,6
8930e1d955bffff,과학·기술,2
8930e1d955bffff,교육,4
8930e1d955bffff,부동산,3
8930e1d955bffff,소매,6
8930e1d955bffff,수리·개인,1
8930e1d955bffff,시설관리·임대,1
8930e1d955bffff,음식,6
8930e1d9563ffff,과학·기술,10
8930e1d9563ffff,교육,8
8930e1d9563ffff,보건의료,19
8930e1d9563ffff,부동산,8
8930e1d9563ffff,소매,33
8930e1d9563ffff,수리·개인,9
8930e1d9563ffff,시설관리·임대,3
8930e1d9563ffff,예술·스포츠,3
8930e1d9563ffff,음식,88
8930e1d9567ffff,과학·기술,389
8930e1d9567ffff,교육,39
8930e1d9567ffff,보건의료,21
8930e1d9567ffff,부동산,25
8930e1d9567ffff,소매,86
8930e1d9567ffff,수리·개인,40
8930e1d9567ffff,시설관리·임대,63
8930e1d9567ffff,예술·스포츠,14
8930e1d9567ffff,음식,194
8930e1d956bffff,과학·기술,3
8930e1d956bffff,부동산,4
8930e1d956bffff,소매,1
8930e1d956bffff,수리·개인,1
8930e1d956bffff,시설관리·임대,1
8930e1d956bffff,예술·스포츠,1
8930e1d956bffff,음식,4
8930e1d956fffff,과학·기술,155
8930e1d956fffff,교육,11
8930e1d956fffff,보건의료,2
8930e1d956fffff,부동산,11
8930e1d956fffff,소매,14
8930e1d956fffff,수리·개인,9
8930e1d956fffff,시설관리·임대,20
8930e1d956fffff,예술·스포츠,4
8930e1d956fffff,음식,68
8930e1d9573ffff,과학·기술,31
8930e1d9573ffff,교육,5
8930e1d9573ffff,보건의료,6
8930e1d9573ffff,부동산,3
8930e1d9573ffff,소매,28
8930e1d9573ffff,수리·개인,2
8930e1d9573ffff,숙박,1
8930e1d9573ffff,시설관리·임대,5
8930e1d9573ffff,음식,82
8930e1d9577ffff,과학·기술,240
8930e1d9577ffff,교육,18
8930e1d9577ffff,보건의료,27
8930e1d9577ffff,부동산,15
8930e1d9577ffff,소매,43
8930e1d9577ffff,수리·개인,7
8930e1d9577ffff,시설관리·임대,20
8930e1d9577ffff,예술·스포츠,2
8930e1d9577ffff,음식,102
8930e1d9583ffff,과학·기술,5
8930e1d9583ffff,소매,10
8930e1d9583ffff,수리·개인,1
8930e1d9583ffff,시설관리·임대,1
8930e1d9583ffff,음식,6
8930e1d958fffff,과학·기술,32
8930e1d958fffff,교육,4
8930e1d958fffff,부동산,4
8930e1d958fffff,소매,8
8930e1d958fffff,수리·개인,2
8930e1d958fffff,시설관리·임대,5
8930e1d958fffff,예술·스포츠,1
8930e1d958fffff,음식,34
8930e1d95abffff,과학·기술,48
8930e1d95abffff,교육,10
8930e1d95abffff,보건의료,4
8930e1d95abffff,부동산,6
8930e1d95abffff,소매,17
8930e1d95abffff,수리·개인,6
8930e1d95abffff,시설관리·임대,7
8930e1d95abffff,예술·스포츠,4
8930e1d95abffff,음식,71
8930e1d95afffff,소매,2
8930e1d95bbffff,과학·기술,13
8930e1d95bbffff,부동산,3
8930e1d95bbffff,소매,1
8930e1d95bbffff,시설관리·임대,4
8930e1d95bbffff,예술·스포츠,3
8930e1d95bbffff,음식,10
8930e1d95c7ffff,과학·기술,27
8930e1d95c7ffff,교육,7
8930e1d95c7ffff,보건의료,2
8930e1d95c7ffff,부동산,3
8930e1d95c7ffff,소매,11
8930e1d95c7ffff,수리·개인,2
8930e1d95c7ffff,시설관리·임대,14
8930e1d95c7ffff,예술·스포츠,3
8930e1d95c7ffff,음식,31
8930e1d95cbffff,과학·기술,13
8930e1d95cbffff,교육,5
8930e1d95cbffff,부동산,2
8930e1d95cbffff,소매,8
8930e1d95cbffff,수리·개인,1
8930e1d95cbffff,시설관리·임대,31
8930e1d95cbffff,음식,5
8930e1d95d3ffff,과학·기술,6
8930e1d95d3ffff,교육,2
8930e1d95d3ffff,수리·개인,1
8930e1d95d3ffff,음식,1
8930e1d95dbffff,과학·기술,22
8930e1d95dbffff,교육,2
8930e1d95dbffff,보건의료,1
8930e1d95dbffff,부동산,3
8930e1d95dbffff,소매,16
8930e1d95dbffff,수리·개인,4
8930e1d95dbffff,시설관리·임대,11
8930e1d95dbffff,예술·스포츠,3
8930e1d95dbffff,음식,4
8930e1d9603ffff,과학·기술,6
8930e1d9603ffff,교육,4
8930e1d9603ffff,부동산,4
8930e1d9603ffff,소매,27
8930e1d9603ffff,수리·개인,18
8930e1d9603ffff,시설관리·임대,7
8930e1d9603ffff,음식,15
8930e1d9607ffff,과학·기술,2
8930e1d9607ffff,교육,1
8930e1d9607ffff,소매,4
8930e1d9607ffff,수리·개인,1
8930e1d9607ffff,시설관리·임대,2
8930e1d9607ffff,음식,2
8930e1d960bffff,과학·기술,16
8930e1d960bffff,교육,12
8930e1d960bffff,보건의료,4
8930e1d960bffff,부동산,2
8930e1d960bffff,소매,15
8930e1d960bffff,수리·개인,7
8930e1d960bffff,시설관리·임대,6
8930e1d960bffff,예술·스포츠,14
8930e1d960bffff,음식,28
8930e1d960fffff,과학·기술,2
8930e1d960fffff,교육,2
8930e1d960fffff,보건의료,1
8930e1d960fffff,부동산,5
8930e1d960fffff,소매,21
8930e1d960fffff,수리·개인,8
8930e1d960fffff,시설관리·임대,2
8930e1d960fffff,예술·스포츠,7
8930e1d960fffff,음식,16
8930e1d9613ffff,과학·기술,6
8930e1d9613ffff,교육,6
8930e1d9613ffff,보건의료,3
8930e1d9613ffff,부동산,1
8930e1d9613ffff,소매,20
8930e1d9613ffff,수리·개인,5
8930e1d9613ffff,시설관리·임대,3
8930e1d9613ffff,예술·스포츠,7
8930e1d9613ffff,음식,20
8930e1d9617ffff,과학·기술,12
8930e1d9617ffff,교육,7
8930e1d9617ffff,보건의료,3
8930e1d9617ffff,부동산,3
8930e1d9617ffff,소매,31
8930e1d9617ffff,수리·개인,11
8930e1d9617ffff,시설관리·임대,6
8930e1d9617ffff,예술·스포츠,7
8930e1d9617ffff,음식,16
8930e1d961bffff,과학·기술,11
8930e1d961bffff,교육,2
8930e1d961bffff,보건의료,3
8930e1d961bffff,부동산,5
8930e1d961bffff,소매,26
8930e1d961bffff,수리·개인,12
8930e1d961bffff,시설관리·임대,5
8930e1d961bffff,예술·스포츠,9
8930e1d961bffff,음식,37
8930e1d9623ffff,과학·기술,10
8930e1d9623ffff,교육,3
8930e1d9623ffff,보건의료,6
8930e1d9623ffff,부동산,4
8930e1d9623ffff,소매,14
8930e1d9623ffff,수리·개인,17
8930e1d9623ffff,숙박,4
8930e1d9623ffff,시설관리·임대,5
8930e1d9623ffff,예술·스포츠,13
8930e1d9623ffff,음식,47
8930e1d9627ffff,과학·기술,12
8930e1d9627ffff,교육,10
8930e1d9627ffff,보건의료,8
8930e1d9627ffff,부동산,21
8930e1d9627ffff,소매,40
8930e1d9627ffff,수리·개인,20
8930e1d9627ffff,숙박,1
8930e1d9627ffff,예술·스포츠,4
8930e1d9627ffff,음식,38
8930e1d962bffff,과학·기술,7
8930e1d962bffff,교육,8
8930e1d962bffff,보건의료,11
8930e1d962bffff,부동산,3
8930e1d962bffff,소매,31
8930e1d962bffff,수리·개인,19
8930e1d962bffff,숙박,4
8930e1d962bffff,시설관리·임대,2
8930e1d962bffff,예술·스포츠,10
8930e1d962bffff,음식,30
8930e1d962fffff,과학·기술,7
8930e1d962fffff,교육,9
8930e1d962fffff,부동산,1
8930e1d962fffff,소매,19
8930e1d962fffff,수리·개인,5
8930e1d962fffff,음식,9
8930e1d9633ffff,과학·기술,6
8930e1d9633ffff,교육,4
8930e1d9633ffff,부동산,1
8930e1d9633ffff,소매,13
8930e1d9633ffff,수리·개인,5
8930e1d9633ffff,시설관리·임대,3
8930e1d9633ffff,음식,4
8930e1d9637ffff,교육,5
8930e1d9637ffff,부동산,1
8930e1d9637ffff,소매,1
8930e1d9637ffff,수리·개인,1
8930e1d9637ffff,시설관리·임대,1
8930e1d9637ffff,음식,4
8930e1d963bffff,과학·기술,2
8930e1d963bffff,보건의료,2
8930e1d963bffff,부동산,4
8930e1d963bffff,소매,10
8930e1d963bffff,수리·개인,10
8930e1d963bffff,시설관리·임대,2
8930e1d963bffff,예술·스포츠,3
8930e1d963bffff,음식,7
8930e1d9643ffff,과학·기술,36
8930e1d9643ffff,교육,4
8930e1d9643ffff,보건의료,15
8930e1d9643ffff,부동산,8
8930e1d9643ffff,소매,73
8930e1d9643ffff,수리·개인,25
8930e1d9643ffff,숙박,2
8930e1d9643ffff,시설관리·임대,54
8930e1d9643ffff,예술·스포츠,41
8930e1d9643ffff,음식,102
8930e1d9647ffff,과학·기술,28
8930e1d9647ffff,교육,10
8930e1d9647ffff,보건의료,19
8930e1d9647ffff,부동산,13
8930e1d9647ffff,소매,43
8930e1d9647ffff,수리·개인,25
8930e1d9647ffff,숙박,1
8930e1d9647ffff,시설관리·임대,23
8930e1d9647ffff,예술·스포츠,21
8930e1d9647ffff,음식,46
8930e1d964bffff,과학·기술,3
8930e1d964bffff,교육,6
8930e1d964bffff,부동산,3
8930e1d964bffff,소매,4
8930e1d964bffff,수리·개인,3
8930e1d964bffff,음식,4
8930e1d964fffff,과학·기술,8
8930e1d964fffff,교육,1
8930e1d964fffff,보건의료,1
8930e1d964fffff,부동산,5
8930e1d964fffff,소매,77
8930e1d964fffff,수리·개인,32
8930e1d964fffff,시설관리·임대,6
8930e1d964fffff,예술·스포츠,21
8930e1d964fffff,음식,83
8930e1d9653ffff,과학·기술,7
8930e1d9653ffff,교육,3
8930e1d9653ffff,부동산,3
8930e1d9653ffff,소매,24
8930e1d9653ffff,수리·개인,5
8930e1d9653ffff,시설관리·임대,25
8930e1d9653ffff,예술·스포츠,11
8930e1d9653ffff,음식,40
8930e1d9657ffff,과학·기술,18
8930e1d9657ffff,교육,4
8930e1d9657ffff,보건의료,2
8930e1d9657ffff,부동산,10
8930e1d9657ffff,소매,35
8930e1d9657ffff,수리·개인,30
8930e1d9657ffff,숙박,2
8930e1d9657ffff,시설관리·임대,8
8930e1d9657ffff,예술·스포츠,49
8930e1d9657ffff,음식,114
8930e1d965bffff,과학·기술,6
8930e1d965bffff,교육,3
8930e1d965bffff,보건의료,5
8930e1d965bffff,부동산,3
8930e1d965bffff,소매,21
8930e1d965bffff,수리·개인,5
8930e1d965bffff,숙박,2
8930e1d965bffff,시설관리·임대,17
8930e1d965bffff,예술·스포츠,5
8930e1d965bffff,음식,28
8930e1d9663ffff,과학·기술,3
8930e1d9663ffff,교육,7
8930e1d9663ffff,보건의료,1
8930e1d9663ffff,부동산,2
8930e1d9663ffff,소매,21
8930e1d9663ffff,수리·개인,11
8930e1d9663ffff,숙박,1
8930e1d9663ffff,예술·스포츠,5
8930e1d9663ffff,음식,18
8930e1d9667ffff,교육,2
8930e1d9667ffff,보건의료,2
8930e1d9667ffff,부동산,1
8930e1d9667ffff,소매,7
8930e1d9667ffff,수리·개인,2
8930e1d9667ffff,숙박,1
8930e1d9667ffff,시설관리·임대,2
8930e1d9667ffff,음식,17
8930e1d966bffff,과학·기술,11
8930e1d966bffff,교육,5
8930e1d966bffff,보건의료,2
8930e1d966bffff,부동산,5
8930e1d966bffff,소매,27
8930e1d966bffff,수리·개인,19
8930e1d966bffff,숙박,10
8930e1d966bffff,시설관리·임대,5
8930e1d966bffff,예술·스포츠,17
8930e1d966bffff,음식,38
8930e1d966fffff,과학·기술,6
8930e1d966fffff,교육,5
8930e1d966fffff,보건의료,19
8930e1d966fffff,부동산,3
8930e1d966fffff,소매,42
8930e1d966fffff,수리·개인,13
8930e1d966fffff,숙박,2
8930e1d966fffff,시설관리·임대,2
8930e1d966fffff,예술·스포츠,13
8930e1d966fffff,음식,57
8930e1d9673ffff,과학·기술,3
8930e1d9673ffff,교육,4
8930e1d9673ffff,보건의료,4
8930e1d9673ffff,부동산,8
8930e1d9673ffff,소매,14
8930e1d9673ffff,수리·개인,15
8930e1d9673ffff,숙박,1
8930e1d9673ffff,예술·스포츠,5
8930e1d9673ffff,음식,7
8930e1d9677ffff,과학·기술,11
8930e1d9677ffff,교육,3
8930e1d9677ffff,보건의료,1
8930e1d9677ffff,부동산,8
8930e1d9677ffff,소매,71
8930e1d9677ffff,수리·개인,17
8930e1d9677ffff,시설관리·임대,3
8930e1d9677ffff,예술·스포츠,4
8930e1d9677ffff,음식,31
8930e1d967bffff,과학·기술,3
8930e1d967bffff,교육,4
8930e1d967bffff,보건의료,2
8930e1d967bffff,부동산,2
8930e1d967bffff,소매,32
8930e1d967bffff,수리·개인,18
8930e1d967bffff,숙박,4
8930e1d967bffff,시설관리·임대,3
8930e1d967bffff,예술·스포츠,14
8930e1d967bffff,음식,58
8930e1d9683ffff,과학·기술,3
8930e1d9683ffff,교육,1
8930e1d9683ffff,보건의료,1
8930e1d9683ffff,부동산,6
8930e1d9683ffff,소매,2
8930e1d9683ffff,수리·개인,2
8930e1d9683ffff,시설관리·임대,2
8930e1d9683ffff,음식,2
8930e1d9687ffff,과학·기술,9
8930e1d9687ffff,교육,7
8930e1d9687ffff,부동산,1
8930e1d9687ffff,소매,12
8930e1d9687ffff,수리·개인,7
8930e1d9687ffff,숙박,1
8930e1d9687ffff,시설관리·임대,3
8930e1d9687ffff,예술·스포츠,3
8930e1d9687ffff,음식,8
8930e1d968bffff,과학·기술,3
8930e1d968bffff,교육,14
8930e1d968bffff,보건의료,3
8930e1d968bffff,부동산,2
8930e1d968bffff,소매,15
8930e1d968bffff,수리·개인,9
8930e1d968bffff,시설관리·임대,2
8930e1d968bffff,예술·스포츠,3
8930e1d968bffff,음식,14
8930e1d968fffff,과학·기술,10
8930e1d968fffff,교육,5
8930e1d968fffff,보건의료,2
8930e1d968fffff,부동산,2
8930e1d968fffff,소매,15
8930e1d968fffff,수리·개인,12
8930e1d968fffff,숙박,1
8930e1d968fffff,시설관리·임대,10
8930e1d968fffff,예술·스포츠,4
8930e1d968fffff,음식,4
8930e1d9693ffff,과학·기술,1
8930e1d9693ffff,보건의료,1
8930e1d9693ffff,부동산,3
8930e1d9693ffff,소매,2
8930e1d9693ffff,음식,2
8930e1d9697ffff,과학·기술,15
8930e1d9697ffff,교육,9
8930e1d9697ffff,보건의료,4
8930e1d9697ffff,부동산,4
8930e1d9697ffff,소매,17
8930e1d9697ffff,수리·개인,14
8930e1d9697ffff,숙박,2
8930e1d9697ffff,시설관리·임대,6
8930e1d9697ffff,예술·스포츠,6
8930e1d9697ffff,음식,24
8930e1d969bffff,과학·기술,7
8930e1d969bffff,교육,5
8930e1d969bffff,부동산,2
8930e1d969bffff,소매,8
8930e1d969bffff,수리·개인,8
8930e1d969bffff,숙박,1
8930e1d969bffff,시설관리·임대,3
8930e1d969bffff,예술·스포츠,15
8930e1d969bffff,음식,69
8930e1d96a3ffff,과학·기술,7
8930e1d96a3ffff,교육,7
8930e1d96a3ffff,보건의료,7
8930e1d96a3ffff,부동산,1
8930e1d96a3ffff,소매,26
8930e1d96a3ffff,수리·개인,11
8930e1d96a3ffff,시설관리·임대,3
8930e1d96a3ffff,예술·스포츠,6
8930e1d96a3ffff,음식,18
8930e1d96a7ffff,과학·기술,10
8930e1d96a7ffff,교육,8
8930e1d96a7ffff,보건의료,5
8930e1d96a7ffff,부동산,12
8930e1d96a7ffff,소매,36
8930e1d96a7ffff,수리·개인,19
8930e1d96a7ffff,시설관리·임대,7
8930e1d96a7ffff,예술·스포츠,7
8930e1d96a7ffff,음식,25
8930e1d96abffff,과학·기술,7
8930e1d96abffff,교육,8
8930e1d96abffff,보건의료,1
8930e1d96abffff,부동산,7
8930e1d96abffff,소매,22
8930e1d96abffff,수리·개인,8
8930e1d96abffff,숙박,3
8930e1d96abffff,시설관리·임대,3
8930e1d96abffff,예술·스포츠,1
8930e1d96abffff,음식,16
8930e1d96afffff,과학·기술,4
8930e1d96afffff,교육,4
8930e1d96afffff,보건의료,3
8930e1d96afffff,부동산,3
8930e1d96afffff,소매,13
8930e1d96afffff,수리·개인,4
8930e1d96afffff,예술·스포츠,4
8930e1d96afffff,음식,4
8930e1d96b3ffff,과학·기술,12
8930e1d96b3ffff,교육,4
8930e1d96b3ffff,보건의료,7
8930e1d96b3ffff,부동산,8
8930e1d96b3ffff,소매,40
8930e1d96b3ffff,수리·개인,13
8930e1d96b3ffff,시설관리·임대,4
8930e1d96b3ffff,예술·스포츠,11
8930e1d96b3ffff,음식,33
8930e1d96b7ffff,과학·기술,9
8930e1d96b7ffff,교육,7
8930e1d96b7ffff,보건의료,3
8930e1d96b7ffff,부동산,4
8930e1d96b7ffff,소매,25
8930e1d96b7ffff,수리·개인,21
8930e1d96b7ffff,숙박,2
8930e1d96b7ffff,시설관리·임대,5
8930e1d96b7ffff,예술·스포츠,8
8930e1d96b7ffff,음식,35
8930e1d96bbffff,과학·기술,1
8930e1d96bbffff,교육,3
8930e1d96bbffff,부동산,5
8930e1d96bbffff,소매,8
8930e1d96bbffff,수리·개인,6
8930e1d96bbffff,시설관리·임대,1
8930e1d96bbffff,예술·스포츠,2
8930e1d96bbffff,음식,10
8930e1d96c3ffff,과학·기술,40
8930e1d96c3ffff,교육,7
8930e1d96c3ffff,보건의료,1
8930e1d96c3ffff,부동산,4
8930e1d96c3ffff,소매,15
8930e1d96c3ffff,수리·개인,9
8930e1d96c3ffff,숙박,2
8930e1d96c3ffff,시설관리·임대,16
8930e1d96c3ffff,예술·스포츠,3
8930e1d96c3ffff,음식,20
8930e1d96c7ffff,과학·기술,9
8930e1d96c7ffff,교육,1
8930e1d96c7ffff,부동산,1
8930e1d96c7ffff,소매,13
8930e1d96c7ffff,수리·개인,6
8930e1d96c7ffff,예술·스포츠,1
8930e1d96c7ffff,음식,6
8930e1d96cbffff,과학·기술,31
8930e1d96cbffff,교육,11
8930e1d96cbffff,보건의료,3
8930e1d96cbffff,부동산,9
8930e1d96cbffff,소매,20
8930e1d96cbffff,수리·개인,15
8930e1d96cbffff,숙박,2
8930e1d96cbffff,시설관리·임대,13
8930e1d96cbffff,예술·스포츠,3
8930e1d96cbffff,음식,41
8930e1d96cfffff,과학·기술,2
8930e1d96cfffff,교육,6
8930e1d96cfffff,부동산,3
8930e1d96cfffff,소매,8
8930e1d96cfffff,수리·개인,4
8930e1d96cfffff,시설관리·임대,5
8930e1d96cfffff,음식,4
8930e1d96d3ffff,과학·기술,8
8930e1d96d3ffff,교육,6
8930e1d96d3ffff,보건의료,2
8930e1d96d3ffff,부동산,4
8930e1d96d3ffff,소매,19
8930e1d96d3ffff,수리·개인,16
8930e1d96d3ffff,숙박,1
8930e1d96d3ffff,시설관리·임대,6
8930e1d96d3ffff,예술·스포츠,4
8930e1d96d3ffff,음식,42
8930e1d96d7ffff,과학·기술,2
8930e1d96d7ffff,보건의료,2
8930e1d96d7ffff,부동산,3
8930e1d96d7ffff,소매,5
8930e1d96d7ffff,수리·개인,2
8930e1d96d7ffff,숙박,3
8930e1d96d7ffff,예술·스포츠,1
8930e1d96d7ffff,음식,10
8930e1d96dbffff,과학·기술,21
8930e1d96dbffff,교육,5
8930e1d96dbffff,부동산,3
8930e1d96dbffff,소매,12
8930e1d96dbffff,수리·개인,5
8930e1d96dbffff,시설관리·임대,10
8930e1d96dbffff,음식,8
8930e1d982fffff,시설관리·임대,2
8930e1d9843ffff,과학·기술,1
8930e1d9853ffff,과학·기술,1
8930e1d9853ffff,교육,1
8930e1d9853ffff,부동산,2
8930e1d9853ffff,소매,8
8930e1d9853ffff,수리·개인,3
8930e1d9853ffff,시설관리·임대,2
8930e1d9853ffff,음식,1
8930e1d9857ffff,과학·기술,2
8930e1d9857ffff,교육,6
8930e1d9857ffff,부동산,2
8930e1d9857ffff,소매,4
8930e1d9857ffff,수리·개인,3
8930e1d9857ffff,시설관리·임대,3
8930e1d9857ffff,음식,1
8930e1d9863ffff,소매,7
8930e1d9863ffff,음식,3
8930e1d9867ffff,시설관리·임대,1
8930e1d986bffff,소매,1
8930e1d986bffff,수리·개인,1
8930e1d986bffff,음식,1
8930e1d9897ffff,과학·기술,3
8930e1d9897ffff,교육,1
8930e1d9897ffff,보건의료,2
8930e1d9897ffff,소매,1
8930e1d9897ffff,수리·개인,1
8930e1d9897ffff,예술·스포츠,3
8930e1d9897ffff,음식,7
8930e1d98a3ffff,교육,2
8930e1d98a3ffff,보건의료,5
8930e1d98a3ffff,소매,1
8930e1d98a3ffff,수리·개인,3
8930e1d98a3ffff,예술·스포츠,1
8930e1d98a3ffff,음식,1
8930e1d98a7ffff,과학·기술,3
8930e1d98a7ffff,부동산,14
8930e1d98a7ffff,소매,14
8930e1d98a7ffff,수리·개인,1
8930e1d98a7ffff,예술·스포츠,1
8930e1d98a7ffff,음식,10
8930e1d98b3ffff,교육,3
8930e1d98b3ffff,보건의료,6
8930e1d98b3ffff,부동산,4
8930e1d98b3ffff,소매,10
8930e1d98b3ffff,수리·개인,8
8930e1d98b3ffff,음식,18
8930e1d98b7ffff,과학·기술,1
8930e1d98b7ffff,교육,16
8930e1d98b7ffff,보건의료,5
8930e1d98b7ffff,부동산,6
8930e1d98b7ffff,소매,10
8930e1d98b7ffff,수리·개인,9
8930e1d98b7ffff,예술·스포츠,3
8930e1d98b7ffff,음식,4
8930e1d98c3ffff,과학·기술,1
8930e1d98c3ffff,교육,1
8930e1d98c3ffff,부동산,1
8930e1d98c3ffff,소매,1
8930e1d98c3ffff,음식,2
8930e1d98cbffff,과학·기술,4
8930e1d98cbffff,교육,26
8930e1d98cbffff,보건의료,3
8930e1d98cbffff,부동산,15
8930e1d98cbffff,소매,22
8930e1d98cbffff,수리·개인,21
8930e1d98cbffff,예술·스포츠,3
8930e1d98cbffff,음식,16
8930e1d98cfffff,과학·기술,3
8930e1d98cfffff,보건의료,1
8930e1d98cfffff,부동산,1
8930e1d98cfffff,소매,2
8930e1d98cfffff,수리·개인,2
8930e1d98cfffff,시설관리·임대,1
8930e1d98cfffff,예술·스포츠,2
8930e1d98cfffff,음식,3
8930e1d98d3ffff,교육,1
8930e1d98d3ffff,음식,2
8930e1d98dbffff,과학·기술,11
8930e1d98dbffff,교육,14
8930e1d98dbffff,보건의료,20
8930e1d98dbffff,부동산,7
8930e1d98dbffff,소매,34
8930e1d98dbffff,수리·개인,14
8930e1d98dbffff,숙박,3
8930e1d98dbffff,시설관리·임대,3
8930e1d98dbffff,예술·스포츠,12
8930e1d98dbffff,음식,84
8930e1d9913ffff,과학·기술,1
8930e1d9913ffff,교육,2
8930e1d9913ffff,소매,1
8930e1d9913ffff,수리·개인,1
8930e1d9913ffff,숙박,1
8930e1d9913ffff,예술·스포츠,2
8930e1d9913ffff,음식,1
8930e1d9917ffff,과학·기술,7
8930e1d9917ffff,교육,6
8930e1d9917ffff,소매,6
8930e1d9917ffff,수리·개인,3
8930e1d9917ffff,음식,7
8930e1d994fffff,소매,2
8930e1d994fffff,음식,9
8930e1d9973ffff,소매,1
8930e1d9973ffff,수리·개인,2
8930e1d9973ffff,시설관리·임대,1
8930e1d9973ffff,예술·스포츠,2
8930e1d9973ffff,음식,7
8930e1d998bffff,음식,1
8930e1d998fffff,과학·기술,5
8930e1d998fffff,부동산,1
8930e1d998fffff,소매,5
8930e1d998fffff,시설관리·임대,1
8930e1d998fffff,음식,5
8930e1d99a3ffff,과학·기술,11
8930e1d99a3ffff,교육,3
8930e1d99a3ffff,부동산,2
8930e1d99a3ffff,소매,7
8930e1d99a3ffff,수리·개인,5
8930e1d99a3ffff,시설관리·임대,8
8930e1d99a3ffff,음식,6
8930e1d99a7ffff,과학·기술,10
8930e1d99a7ffff,교육,8
8930e1d99a7ffff,보건의료,2
8930e1d99a7ffff,부동산,16
8930e1d99a7ffff,소매,12
8930e1d99a7ffff,수리·개인,8
8930e1d99a7ffff,숙박,1
8930e1d99a7ffff,시설관리·임대,1
8930e1d99a7ffff,예술·스포츠,2
8930e1d99a7ffff,음식,21
8930e1d99abffff,과학·기술,11
8930e1d99abffff,교육,4
8930e1d99abffff,부동산,3
8930e1d99abffff,소매,14
8930e1d99abffff,수리·개인,8
8930e1d99abffff,숙박,1
8930e1d99abffff,시설관리·임대,2
8930e1d99abffff,음식,6
8930e1d99afffff,과학·기술,5
8930e1d99afffff,교육,2
8930e1d99afffff,소매,7
8930e1d99afffff,수리·개인,1
8930e1d99afffff,시설관리·임대,3
8930e1d99afffff,음식,1
8930e1d99b3ffff,교육,1
8930e1d99b3ffff,소매,1
8930e1d99b3ffff,수리·개인,2
8930e1d99b3ffff,음식,2
8930e1d99b7ffff,과학·기술,17
8930e1d99b7ffff,교육,7
8930e1d99b7ffff,부동산,1
8930e1d99b7ffff,소매,16
8930e1d99b7ffff,수리·개인,4
8930e1d99b7ffff,숙박,1
8930e1d99b7ffff,시설관리·임대,1
8930e1d99b7ffff,예술·스포츠,2
8930e1d99b7ffff,음식,17
8930e1d99bbffff,과학·기술,3
8930e1d99bbffff,교육,2
8930e1d99bbffff,부동산,1
8930e1d99bbffff,소매,9
8930e1d99bbffff,수리·개인,3
8930e1d99bbffff,숙박,1
8930e1d99bbffff,시설관리·임대,1
8930e1d99c3ffff,과학·기술,2
8930e1d99c3ffff,교육,1
8930e1d99c3ffff,보건의료,1
8930e1d99c3ffff,부동산,1
8930e1d99c3ffff,소매,13
8930e1d99c3ffff,수리·개인,6
8930e1d99c3ffff,시설관리·임대,7
8930e1d99c3ffff,음식,4
8930e1d99d3ffff,보건의료,1
8930e1d99d3ffff,소매,1
8930e1d99d3ffff,수리·개인,1
8930e1d99d3ffff,예술·스포츠,1
8930e1d99d3ffff,음식,6
8930e1d99d7ffff,소매,2
8930e1d99dbffff,교육,1
8930e1d99dbffff,소매,1
8930e1d99dbffff,음식,2
8930e1d9a03ffff,교육,1
8930e1d9a03ffff,부동산,2
8930e1d9a03ffff,소매,1
8930e1d9a03ffff,수리·개인,3
8930e1d9a03ffff,음식,1
8930e1d9a07ffff,과학·기술,3
8930e1d9a07ffff,교육,18
8930e1d9a07ffff,부동산,8
8930e1d9a07ffff,소매,5
8930e1d9a07ffff,수리·개인,8
8930e1d9a07ffff,시설관리·임대,1
8930e1d9a07ffff,음식,3
8930e1d9a0bffff,과학·기술,4
8930e1d9a0bffff,교육,9
8930e1d9a0bffff,부동산,4
8930e1d9a0bffff,소매,7
8930e1d9a0bffff,수리·개인,6
8930e1d9a0bffff,시설관리·임대,1
8930e1d9a0bffff,음식,7
8930e1d9a0fffff,과학·기술,3
8930e1d9a0fffff,교육,15
8930e1d9a0fffff,부동산,6
8930e1d9a0fffff,소매,5
8930e1d9a0fffff,수리·개인,2
8930e1d9a0fffff,시설관리·임대,5
8930e1d9a0fffff,예술·스포츠,2
8930e1d9a0fffff,음식,2
8930e1d9a13ffff,과학·기술,9
8930e1d9a13ffff,교육,2
8930e1d9a13ffff,소매,4
8930e1d9a13ffff,수리·개인,5
8930e1d9a13ffff,시설관리·임대,1
8930e1d9a13ffff,음식,1
8930e1d9a1bffff,과학·기술,1
8930e1d9a1bffff,교육,5
8930e1d9a1bffff,보건의료,2
8930e1d9a1bffff,부동산,7
8930e1d9a1bffff,소매,8
8930e1d9a1bffff,수리·개인,3
8930e1d9a1bffff,시설관리·임대,1
8930e1d9a1bffff,음식,3
8930e1d9a23ffff,과학·기술,9
8930e1d9a23ffff,교육,13
8930e1d9a23ffff,보건의료,1
8930e1d9a23ffff,부동산,11
8930e1d9a23ffff,소매,34
8930e1d9a23ffff,수리·개인,27
8930e1d9a23ffff,숙박,2
8930e1d9a23ffff,시설관리·임대,2
8930e1d9a23ffff,예술·스포츠,2
8930e1d9a23ffff,음식,38
8930e1d9a27ffff,과학·기술,21
8930e1d9a27ffff,교육,40
8930e1d9a27ffff,보건의료,2
8930e1d9a27ffff,부동산,10
8930e1d9a27ffff,소매,34
8930e1d9a27ffff,수리·개인,9
8930e1d9a27ffff,숙박,1
8930e1d9a27ffff,시설관리·임대,6
8930e1d9a27ffff,예술·스포츠,7
8930e1d9a27ffff,음식,16
8930e1d9a2bffff,과학·기술,13
8930e1d9a2bffff,교육,9
8930e1d9a2bffff,보건의료,28
8930e1d9a2bffff,부동산,15
8930e1d9a2bffff,소매,108
8930e1d9a2bffff,수리·개인,40
8930e1d9a2bffff,숙박,6
8930e1d9a2bffff,시설관리·임대,6
8930e1d9a2bffff,예술·스포츠,23
8930e1d9a2bffff,음식,192
8930e1d9a2fffff,과학·기술,14
8930e1d9a2fffff,교육,20
8930e1d9a2fffff,보건의료,29
8930e1d9a2fffff,부동산,14
8930e1d9a2fffff,소매,60
8930e1d9a2fffff,수리·개인,24
8930e1d9a2fffff,숙박,2
8930e1d9a2fffff,시설관리·임대,7
8930e1d9a2fffff,예술·스포츠,11
8930e1d9a2fffff,음식,50
8930e1d9a33ffff,과학·기술,12
8930e1d9a33ffff,교육,5
8930e1d9a33ffff,부동산,2
8930e1d9a33ffff,소매,10
8930e1d9a33ffff,수리·개인,10
8930e1d9a33ffff,시설관리·임대,7
8930e1d9a33ffff,음식,3
8930e1d9a37ffff,과학·기술,2
8930e1d9a37ffff,교육,3
8930e1d9a37ffff,부동산,2
8930e1d9a37ffff,소매,1
8930e1d9a37ffff,수리·개인,1
8930e1d9a37ffff,시설관리·임대,1
8930e1d9a37ffff,예술·스포츠,1
8930e1d9a37ffff,음식,1
8930e1d9a3bffff,과학·기술,4
8930e1d9a3bffff,교육,16
8930e1d9a3bffff,보건의료,8
8930e1d9a3bffff,부동산,10
8930e1d9a3bffff,소매,11
8930e1d9a3bffff,수리·개인,7
8930e1d9a3bffff,시설관리·임대,1
8930e1d9a3bffff,예술·스포츠,11
8930e1d9a3bffff,음식,10
8930e1d9a43ffff,과학·기술,7
8930e1d9a43ffff,교육,4
8930e1d9a43ffff,부동산,10
8930e1d9a43ffff,소매,24
8930e1d9a43ffff,수리·개인,31
8930e1d9a43ffff,숙박,1
8930e1d9a43ffff,시설관리·임대,5
8930e1d9a43ffff,예술·스포츠,2
8930e1d9a43ffff,음식,21
8930e1d9a47ffff,과학·기술,13
8930e1d9a47ffff,교육,15
8930e1d9a47ffff,보건의료,22
8930e1d9a47ffff,부동산,15
8930e1d9a47ffff,소매,59
8930e1d9a47ffff,수리·개인,34
8930e1d9a47ffff,숙박,2
8930e1d9a47ffff,시설관리·임대,4
8930e1d9a47ffff,예술·스포츠,13
8930e1d9a47ffff,음식,65
8930e1d9a4bffff,과학·기술,5
8930e1d9a4bffff,교육,2
8930e1d9a4bffff,부동산,1
8930e1d9a4bffff,소매,7
8930e1d9a4bffff,수리·개인,1
8930e1d9a4bffff,시설관리·임대,1
8930e1d9a4bffff,음식,1
8930e1d9a4fffff,과학·기술,13
8930e1d9a4fffff,교육,9
8930e1d9a4fffff,보건의료,4
8930e1d9a4fffff,부동산,4
8930e1d9a4fffff,소매,41
8930e1d9a4fffff,수리·개인,21
8930e1d9a4fffff,숙박,2
8930e1d9a4fffff,시설관리·임대,5
8930e1d9a4fffff,예술·스포츠,2
8930e1d9a4fffff,음식,35
8930e1d9a53ffff,과학·기술,8
8930e1d9a53ffff,교육,2
8930e1d9a53ffff,부동산,3
8930e1d9a53ffff,소매,17
8930e1d9a53ffff,수리·개인,10
8930e1d9a53ffff,시설관리·임대,3
8930e1d9a53ffff,음식,8
8930e1d9a57ffff,과학·기술,14
8930e1d9a57ffff,교육,8
8930e1d9a57ffff,보건의료,7
8930e1d9a57ffff,부동산,11
8930e1d9a57ffff,소매,20
8930e1d9a57ffff,수리·개인,10
8930e1d9a57ffff,숙박,2
8930e1d9a57ffff,시설관리·임대,4
8930e1d9a57ffff,예술·스포츠,6
8930e1d9a57ffff,음식,31
8930e1d9a5bffff,과학·기술,2
8930e1d9a5bffff,교육,1
8930e1d9a5bffff,소매,2
8930e1d9a5bffff,수리·개인,1
8930e1d9a5bffff,시설관리·임대,2
8930e1d9a5bffff,음식,1
8930e1d9a63ffff,과학·기술,14
8930e1d9a63ffff,교육,9
8930e1d9a63ffff,보건의료,3
8930e1d9a63ffff,부동산,5
8930e1d9a63ffff,소매,16
8930e1d9a63ffff,수리·개인,14
8930e1d9a63ffff,숙박,4
8930e1d9a63ffff,시설관리·임대,7
8930e1d9a63ffff,예술·스포츠,4
8930e1d9a63ffff,음식,37
8930e1d9a67ffff,과학·기술,33
8930e1d9a67ffff,교육,14
8930e1d9a67ffff,보건의료,29
8930e1d9a67ffff,부동산,9
8930e1d9a67ffff,소매,67
8930e1d9a67ffff,수리·개인,40
8930e1d9a67ffff,숙박,5
8930e1d9a67ffff,시설관리·임대,8
8930e1d9a67ffff,예술·스포츠,16
8930e1d9a67ffff,음식,164
8930e1d9a6bffff,과학·기술,19
8930e1d9a6bffff,교육,22
8930e1d9a6bffff,부동산,10
8930e1d9a6bffff,소매,20
8930e1d9a6bffff,수리·개인,29
8930e1d9a6bffff,숙박,1
8930e1d9a6bffff,시설관리·임대,4
8930e1d9a6bffff,음식,14
8930e1d9a6fffff,과학·기술,20
8930e1d9a6fffff,교육,16
8930e1d9a6fffff,부동산,6
8930e1d9a6fffff,소매,18
8930e1d9a6fffff,수리·개인,21
8930e1d9a6fffff,숙박,2
8930e1d9a6fffff,시설관리·임대,6
8930e1d9a6fffff,예술·스포츠,8
8930e1d9a6fffff,음식,40
8930e1d9a73ffff,과학·기술,1
8930e1d9a73ffff,교육,5
8930e1d9a73ffff,부동산,1
8930e1d9a73ffff,소매,4
8930e1d9a73ffff,수리·개인,3
8930e1d9a73ffff,시설관리·임대,2
8930e1d9a77ffff,과학·기술,6
8930e1d9a77ffff,교육,3
8930e1d9a77ffff,부동산,1
8930e1d9a77ffff,소매,7
8930e1d9a77ffff,수리·개인,6
8930e1d9a77ffff,숙박,1
8930e1d9a77ffff,시설관리·임대,3
8930e1d9a77ffff,예술·스포츠,1
8930e1d9a77ffff,음식,7
8930e1d9a7bffff,과학·기술,10
8930e1d9a7bffff,교육,27
8930e1d9a7bffff,보건의료,25
8930e1d9a7bffff,부동산,12
8930e1d9a7bffff,소매,58
8930e1d9a7bffff,수리·개인,30
8930e1d9a7bffff,시설관리·임대,6
8930e1d9a7bffff,예술·스포츠,11
8930e1d9a7bffff,음식,64
8930e1d9a8bffff,음식,1
8930e1d9aafffff,소매,1
8930e1d9ac3ffff,과학·기술,5
8930e1d9ac3ffff,교육,3
8930e1d9ac3ffff,부동산,2
8930e1d9ac3ffff,소매,3
8930e1d9ac3ffff,수리·개인,5
8930e1d9ac3ffff,시설관리·임대,1
8930e1d9ac3ffff,음식,4
8930e1d9ac7ffff,음식,1
8930e1d9acbffff,과학·기술,1
8930e1d9acbffff,교육,6
8930e1d9acbffff,부동산,2
8930e1d9acbffff,소매,3
8930e1d9acbffff,수리·개인,2
8930e1d9acbffff,음식,3
8930e1d9acfffff,과학·기술,12
8930e1d9acfffff,교육,10
8930e1d9acfffff,부동산,1
8930e1d9acfffff,소매,9
8930e1d9acfffff,수리·개인,7
8930e1d9acfffff,시설관리·임대,6
8930e1d9acfffff,음식,12
8930e1d9ad3ffff,교육,4
8930e1d9ad3ffff,부동산,3
8930e1d9ad3ffff,소매,2
8930e1d9ad3ffff,음식,2
8930e1d9ad7ffff,과학·기술,1
8930e1d9adbffff,과학·기술,1
8930e1d9adbffff,교육,10
8930e1d9adbffff,보건의료,2
8930e1d9adbffff,부동산,4
8930e1d9adbffff,소매,6
8930e1d9adbffff,수리·개인,8
8930e1d9adbffff,음식,4
8930e1d9b03ffff,과학·기술,15
8930e1d9b03ffff,교육,3
8930e1d9b03ffff,부동산,3
8930e1d9b03ffff,소매,8
8930e1d9b03ffff,수리·개인,5
8930e1d9b03ffff,시설관리·임대,1
8930e1d9b03ffff,음식,1
8930e1d9b07ffff,과학·기술,12
8930e1d9b07ffff,교육,3
8930e1d9b07ffff,보건의료,1
8930e1d9b07ffff,부동산,3
8930e1d9b07ffff,소매,7
8930e1d9b07ffff,수리·개인,4
8930e1d9b07ffff,시설관리·임대,3
8930e1d9b07ffff,예술·스포츠,2
8930e1d9b07ffff,음식,9
8930e1d9b0bffff,과학·기술,11
8930e1d9b0bffff,교육,12
8930e1d9b0bffff,보건의료,1
8930e1d9b0bffff,부동산,2
8930e1d9b0bffff,소매,30
8930e1d9b0bffff,수리·개인,9
8930e1d9b0bffff,시설관리·임대,1
8930e1d9b0bffff,예술·스포츠,2
8930e1d9b0bffff,음식,10
8930e1d9b0fffff,과학·기술,3
8930e1d9b0fffff,교육,1
8930e1d9b0fffff,소매,4
8930e1d9b0fffff,수리·개인,2
8930e1d9b0fffff,예술·스포츠,1
8930e1d9b13ffff,교육,1
8930e1d9b13ffff,음식,1
8930e1d9b17ffff,과학·기술,2
8930e1d9b17ffff,교육,1
8930e1d9b1bffff,과학·기술,10
8930e1d9b1bffff,교육,32
8930e1d9b1bffff,보건의료,1
8930e1d9b1bffff,부동산,10
8930e1d9b1bffff,소매,14
8930e1d9b1bffff,수리·개인,4
8930e1d9b1bffff,음식,12
8930e1d9b23ffff,과학·기술,22
8930e1d9b23ffff,교육,23
8930e1d9b23ffff,보건의료,15
8930e1d9b23ffff,부동산,7
8930e1d9b23ffff,소매,40
8930e1d9b23ffff,수리·개인,30
8930e1d9b23ffff,숙박,1
8930e1d9b23ffff,시설관리·임대,2
8930e1d9b23ffff,예술·스포츠,13
8930e1d9b23ffff,음식,83
8930e1d9b27ffff,과학·기술,4
8930e1d9b27ffff,교육,2
8930e1d9b27ffff,부동산,1
8930e1d9b27ffff,소매,4
8930e1d9b27ffff,수리·개인,2
8930e1d9b27ffff,예술·스포츠,1
8930e1d9b27ffff,음식,9
8930e1d9b2bffff,과학·기술,6
8930e1d9b2bffff,교육,5
8930e1d9b2bffff,보건의료,4
8930e1d9b2bffff,부동산,1
8930e1d9b2bffff,소매,5
8930e1d9b2bffff,수리·개인,3
8930e1d9b2bffff,숙박,1
8930e1d9b2bffff,예술·스포츠,1
8930e1d9b2bffff,음식,7
8930e1d9b2fffff,과학·기술,3
8930e1d9b2fffff,교육,3
8930e1d9b2fffff,소매,6
8930e1d9b2fffff,시설관리·임대,1
8930e1d9b2fffff,음식,2
8930e1d9b33ffff,과학·기술,24
8930e1d9b33ffff,교육,23
8930e1d9b33ffff,보건의료,4
8930e1d9b33ffff,부동산,1
8930e1d9b33ffff,소매,12
8930e1d9b33ffff,수리·개인,9
8930e1d9b33ffff,예술·스포츠,12
8930e1d9b33ffff,음식,43
8930e1d9b37ffff,과학·기술,32
8930e1d9b37ffff,교육,8
8930e1d9b37ffff,보건의료,1
8930e1d9b37ffff,소매,10
8930e1d9b37ffff,수리·개인,4
8930e1d9b37ffff,시설관리·임대,3
8930e1d9b37ffff,예술·스포츠,4
8930e1d9b37ffff,음식,3
8930e1d9b3bffff,과학·기술,22
8930e1d9b3bffff,교육,19
8930e1d9b3bffff,보건의료,3
8930e1d9b3bffff,부동산,6
8930e1d9b3bffff,소매,26
8930e1d9b3bffff,수리·개인,13
8930e1d9b3bffff,시설관리·임대,1
8930e1d9b3bffff,예술·스포츠,7
8930e1d9b3bffff,음식,38
8930e1d9b43ffff,과학·기술,20
8930e1d9b43ffff,교육,13
8930e1d9b43ffff,보건의료,1
8930e1d9b43ffff,부동산,7
8930e1d9b43ffff,소매,16
8930e1d9b43ffff,수리·개인,13
8930e1d9b43ffff,숙박,1
8930e1d9b43ffff,시설관리·임대,1
8930e1d9b43ffff,예술·스포츠,8
8930e1d9b43ffff,음식,21
8930e1d9b47ffff,과학·기술,31
8930e1d9b47ffff,교육,25
8930e1d9b47ffff,보건의료,13
8930e1d9b47ffff,부동산,14
8930e1d9b47ffff,소매,38
8930e1d9b47ffff,수리·개인,18
8930e1d9b47ffff,숙박,1
8930e1d9b47ffff,시설관리·임대,8
8930e1d9b47ffff,예술·스포츠,12
8930e1d9b47ffff,음식,39
8930e1d9b4bffff,과학·기술,29
8930e1d9b4bffff,교육,12
8930e1d9b4bffff,보건의료,1
8930e1d9b4bffff,부동산,9
8930e1d9b4bffff,소매,20
8930e1d9b4bffff,수리·개인,18
8930e1d9b4bffff,숙박,3
8930e1d9b4bffff,시설관리·임대,3
8930e1d9b4bffff,음식,16
8930e1d9b4fffff,과학·기술,63
8930e1d9b4fffff,교육,6
8930e1d9b4fffff,보건의료,5
8930e1d9b4fffff,부동산,14
8930e1d9b4fffff,소매,27
8930e1d9b4fffff,수리·개인,17
8930e1d9b4fffff,숙박,1
8930e1d9b4fffff,시설관리·임대,18
8930e1d9b4fffff,예술·스포츠,9
8930e1d9b4fffff,음식,29
8930e1d9b53ffff,과학·기술,28
8930e1d9b53ffff,교육,16
8930e1d9b53ffff,부동산,10
8930e1d9b53ffff,소매,25
8930e1d9b53ffff,수리·개인,18
8930e1d9b53ffff,숙박,2
8930e1d9b53ffff,시설관리·임대,4
8930e1d9b53ffff,예술·스포츠,5
8930e1d9b53ffff,음식,65
8930e1d9b57ffff,과학·기술,27
8930e1d9b57ffff,교육,36
8930e1d9b57ffff,보건의료,16
8930e1d9b57ffff,부동산,6
8930e1d9b57ffff,소매,24
8930e1d9b57ffff,수리·개인,13
8930e1d9b57ffff,시설관리·임대,7
8930e1d9b57ffff,예술·스포츠,10
8930e1d9b57ffff,음식,21
8930e1d9b5bffff,과학·기술,28
8930e1d9b5bffff,교육,20
8930e1d9b5bffff,보건의료,1
8930e1d9b5bffff,부동산,2
8930e1d9b5bffff,소매,26
8930e1d9b5bffff,수리·개인,11
8930e1d9b5bffff,숙박,1
8930e1d9b5bffff,시설관리·임대,5
8930e1d9b5bffff,예술·스포츠,3
8930e1d9b5bffff,음식,13
8930e1d9b63ffff,과학·기술,7
8930e1d9b63ffff,교육,4
8930e1d9b63ffff,소매,3
8930e1d9b63ffff,수리·개인,2
8930e1d9b63ffff,시설관리·임대,1
8930e1d9b63ffff,음식,3
8930e1d9b6bffff,과학·기술,72
8930e1d9b6bffff,교육,9
8930e1d9b6bffff,보건의료,2
8930e1d9b6bffff,부동산,11
8930e1d9b6bffff,소매,27
8930e1d9b6bffff,수리·개인,15
8930e1d9b6bffff,시설관리·임대,9
8930e1d9b6bffff,예술·스포츠,2
8930e1d9b6bffff,음식,16
8930e1d9b6fffff,과학·기술,19
8930e1d9b6fffff,교육,5
8930e1d9b6fffff,부동산,2
8930e1d9b6fffff,소매,9
8930e1d9b6fffff,수리·개인,1
8930e1d9b6fffff,시설관리·임대,5
8930e1d9b6fffff,예술·스포츠,1
8930e1d9b6fffff,음식,3
8930e1d9b73ffff,과학·기술,10
8930e1d9b73ffff,교육,4
8930e1d9b73ffff,소매,7
8930e1d9b73ffff,수리·개인,5
8930e1d9b73ffff,시설관리·임대,6
8930e1d9b73ffff,예술·스포츠,2
8930e1d9b73ffff,음식,13
8930e1d9b77ffff,과학·기술,3
8930e1d9b77ffff,교육,1
8930e1d9b77ffff,소매,1
8930e1d9b77ffff,음식,1
8930e1d9b7bffff,과학·기술,54
8930e1d9b7bffff,교육,17
8930e1d9b7bffff,보건의료,5
8930e1d9b7bffff,부동산,15
8930e1d9b7bffff,소매,32
8930e1d9b7bffff,수리·개인,15
8930e1d9b7bffff,시설관리·임대,9
8930e1d9b7bffff,예술·스포츠,6
8930e1d9b7bffff,음식,46
8930e1d9b83ffff,과학·기술,1
8930e1d9b83ffff,수리·개인,1
8930e1d9b87ffff,과학·기술,1
8930e1d9b87ffff,교육,1
8930e1d9b87ffff,보건의료,1
8930e1d9b87ffff,수리·개인,1
8930e1d9b87ffff,시설관리·임대,1
8930e1d9b87ffff,예술·스포츠,1
8930e1d9b8bffff,과학·기술,15
8930e1d9b8bffff,교육,18
8930e1d9b8bffff,보건의료,1
8930e1d9b8bffff,부동산,47
8930e1d9b8bffff,소매,69
8930e1d9b8bffff,수리·개인,14
8930e1d9b8bffff,시설관리·임대,10
8930e1d9b8bffff,예술·스포츠,3
8930e1d9b8bffff,음식,16
8930e1d9b8fffff,교육,4
8930e1d9b8fffff,소매,1
8930e1d9ba3ffff,과학·기술,3
8930e1d9ba3ffff,교육,14
8930e1d9ba3ffff,보건의료,3
8930e1d9ba3ffff,부동산,22
8930e1d9ba3ffff,소매,22
8930e1d9ba3ffff,수리·개인,12
8930e1d9ba3ffff,시설관리·임대,1
8930e1d9ba3ffff,음식,15
8930e1d9ba7ffff,과학·기술,1
8930e1d9ba7ffff,교육,1
8930e1d9ba7ffff,보건의료,2
8930e1d9ba7ffff,소매,7
8930e1d9ba7ffff,음식,2
8930e1d9babffff,소매,3
8930e1d9babffff,예술·스포츠,2
8930e1d9bafffff,과학·기술,1
8930e1d9bafffff,교육,15
8930e1d9bafffff,보건의료,5
8930e1d9bafffff,부동산,2
8930e1d9bafffff,소매,13
8930e1d9bafffff,수리·개인,9
8930e1d9bafffff,예술·스포츠,2
8930e1d9bafffff,음식,5
8930e1d9bb3ffff,음식,1
8930e1d9bb7ffff,과학·기술,1
8930e1d9bb7ffff,교육,1
8930e1d9bb7ffff,보건의료,3
8930e1d9bb7ffff,소매,2
8930e1d9bb7ffff,음식,1
8930e1d9bbbffff,교육,7
8930e1d9bc3ffff,과학·기술,18
8930e1d9bc3ffff,교육,11
8930e1d9bc3ffff,보건의료,1
8930e1d9bc3ffff,부동산,4
8930e1d9bc3ffff,소매,21
8930e1d9bc3ffff,수리·개인,7
8930e1d9bc3ffff,숙박,1
8930e1d9bc3ffff,시설관리·임대,5
8930e1d9bc3ffff,예술·스포츠,1
8930e1d9bc3ffff,음식,12
8930e1d9bc7ffff,과학·기술,14
8930e1d9bc7ffff,교육,11
8930e1d9bc7ffff,보건의료,3
8930e1d9bc7ffff,부동산,3
8930e1d9bc7ffff,소매,10
8930e1d9bc7ffff,수리·개인,8
8930e1d9bc7ffff,숙박,1
8930e1d9bc7ffff,시설관리·임대,5
8930e1d9bc7ffff,예술·스포츠,6
8930e1d9bc7ffff,음식,25
8930e1d9bcbffff,과학·기술,27
8930e1d9bcbffff,교육,15
8930e1d9bcbffff,보건의료,4
8930e1d9bcbffff,부동산,9
8930e1d9bcbffff,소매,54
8930e1d9bcbffff,수리·개인,22
8930e1d9bcbffff,시설관리·임대,8
8930e1d9bcbffff,예술·스포츠,2
8930e1d9bcbffff,음식,35
8930e1d9bcfffff,과학·기술,22
8930e1d9bcfffff,교육,13
8930e1d9bcfffff,부동산,5
8930e1d9bcfffff,소매,27
8930e1d9bcfffff,수리·개인,21
8930e1d9bcfffff,숙박,5
8930e1d9bcfffff,시설관리·임대,6
8930e1d9bcfffff,예술·스포츠,14
8930e1d9bcfffff,음식,62
8930e1d9bd7ffff,교육,1
8930e1d9bd7ffff,시설관리·임대,1
8930e1d9bdbffff,과학·기술,3
8930e1d9bdbffff,교육,3
8930e1d9bdbffff,부동산,4
8930e1d9bdbffff,소매,2
8930e1d9bdbffff,음식,1
8930e1d9c07ffff,과학·기술,6
8930e1d9c07ffff,교육,6
8930e1d9c07ffff,보건의료,2
8930e1d9c07ffff,부동산,5
8930e1d9c07ffff,소매,11
8930e1d9c07ffff,수리·개인,3
8930e1d9c07ffff,시설관리·임대,1
8930e1d9c07ffff,예술·스포츠,1
8930e1d9c07ffff,음식,12
8930e1d9c17ffff,과학·기술,18
8930e1d9c17ffff,부동산,5
8930e1d9c17ffff,소매,16
8930e1d9c17ffff,수리·개인,7
8930e1d9c17ffff,시설관리·임대,7
8930e1d9c17ffff,예술·스포츠,1
8930e1d9c17ffff,음식,3
8930e1d9c23ffff,과학·기술,3
8930e1d9c23ffff,부동산,1
8930e1d9c23ffff,소매,3
8930e1d9c23ffff,수리·개인,1
8930e1d9c23ffff,숙박,1
8930e1d9c23ffff,시설관리·임대,2
8930e1d9c23ffff,음식,6
8930e1d9c27ffff,과학·기술,19
8930e1d9c27ffff,부동산,4
8930e1d9c27ffff,소매,6
8930e1d9c27ffff,수리·개인,3
8930e1d9c27ffff,예술·스포츠,1
8930e1d9c27ffff,음식,5
8930e1d9c2fffff,과학·기술,1
8930e1d9c2fffff,교육,4
8930e1d9c2fffff,보건의료,1
8930e1d9c2fffff,부동산,2
8930e1d9c2fffff,소매,4
8930e1d9c2fffff,수리·개인,4
8930e1d9c2fffff,예술·스포츠,1
8930e1d9c2fffff,음식,19
8930e1d9c33ffff,과학·기술,18
8930e1d9c33ffff,교육,4
8930e1d9c33ffff,보건의료,1
8930e1d9c33ffff,부동산,9
8930e1d9c33ffff,소매,19
8930e1d9c33ffff,수리·개인,5
8930e1d9c33ffff,숙박,6
8930e1d9c33ffff,시설관리·임대,3
8930e1d9c33ffff,예술·스포츠,2
8930e1d9c33ffff,음식,68
8930e1d9c37ffff,과학·기술,11
8930e1d9c37ffff,교육,6
8930e1d9c37ffff,보건의료,5
8930e1d9c37ffff,부동산,7
8930e1d9c37ffff,소매,13
8930e1d9c37ffff,수리·개인,6
8930e1d9c37ffff,숙박,2
8930e1d9c37ffff,시설관리·임대,4
8930e1d9c37ffff,예술·스포츠,6
8930e1d9c37ffff,음식,85
8930e1d9c3bffff,과학·기술,1
8930e1d9c3bffff,숙박,1
8930e1d9c3bffff,음식,1
8930e1d9c4bffff,과학·기술,6
8930e1d9c4bffff,교육,5
8930e1d9c4bffff,보건의료,4
8930e1d9c4bffff,부동산,8
8930e1d9c4bffff,소매,13
8930e1d9c4bffff,수리·개인,8
8930e1d9c4bffff,숙박,4
8930e1d9c4bffff,시설관리·임대,3
8930e1d9c4bffff,예술·스포츠,3
8930e1d9c4bffff,음식,14
8930e1d9c4fffff,과학·기술,3
8930e1d9c4fffff,교육,1
8930e1d9c4fffff,소매,2
8930e1d9c4fffff,수리·개인,1
8930e1d9c4fffff,시설관리·임대,1
8930e1d9c4fffff,음식,3
8930e1d9c5bffff,과학·기술,1
8930e1d9c5bffff,교육,1
8930e1d9c5bffff,부동산,4
8930e1d9c5bffff,소매,3
8930e1d9c5bffff,수리·개인,1
8930e1d9c5bffff,숙박,1
8930e1d9c5bffff,음식,4
8930e1d9c73ffff,소매,3
8930e1d9c73ffff,음식,1
8930e1d9c87ffff,과학·기술,1
8930e1d9c87ffff,교육,1
8930e1d9c87ffff,부동산,1
8930e1d9c87ffff,소매,4
8930e1d9c87ffff,수리·개인,3
8930e1d9c87ffff,숙박,1
8930e1d9c87ffff,시설관리·임대,1
8930e1d9c87ffff,음식,3
8930e1d9c8fffff,과학·기술,7
8930e1d9c8fffff,교육,8
8930e1d9c8fffff,보건의료,3
8930e1d9c8fffff,부동산,8
8930e1d9c8fffff,소매,14
8930e1d9c8fffff,수리·개인,9
8930e1d9c8fffff,시설관리·임대,1
8930e1d9c8fffff,음식,17
8930e1d9c97ffff,부동산,1
8930e1d9c97ffff,시설관리·임대,1
8930e1d9c97ffff,음식,2
8930e1d9ca7ffff,소매,3
8930e1d9cabffff,과학·기술,4
8930e1d9cabffff,교육,1
8930e1d9cabffff,부동산,3
8930e1d9cabffff,소매,7
8930e1d9cabffff,수리·개인,1
8930e1d9cabffff,음식,6
8930e1d9cafffff,과학·기술,12
8930e1d9cafffff,교육,7
8930e1d9cafffff,부동산,3
8930e1d9cafffff,소매,56
8930e1d9cafffff,수리·개인,8
8930e1d9cafffff,숙박,1
8930e1d9cafffff,시설관리·임대,10
8930e1d9cafffff,예술·스포츠,2
8930e1d9cafffff,음식,64
8930e1d9cb7ffff,과학·기술,4
8930e1d9cb7ffff,교육,4
8930e1d9cb7ffff,보건의료,1
8930e1d9cb7ffff,소매,143
8930e1d9cb7ffff,수리·개인,17
8930e1d9cb7ffff,숙박,9
8930e1d9cb7ffff,시설관리·임대,4
8930e1d9cb7ffff,예술·스포츠,2
8930e1d9cb7ffff,음식,19
8930e1d9d13ffff,과학·기술,33
8930e1d9d13ffff,교육,3
8930e1d9d13ffff,보건의료,2
8930e1d9d13ffff,부동산,1
8930e1d9d13ffff,소매,30
8930e1d9d13ffff,수리·개인,8
8930e1d9d13ffff,시설관리·임대,10
8930e1d9d13ffff,음식,79
8930e1d9d17ffff,과학·기술,1
8930e1d9d17ffff,소매,2
8930e1d9d17ffff,시설관리·임대,1
8930e1d9d17ffff,예술·스포츠,1
8930e1d9d17ffff,음식,12
8930e1d9d43ffff,교육,2
8930e1d9d43ffff,부동산,13
8930e1d9d43ffff,소매,4
8930e1d9d43ffff,수리·개인,5
8930e1d9d43ffff,시설관리·임대,1
8930e1d9d43ffff,예술·스포츠,1
8930e1d9d43ffff,음식,8
8930e1d9d4bffff,과학·기술,1
8930e1d9d4bffff,교육,1
8930e1d9d4bffff,보건의료,4
8930e1d9d4bffff,부동산,1
8930e1d9d4bffff,소매,43
8930e1d9d4bffff,수리·개인,5
8930e1d9d4bffff,시설관리·임대,1
8930e1d9d4bffff,예술·스포츠,1
8930e1d9d4bffff,음식,10
8930e1d9d4fffff,과학·기술,5
8930e1d9d4fffff,교육,6
8930e1d9d4fffff,보건의료,2
8930e1d9d4fffff,부동산,4
8930e1d9d4fffff,소매,23
8930e1d9d4fffff,수리·개인,9
8930e1d9d4fffff,예술·스포츠,1
8930e1d9d4fffff,음식,65
8930e1d9d53ffff,과학·기술,6
8930e1d9d53ffff,교육,1
8930e1d9d53ffff,부동산,3
8930e1d9d53ffff,수리·개인,6
8930e1d9d53ffff,시설관리·임대,1
8930e1d9d53ffff,음식,7
8930e1d9d5bffff,과학·기술,3
8930e1d9d5bffff,교육,7
8930e1d9d5bffff,보건의료,6
8930e1d9d5bffff,부동산,7
8930e1d9d5bffff,소매,14
8930e1d9d5bffff,수리·개인,8
8930e1d9d5bffff,숙박,1
8930e1d9d5bffff,시설관리·임대,1
8930e1d9d5bffff,예술·스포츠,2
8930e1d9d5bffff,음식,9
8930e1d9d6bffff,과학·기술,1
8930e1d9d6bffff,소매,2
8930e1d9d73ffff,소매,1
8930e1d9d73ffff,음식,11
8930e1d9d83ffff,과학·기술,7
8930e1d9d83ffff,교육,6
8930e1d9d83ffff,보건의료,1
8930e1d9d83ffff,부동산,1
8930e1d9d83ffff,소매,7
8930e1d9d83ffff,수리·개인,1
8930e1d9d83ffff,숙박,1
8930e1d9d83ffff,시설관리·임대,2
8930e1d9d83ffff,예술·스포츠,1
8930e1d9d83ffff,음식,38
8930e1d9d87ffff,과학·기술,10
8930e1d9d87ffff,교육,9
8930e1d9d87ffff,보건의료,1
8930e1d9d87ffff,부동산,8
8930e1d9d87ffff,소매,20
8930e1d9d87ffff,수리·개인,6
8930e1d9d87ffff,시설관리·임대,3
8930e1d9d87ffff,음식,31
8930e1d9d8bffff,과학·기술,24
8930e1d9d8bffff,교육,8
8930e1d9d8bffff,부동산,14
8930e1d9d8bffff,소매,35
8930e1d9d8bffff,수리·개인,7
8930e1d9d8bffff,시설관리·임대,6
8930e1d9d8bffff,예술·스포츠,1
8930e1d9d8bffff,음식,50
8930e1d9d8fffff,과학·기술,24
8930e1d9d8fffff,교육,7
8930e1d9d8fffff,보건의료,3
8930e1d9d8fffff,부동산,19
8930e1d9d8fffff,소매,35
8930e1d9d8fffff,수리·개인,12
8930e1d9d8fffff,숙박,7
8930e1d9d8fffff,시설관리·임대,4
8930e1d9d8fffff,예술·스포츠,8
8930e1d9d8fffff,음식,103
8930e1d9d93ffff,과학·기술,9
8930e1d9d93ffff,교육,8
8930e1d9d93ffff,보건의료,4
8930e1d9d93ffff,부동산,12
8930e1d9d93ffff,소매,16
8930e1d9d93ffff,수리·개인,7
8930e1d9d93ffff,시설관리·임대,3
8930e1d9d93ffff,예술·스포츠,1
8930e1d9d93ffff,음식,41
8930e1d9d97ffff,과학·기술,3
8930e1d9d97ffff,교육,2
8930e1d9d97ffff,부동산,2
8930e1d9d97ffff,소매,4
8930e1d9d9bffff,과학·기술,1
8930e1d9d9bffff,소매,3
8930e1d9d9bffff,시설관리·임대,1
8930e1d9d9bffff,음식,6
8930e1d9da3ffff,과학·기술,1
8930e1d9da3ffff,소매,1
8930e1d9da3ffff,시설관리·임대,2
8930e1d9da3ffff,음식,4
8930e1d9dabffff,소매,10
8930e1d9dabffff,수리·개인,1
8930e1d9dabffff,시설관리·임대,1
8930e1d9dabffff,음식,6
8930e1d9dbbffff,과학·기술,3
8930e1d9dbbffff,소매,6
8930e1d9dbbffff,시설관리·임대,1
8930e1d9dbbffff,음식,4
8930e1d9dc3ffff,과학·기술,94
8930e1d9dc3ffff,교육,19
8930e1d9dc3ffff,보건의료,30
8930e1d9dc3ffff,부동산,16
8930e1d9dc3ffff,소매,97
8930e1d9dc3ffff,수리·개인,35
8930e1d9dc3ffff,숙박,2
8930e1d9dc3ffff,시설관리·임대,22
8930e1d9dc3ffff,예술·스포츠,6
8930e1d9dc3ffff,음식,95
8930e1d9dc7ffff,과학·기술,43
8930e1d9dc7ffff,교육,12
8930e1d9dc7ffff,보건의료,1
8930e1d9dc7ffff,부동산,14
8930e1d9dc7ffff,소매,43
8930e1d9dc7ffff,수리·개인,8
8930e1d9dc7ffff,시설관리·임대,12
8930e1d9dc7ffff,예술·스포츠,5
8930e1d9dc7ffff,음식,166
8930e1d9dcbffff,과학·기술,17
8930e1d9dcbffff,교육,16
8930e1d9dcbffff,보건의료,9
8930e1d9dcbffff,부동산,32
8930e1d9dcbffff,소매,28
8930e1d9dcbffff,수리·개인,21
8930e1d9dcbffff,시설관리·임대,1
8930e1d9dcbffff,예술·스포츠,5
8930e1d9dcbffff,음식,69
8930e1d9dcfffff,과학·기술,1
8930e1d9dcfffff,소매,8
8930e1d9dcfffff,수리·개인,2
8930e1d9dcfffff,음식,14
8930e1d9dd3ffff,과학·기술,1
8930e1d9dd3ffff,보건의료,3
8930e1d9dd3ffff,소매,130
8930e1d9dd3ffff,수리·개인,9
8930e1d9dd3ffff,시설관리·임대,2
8930e1d9dd3ffff,예술·스포츠,2
8930e1d9dd3ffff,음식,108
8930e1d9dd7ffff,과학·기술,11
8930e1d9dd7ffff,교육,3
8930e1d9dd7ffff,부동산,9
8930e1d9dd7ffff,소매,9
8930e1d9dd7ffff,수리·개인,5
8930e1d9dd7ffff,시설관리·임대,1
8930e1d9dd7ffff,예술·스포츠,3
8930e1d9dd7ffff,음식,25
8930e1d9ddbffff,과학·기술,2
8930e1d9ddbffff,교육,7
8930e1d9ddbffff,보건의료,6
8930e1d9ddbffff,부동산,13
8930e1d9ddbffff,소매,16
8930e1d9ddbffff,수리·개인,19
8930e1d9ddbffff,숙박,1
8930e1d9ddbffff,시설관리·임대,5
8930e1d9ddbffff,예술·스포츠,3
8930e1d9ddbffff,음식,24
8930e1d9e03ffff,수리·개인,1
8930e1d9e03ffff,음식,1
8930e1d9e07ffff,과학·기술,1
8930e1d9e07ffff,교육,7
8930e1d9e07ffff,부동산,8
8930e1d9e07ffff,소매,3
8930e1d9e07ffff,수리·개인,2
8930e1d9e0bffff,소매,1
8930e1d9e13ffff,과학·기술,17
8930e1d9e13ffff,교육,12
8930e1d9e13ffff,부동산,4
8930e1d9e13ffff,소매,14
8930e1d9e13ffff,수리·개인,8
8930e1d9e13ffff,숙박,9
8930e1d9e13ffff,시설관리·임대,3
8930e1d9e13ffff,예술·스포츠,1
8930e1d9e13ffff,음식,49
8930e1d9e17ffff,과학·기술,5
8930e1d9e17ffff,교육,1
8930e1d9e17ffff,부동산,1
8930e1d9e17ffff,소매,2
8930e1d9e17ffff,수리·개인,1
8930e1d9e17ffff,시설관리·임대,3
8930e1d9e17ffff,예술·스포츠,2
8930e1d9e17ffff,음식,2
8930e1d9e1bffff,과학·기술,5
8930e1d9e1bffff,교육,15
8930e1d9e1bffff,보건의료,1
8930e1d9e1bffff,부동산,7
8930e1d9e1bffff,소매,8
8930e1d9e1bffff,수리·개인,15
8930e1d9e1bffff,숙박,2
8930e1d9e1bffff,시설관리·임대,5
8930e1d9e1bffff,예술·스포츠,2
8930e1d9e1bffff,음식,14
8930e1d9e23ffff,과학·기술,1
8930e1d9e23ffff,교육,1
8930e1d9e23ffff,소매,2
8930e1d9e23ffff,수리·개인,3
8930e1d9e23ffff,시설관리·임대,2
8930e1d9e23ffff,음식,2
8930e1d9e27ffff,과학·기술,6
8930e1d9e27ffff,교육,3
8930e1d9e27ffff,보건의료,3
8930e1d9e27ffff,부동산,2
8930e1d9e27ffff,소매,3
8930e1d9e27ffff,수리·개인,1
8930e1d9e27ffff,음식,4
8930e1d9e2bffff,과학·기술,1
8930e1d9e2fffff,소매,1
8930e1d9e33ffff,과학·기술,4
8930e1d9e33ffff,교육,3
8930e1d9e33ffff,부동산,5
8930e1d9e33ffff,소매,4
8930e1d9e33ffff,수리·개인,3
8930e1d9e33ffff,음식,4
8930e1d9e37ffff,과학·기술,4
8930e1d9e37ffff,교육,2
8930e1d9e37ffff,부동산,4
8930e1d9e37ffff,소매,19
8930e1d9e37ffff,수리·개인,7
8930e1d9e37ffff,시설관리·임대,3
8930e1d9e37ffff,음식,19
8930e1d9e3bffff,과학·기술,2
8930e1d9e3bffff,교육,1
8930e1d9e3bffff,소매,2
8930e1d9e3bffff,수리·개인,1
8930e1d9e43ffff,과학·기술,11
8930e1d9e43ffff,교육,24
8930e1d9e43ffff,보건의료,8
8930e1d9e43ffff,부동산,15
8930e1d9e43ffff,소매,14
8930e1d9e43ffff,수리·개인,10
8930e1d9e43ffff,숙박,1
8930e1d9e43ffff,시설관리·임대,1
8930e1d9e43ffff,예술·스포츠,5
8930e1d9e43ffff,음식,29
8930e1d9e47ffff,과학·기술,7
8930e1d9e47ffff,교육,9
8930e1d9e47ffff,보건의료,4
8930e1d9e47ffff,부동산,3
8930e1d9e47ffff,소매,15
8930e1d9e47ffff,수리·개인,7
8930e1d9e47ffff,숙박,5
8930e1d9e47ffff,시설관리·임대,5
8930e1d9e47ffff,예술·스포츠,6
8930e1d9e47ffff,음식,37
8930e1d9e4bffff,교육,1
8930e1d9e4bffff,수리·개인,2
8930e1d9e4fffff,과학·기술,13
8930e1d9e4fffff,교육,11
8930e1d9e4fffff,보건의료,1
8930e1d9e4fffff,부동산,7
8930e1d9e4fffff,소매,22
8930e1d9e4fffff,수리·개인,22
8930e1d9e4fffff,숙박,3
8930e1d9e4fffff,시설관리·임대,3
8930e1d9e4fffff,예술·스포츠,5
8930e1d9e4fffff,음식,19
8930e1d9e53ffff,과학·기술,2
8930e1d9e53ffff,교육,2
8930e1d9e53ffff,부동산,1
8930e1d9e53ffff,소매,5
8930e1d9e53ffff,수리·개인,1
8930e1d9e53ffff,음식,2
8930e1d9e57ffff,과학·기술,6
8930e1d9e57ffff,교육,33
8930e1d9e57ffff,보건의료,20
8930e1d9e57ffff,부동산,6
8930e1d9e57ffff,소매,37
8930e1d9e57ffff,수리·개인,22
8930e1d9e57ffff,숙박,5
8930e1d9e57ffff,시설관리·임대,2
8930e1d9e57ffff,예술·스포츠,11
8930e1d9e57ffff,음식,55
8930e1d9e5bffff,과학·기술,1
8930e1d9e5bffff,소매,2
8930e1d9e5bffff,수리·개인,2
8930e1d9e63ffff,교육,1
8930e1d9e63ffff,소매,3
8930e1d9e63ffff,수리·개인,1
8930e1d9e63ffff,음식,3
8930e1d9e6bffff,교육,12
8930e1d9e6bffff,보건의료,1
8930e1d9e6bffff,소매,1
8930e1d9e6bffff,수리·개인,1
8930e1d9e6bffff,숙박,1
8930e1d9e6bffff,예술·스포츠,1
8930e1d9e6bffff,음식,2
8930e1d9e6fffff,과학·기술,2
8930e1d9e6fffff,소매,2
8930e1d9e7bffff,과학·기술,9
8930e1d9e7bffff,교육,5
8930e1d9e7bffff,소매,13
8930e1d9e7bffff,수리·개인,4
8930e1d9e7bffff,숙박,11
8930e1d9e7bffff,시설관리·임대,8
8930e1d9e7bffff,예술·스포츠,18
8930e1d9e7bffff,음식,85
8930e1d9e83ffff,과학·기술,1
8930e1d9e83ffff,교육,19
8930e1d9e83ffff,보건의료,1
8930e1d9e83ffff,부동산,3
8930e1d9e83ffff,소매,10
8930e1d9e83ffff,수리·개인,13
8930e1d9e83ffff,시설관리·임대,1
8930e1d9e83ffff,음식,5
8930e1d9e87ffff,수리·개인,1
8930e1d9e8bffff,과학·기술,2
8930e1d9e8bffff,교육,5
8930e1d9e8bffff,보건의료,7
8930e1d9e8bffff,부동산,7
8930e1d9e8bffff,소매,6
8930e1d9e8bffff,수리·개인,6
8930e1d9e8bffff,숙박,4
8930e1d9e8bffff,시설관리·임대,2
8930e1d9e8bffff,예술·스포츠,2
8930e1d9e8bffff,음식,16
8930e1d9e8fffff,과학·기술,3
8930e1d9e8fffff,보건의료,1
8930e1d9e8fffff,소매,1
8930e1d9e8fffff,시설관리·임대,1
8930e1d9e8fffff,음식,4
8930e1d9e93ffff,과학·기술,3
8930e1d9e93ffff,교육,2
8930e1d9e93ffff,소매,1
8930e1d9e93ffff,숙박,10
8930e1d9e93ffff,예술·스포츠,1
8930e1d9e93ffff,음식,1
8930e1d9e97ffff,과학·기술,4
8930e1d9e97ffff,교육,14
8930e1d9e97ffff,부동산,7
8930e1d9e97ffff,소매,10
8930e1d9e97ffff,수리·개인,6
8930e1d9e97ffff,숙박,2
8930e1d9e97ffff,시설관리·임대,3
8930e1d9e97ffff,예술·스포츠,1
8930e1d9e97ffff,음식,9
8930e1d9e9bffff,과학·기술,5
8930e1d9e9bffff,교육,6
8930e1d9e9bffff,보건의료,3
8930e1d9e9bffff,부동산,5
8930e1d9e9bffff,소매,6
8930e1d9e9bffff,수리·개인,8
8930e1d9e9bffff,숙박,1
8930e1d9e9bffff,예술·스포츠,1
8930e1d9e9bffff,음식,17
8930e1d9ea3ffff,과학·기술,5
8930e1d9ea3ffff,교육,5
8930e1d9ea3ffff,소매,3
8930e1d9ea3ffff,수리·개인,4
8930e1d9ea3ffff,숙박,2
8930e1d9ea3ffff,시설관리·임대,2
8930e1d9ea3ffff,음식,7
8930e1d9ea7ffff,과학·기술,3
8930e1d9ea7ffff,교육,6
8930e1d9ea7ffff,부동산,10
8930e1d9ea7ffff,소매,9
8930e1d9ea7ffff,수리·개인,9
8930e1d9ea7ffff,예술·스포츠,2
8930e1d9ea7ffff,음식,16
8930e1d9eabffff,과학·기술,3
8930e1d9eabffff,교육,1
8930e1d9eabffff,소매,4
8930e1d9eabffff,수리·개인,3
8930e1d9eabffff,숙박,1
8930e1d9eabffff,시설관리·임대,4
8930e1d9eabffff,예술·스포츠,6
8930e1d9eabffff,음식,37
8930e1d9eafffff,과학·기술,7
8930e1d9eafffff,교육,16
8930e1d9eafffff,보건의료,15
8930e1d9eafffff,부동산,12
8930e1d9eafffff,소매,73
8930e1d9eafffff,수리·개인,25
8930e1d9eafffff,숙박,1
8930e1d9eafffff,시설관리·임대,2
8930e1d9eafffff,예술·스포츠,15
8930e1d9eafffff,음식,144
8930e1d9eb3ffff,과학·기술,7
8930e1d9eb3ffff,교육,1
8930e1d9eb3ffff,소매,6
8930e1d9eb3ffff,수리·개인,4
8930e1d9eb3ffff,숙박,1
8930e1d9eb3ffff,시설관리·임대,5
8930e1d9eb3ffff,음식,1
8930e1d9ebbffff,과학·기술,1
8930e1d9ebbffff,교육,3
8930e1d9ebbffff,소매,3
8930e1d9ebbffff,숙박,2
8930e1d9ebbffff,시설관리·임대,2
8930e1d9ec3ffff,과학·기술,7
8930e1d9ec3ffff,교육,19
8930e1d9ec3ffff,보건의료,1
8930e1d9ec3ffff,부동산,5
8930e1d9ec3ffff,소매,20
8930e1d9ec3ffff,수리·개인,13
8930e1d9ec3ffff,숙박,1
8930e1d9ec3ffff,시설관리·임대,2
8930e1d9ec3ffff,예술·스포츠,8
8930e1d9ec3ffff,음식,34
8930e1d9ec7ffff,과학·기술,7
8930e1d9ec7ffff,교육,6
8930e1d9ec7ffff,보건의료,8
8930e1d9ec7ffff,부동산,5
8930e1d9ec7ffff,소매,16
8930e1d9ec7ffff,수리·개인,16
8930e1d9ec7ffff,숙박,3
8930e1d9ec7ffff,시설관리·임대,1
8930e1d9ec7ffff,예술·스포츠,8
8930e1d9ec7ffff,음식,31
8930e1d9ecbffff,과학·기술,4
8930e1d9ecbffff,교육,1
8930e1d9ecbffff,소매,1
8930e1d9ecbffff,시설관리·임대,1
8930e1d9ecbffff,음식,1
8930e1d9ecfffff,과학·기술,18
8930e1d9ecfffff,교육,14
8930e1d9ecfffff,보건의료,8
8930e1d9ecfffff,부동산,5
8930e1d9ecfffff,소매,29
8930e1d9ecfffff,수리·개인,15
8930e1d9ecfffff,숙박,5
8930e1d9ecfffff,시설관리·임대,2
8930e1d9ecfffff,예술·스포츠,4
8930e1d9ecfffff,음식,37
8930e1d9ed3ffff,과학·기술,10
8930e1d9ed3ffff,교육,9
8930e1d9ed3ffff,보건의료,8
8930e1d9ed3ffff,부동산,4
8930e1d9ed3ffff,소매,21
8930e1d9ed3ffff,수리·개인,15
8930e1d9ed3ffff,숙박,2
8930e1d9ed3ffff,시설관리·임대,4
8930e1d9ed3ffff,예술·스포츠,2
8930e1d9ed3ffff,음식,25
8930e1d9ed7ffff,과학·기술,13
8930e1d9ed7ffff,교육,14
8930e1d9ed7ffff,보건의료,11
8930e1d9ed7ffff,부동산,12
8930e1d9ed7ffff,소매,25
8930e1d9ed7ffff,수리·개인,27
8930e1d9ed7ffff,숙박,4
8930e1d9ed7ffff,시설관리·임대,5
8930e1d9ed7ffff,예술·스포츠,16
8930e1d9ed7ffff,음식,46
8930e1d9edbffff,과학·기술,1
8930e1d9edbffff,교육,14
8930e1d9edbffff,부동산,11
8930e1d9edbffff,소매,4
8930e1d9edbffff,수리·개인,7
8930e1d9edbffff,음식,5
8930e1da003ffff,과학·기술,6
8930e1da003ffff,교육,8
8930e1da003ffff,부동산,3
8930e1da003ffff,소매,17
8930e1da003ffff,수리·개인,10
8930e1da003ffff,시설관리·임대,3
8930e1da003ffff,예술·스포츠,1
8930e1da003ffff,음식,8
8930e1da007ffff,과학·기술,27
8930e1da007ffff,교육,15
8930e1da007ffff,보건의료,16
8930e1da007ffff,부동산,8
8930e1da007ffff,소매,53
8930e1da007ffff,수리·개인,27
8930e1da007ffff,시설관리·임대,8
8930e1da007ffff,예술·스포츠,14
8930e1da007ffff,음식,47
8930e1da00bffff,과학·기술,9
8930e1da00bffff,교육,10
8930e1da00bffff,보건의료,3
8930e1da00bffff,부동산,3
8930e1da00bffff,소매,21
8930e1da00bffff,수리·개인,8
8930e1da00bffff,시설관리·임대,7
8930e1da00bffff,예술·스포츠,2
8930e1da00bffff,음식,7
8930e1da00fffff,과학·기술,8
8930e1da00fffff,교육,8
8930e1da00fffff,보건의료,6
8930e1da00fffff,부동산,6
8930e1da00fffff,소매,23
8930e1da00fffff,수리·개인,13
8930e1da00fffff,숙박,1
8930e1da00fffff,시설관리·임대,2
8930e1da00fffff,예술·스포츠,11
8930e1da00fffff,음식,21
8930e1da013ffff,과학·기술,4
8930e1da013ffff,교육,1
8930e1da013ffff,부동산,3
8930e1da013ffff,소매,5
8930e1da013ffff,시설관리·임대,6
8930e1da013ffff,음식,4
8930e1da017ffff,과학·기술,11
8930e1da017ffff,교육,12
8930e1da017ffff,부동산,4
8930e1da017ffff,소매,14
8930e1da017ffff,수리·개인,15
8930e1da017ffff,숙박,1
8930e1da017ffff,시설관리·임대,3
8930e1da017ffff,예술·스포츠,2
8930e1da017ffff,음식,9
8930e1da01bffff,과학·기술,2
8930e1da01bffff,교육,3
8930e1da01bffff,소매,6
8930e1da01bffff,수리·개인,1
8930e1da01bffff,숙박,1
8930e1da01bffff,시설관리·임대,2
8930e1da023ffff,과학·기술,8
8930e1da023ffff,교육,3
8930e1da023ffff,보건의료,6
8930e1da023ffff,부동산,7
8930e1da023ffff,소매,26
8930e1da023ffff,수리·개인,21
8930e1da023ffff,시설관리·임대,7
8930e1da023ffff,예술·스포츠,8
8930e1da023ffff,음식,53
8930e1da027ffff,과학·기술,14
8930e1da027ffff,교육,19
8930e1da027ffff,보건의료,15
8930e1da027ffff,부동산,7
8930e1da027ffff,소매,38
8930e1da027ffff,수리·개인,27
8930e1da027ffff,숙박,3
8930e1da027ffff,시설관리·임대,8
8930e1da027ffff,예술·스포츠,20
8930e1da027ffff,음식,51
8930e1da02bffff,과학·기술,9
8930e1da02bffff,교육,11
8930e1da02bffff,부동산,12
8930e1da02bffff,소매,11
8930e1da02bffff,수리·개인,15
8930e1da02bffff,숙박,1
8930e1da02bffff,시설관리·임대,4
8930e1da02bffff,예술·스포츠,4
8930e1da02bffff,음식,29
8930e1da02fffff,과학·기술,11
8930e1da02fffff,교육,29
8930e1da02fffff,보건의료,6
8930e1da02fffff,부동산,11
8930e1da02fffff,소매,16
8930e1da02fffff,수리·개인,16
8930e1da02fffff,시설관리·임대,1
8930e1da02fffff,예술·스포츠,6
8930e1da02fffff,음식,24
8930e1da033ffff,과학·기술,9
8930e1da033ffff,교육,4
8930e1da033ffff,보건의료,1
8930e1da033ffff,부동산,7
8930e1da033ffff,소매,13
8930e1da033ffff,수리·개인,13
8930e1da033ffff,시설관리·임대,2
8930e1da033ffff,예술·스포츠,6
8930e1da033ffff,음식,29
8930e1da037ffff,과학·기술,10
8930e1da037ffff,교육,34
8930e1da037ffff,보건의료,5
8930e1da037ffff,부동산,9
8930e1da037ffff,소매,30
8930e1da037ffff,수리·개인,16
8930e1da037ffff,시설관리·임대,4
8930e1da037ffff,예술·스포츠,7
8930e1da037ffff,음식,24
8930e1da03bffff,과학·기술,12
8930e1da03bffff,교육,9
8930e1da03bffff,보건의료,7
8930e1da03bffff,부동산,13
8930e1da03bffff,소매,20
8930e1da03bffff,수리·개인,30
8930e1da03bffff,숙박,2
8930e1da03bffff,시설관리·임대,4
8930e1da03bffff,예술·스포츠,6
8930e1da03bffff,음식,32
8930e1da043ffff,과학·기술,6
8930e1da043ffff,교육,8
8930e1da043ffff,보건의료,1
8930e1da043ffff,부동산,2
8930e1da043ffff,소매,11
8930e1da043ffff,수리·개인,6
8930e1da043ffff,시설관리·임대,3
8930e1da043ffff,예술·스포츠,1
8930e1da043ffff,음식,3
8930e1da047ffff,과학·기술,1
8930e1da047ffff,교육,10
8930e1da047ffff,부동산,1
8930e1da047ffff,소매,4
8930e1da047ffff,수리·개인,4
8930e1da047ffff,시설관리·임대,3
8930e1da047ffff,음식,4
8930e1da04fffff,과학·기술,1
8930e1da04fffff,부동산,1
8930e1da04fffff,소매,3
8930e1da04fffff,시설관리·임대,3
8930e1da04fffff,음식,2
8930e1da053ffff,교육,1
8930e1da053ffff,소매,1
8930e1da053ffff,음식,2
8930e1da057ffff,과학·기술,1
8930e1da057ffff,소매,1
8930e1da05bffff,교육,1
8930e1da063ffff,과학·기술,14
8930e1da063ffff,교육,17
8930e1da063ffff,보건의료,9
8930e1da063ffff,부동산,8
8930e1da063ffff,소매,21
8930e1da063ffff,수리·개인,13
8930e1da063ffff,시설관리·임대,3
8930e1da063ffff,예술·스포츠,1
8930e1da063ffff,음식,24
8930e1da067ffff,과학·기술,8
8930e1da067ffff,교육,3
8930e1da067ffff,부동산,6
8930e1da067ffff,소매,13
8930e1da067ffff,수리·개인,6
8930e1da067ffff,시설관리·임대,4
8930e1da067ffff,예술·스포츠,3
8930e1da067ffff,음식,33
8930e1da06bffff,과학·기술,7
8930e1da06bffff,교육,7
8930e1da06bffff,보건의료,2
8930e1da06bffff,부동산,9
8930e1da06bffff,소매,20
8930e1da06bffff,수리·개인,10
8930e1da06bffff,시설관리·임대,4
8930e1da06bffff,예술·스포츠,1
8930e1da06bffff,음식,20
8930e1da06fffff,과학·기술,10
8930e1da06fffff,교육,5
8930e1da06fffff,보건의료,5
8930e1da06fffff,부동산,7
8930e1da06fffff,소매,28
8930e1da06fffff,수리·개인,18
8930e1da06fffff,숙박,2
8930e1da06fffff,시설관리·임대,4
8930e1da06fffff,예술·스포츠,14
8930e1da06fffff,음식,105
8930e1da073ffff,과학·기술,1
8930e1da073ffff,교육,1
8930e1da073ffff,소매,1
8930e1da073ffff,수리·개인,1
8930e1da077ffff,과학·기술,7
8930e1da077ffff,교육,10
8930e1da077ffff,보건의료,1
8930e1da077ffff,부동산,10
8930e1da077ffff,소매,16
8930e1da077ffff,수리·개인,12
8930e1da077ffff,시설관리·임대,3
8930e1da077ffff,예술·스포츠,4
8930e1da077ffff,음식,13
8930e1da07bffff,과학·기술,12
8930e1da07bffff,교육,6
8930e1da07bffff,부동산,3
8930e1da07bffff,소매,19
8930e1da07bffff,수리·개인,9
8930e1da07bffff,숙박,1
8930e1da07bffff,시설관리·임대,2
8930e1da07bffff,예술·스포츠,2
8930e1da07bffff,음식,24
8930e1da087ffff,과학·기술,2
8930e1da087ffff,교육,2
8930e1da087ffff,보건의료,2
8930e1da087ffff,부동산,2
8930e1da087ffff,소매,4
8930e1da087ffff,수리·개인,4
8930e1da087ffff,시설관리·임대,1
8930e1da087ffff,예술·스포츠,1
8930e1da087ffff,음식,10
8930e1da08bffff,소매,2
8930e1da08fffff,과학·기술,4
8930e1da08fffff,소매,2
8930e1da08fffff,수리·개인,3
8930e1da097ffff,음식,1
8930e1da0a3ffff,과학·기술,6
8930e1da0a3ffff,교육,14
8930e1da0a3ffff,보건의료,7
8930e1da0a3ffff,부동산,4
8930e1da0a3ffff,소매,30
8930e1da0a3ffff,수리·개인,17
8930e1da0a3ffff,숙박,1
8930e1da0a3ffff,시설관리·임대,9
8930e1da0a3ffff,예술·스포츠,12
8930e1da0a3ffff,음식,44
8930e1da0a7ffff,과학·기술,11
8930e1da0a7ffff,교육,7
8930e1da0a7ffff,보건의료,3
8930e1da0a7ffff,부동산,6
8930e1da0a7ffff,소매,28
8930e1da0a7ffff,수리·개인,11
8930e1da0a7ffff,숙박,1
8930e1da0a7ffff,시설관리·임대,3
8930e1da0a7ffff,예술·스포츠,10
8930e1da0a7ffff,음식,52
8930e1da0abffff,과학·기술,4
8930e1da0abffff,교육,4
8930e1da0abffff,보건의료,2
8930e1da0abffff,부동산,8
8930e1da0abffff,소매,42
8930e1da0abffff,수리·개인,24
8930e1da0abffff,시설관리·임대,4
8930e1da0abffff,예술·스포츠,5
8930e1da0abffff,음식,39
8930e1da0afffff,과학·기술,4
8930e1da0afffff,교육,16
8930e1da0afffff,부동산,7
8930e1da0afffff,소매,14
8930e1da0afffff,수리·개인,20
8930e1da0afffff,시설관리·임대,1
8930e1da0afffff,음식,17
8930e1da0b3ffff,과학·기술,3
8930e1da0b3ffff,교육,11
8930e1da0b3ffff,부동산,3
8930e1da0b3ffff,소매,16
8930e1da0b3ffff,수리·개인,14
8930e1da0b3ffff,시설관리·임대,4
8930e1da0b3ffff,예술·스포츠,1
8930e1da0b3ffff,음식,13
8930e1da0b7ffff,과학·기술,5
8930e1da0b7ffff,교육,6
8930e1da0b7ffff,부동산,8
8930e1da0b7ffff,소매,17
8930e1da0b7ffff,수리·개인,20
8930e1da0b7ffff,시설관리·임대,4
8930e1da0b7ffff,예술·스포츠,1
8930e1da0b7ffff,음식,16
8930e1da0bbffff,과학·기술,3
8930e1da0bbffff,교육,10
8930e1da0bbffff,부동산,2
8930e1da0bbffff,소매,11
8930e1da0bbffff,수리·개인,6
8930e1da0bbffff,숙박,1
8930e1da0bbffff,음식,11
8930e1da0c7ffff,과학·기술,1
8930e1da0c7ffff,소매,1
8930e1da103ffff,과학·기술,7
8930e1da103ffff,교육,4
8930e1da103ffff,부동산,4
8930e1da103ffff,소매,8
8930e1da103ffff,수리·개인,8
8930e1da103ffff,숙박,1
8930e1da103ffff,시설관리·임대,1
8930e1da103ffff,음식,4
8930e1da107ffff,과학·기술,12
8930e1da107ffff,교육,7
8930e1da107ffff,부동산,8
8930e1da107ffff,소매,12
8930e1da107ffff,수리·개인,17
8930e1da107ffff,숙박,1
8930e1da107ffff,시설관리·임대,5
8930e1da107ffff,예술·스포츠,1
8930e1da107ffff,음식,14
8930e1da10bffff,과학·기술,40
8930e1da10bffff,교육,21
8930e1da10bffff,부동산,6
8930e1da10bffff,소매,21
8930e1da10bffff,수리·개인,16
8930e1da10bffff,숙박,2
8930e1da10bffff,시설관리·임대,7
8930e1da10bffff,예술·스포츠,4
8930e1da10bffff,음식,47
8930e1da10fffff,과학·기술,5
8930e1da10fffff,교육,2
8930e1da10fffff,소매,5
8930e1da10fffff,수리·개인,1
8930e1da10fffff,시설관리·임대,1
8930e1da10fffff,음식,2
8930e1da113ffff,과학·기술,5
8930e1da113ffff,교육,4
8930e1da113ffff,보건의료,4
8930e1da113ffff,부동산,3
8930e1da113ffff,소매,11
8930e1da113ffff,수리·개인,4
8930e1da113ffff,숙박,5
8930e1da113ffff,시설관리·임대,3
8930e1da113ffff,예술·스포츠,4
8930e1da113ffff,음식,29
8930e1da117ffff,과학·기술,6
8930e1da117ffff,교육,3
8930e1da117ffff,보건의료,6
8930e1da117ffff,부동산,11
8930e1da117ffff,소매,50
8930e1da117ffff,수리·개인,20
8930e1da117ffff,숙박,2
8930e1da117ffff,시설관리·임대,6
8930e1da117ffff,예술·스포츠,11
8930e1da117ffff,음식,82
8930e1da11bffff,과학·기술,3
8930e1da11bffff,교육,6
8930e1da11bffff,보건의료,3
8930e1da11bffff,부동산,1
8930e1da11bffff,소매,13
8930e1da11bffff,수리·개인,7
8930e1da11bffff,숙박,1
8930e1da11bffff,예술·스포츠,1
8930e1da11bffff,음식,15
8930e1da123ffff,과학·기술,1
8930e1da123ffff,교육,11
8930e1da123ffff,보건의료,1
8930e1da123ffff,부동산,4
8930e1da123ffff,소매,2
8930e1da123ffff,수리·개인,5
8930e1da123ffff,시설관리·임대,1
8930e1da123ffff,음식,5
8930e1da12bffff,과학·기술,8
8930e1da12bffff,교육,19
8930e1da12bffff,보건의료,13
8930e1da12bffff,부동산,11
8930e1da12bffff,소매,11
8930e1da12bffff,수리·개인,10
8930e1da12bffff,숙박,1
8930e1da12bffff,시설관리·임대,1
8930e1da12bffff,예술·스포츠,4
8930e1da12bffff,음식,17
8930e1da12fffff,교육,4
8930e1da12fffff,보건의료,1
8930e1da12fffff,소매,4
8930e1da12fffff,수리·개인,1
8930e1da133ffff,과학·기술,9
8930e1da133ffff,교육,5
8930e1da133ffff,보건의료,5
8930e1da133ffff,부동산,15
8930e1da133ffff,소매,18
8930e1da133ffff,수리·개인,12
8930e1da133ffff,시설관리·임대,4
8930e1da133ffff,예술·스포츠,3
8930e1da133ffff,음식,38
8930e1da137ffff,과학·기술,11
8930e1da137ffff,교육,14
8930e1da137ffff,보건의료,1
8930e1da137ffff,소매,6
8930e1da137ffff,시설관리·임대,10
8930e1da137ffff,음식,4
8930e1da13bffff,과학·기술,3
8930e1da13bffff,교육,1
8930e1da13bffff,수리·개인,1
8930e1da13bffff,시설관리·임대,1
8930e1da143ffff,과학·기술,7
8930e1da143ffff,교육,9
8930e1da143ffff,부동산,3
8930e1da143ffff,소매,17
8930e1da143ffff,수리·개인,20
8930e1da143ffff,시설관리·임대,6
8930e1da143ffff,예술·스포츠,1
8930e1da143ffff,음식,13
8930e1da147ffff,과학·기술,15
8930e1da147ffff,교육,9
8930e1da147ffff,보건의료,7
8930e1da147ffff,부동산,4
8930e1da147ffff,소매,21
8930e1da147ffff,수리·개인,7
8930e1da147ffff,시설관리·임대,2
8930e1da147ffff,예술·스포츠,3
8930e1da147ffff,음식,24
8930e1da14bffff,과학·기술,2
8930e1da14bffff,교육,1
8930e1da14bffff,부동산,4
8930e1da14bffff,소매,4
8930e1da14bffff,수리·개인,1
8930e1da14bffff,시설관리·임대,3
8930e1da14bffff,음식,2
8930e1da14fffff,교육,1
8930e1da14fffff,부동산,2
8930e1da14fffff,소매,1
8930e1da14fffff,수리·개인,1
8930e1da14fffff,음식,3
8930e1da153ffff,과학·기술,10
8930e1da153ffff,교육,14
8930e1da153ffff,보건의료,30
8930e1da153ffff,부동산,7
8930e1da153ffff,소매,71
8930e1da153ffff,수리·개인,18
8930e1da153ffff,숙박,2
8930e1da153ffff,시설관리·임대,6
8930e1da153ffff,예술·스포츠,18
8930e1da153ffff,음식,85
8930e1da157ffff,과학·기술,17
8930e1da157ffff,교육,7
8930e1da157ffff,보건의료,9
8930e1da157ffff,부동산,5
8930e1da157ffff,소매,15
8930e1da157ffff,수리·개인,17
8930e1da157ffff,시설관리·임대,3
8930e1da157ffff,예술·스포츠,12
8930e1da157ffff,음식,45
8930e1da15bffff,과학·기술,8
8930e1da15bffff,교육,21
8930e1da15bffff,보건의료,6
8930e1da15bffff,부동산,12
8930e1da15bffff,소매,21
8930e1da15bffff,수리·개인,15
8930e1da15bffff,시설관리·임대,10
8930e1da15bffff,예술·스포츠,8
8930e1da15bffff,음식,38
8930e1da163ffff,과학·기술,2
8930e1da163ffff,교육,5
8930e1da163ffff,보건의료,2
8930e1da163ffff,부동산,11
8930e1da163ffff,소매,8
8930e1da163ffff,수리·개인,7
8930e1da163ffff,음식,16
8930e1da167ffff,과학·기술,7
8930e1da167ffff,교육,19
8930e1da167ffff,보건의료,6
8930e1da167ffff,부동산,7
8930e1da167ffff,소매,15
8930e1da167ffff,수리·개인,9
8930e1da167ffff,시설관리·임대,5
8930e1da167ffff,예술·스포츠,5
8930e1da167ffff,음식,31
8930e1da16fffff,과학·기술,1
8930e1da173ffff,과학·기술,21
8930e1da173ffff,교육,22
8930e1da173ffff,보건의료,7
8930e1da173ffff,부동산,5
8930e1da173ffff,소매,28
8930e1da173ffff,수리·개인,15
8930e1da173ffff,시설관리·임대,4
8930e1da173ffff,예술·스포츠,11
8930e1da173ffff,음식,56
8930e1da177ffff,과학·기술,13
8930e1da177ffff,교육,21
8930e1da177ffff,보건의료,8
8930e1da177ffff,부동산,3
8930e1da177ffff,소매,18
8930e1da177ffff,수리·개인,8
8930e1da177ffff,시설관리·임대,1
8930e1da177ffff,예술·스포츠,6
8930e1da177ffff,음식,21
8930e1da17bffff,과학·기술,1
8930e1da17bffff,교육,2
8930e1da17bffff,소매,2
8930e1da17bffff,음식,1
8930e1da183ffff,과학·기술,5
8930e1da183ffff,교육,1
8930e1da183ffff,보건의료,1
8930e1da183ffff,부동산,7
8930e1da183ffff,소매,17
8930e1da183ffff,수리·개인,7
8930e1da183ffff,시설관리·임대,3
8930e1da183ffff,예술·스포츠,1
8930e1da183ffff,음식,18
8930e1da187ffff,과학·기술,3
8930e1da187ffff,교육,2
8930e1da187ffff,소매,3
8930e1da187ffff,수리·개인,2
8930e1da187ffff,숙박,1
8930e1da187ffff,시설관리·임대,1
8930e1da187ffff,음식,8
8930e1da18bffff,과학·기술,3
8930e1da18bffff,교육,2
8930e1da18bffff,보건의료,2
8930e1da18bffff,부동산,8
8930e1da18bffff,소매,18
8930e1da18bffff,수리·개인,13
8930e1da18bffff,숙박,1
8930e1da18bffff,시설관리·임대,4
8930e1da18bffff,예술·스포츠,6
8930e1da18bffff,음식,25
8930e1da18fffff,과학·기술,5
8930e1da18fffff,교육,3
8930e1da18fffff,부동산,12
8930e1da18fffff,소매,24
8930e1da18fffff,수리·개인,9
8930e1da18fffff,음식,16
8930e1da193ffff,과학·기술,8
8930e1da193ffff,교육,5
8930e1da193ffff,부동산,6
8930e1da193ffff,소매,14
8930e1da193ffff,수리·개인,15
8930e1da193ffff,시설관리·임대,1
8930e1da193ffff,예술·스포츠,1
8930e1da193ffff,음식,10
8930e1da197ffff,과학·기술,12
8930e1da197ffff,교육,4
8930e1da197ffff,부동산,9
8930e1da197ffff,소매,24
8930e1da197ffff,수리·개인,21
8930e1da197ffff,시설관리·임대,2
8930e1da197ffff,음식,29
8930e1da19bffff,과학·기술,7
8930e1da19bffff,교육,21
8930e1da19bffff,보건의료,3
8930e1da19bffff,부동산,5
8930e1da19bffff,소매,18
8930e1da19bffff,수리·개인,14
8930e1da19bffff,숙박,1
8930e1da19bffff,시설관리·임대,7
8930e1da19bffff,예술·스포츠,7
8930e1da19bffff,음식,25
8930e1da1a3ffff,과학·기술,13
8930e1da1a3ffff,교육,13
8930e1da1a3ffff,보건의료,12
8930e1da1a3ffff,부동산,7
8930e1da1a3ffff,소매,34
8930e1da1a3ffff,수리·개인,19
8930e1da1a3ffff,시설관리·임대,5
8930e1da1a3ffff,예술·스포츠,6
8930e1da1a3ffff,음식,37
8930e1da1a7ffff,과학·기술,5
8930e1da1a7ffff,교육,6
8930e1da1a7ffff,보건의료,7
8930e1da1a7ffff,부동산,9
8930e1da1a7ffff,소매,10
8930e1da1a7ffff,수리·개인,12
8930e1da1a7ffff,예술·스포츠,3
8930e1da1a7ffff,음식,13
8930e1da1abffff,과학·기술,21
8930e1da1abffff,교육,16
8930e1da1abffff,보건의료,37
8930e1da1abffff,부동산,11
8930e1da1abffff,소매,249
8930e1da1abffff,수리·개인,27
8930e1da1abffff,숙박,13
8930e1da1abffff,시설관리·임대,16
8930e1da1abffff,예술·스포츠,16
8930e1da1abffff,음식,161
8930e1da1afffff,과학·기술,4
8930e1da1afffff,교육,8
8930e1da1afffff,부동산,6
8930e1da1afffff,소매,7
8930e1da1afffff,수리·개인,9
8930e1da1afffff,숙박,1
8930e1da1afffff,예술·스포츠,2
8930e1da1afffff,음식,37
8930e1da1b3ffff,과학·기술,2
8930e1da1b3ffff,교육,2
8930e1da1b3ffff,보건의료,1
8930e1da1b3ffff,소매,6
8930e1da1b3ffff,수리·개인,9
8930e1da1b3ffff,시설관리·임대,1
8930e1da1b3ffff,음식,16
8930e1da1b7ffff,과학·기술,1
8930e1da1b7ffff,교육,1
8930e1da1b7ffff,부동산,1
8930e1da1b7ffff,소매,3
8930e1da1b7ffff,수리·개인,2
8930e1da1bbffff,과학·기술,23
8930e1da1bbffff,교육,14
8930e1da1bbffff,보건의료,36
8930e1da1bbffff,부동산,21
8930e1da1bbffff,소매,75
8930e1da1bbffff,수리·개인,28
8930e1da1bbffff,숙박,5
8930e1da1bbffff,시설관리·임대,11
8930e1da1bbffff,예술·스포츠,13
8930e1da1bbffff,음식,60
8930e1da1c3ffff,과학·기술,10
8930e1da1c3ffff,교육,2
8930e1da1c3ffff,부동산,7
8930e1da1c3ffff,소매,18
8930e1da1c3ffff,수리·개인,19
8930e1da1c3ffff,시설관리·임대,3
8930e1da1c3ffff,예술·스포츠,1
8930e1da1c3ffff,음식,31
8930e1da1c7ffff,과학·기술,17
8930e1da1c7ffff,교육,7
8930e1da1c7ffff,보건의료,8
8930e1da1c7ffff,부동산,9
8930e1da1c7ffff,소매,20
8930e1da1c7ffff,수리·개인,16
8930e1da1c7ffff,숙박,1
8930e1da1c7ffff,시설관리·임대,5
8930e1da1c7ffff,예술·스포츠,11
8930e1da1c7ffff,음식,55
8930e1da1cbffff,과학·기술,2
8930e1da1cbffff,교육,12
8930e1da1cbffff,보건의료,4
8930e1da1cbffff,부동산,9
8930e1da1cbffff,소매,34
8930e1da1cbffff,수리·개인,32
8930e1da1cbffff,시설관리·임대,3
8930e1da1cbffff,예술·스포츠,9
8930e1da1cbffff,음식,55
8930e1da1cfffff,과학·기술,16
8930e1da1cfffff,교육,4
8930e1da1cfffff,부동산,4
8930e1da1cfffff,소매,19
8930e1da1cfffff,수리·개인,25
8930e1da1cfffff,숙박,1
8930e1da1cfffff,시설관리·임대,9
8930e1da1cfffff,예술·스포츠,7
8930e1da1cfffff,음식,26
8930e1da1d3ffff,과학·기술,10
8930e1da1d3ffff,교육,5
8930e1da1d3ffff,보건의료,3
8930e1da1d3ffff,부동산,2
8930e1da1d3ffff,소매,17
8930e1da1d3ffff,수리·개인,16
8930e1da1d3ffff,시설관리·임대,4
8930e1da1d3ffff,예술·스포츠,2
8930e1da1d3ffff,음식,30
8930e1da1d7ffff,과학·기술,14
8930e1da1d7ffff,교육,3
8930e1da1d7ffff,보건의료,2
8930e1da1d7ffff,부동산,4
8930e1da1d7ffff,소매,10
8930e1da1d7ffff,수리·개인,9
8930e1da1d7ffff,시설관리·임대,4
8930e1da1d7ffff,예술·스포츠,5
8930e1da1d7ffff,음식,36
8930e1da1dbffff,과학·기술,15
8930e1da1dbffff,교육,10
8930e1da1dbffff,부동산,1
8930e1da1dbffff,소매,12
8930e1da1dbffff,수리·개인,16
8930e1da1dbffff,시설관리·임대,5
8930e1da1dbffff,예술·스포츠,1
8930e1da1dbffff,음식,14
8930e1da203ffff,과학·기술,3
8930e1da203ffff,부동산,3
8930e1da203ffff,소매,3
8930e1da203ffff,수리·개인,5
8930e1da203ffff,숙박,3
8930e1da203ffff,음식,3
8930e1da207ffff,과학·기술,8
8930e1da207ffff,교육,32
8930e1da207ffff,보건의료,6
8930e1da207ffff,부동산,6
8930e1da207ffff,소매,23
8930e1da207ffff,수리·개인,14
8930e1da207ffff,숙박,3
8930e1da207ffff,시설관리·임대,4
8930e1da207ffff,예술·스포츠,2
8930e1da207ffff,음식,26
8930e1da20bffff,과학·기술,7
8930e1da20bffff,교육,2
8930e1da20bffff,보건의료,1
8930e1da20bffff,부동산,7
8930e1da20bffff,소매,15
8930e1da20bffff,수리·개인,8
8930e1da20bffff,숙박,6
8930e1da20bffff,시설관리·임대,3
8930e1da20bffff,예술·스포츠,3
8930e1da20bffff,음식,28
8930e1da20fffff,과학·기술,2
8930e1da20fffff,교육,16
8930e1da20fffff,보건의료,2
8930e1da20fffff,부동산,1
8930e1da20fffff,소매,10
8930e1da20fffff,수리·개인,5
8930e1da20fffff,예술·스포츠,1
8930e1da20fffff,음식,6
8930e1da213ffff,교육,1
8930e1da213ffff,부동산,1
8930e1da213ffff,수리·개인,1
8930e1da213ffff,음식,1
8930e1da217ffff,과학·기술,6
8930e1da217ffff,교육,10
8930e1da217ffff,보건의료,4
8930e1da217ffff,부동산,4
8930e1da217ffff,소매,14
8930e1da217ffff,수리·개인,12
8930e1da217ffff,시설관리·임대,3
8930e1da217ffff,예술·스포츠,3
8930e1da217ffff,음식,18
8930e1da21bffff,과학·기술,5
8930e1da21bffff,부동산,1
8930e1da21bffff,소매,3
8930e1da21bffff,수리·개인,2
8930e1da21bffff,시설관리·임대,1
8930e1da21bffff,음식,2
8930e1da223ffff,과학·기술,3
8930e1da223ffff,교육,1
8930e1da223ffff,소매,7
8930e1da223ffff,수리·개인,3
8930e1da223ffff,시설관리·임대,3
8930e1da223ffff,음식,2
8930e1da227ffff,과학·기술,3
8930e1da227ffff,교육,22
8930e1da227ffff,보건의료,1
8930e1da227ffff,부동산,6
8930e1da227ffff,소매,14
8930e1da227ffff,수리·개인,11
8930e1da227ffff,숙박,1
8930e1da227ffff,시설관리·임대,2
8930e1da227ffff,예술·스포츠,2
8930e1da227ffff,음식,9
8930e1da22bffff,과학·기술,2
8930e1da22bffff,교육,15
8930e1da22bffff,보건의료,5
8930e1da22bffff,부동산,6
8930e1da22bffff,소매,9
8930e1da22bffff,수리·개인,5
8930e1da22bffff,시설관리·임대,1
8930e1da22bffff,예술·스포츠,2
8930e1da22bffff,음식,14
8930e1da22fffff,부동산,1
8930e1da22fffff,음식,1
8930e1da233ffff,과학·기술,16
8930e1da233ffff,교육,16
8930e1da233ffff,보건의료,6
8930e1da233ffff,부동산,8
8930e1da233ffff,소매,32
8930e1da233ffff,수리·개인,23
8930e1da233ffff,숙박,1
8930e1da233ffff,시설관리·임대,6
8930e1da233ffff,예술·스포츠,14
8930e1da233ffff,음식,62
8930e1da237ffff,과학·기술,6
8930e1da237ffff,교육,3
8930e1da237ffff,보건의료,3
8930e1da237ffff,부동산,8
8930e1da237ffff,소매,19
8930e1da237ffff,수리·개인,29
8930e1da237ffff,숙박,1
8930e1da237ffff,시설관리·임대,2
8930e1da237ffff,예술·스포츠,7
8930e1da237ffff,음식,41
8930e1da23bffff,과학·기술,7
8930e1da23bffff,교육,18
8930e1da23bffff,보건의료,8
8930e1da23bffff,부동산,5
8930e1da23bffff,소매,14
8930e1da23bffff,수리·개인,13
8930e1da23bffff,숙박,1
8930e1da23bffff,시설관리·임대,3
8930e1da23bffff,예술·스포츠,4
8930e1da23bffff,음식,11
8930e1da243ffff,과학·기술,4
8930e1da243ffff,교육,15
8930e1da243ffff,보건의료,17
8930e1da243ffff,부동산,4
8930e1da243ffff,소매,24
8930e1da243ffff,수리·개인,8
8930e1da243ffff,시설관리·임대,2
8930e1da243ffff,예술·스포츠,4
8930e1da243ffff,음식,8
8930e1da247ffff,교육,3
8930e1da247ffff,부동산,2
8930e1da247ffff,소매,4
8930e1da247ffff,수리·개인,1
8930e1da247ffff,시설관리·임대,1
8930e1da24bffff,교육,3
8930e1da24bffff,보건의료,1
8930e1da24bffff,부동산,9
8930e1da24bffff,소매,10
8930e1da24bffff,수리·개인,7
8930e1da24bffff,시설관리·임대,2
8930e1da24bffff,예술·스포츠,1
8930e1da24bffff,음식,9
8930e1da24fffff,과학·기술,11
8930e1da24fffff,교육,30
8930e1da24fffff,보건의료,3
8930e1da24fffff,부동산,3
8930e1da24fffff,소매,12
8930e1da24fffff,수리·개인,10
8930e1da24fffff,숙박,1
8930e1da24fffff,시설관리·임대,3
8930e1da24fffff,예술·스포츠,10
8930e1da24fffff,음식,23
8930e1da253ffff,과학·기술,2
8930e1da253ffff,교육,4
8930e1da253ffff,보건의료,1
8930e1da253ffff,부동산,5
8930e1da253ffff,소매,10
8930e1da253ffff,수리·개인,8
8930e1da253ffff,시설관리·임대,4
8930e1da253ffff,음식,10
8930e1da257ffff,과학·기술,1
8930e1da257ffff,교육,2
8930e1da257ffff,부동산,1
8930e1da257ffff,소매,6
8930e1da257ffff,수리·개인,7
8930e1da257ffff,숙박,4
8930e1da257ffff,예술·스포츠,2
8930e1da257ffff,음식,4
8930e1da25bffff,과학·기술,2
8930e1da25bffff,교육,1
8930e1da263ffff,보건의료,1
8930e1da263ffff,소매,2
8930e1da263ffff,수리·개인,1
8930e1da263ffff,예술·스포츠,1
8930e1da263ffff,음식,1
8930e1da267ffff,과학·기술,1
8930e1da267ffff,교육,2
8930e1da267ffff,부동산,2
8930e1da267ffff,소매,1
8930e1da267ffff,수리·개인,1
8930e1da267ffff,음식,10
8930e1da26bffff,과학·기술,15
8930e1da26bffff,교육,9
8930e1da26bffff,부동산,3
8930e1da26bffff,소매,13
8930e1da26bffff,수리·개인,11
8930e1da26bffff,시설관리·임대,5
8930e1da26bffff,예술·스포츠,3
8930e1da26bffff,음식,26
8930e1da26fffff,과학·기술,9
8930e1da26fffff,교육,43
8930e1da26fffff,보건의료,31
8930e1da26fffff,부동산,4
8930e1da26fffff,소매,54
8930e1da26fffff,수리·개인,16
8930e1da26fffff,숙박,2
8930e1da26fffff,시설관리·임대,9
8930e1da26fffff,예술·스포츠,7
8930e1da26fffff,음식,50
8930e1da273ffff,과학·기술,2
8930e1da273ffff,교육,4
8930e1da273ffff,보건의료,1
8930e1da273ffff,부동산,7
8930e1da273ffff,소매,4
8930e1da273ffff,수리·개인,5
8930e1da273ffff,시설관리·임대,1
8930e1da273ffff,예술·스포츠,2
8930e1da273ffff,음식,14
8930e1da277ffff,과학·기술,1
8930e1da277ffff,교육,3
8930e1da277ffff,부동산,5
8930e1da277ffff,소매,4
8930e1da277ffff,수리·개인,4
8930e1da277ffff,음식,6
8930e1da27bffff,음식,1
8930e1da287ffff,시설관리·임대,2
8930e1da28bffff,과학·기술,1
8930e1da28bffff,교육,2
8930e1da28bffff,부동산,2
8930e1da28bffff,소매,1
8930e1da28bffff,수리·개인,1
8930e1da28bffff,시설관리·임대,1
8930e1da28fffff,과학·기술,5
8930e1da28fffff,교육,14
8930e1da28fffff,부동산,7
8930e1da28fffff,소매,16
8930e1da28fffff,수리·개인,11
8930e1da28fffff,시설관리·임대,3
8930e1da28fffff,예술·스포츠,1
8930e1da28fffff,음식,24
8930e1da293ffff,교육,3
8930e1da293ffff,부동산,5
8930e1da293ffff,소매,6
8930e1da293ffff,수리·개인,4
8930e1da293ffff,숙박,1
8930e1da293ffff,예술·스포츠,1
8930e1da293ffff,음식,2
8930e1da297ffff,과학·기술,2
8930e1da297ffff,교육,1
8930e1da297ffff,수리·개인,1
8930e1da297ffff,음식,2
8930e1da29bffff,과학·기술,1
8930e1da29bffff,부동산,3
8930e1da29bffff,소매,7
8930e1da29bffff,수리·개인,2
8930e1da2a3ffff,과학·기술,7
8930e1da2a3ffff,교육,4
8930e1da2a3ffff,보건의료,8
8930e1da2a3ffff,부동산,10
8930e1da2a3ffff,소매,29
8930e1da2a3ffff,수리·개인,13
8930e1da2a3ffff,시설관리·임대,3
8930e1da2a3ffff,예술·스포츠,3
8930e1da2a3ffff,음식,33
8930e1da2a7ffff,과학·기술,4
8930e1da2a7ffff,교육,10
8930e1da2a7ffff,부동산,2
8930e1da2a7ffff,소매,9
8930e1da2a7ffff,수리·개인,4
8930e1da2a7ffff,숙박,1
8930e1da2a7ffff,시설관리·임대,4
8930e1da2a7ffff,예술·스포츠,1
8930e1da2a7ffff,음식,7
8930e1da2abffff,과학·기술,3
8930e1da2abffff,교육,3
8930e1da2abffff,부동산,2
8930e1da2abffff,소매,7
8930e1da2abffff,수리·개인,7
8930e1da2abffff,음식,20
8930e1da2afffff,과학·기술,14
8930e1da2afffff,교육,6
8930e1da2afffff,보건의료,4
8930e1da2afffff,부동산,9
8930e1da2afffff,소매,23
8930e1da2afffff,수리·개인,14
8930e1da2afffff,숙박,4
8930e1da2afffff,시설관리·임대,6
8930e1da2afffff,예술·스포츠,12
8930e1da2afffff,음식,49
8930e1da2b3ffff,과학·기술,9
8930e1da2b3ffff,부동산,1
8930e1da2b3ffff,소매,6
8930e1da2b3ffff,수리·개인,3
8930e1da2b3ffff,시설관리·임대,4
8930e1da2b3ffff,음식,1
8930e1da2b7ffff,과학·기술,5
8930e1da2b7ffff,보건의료,1
8930e1da2b7ffff,부동산,5
8930e1da2b7ffff,소매,6
8930e1da2b7ffff,수리·개인,2
8930e1da2b7ffff,시설관리·임대,2
8930e1da2bbffff,과학·기술,5
8930e1da2bbffff,교육,16
8930e1da2bbffff,보건의료,1
8930e1da2bbffff,부동산,7
8930e1da2bbffff,소매,23
8930e1da2bbffff,수리·개인,16
8930e1da2bbffff,시설관리·임대,2
8930e1da2bbffff,예술·스포츠,1
8930e1da2bbffff,음식,21
8930e1da2c3ffff,과학·기술,13
8930e1da2c3ffff,교육,3
8930e1da2c3ffff,보건의료,4
8930e1da2c3ffff,소매,8
8930e1da2c3ffff,수리·개인,4
8930e1da2c3ffff,시설관리·임대,2
8930e1da2c3ffff,예술·스포츠,1
8930e1da2c3ffff,음식,14
8930e1da2c7ffff,과학·기술,2
8930e1da2c7ffff,교육,5
8930e1da2c7ffff,보건의료,5
8930e1da2c7ffff,부동산,3
8930e1da2c7ffff,소매,11
8930e1da2c7ffff,수리·개인,3
8930e1da2c7ffff,숙박,2
8930e1da2c7ffff,시설관리·임대,3
8930e1da2c7ffff,예술·스포츠,1
8930e1da2c7ffff,음식,15
8930e1da2cbffff,과학·기술,8
8930e1da2cbffff,교육,1
8930e1da2cbffff,보건의료,2
8930e1da2cbffff,소매,6
8930e1da2cbffff,숙박,3
8930e1da2cbffff,시설관리·임대,3
8930e1da2cbffff,예술·스포츠,1
8930e1da2cbffff,음식,20
8930e1da2cfffff,보건의료,1
8930e1da2cfffff,소매,7
8930e1da2d3ffff,과학·기술,4
8930e1da2d3ffff,교육,3
8930e1da2d3ffff,소매,1
8930e1da2d3ffff,수리·개인,7
8930e1da2d3ffff,숙박,1
8930e1da2d3ffff,시설관리·임대,1
8930e1da2d3ffff,예술·스포츠,1
8930e1da2d3ffff,음식,25
8930e1da2d7ffff,과학·기술,1
8930e1da2d7ffff,부동산,4
8930e1da2d7ffff,소매,8
8930e1da2d7ffff,수리·개인,3
8930e1da2d7ffff,시설관리·임대,3
8930e1da2d7ffff,음식,13
8930e1da2dbffff,과학·기술,22
8930e1da2dbffff,교육,20
8930e1da2dbffff,보건의료,2
8930e1da2dbffff,부동산,7
8930e1da2dbffff,소매,29
8930e1da2dbffff,수리·개인,30
8930e1da2dbffff,숙박,15
8930e1da2dbffff,시설관리·임대,8
8930e1da2dbffff,예술·스포츠,14
8930e1da2dbffff,음식,166
8930e1da303ffff,과학·기술,1
8930e1da303ffff,교육,2
8930e1da303ffff,소매,5
8930e1da303ffff,수리·개인,2
8930e1da303ffff,예술·스포츠,1
8930e1da303ffff,음식,4
8930e1da30bffff,과학·기술,9
8930e1da30bffff,교육,15
8930e1da30bffff,부동산,3
8930e1da30bffff,소매,23
8930e1da30bffff,수리·개인,8
8930e1da30bffff,시설관리·임대,3
8930e1da30bffff,예술·스포츠,5
8930e1da30bffff,음식,26
8930e1da30fffff,음식,1
8930e1da313ffff,과학·기술,4
8930e1da313ffff,교육,4
8930e1da313ffff,부동산,4
8930e1da313ffff,소매,5
8930e1da313ffff,수리·개인,10
8930e1da313ffff,시설관리·임대,2
8930e1da313ffff,음식,2
8930e1da317ffff,과학·기술,2
8930e1da317ffff,교육,7
8930e1da317ffff,부동산,3
8930e1da317ffff,소매,2
8930e1da317ffff,수리·개인,2
8930e1da317ffff,음식,2
8930e1da31bffff,과학·기술,5
8930e1da31bffff,교육,22
8930e1da31bffff,보건의료,2
8930e1da31bffff,부동산,3
8930e1da31bffff,소매,13
8930e1da31bffff,수리·개인,11
8930e1da31bffff,숙박,1
8930e1da31bffff,시설관리·임대,1
8930e1da31bffff,예술·스포츠,8
8930e1da31bffff,음식,32
8930e1da323ffff,과학·기술,4
8930e1da323ffff,교육,1
8930e1da323ffff,부동산,2
8930e1da323ffff,소매,2
8930e1da323ffff,수리·개인,3
8930e1da323ffff,시설관리·임대,1
8930e1da323ffff,음식,2
8930e1da327ffff,과학·기술,3
8930e1da327ffff,교육,4
8930e1da327ffff,부동산,1
8930e1da327ffff,소매,9
8930e1da327ffff,수리·개인,4
8930e1da327ffff,시설관리·임대,1
8930e1da327ffff,예술·스포츠,1
8930e1da327ffff,음식,14
8930e1da32bffff,소매,1
8930e1da32fffff,과학·기술,5
8930e1da32fffff,교육,2
8930e1da32fffff,부동산,1
8930e1da32fffff,소매,5
8930e1da32fffff,수리·개인,6
8930e1da32fffff,음식,2
8930e1da333ffff,교육,1
8930e1da333ffff,소매,1
8930e1da333ffff,시설관리·임대,1
8930e1da343ffff,과학·기술,2
8930e1da343ffff,교육,9
8930e1da343ffff,보건의료,5
8930e1da343ffff,부동산,5
8930e1da343ffff,소매,24
8930e1da343ffff,수리·개인,15
8930e1da343ffff,숙박,1
8930e1da343ffff,시설관리·임대,1
8930e1da343ffff,예술·스포츠,7
8930e1da343ffff,음식,46
8930e1da347ffff,과학·기술,6
8930e1da347ffff,교육,5
8930e1da347ffff,부동산,7
8930e1da347ffff,소매,27
8930e1da347ffff,수리·개인,13
8930e1da347ffff,숙박,1
8930e1da347ffff,시설관리·임대,2
8930e1da347ffff,예술·스포츠,16
8930e1da347ffff,음식,104
8930e1da34bffff,과학·기술,13
8930e1da34bffff,교육,23
8930e1da34bffff,보건의료,13
8930e1da34bffff,부동산,6
8930e1da34bffff,소매,43
8930e1da34bffff,수리·개인,23
8930e1da34bffff,숙박,1
8930e1da34bffff,시설관리·임대,3
8930e1da34bffff,예술·스포츠,8
8930e1da34bffff,음식,43
8930e1da34fffff,과학·기술,9
8930e1da34fffff,교육,12
8930e1da34fffff,보건의료,7
8930e1da34fffff,부동산,6
8930e1da34fffff,소매,45
8930e1da34fffff,수리·개인,16
8930e1da34fffff,숙박,4
8930e1da34fffff,시설관리·임대,8
8930e1da34fffff,예술·스포츠,10
8930e1da34fffff,음식,65
8930e1da353ffff,과학·기술,5
8930e1da353ffff,교육,3
8930e1da353ffff,부동산,1
8930e1da353ffff,소매,10
8930e1da353ffff,수리·개인,3
8930e1da353ffff,시설관리·임대,3
8930e1da353ffff,예술·스포츠,1
8930e1da353ffff,음식,10
8930e1da357ffff,과학·기술,16
8930e1da357ffff,교육,4
8930e1da357ffff,보건의료,2
8930e1da357ffff,부동산,4
8930e1da357ffff,소매,23
8930e1da357ffff,수리·개인,13
8930e1da357ffff,숙박,4
8930e1da357ffff,시설관리·임대,6
8930e1da357ffff,예술·스포츠,4
8930e1da357ffff,음식,25
8930e1da35bffff,과학·기술,3
8930e1da35bffff,교육,10
8930e1da35bffff,보건의료,3
8930e1da35bffff,부동산,12
8930e1da35bffff,소매,8
8930e1da35bffff,수리·개인,4
8930e1da35bffff,시설관리·임대,1
8930e1da35bffff,예술·스포츠,2
8930e1da35bffff,음식,27
8930e1da363ffff,과학·기술,7
8930e1da363ffff,교육,4
8930e1da363ffff,보건의료,2
8930e1da363ffff,부동산,1
8930e1da363ffff,소매,10
8930e1da363ffff,수리·개인,9
8930e1da363ffff,시설관리·임대,2
8930e1da363ffff,예술·스포츠,1
8930e1da363ffff,음식,11
8930e1da367ffff,과학·기술,2
8930e1da367ffff,교육,2
8930e1da367ffff,부동산,1
8930e1da367ffff,소매,3
8930e1da367ffff,수리·개인,2
8930e1da367ffff,예술·스포츠,1
8930e1da367ffff,음식,3
8930e1da36bffff,과학·기술,13
8930e1da36bffff,교육,4
8930e1da36bffff,보건의료,1
8930e1da36bffff,부동산,1
8930e1da36bffff,소매,20
8930e1da36bffff,수리·개인,9
8930e1da36bffff,숙박,2
8930e1da36bffff,시설관리·임대,4
8930e1da36bffff,예술·스포츠,3
8930e1da36bffff,음식,25
8930e1da36fffff,과학·기술,7
8930e1da36fffff,부동산,2
8930e1da36fffff,소매,10
8930e1da36fffff,수리·개인,6
8930e1da36fffff,시설관리·임대,1
8930e1da36fffff,음식,6
8930e1da373ffff,과학·기술,7
8930e1da373ffff,교육,31
8930e1da373ffff,부동산,1
8930e1da373ffff,소매,12
8930e1da373ffff,수리·개인,8
8930e1da373ffff,숙박,3
8930e1da373ffff,시설관리·임대,6
8930e1da373ffff,예술·스포츠,7
8930e1da373ffff,음식,12
8930e1da37bffff,과학·기술,7
8930e1da37bffff,교육,1
8930e1da37bffff,부동산,1
8930e1da37bffff,소매,2
8930e1da37bffff,수리·개인,4
8930e1da37bffff,시설관리·임대,2
8930e1da37bffff,음식,7
8930e1da383ffff,과학·기술,3
8930e1da383ffff,교육,4
8930e1da383ffff,보건의료,3
8930e1da383ffff,부동산,4
8930e1da383ffff,소매,10
8930e1da383ffff,수리·개인,8
8930e1da383ffff,숙박,2
8930e1da383ffff,시설관리·임대,1
8930e1da383ffff,예술·스포츠,3
8930e1da383ffff,음식,9
8930e1da387ffff,과학·기술,2
8930e1da387ffff,교육,7
8930e1da387ffff,보건의료,2
8930e1da387ffff,부동산,2
8930e1da387ffff,소매,1
8930e1da387ffff,수리·개인,9
8930e1da387ffff,예술·스포츠,2
8930e1da387ffff,음식,13
8930e1da38bffff,과학·기술,8
8930e1da38bffff,교육,12
8930e1da38bffff,부동산,4
8930e1da38bffff,소매,7
8930e1da38bffff,수리·개인,11
8930e1da38bffff,숙박,1
8930e1da38bffff,시설관리·임대,2
8930e1da38bffff,음식,8
8930e1da38fffff,과학·기술,2
8930e1da38fffff,교육,19
8930e1da38fffff,보건의료,1
8930e1da38fffff,부동산,9
8930e1da38fffff,소매,9
8930e1da38fffff,수리·개인,7
8930e1da38fffff,시설관리·임대,1
8930e1da38fffff,음식,3
8930e1da393ffff,과학·기술,7
8930e1da393ffff,교육,10
8930e1da393ffff,보건의료,12
8930e1da393ffff,부동산,9
8930e1da393ffff,소매,51
8930e1da393ffff,수리·개인,22
8930e1da393ffff,숙박,3
8930e1da393ffff,시설관리·임대,4
8930e1da393ffff,예술·스포츠,20
8930e1da393ffff,음식,77
8930e1da397ffff,과학·기술,3
8930e1da397ffff,교육,4
8930e1da397ffff,부동산,7
8930e1da397ffff,소매,4
8930e1da397ffff,수리·개인,5
8930e1da397ffff,음식,17
8930e1da39bffff,과학·기술,7
8930e1da39bffff,교육,14
8930e1da39bffff,보건의료,7
8930e1da39bffff,부동산,7
8930e1da39bffff,소매,24
8930e1da39bffff,수리·개인,20
8930e1da39bffff,숙박,2
8930e1da39bffff,시설관리·임대,1
8930e1da39bffff,예술·스포츠,5
8930e1da39bffff,음식,52
8930e1da3a7ffff,과학·기술,1
8930e1da3a7ffff,수리·개인,1
8930e1da3a7ffff,시설관리·임대,1
8930e1da3b3ffff,교육,1
8930e1da3bbffff,교육,4
8930e1da3bbffff,보건의료,1
8930e1da3bbffff,부동산,2
8930e1da3bbffff,소매,3
8930e1da3bbffff,음식,1
8930e1da3c3ffff,과학·기술,7
8930e1da3c3ffff,교육,1
8930e1da3c3ffff,보건의료,2
8930e1da3c3ffff,부동산,5
8930e1da3c3ffff,소매,54
8930e1da3c3ffff,수리·개인,25
8930e1da3c3ffff,시설관리·임대,2
8930e1da3c3ffff,예술·스포츠,4
8930e1da3c3ffff,음식,34
8930e1da3c7ffff,과학·기술,17
8930e1da3c7ffff,교육,15
8930e1da3c7ffff,보건의료,1
8930e1da3c7ffff,부동산,5
8930e1da3c7ffff,소매,25
8930e1da3c7ffff,수리·개인,21
8930e1da3c7ffff,숙박,2
8930e1da3c7ffff,시설관리·임대,4
8930e1da3c7ffff,예술·스포츠,3
8930e1da3c7ffff,음식,29
8930e1da3cbffff,과학·기술,4
8930e1da3cbffff,교육,4
8930e1da3cbffff,부동산,1
8930e1da3cbffff,소매,5
8930e1da3cbffff,수리·개인,3
8930e1da3cbffff,숙박,1
8930e1da3cbffff,시설관리·임대,1
8930e1da3cbffff,음식,4
8930e1da3cfffff,과학·기술,13
8930e1da3cfffff,교육,8
8930e1da3cfffff,보건의료,2
8930e1da3cfffff,부동산,6
8930e1da3cfffff,소매,16
8930e1da3cfffff,수리·개인,7
8930e1da3cfffff,시설관리·임대,4
8930e1da3cfffff,예술·스포츠,2
8930e1da3cfffff,음식,14
8930e1da3d3ffff,과학·기술,11
8930e1da3d3ffff,교육,5
8930e1da3d3ffff,보건의료,5
8930e1da3d3ffff,부동산,2
8930e1da3d3ffff,소매,33
8930e1da3d3ffff,수리·개인,8
8930e1da3d3ffff,숙박,3
8930e1da3d3ffff,시설관리·임대,5
8930e1da3d3ffff,예술·스포츠,6
8930e1da3d3ffff,음식,44
8930e1da3d7ffff,과학·기술,5
8930e1da3d7ffff,교육,5
8930e1da3d7ffff,보건의료,20
8930e1da3d7ffff,부동산,5
8930e1da3d7ffff,소매,136
8930e1da3d7ffff,수리·개인,14
8930e1da3d7ffff,숙박,2
8930e1da3d7ffff,시설관리·임대,3
8930e1da3d7ffff,예술·스포츠,13
8930e1da3d7ffff,음식,98
8930e1da3dbffff,과학·기술,7
8930e1da3dbffff,교육,4
8930e1da3dbffff,부동산,2
8930e1da3dbffff,소매,13
8930e1da3dbffff,수리·개인,7
8930e1da3dbffff,숙박,1
8930e1da3dbffff,시설관리·임대,5
8930e1da3dbffff,음식,23
8930e1da503ffff,과학·기술,2
8930e1da503ffff,교육,2
8930e1da503ffff,소매,5
8930e1da503ffff,수리·개인,1
8930e1da503ffff,음식,2
8930e1da507ffff,과학·기술,1
8930e1da507ffff,소매,3
8930e1da507ffff,수리·개인,2
8930e1da507ffff,시설관리·임대,2
8930e1da50bffff,과학·기술,5
8930e1da50bffff,교육,10
8930e1da50bffff,보건의료,2
8930e1da50bffff,부동산,4
8930e1da50bffff,소매,24
8930e1da50bffff,수리·개인,21
8930e1da50bffff,숙박,1
8930e1da50bffff,예술·스포츠,4
8930e1da50bffff,음식,38
8930e1da50fffff,과학·기술,10
8930e1da50fffff,교육,7
8930e1da50fffff,보건의료,1
8930e1da50fffff,부동산,3
8930e1da50fffff,소매,13
8930e1da50fffff,수리·개인,22
8930e1da50fffff,시설관리·임대,3
8930e1da50fffff,예술·스포츠,1
8930e1da50fffff,음식,19
8930e1da513ffff,소매,1
8930e1da517ffff,수리·개인,1
8930e1da517ffff,시설관리·임대,1
8930e1da51bffff,과학·기술,6
8930e1da51bffff,교육,1
8930e1da51bffff,부동산,1
8930e1da51bffff,소매,8
8930e1da51bffff,수리·개인,9
8930e1da51bffff,음식,5
8930e1da523ffff,과학·기술,13
8930e1da523ffff,교육,32
8930e1da523ffff,보건의료,2
8930e1da523ffff,부동산,8
8930e1da523ffff,소매,45
8930e1da523ffff,수리·개인,27
8930e1da523ffff,숙박,1
8930e1da523ffff,시설관리·임대,11
8930e1da523ffff,예술·스포츠,22
8930e1da523ffff,음식,135
8930e1da527ffff,과학·기술,16
8930e1da527ffff,교육,18
8930e1da527ffff,보건의료,46
8930e1da527ffff,부동산,12
8930e1da527ffff,소매,132
8930e1da527ffff,수리·개인,34
8930e1da527ffff,숙박,15
8930e1da527ffff,시설관리·임대,2
8930e1da527ffff,예술·스포츠,46
8930e1da527ffff,음식,205
8930e1da52bffff,과학·기술,12
8930e1da52bffff,교육,29
8930e1da52bffff,보건의료,2
8930e1da52bffff,부동산,7
8930e1da52bffff,소매,20
8930e1da52bffff,수리·개인,16
8930e1da52bffff,시설관리·임대,3
8930e1da52bffff,예술·스포츠,6
8930e1da52bffff,음식,36
8930e1da52fffff,과학·기술,13
8930e1da52fffff,교육,8
8930e1da52fffff,보건의료,10
8930e1da52fffff,부동산,10
8930e1da52fffff,소매,22
8930e1da52fffff,수리·개인,16
8930e1da52fffff,숙박,6
8930e1da52fffff,시설관리·임대,10
8930e1da52fffff,예술·스포츠,13
8930e1da52fffff,음식,54
8930e1da533ffff,과학·기술,6
8930e1da533ffff,교육,44
8930e1da533ffff,보건의료,5
8930e1da533ffff,부동산,15
8930e1da533ffff,소매,48
8930e1da533ffff,수리·개인,27
8930e1da533ffff,숙박,1
8930e1da533ffff,시설관리·임대,5
8930e1da533ffff,예술·스포츠,6
8930e1da533ffff,음식,47
8930e1da537ffff,과학·기술,13
8930e1da537ffff,교육,21
8930e1da537ffff,보건의료,3
8930e1da537ffff,부동산,7
8930e1da537ffff,소매,26
8930e1da537ffff,수리·개인,35
8930e1da537ffff,숙박,5
8930e1da537ffff,시설관리·임대,4
8930e1da537ffff,예술·스포츠,19
8930e1da537ffff,음식,149
8930e1da53bffff,과학·기술,8
8930e1da53bffff,교육,3
8930e1da53bffff,보건의료,1
8930e1da53bffff,부동산,4
8930e1da53bffff,소매,15
8930e1da53bffff,수리·개인,11
8930e1da53bffff,시설관리·임대,1
8930e1da53bffff,예술·스포츠,2
8930e1da53bffff,음식,13
8930e1da547ffff,교육,4
8930e1da547ffff,소매,1
8930e1da547ffff,수리·개인,4
8930e1da547ffff,시설관리·임대,2
8930e1da547ffff,음식,1
8930e1da54bffff,과학·기술,1
8930e1da54bffff,교육,2
8930e1da54bffff,소매,2
8930e1da54bffff,수리·개인,2
8930e1da54fffff,과학·기술,2
8930e1da54fffff,교육,1
8930e1da54fffff,소매,7
8930e1da54fffff,수리·개인,3
8930e1da54fffff,음식,1
8930e1da553ffff,과학·기술,1
8930e1da553ffff,부동산,1
8930e1da553ffff,소매,1
8930e1da553ffff,수리·개인,1
8930e1da557ffff,과학·기술,1
8930e1da557ffff,교육,8
8930e1da557ffff,부동산,3
8930e1da557ffff,소매,12
8930e1da557ffff,수리·개인,9
8930e1da557ffff,시설관리·임대,2
8930e1da557ffff,예술·스포츠,1
8930e1da557ffff,음식,10
8930e1da563ffff,과학·기술,3
8930e1da563ffff,교육,17
8930e1da563ffff,보건의료,8
8930e1da563ffff,부동산,8
8930e1da563ffff,소매,26
8930e1da563ffff,수리·개인,15
8930e1da563ffff,시설관리·임대,1
8930e1da563ffff,예술·스포츠,3
8930e1da563ffff,음식,18
8930e1da567ffff,과학·기술,17
8930e1da567ffff,교육,61
8930e1da567ffff,보건의료,32
8930e1da567ffff,부동산,8
8930e1da567ffff,소매,46
8930e1da567ffff,수리·개인,18
8930e1da567ffff,숙박,2
8930e1da567ffff,시설관리·임대,7
8930e1da567ffff,예술·스포츠,20
8930e1da567ffff,음식,44
8930e1da56bffff,과학·기술,5
8930e1da56bffff,교육,17
8930e1da56bffff,부동산,8
8930e1da56bffff,소매,24
8930e1da56bffff,수리·개인,22
8930e1da56bffff,시설관리·임대,2
8930e1da56bffff,예술·스포츠,2
8930e1da56bffff,음식,27
8930e1da56fffff,과학·기술,5
8930e1da56fffff,교육,29
8930e1da56fffff,보건의료,9
8930e1da56fffff,부동산,4
8930e1da56fffff,소매,25
8930e1da56fffff,수리·개인,14
8930e1da56fffff,숙박,1
8930e1da56fffff,예술·스포츠,2
8930e1da56fffff,음식,37
8930e1da573ffff,과학·기술,15
8930e1da573ffff,교육,19
8930e1da573ffff,보건의료,10
8930e1da573ffff,부동산,4
8930e1da573ffff,소매,42
8930e1da573ffff,수리·개인,19
8930e1da573ffff,시설관리·임대,2
8930e1da573ffff,예술·스포츠,12
8930e1da573ffff,음식,50
8930e1da577ffff,과학·기술,1
8930e1da577ffff,교육,9
8930e1da577ffff,보건의료,5
8930e1da577ffff,부동산,8
8930e1da577ffff,소매,25
8930e1da577ffff,수리·개인,32
8930e1da577ffff,숙박,1
8930e1da577ffff,시설관리·임대,2
8930e1da577ffff,예술·스포츠,5
8930e1da577ffff,음식,26
8930e1da57bffff,과학·기술,5
8930e1da57bffff,교육,12
8930e1da57bffff,부동산,6
8930e1da57bffff,소매,11
8930e1da57bffff,수리·개인,18
8930e1da57bffff,시설관리·임대,3
8930e1da57bffff,예술·스포츠,1
8930e1da57bffff,음식,12
8930e1da5a3ffff,과학·기술,3
8930e1da5a3ffff,교육,2
8930e1da5a3ffff,소매,2
8930e1da5a3ffff,수리·개인,2
8930e1da5a7ffff,과학·기술,8
8930e1da5a7ffff,교육,1
8930e1da5a7ffff,보건의료,1
8930e1da5a7ffff,부동산,9
8930e1da5a7ffff,소매,7
8930e1da5a7ffff,수리·개인,9
8930e1da5a7ffff,시설관리·임대,5
8930e1da5a7ffff,예술·스포츠,1
8930e1da5a7ffff,음식,8
8930e1da5abffff,과학·기술,3
8930e1da5abffff,교육,15
8930e1da5abffff,소매,6
8930e1da5abffff,수리·개인,9
8930e1da5abffff,숙박,1
8930e1da5abffff,음식,4
8930e1da5afffff,과학·기술,2
8930e1da5afffff,교육,4
8930e1da5afffff,부동산,4
8930e1da5afffff,소매,6
8930e1da5afffff,수리·개인,8
8930e1da5afffff,음식,4
8930e1da5b3ffff,과학·기술,1
8930e1da5b3ffff,교육,1
8930e1da5b7ffff,과학·기술,1
8930e1da5b7ffff,교육,1
8930e1da5b7ffff,시설관리·임대,1
8930e1da5bbffff,과학·기술,2
8930e1da5bbffff,교육,1
8930e1da5bbffff,소매,7
8930e1da5bbffff,수리·개인,2
8930e1da5c7ffff,과학·기술,3
8930e1da5c7ffff,소매,2
8930e1da5c7ffff,수리·개인,1
8930e1da5c7ffff,시설관리·임대,1
8930e1da60bffff,과학·기술,5
8930e1da60bffff,소매,5
8930e1da60bffff,시설관리·임대,3
8930e1da60bffff,예술·스포츠,1
8930e1da60fffff,교육,1
8930e1da60fffff,보건의료,1
8930e1da60fffff,부동산,1
8930e1da60fffff,음식,2
8930e1da613ffff,음식,2
8930e1da61bffff,과학·기술,2
8930e1da61bffff,소매,2
8930e1da643ffff,과학·기술,13
8930e1da643ffff,소매,3
8930e1da643ffff,수리·개인,1
8930e1da643ffff,숙박,1
8930e1da643ffff,시설관리·임대,6
8930e1da643ffff,예술·스포츠,1
8930e1da643ffff,음식,7
8930e1da647ffff,과학·기술,2
8930e1da647ffff,소매,1
8930e1da647ffff,수리·개인,4
8930e1da64bffff,과학·기술,7
8930e1da64bffff,교육,6
8930e1da64bffff,보건의료,4
8930e1da64bffff,부동산,4
8930e1da64bffff,소매,5
8930e1da64bffff,수리·개인,2
8930e1da64bffff,예술·스포츠,2
8930e1da64bffff,음식,20
8930e1da64fffff,과학·기술,38
8930e1da64fffff,교육,10
8930e1da64fffff,보건의료,3
8930e1da64fffff,부동산,9
8930e1da64fffff,소매,24
8930e1da64fffff,수리·개인,10
8930e1da64fffff,시설관리·임대,8
8930e1da64fffff,예술·스포츠,10
8930e1da64fffff,음식,96
8930e1da653ffff,수리·개인,3
8930e1da657ffff,소매,2
8930e1da657ffff,예술·스포츠,1
8930e1da657ffff,음식,1
8930e1da65bffff,과학·기술,1
8930e1da65bffff,부동산,3
8930e1da65bffff,소매,5
8930e1da65bffff,수리·개인,1
8930e1da65bffff,시설관리·임대,1
8930e1da663ffff,과학·기술,3
8930e1da663ffff,교육,6
8930e1da663ffff,보건의료,4
8930e1da663ffff,부동산,13
8930e1da663ffff,소매,12
8930e1da663ffff,수리·개인,7
8930e1da663ffff,숙박,2
8930e1da663ffff,예술·스포츠,3
8930e1da663ffff,음식,32
8930e1da667ffff,부동산,2
8930e1da667ffff,소매,1
8930e1da667ffff,수리·개인,1
8930e1da667ffff,음식,7
8930e1da66bffff,수리·개인,1
8930e1da66fffff,과학·기술,6
8930e1da66fffff,교육,2
8930e1da66fffff,보건의료,3
8930e1da66fffff,부동산,9
8930e1da66fffff,소매,33
8930e1da66fffff,수리·개인,6
8930e1da66fffff,숙박,3
8930e1da66fffff,시설관리·임대,5
8930e1da66fffff,예술·스포츠,6
8930e1da66fffff,음식,26
8930e1da673ffff,교육,3
8930e1da673ffff,부동산,4
8930e1da673ffff,소매,3
8930e1da673ffff,수리·개인,1
8930e1da673ffff,예술·스포츠,1
8930e1da673ffff,음식,4
8930e1da67bffff,과학·기술,1
8930e1da67bffff,부동산,1
8930e1da67bffff,소매,2
8930e1da67bffff,숙박,2
8930e1da67bffff,음식,4
8930e1da6c7ffff,과학·기술,1
8930e1da6c7ffff,부동산,1
8930e1da6c7ffff,소매,6
8930e1da6c7ffff,시설관리·임대,1
8930e1da6c7ffff,음식,2
8930e1da6cbffff,교육,7
8930e1da6cbffff,소매,2
8930e1da6cbffff,수리·개인,2
8930e1da6cbffff,음식,5
8930e1da6cfffff,과학·기술,16
8930e1da6cfffff,교육,4
8930e1da6cfffff,부동산,4
8930e1da6cfffff,소매,4
8930e1da6cfffff,수리·개인,1
8930e1da6cfffff,시설관리·임대,2
8930e1da803ffff,과학·기술,1
8930e1da803ffff,교육,3
8930e1da803ffff,음식,2
8930e1da80bffff,과학·기술,19
8930e1da80bffff,교육,9
8930e1da80bffff,보건의료,3
8930e1da80bffff,부동산,2
8930e1da80bffff,소매,6
8930e1da80bffff,수리·개인,7
8930e1da80bffff,시설관리·임대,9
8930e1da80bffff,예술·스포츠,2
8930e1da80bffff,음식,11
8930e1da813ffff,과학·기술,3
8930e1da813ffff,교육,4
8930e1da813ffff,보건의료,1
8930e1da813ffff,부동산,3
8930e1da813ffff,소매,11
8930e1da813ffff,수리·개인,5
8930e1da813ffff,숙박,1
8930e1da813ffff,시설관리·임대,2
8930e1da813ffff,예술·스포츠,1
8930e1da813ffff,음식,4
8930e1da817ffff,과학·기술,3
8930e1da817ffff,교육,5
8930e1da817ffff,소매,2
8930e1da817ffff,숙박,3
8930e1da817ffff,시설관리·임대,2
8930e1da817ffff,예술·스포츠,3
8930e1da817ffff,음식,6
8930e1da81bffff,과학·기술,6
8930e1da81bffff,교육,1
8930e1da81bffff,보건의료,1
8930e1da81bffff,소매,8
8930e1da81bffff,수리·개인,4
8930e1da81bffff,숙박,1
8930e1da81bffff,시설관리·임대,3
8930e1da81bffff,음식,4
8930e1da833ffff,과학·기술,1
8930e1da833ffff,시설관리·임대,1
8930e1da847ffff,과학·기술,6
8930e1da847ffff,교육,2
8930e1da847ffff,소매,14
8930e1da847ffff,수리·개인,3
8930e1da847ffff,시설관리·임대,4
8930e1da847ffff,예술·스포츠,1
8930e1da847ffff,음식,12
8930e1da84bffff,과학·기술,2
8930e1da84bffff,시설관리·임대,2
8930e1da84fffff,과학·기술,10
8930e1da84fffff,교육,4
8930e1da84fffff,보건의료,1
8930e1da84fffff,소매,8
8930e1da84fffff,수리·개인,1
8930e1da84fffff,숙박,1
8930e1da84fffff,시설관리·임대,1
8930e1da84fffff,예술·스포츠,1
8930e1da84fffff,음식,5
8930e1da857ffff,과학·기술,4
8930e1da857ffff,교육,1
8930e1da857ffff,소매,1
8930e1da857ffff,수리·개인,2
8930e1da857ffff,숙박,1
8930e1da857ffff,음식,1
8930e1da863ffff,소매,4
8930e1da863ffff,숙박,1
8930e1da863ffff,음식,5
8930e1da867ffff,과학·기술,1
8930e1da867ffff,음식,2
8930e1da86bffff,과학·기술,1
8930e1da86bffff,부동산,1
8930e1da86bffff,소매,1
8930e1da873ffff,과학·기술,3
8930e1da873ffff,교육,1
8930e1da873ffff,소매,3
8930e1da873ffff,수리·개인,1
8930e1da873ffff,시설관리·임대,2
8930e1da877ffff,과학·기술,1
8930e1da877ffff,소매,1
8930e1da877ffff,숙박,3
8930e1da87bffff,과학·기술,8
8930e1da87bffff,교육,5
8930e1da87bffff,부동산,1
8930e1da87bffff,소매,15
8930e1da87bffff,수리·개인,2
8930e1da87bffff,시설관리·임대,2
8930e1da87bffff,예술·스포츠,2
8930e1da87bffff,음식,31
8930e1da883ffff,과학·기술,11
8930e1da883ffff,교육,4
8930e1da883ffff,보건의료,2
8930e1da883ffff,부동산,6
8930e1da883ffff,소매,15
8930e1da883ffff,수리·개인,11
8930e1da883ffff,예술·스포츠,7
8930e1da883ffff,음식,28
8930e1da887ffff,과학·기술,5
8930e1da88bffff,과학·기술,2
8930e1da88bffff,교육,1
8930e1da88bffff,수리·개인,1
8930e1da88bffff,시설관리·임대,1
8930e1da88bffff,음식,2
8930e1da88fffff,과학·기술,10
8930e1da88fffff,교육,16
8930e1da88fffff,부동산,3
8930e1da88fffff,소매,14
8930e1da88fffff,수리·개인,8
8930e1da88fffff,시설관리·임대,1
8930e1da88fffff,예술·스포츠,2
8930e1da88fffff,음식,6
8930e1da893ffff,과학·기술,10
8930e1da893ffff,교육,3
8930e1da893ffff,보건의료,4
8930e1da893ffff,부동산,3
8930e1da893ffff,소매,13
8930e1da893ffff,수리·개인,5
8930e1da893ffff,숙박,1
8930e1da893ffff,시설관리·임대,5
8930e1da893ffff,예술·스포츠,1
8930e1da893ffff,음식,10
8930e1da897ffff,과학·기술,2
8930e1da897ffff,교육,1
8930e1da89bffff,과학·기술,5
8930e1da89bffff,교육,1
8930e1da89bffff,수리·개인,1
8930e1da89bffff,시설관리·임대,1
8930e1da8a3ffff,과학·기술,5
8930e1da8a3ffff,교육,3
8930e1da8a3ffff,부동산,3
8930e1da8a3ffff,소매,7
8930e1da8a3ffff,수리·개인,3
8930e1da8a3ffff,시설관리·임대,1
8930e1da8a3ffff,예술·스포츠,1
8930e1da8a3ffff,음식,10
8930e1da8a7ffff,과학·기술,2
8930e1da8a7ffff,교육,1
8930e1da8abffff,과학·기술,15
8930e1da8abffff,교육,18
8930e1da8abffff,보건의료,4
8930e1da8abffff,부동산,6
8930e1da8abffff,소매,35
8930e1da8abffff,수리·개인,12
8930e1da8abffff,시설관리·임대,1
8930e1da8abffff,예술·스포츠,4
8930e1da8abffff,음식,24
8930e1da8afffff,과학·기술,6
8930e1da8afffff,교육,6
8930e1da8afffff,보건의료,2
8930e1da8afffff,부동산,1
8930e1da8afffff,소매,13
8930e1da8afffff,수리·개인,2
8930e1da8afffff,시설관리·임대,1
8930e1da8afffff,예술·스포츠,5
8930e1da8afffff,음식,8
8930e1da8b3ffff,과학·기술,3
8930e1da8b3ffff,교육,1
8930e1da8b3ffff,소매,3
8930e1da8b3ffff,수리·개인,1
8930e1da8b3ffff,시설관리·임대,1
8930e1da8b7ffff,과학·기술,3
8930e1da8b7ffff,교육,1
8930e1da8b7ffff,보건의료,1
8930e1da8b7ffff,부동산,2
8930e1da8b7ffff,소매,2
8930e1da8b7ffff,수리·개인,1
8930e1da8b7ffff,시설관리·임대,2
8930e1da8b7ffff,음식,1
8930e1da8bbffff,과학·기술,5
8930e1da8bbffff,보건의료,1
8930e1da8bbffff,부동산,2
8930e1da8bbffff,소매,3
8930e1da8bbffff,수리·개인,2
8930e1da8bbffff,시설관리·임대,2
8930e1da8c3ffff,과학·기술,2
8930e1da8c3ffff,소매,4
8930e1da8c3ffff,수리·개인,2
8930e1da8c3ffff,숙박,2
8930e1da8c3ffff,시설관리·임대,2
8930e1da8c3ffff,예술·스포츠,1
8930e1da8c3ffff,음식,16
8930e1da8c7ffff,과학·기술,8
8930e1da8c7ffff,소매,2
8930e1da8c7ffff,음식,7
8930e1da8cbffff,과학·기술,2
8930e1da8cbffff,교육,1
8930e1da8cbffff,소매,1
8930e1da8cbffff,수리·개인,1
8930e1da8cfffff,과학·기술,3
8930e1da8cfffff,교육,2
8930e1da8cfffff,부동산,1
8930e1da8cfffff,소매,5
8930e1da8cfffff,수리·개인,4
8930e1da8cfffff,숙박,3
8930e1da8cfffff,시설관리·임대,1
8930e1da8cfffff,예술·스포츠,2
8930e1da8cfffff,음식,8
8930e1da8d3ffff,음식,1
8930e1da8d7ffff,과학·기술,3
8930e1da8d7ffff,교육,1
8930e1da8d7ffff,소매,4
8930e1da8d7ffff,숙박,1
8930e1da8d7ffff,음식,6
8930e1da913ffff,수리·개인,2
8930e1da927ffff,소매,1
8930e1da927ffff,예술·스포츠,1
8930e1da927ffff,음식,3
8930e1da92fffff,소매,1
8930e1da937ffff,교육,1
8930e1da937ffff,소매,1
8930e1da943ffff,소매,2
8930e1da943ffff,음식,3
8930e1da96fffff,교육,1
8930e1da96fffff,소매,1
8930e1da96fffff,시설관리·임대,1
8930e1da983ffff,과학·기술,1
8930e1da983ffff,교육,1
8930e1da983ffff,소매,3
8930e1da983ffff,시설관리·임대,1
8930e1da987ffff,보건의료,1
8930e1da987ffff,소매,1
8930e1da987ffff,시설관리·임대,1
8930e1da98bffff,과학·기술,4
8930e1da98bffff,교육,1
8930e1da98bffff,보건의료,1
8930e1da98bffff,부동산,1
8930e1da98bffff,소매,5
8930e1da98bffff,수리·개인,1
8930e1da98bffff,시설관리·임대,2
8930e1da98bffff,음식,8
8930e1da98fffff,과학·기술,1
8930e1da98fffff,소매,2
8930e1da993ffff,과학·기술,4
8930e1da993ffff,교육,2
8930e1da993ffff,부동산,1
8930e1da993ffff,소매,4
8930e1da993ffff,시설관리·임대,1
8930e1da993ffff,음식,1
8930e1da99bffff,과학·기술,7
8930e1da99bffff,부동산,1
8930e1da99bffff,소매,7
8930e1da99bffff,시설관리·임대,1
8930e1da99bffff,음식,1
8930e1da9c3ffff,교육,3
8930e1da9c3ffff,부동산,2
8930e1da9c3ffff,수리·개인,2
8930e1da9c3ffff,숙박,1
8930e1da9c3ffff,예술·스포츠,3
8930e1da9c3ffff,음식,4
8930e1da9c7ffff,과학·기술,3
8930e1da9c7ffff,부동산,1
8930e1da9c7ffff,소매,1
8930e1da9c7ffff,시설관리·임대,1
8930e1da9c7ffff,음식,5
8930e1da9d3ffff,과학·기술,2
8930e1da9d3ffff,교육,1
8930e1da9d3ffff,보건의료,1
8930e1da9d3ffff,음식,1
8930e1da9d7ffff,과학·기술,9
8930e1da9d7ffff,교육,1
8930e1da9d7ffff,부동산,1
8930e1da9d7ffff,소매,17
8930e1da9d7ffff,수리·개인,2
8930e1da9d7ffff,시설관리·임대,2
8930e1da9d7ffff,예술·스포츠,2
8930e1da9d7ffff,음식,4
8930e1da9dbffff,과학·기술,3
8930e1da9dbffff,교육,3
8930e1da9dbffff,부동산,4
8930e1da9dbffff,소매,3
8930e1da9dbffff,수리·개인,3
8930e1da9dbffff,시설관리·임대,3
8930e1da9dbffff,예술·스포츠,1
8930e1da9dbffff,음식,8
8930e1daa07ffff,교육,1
8930e1daa07ffff,소매,4
8930e1daa07ffff,숙박,2
8930e1daa07ffff,시설관리·임대,2
8930e1daa07ffff,음식,3
8930e1daa0fffff,과학·기술,2
8930e1daa0fffff,소매,2
8930e1daa0fffff,숙박,3
8930e1daa17ffff,과학·기술,1
8930e1daa23ffff,과학·기술,24
8930e1daa23ffff,교육,8
8930e1daa23ffff,보건의료,1
8930e1daa23ffff,부동산,9
8930e1daa23ffff,소매,51
8930e1daa23ffff,수리·개인,9
8930e1daa23ffff,숙박,6
8930e1daa23ffff,시설관리·임대,3
8930e1daa23ffff,예술·스포츠,1
8930e1daa23ffff,음식,68
8930e1daa27ffff,과학·기술,20
8930e1daa27ffff,교육,3
8930e1daa27ffff,소매,8
8930e1daa27ffff,수리·개인,3
8930e1daa27ffff,숙박,7
8930e1daa27ffff,시설관리·임대,2
8930e1daa27ffff,음식,9
8930e1daa2bffff,과학·기술,43
8930e1daa2bffff,교육,27
8930e1daa2bffff,보건의료,3
8930e1daa2bffff,부동산,8
8930e1daa2bffff,소매,69
8930e1daa2bffff,수리·개인,16
8930e1daa2bffff,숙박,28
8930e1daa2bffff,시설관리·임대,11
8930e1daa2bffff,예술·스포츠,3
8930e1daa2bffff,음식,97
8930e1daa2fffff,과학·기술,29
8930e1daa2fffff,교육,8
8930e1daa2fffff,보건의료,6
8930e1daa2fffff,부동산,6
8930e1daa2fffff,소매,62
8930e1daa2fffff,수리·개인,5
8930e1daa2fffff,숙박,4
8930e1daa2fffff,시설관리·임대,4
8930e1daa2fffff,예술·스포츠,3
8930e1daa2fffff,음식,79
8930e1daa33ffff,과학·기술,7
8930e1daa33ffff,교육,4
8930e1daa33ffff,소매,3
8930e1daa33ffff,시설관리·임대,1
8930e1daa33ffff,음식,3
8930e1daa37ffff,과학·기술,25
8930e1daa37ffff,교육,7
8930e1daa37ffff,보건의료,1
8930e1daa37ffff,부동산,1
8930e1daa37ffff,소매,12
8930e1daa37ffff,수리·개인,4
8930e1daa37ffff,숙박,1
8930e1daa37ffff,시설관리·임대,3
8930e1daa37ffff,예술·스포츠,5
8930e1daa37ffff,음식,18
8930e1daa3bffff,과학·기술,26
8930e1daa3bffff,교육,14
8930e1daa3bffff,부동산,4
8930e1daa3bffff,소매,42
8930e1daa3bffff,수리·개인,8
8930e1daa3bffff,숙박,20
8930e1daa3bffff,시설관리·임대,4
8930e1daa3bffff,예술·스포츠,1
8930e1daa3bffff,음식,46
8930e1daa43ffff,과학·기술,2
8930e1daa43ffff,교육,9
8930e1daa43ffff,보건의료,5
8930e1daa43ffff,부동산,7
8930e1daa43ffff,소매,13
8930e1daa43ffff,수리·개인,3
8930e1daa43ffff,시설관리·임대,2
8930e1daa43ffff,예술·스포츠,8
8930e1daa43ffff,음식,30
8930e1daa47ffff,과학·기술,3
8930e1daa47ffff,교육,5
8930e1daa47ffff,부동산,1
8930e1daa47ffff,소매,8
8930e1daa47ffff,수리·개인,6
8930e1daa47ffff,숙박,1
8930e1daa47ffff,시설관리·임대,1
8930e1daa47ffff,음식,1
8930e1daa4bffff,과학·기술,1
8930e1daa4bffff,교육,9
8930e1daa4bffff,보건의료,1
8930e1daa4bffff,부동산,3
8930e1daa4bffff,소매,3
8930e1daa4bffff,수리·개인,4
8930e1daa4bffff,예술·스포츠,1
8930e1daa4bffff,음식,1
8930e1daa4fffff,과학·기술,9
8930e1daa4fffff,교육,8
8930e1daa4fffff,보건의료,3
8930e1daa4fffff,부동산,4
8930e1daa4fffff,소매,12
8930e1daa4fffff,수리·개인,10
8930e1daa4fffff,숙박,2
8930e1daa4fffff,시설관리·임대,4
8930e1daa4fffff,예술·스포츠,2
8930e1daa4fffff,음식,22
8930e1daa53ffff,과학·기술,2
8930e1daa53ffff,교육,7
8930e1daa53ffff,소매,7
8930e1daa53ffff,수리·개인,4
8930e1daa53ffff,시설관리·임대,6
8930e1daa53ffff,예술·스포츠,3
8930e1daa53ffff,음식,4
8930e1daa57ffff,소매,1
8930e1daa5bffff,과학·기술,2
8930e1daa5bffff,교육,4
8930e1daa5bffff,보건의료,1
8930e1daa5bffff,부동산,3
8930e1daa5bffff,소매,4
8930e1daa5bffff,수리·개인,3
8930e1daa5bffff,예술·스포츠,1
8930e1daa5bffff,음식,3
8930e1daa63ffff,과학·기술,15
8930e1daa63ffff,교육,4
8930e1daa63ffff,부동산,2
8930e1daa63ffff,소매,10
8930e1daa63ffff,수리·개인,1
8930e1daa63ffff,숙박,2
8930e1daa63ffff,시설관리·임대,3
8930e1daa63ffff,음식,8
8930e1daa67ffff,과학·기술,32
8930e1daa67ffff,교육,17
8930e1daa67ffff,보건의료,5
8930e1daa67ffff,부동산,5
8930e1daa67ffff,소매,27
8930e1daa67ffff,수리·개인,8
8930e1daa67ffff,숙박,12
8930e1daa67ffff,시설관리·임대,3
8930e1daa67ffff,예술·스포츠,4
8930e1daa67ffff,음식,85
8930e1daa6bffff,과학·기술,1
8930e1daa6bffff,교육,4
8930e1daa6bffff,소매,4
8930e1daa6bffff,음식,1
8930e1daa6fffff,과학·기술,12
8930e1daa6fffff,교육,1
8930e1daa6fffff,보건의료,3
8930e1daa6fffff,부동산,2
8930e1daa6fffff,소매,14
8930e1daa6fffff,수리·개인,3
8930e1daa6fffff,숙박,1
8930e1daa6fffff,시설관리·임대,2
8930e1daa6fffff,예술·스포츠,1
8930e1daa6fffff,음식,45
8930e1daa73ffff,교육,1
8930e1daa77ffff,과학·기술,4
8930e1daa77ffff,교육,3
8930e1daa77ffff,부동산,2
8930e1daa77ffff,소매,7
8930e1daa77ffff,숙박,1
8930e1daa77ffff,시설관리·임대,2
8930e1daa77ffff,음식,10
8930e1daa7bffff,과학·기술,13
8930e1daa7bffff,교육,3
8930e1daa7bffff,소매,2
8930e1daa7bffff,숙박,1
8930e1daa7bffff,시설관리·임대,3
8930e1daa7bffff,음식,9
8930e1daa87ffff,교육,1
8930e1daa93ffff,교육,2
8930e1daaa7ffff,과학·기술,7
8930e1daaa7ffff,교육,1
8930e1daaa7ffff,부동산,1
8930e1daaa7ffff,시설관리·임대,1
8930e1daaabffff,교육,1
8930e1daaabffff,음식,1
8930e1daaafffff,과학·기술,11
8930e1daaafffff,교육,1
8930e1daaafffff,부동산,1
8930e1daaafffff,소매,3
8930e1daaafffff,수리·개인,1
8930e1daaafffff,숙박,1
8930e1daaafffff,시설관리·임대,2
8930e1daaafffff,음식,3
8930e1daab3ffff,과학·기술,1
8930e1daab3ffff,교육,1
8930e1daab3ffff,시설관리·임대,1
8930e1daab7ffff,과학·기술,3
8930e1daab7ffff,소매,1
8930e1daab7ffff,숙박,2
8930e1daac3ffff,과학·기술,1
8930e1daac3ffff,교육,2
8930e1daac3ffff,부동산,2
8930e1daac3ffff,소매,7
8930e1daac3ffff,수리·개인,4
8930e1daac3ffff,시설관리·임대,1
8930e1daac3ffff,음식,3
8930e1daacbffff,교육,1
8930e1daacbffff,시설관리·임대,1
8930e1daacbffff,음식,2
8930e1daad3ffff,과학·기술,4
8930e1daad3ffff,교육,13
8930e1daad3ffff,보건의료,3
8930e1daad3ffff,부동산,5
8930e1daad3ffff,소매,5
8930e1daad3ffff,수리·개인,2
8930e1daad3ffff,시설관리·임대,2
8930e1daad3ffff,예술·스포츠,3
8930e1daad3ffff,음식,10
8930e1daadbffff,과학·기술,4
8930e1daadbffff,교육,4
8930e1daadbffff,부동산,2
8930e1daadbffff,소매,1
8930e1daadbffff,수리·개인,2
8930e1daadbffff,시설관리·임대,2
8930e1daadbffff,예술·스포츠,1
8930e1daadbffff,음식,2
8930e1dab03ffff,과학·기술,4
8930e1dab03ffff,부동산,1
8930e1dab03ffff,소매,2
8930e1dab03ffff,수리·개인,1
8930e1dab03ffff,시설관리·임대,1
8930e1dab03ffff,예술·스포츠,1
8930e1dab03ffff,음식,4
8930e1dab07ffff,예술·스포츠,1
8930e1dab0bffff,과학·기술,7
8930e1dab0bffff,교육,1
8930e1dab0bffff,부동산,1
8930e1dab0bffff,소매,18
8930e1dab0bffff,수리·개인,1
8930e1dab0bffff,숙박,1
8930e1dab0bffff,음식,14
8930e1dab0fffff,과학·기술,9
8930e1dab0fffff,교육,3
8930e1dab0fffff,부동산,1
8930e1dab0fffff,소매,9
8930e1dab0fffff,숙박,1
8930e1dab0fffff,시설관리·임대,2
8930e1dab0fffff,예술·스포츠,1
8930e1dab0fffff,음식,13
8930e1dab27ffff,과학·기술,3
8930e1dab27ffff,소매,2
8930e1dab27ffff,수리·개인,1
8930e1dab27ffff,시설관리·임대,1
8930e1dab27ffff,음식,1
8930e1dab37ffff,교육,1
8930e1dab47ffff,과학·기술,14
8930e1dab47ffff,교육,4
8930e1dab47ffff,부동산,1
8930e1dab47ffff,소매,33
8930e1dab47ffff,숙박,3
8930e1dab47ffff,시설관리·임대,5
8930e1dab47ffff,예술·스포츠,2
8930e1dab47ffff,음식,21
8930e1dab4bffff,소매,1
8930e1dab4bffff,음식,1
8930e1dab4fffff,과학·기술,15
8930e1dab4fffff,교육,4
8930e1dab4fffff,보건의료,1
8930e1dab4fffff,소매,26
8930e1dab4fffff,수리·개인,1
8930e1dab4fffff,숙박,3
8930e1dab4fffff,시설관리·임대,2
8930e1dab4fffff,예술·스포츠,1
8930e1dab4fffff,음식,22
8930e1dab63ffff,과학·기술,24
8930e1dab63ffff,교육,11
8930e1dab63ffff,보건의료,1
8930e1dab63ffff,부동산,2
8930e1dab63ffff,소매,29
8930e1dab63ffff,수리·개인,3
8930e1dab63ffff,숙박,13
8930e1dab63ffff,시설관리·임대,8
8930e1dab63ffff,예술·스포츠,1
8930e1dab63ffff,음식,9
8930e1dab67ffff,과학·기술,9
8930e1dab67ffff,교육,6
8930e1dab67ffff,소매,12
8930e1dab67ffff,숙박,6
8930e1dab67ffff,시설관리·임대,3
8930e1dab67ffff,예술·스포츠,1
8930e1dab67ffff,음식,3
8930e1dab6bffff,과학·기술,22
8930e1dab6bffff,교육,4
8930e1dab6bffff,보건의료,2
8930e1dab6bffff,부동산,7
8930e1dab6bffff,소매,62
8930e1dab6bffff,수리·개인,3
8930e1dab6bffff,숙박,14
8930e1dab6bffff,시설관리·임대,8
8930e1dab6bffff,예술·스포츠,4
8930e1dab6bffff,음식,69
8930e1dab6fffff,과학·기술,22
8930e1dab6fffff,교육,6
8930e1dab6fffff,보건의료,1
8930e1dab6fffff,부동산,2
8930e1dab6fffff,소매,20
8930e1dab6fffff,수리·개인,5
8930e1dab6fffff,숙박,13
8930e1dab6fffff,시설관리·임대,3
8930e1dab6fffff,예술·스포츠,1
8930e1dab6fffff,음식,22
8930e1dab73ffff,과학·기술,15
8930e1dab73ffff,교육,5
8930e1dab73ffff,부동산,1
8930e1dab73ffff,소매,23
8930e1dab73ffff,숙박,7
8930e1dab73ffff,시설관리·임대,6
8930e1dab73ffff,예술·스포츠,2
8930e1dab73ffff,음식,35
8930e1dab77ffff,과학·기술,5
8930e1dab77ffff,소매,2
8930e1dab77ffff,숙박,1
8930e1dab77ffff,시설관리·임대,1
8930e1dab7bffff,과학·기술,19
8930e1dab7bffff,교육,5
8930e1dab7bffff,부동산,1
8930e1dab7bffff,소매,50
8930e1dab7bffff,수리·개인,1
8930e1dab7bffff,숙박,17
8930e1dab7bffff,시설관리·임대,2
8930e1dab7bffff,예술·스포츠,2
8930e1dab7bffff,음식,22
8930e1dab93ffff,과학·기술,1
8930e1dab93ffff,소매,1
8930e1dab93ffff,음식,1
8930e1daba3ffff,교육,1
8930e1daba3ffff,소매,1
8930e1daba3ffff,시설관리·임대,1
8930e1daba7ffff,과학·기술,1
8930e1daba7ffff,교육,1
8930e1daba7ffff,소매,1
8930e1dabb7ffff,수리·개인,1
8930e1dabcbffff,과학·기술,1
8930e1dabcbffff,부동산,1
8930e1dabcbffff,소매,2
8930e1dabcbffff,음식,2
8930e1dabcfffff,소매,2
8930e1dabcfffff,음식,2
8930e1dabd3ffff,수리·개인,1
8930e1dabd3ffff,시설관리·임대,1
8930e1dabdbffff,과학·기술,11
8930e1dabdbffff,교육,3
8930e1dabdbffff,소매,4
8930e1dabdbffff,수리·개인,1
8930e1dabdbffff,시설관리·임대,1
8930e1dabdbffff,예술·스포츠,1
8930e1dabdbffff,음식,7
8930e1dac1bffff,과학·기술,1
8930e1dac23ffff,과학·기술,4
8930e1dac23ffff,소매,1
8930e1dac23ffff,음식,1
8930e1dac27ffff,소매,1
8930e1dac27ffff,시설관리·임대,1
8930e1dac2fffff,소매,2
8930e1dac2fffff,시설관리·임대,1
8930e1dac2fffff,음식,4
8930e1dac53ffff,과학·기술,3
8930e1dac53ffff,부동산,1
8930e1dac63ffff,과학·기술,2
8930e1dac67ffff,수리·개인,1
8930e1dac6bffff,교육,1
8930e1dac6bffff,소매,1
8930e1dac6bffff,수리·개인,1
8930e1dac6bffff,시설관리·임대,2
8930e1dac6bffff,음식,1
8930e1dac7bffff,수리·개인,1
8930e1dacc3ffff,교육,2
8930e1dacc3ffff,부동산,2
8930e1dacc3ffff,소매,2
8930e1dacc3ffff,수리·개인,3
8930e1dacc3ffff,음식,1
8930e1daccbffff,과학·기술,3
8930e1daccbffff,소매,1
8930e1daccfffff,교육,1
8930e1daccfffff,부동산,1
8930e1daccfffff,소매,2
8930e1daccfffff,수리·개인,1
8930e1daccfffff,시설관리·임대,1
8930e1daccfffff,음식,3
8930e1dacd3ffff,소매,1
8930e1dacdbffff,과학·기술,1
8930e1dacdbffff,교육,4
8930e1dacdbffff,소매,1
8930e1dacdbffff,수리·개인,1
8930e1dacdbffff,음식,1
8930e1dad43ffff,과학·기술,1
8930e1dad43ffff,시설관리·임대,1
8930e1dad43ffff,음식,1
8930e1dad4bffff,소매,1
8930e1dad4fffff,과학·기술,2
8930e1dad4fffff,소매,2
8930e1dad5bffff,교육,1
8930e1dad5bffff,소매,1
8930e1dad5bffff,음식,2
8930e1dad63ffff,소매,2
8930e1dad67ffff,과학·기술,1
8930e1dad6bffff,과학·기술,6
8930e1dad6bffff,교육,2
8930e1dad6bffff,소매,2
8930e1dad6bffff,시설관리·임대,2
8930e1dad6fffff,과학·기술,3
8930e1dad6fffff,교육,1
8930e1dad6fffff,소매,3
8930e1dad6fffff,시설관리·임대,3
8930e1dad7bffff,과학·기술,3
8930e1dad7bffff,소매,1
8930e1dad7bffff,시설관리·임대,1
8930e1dad7bffff,음식,1
8930e1dae03ffff,과학·기술,10
8930e1dae03ffff,교육,32
8930e1dae03ffff,보건의료,1
8930e1dae03ffff,부동산,3
8930e1dae03ffff,소매,16
8930e1dae03ffff,수리·개인,10
8930e1dae03ffff,시설관리·임대,3
8930e1dae03ffff,예술·스포츠,4
8930e1dae03ffff,음식,18
8930e1dae07ffff,과학·기술,8
8930e1dae07ffff,교육,16
8930e1dae07ffff,보건의료,2
8930e1dae07ffff,부동산,5
8930e1dae07ffff,소매,15
8930e1dae07ffff,수리·개인,21
8930e1dae07ffff,숙박,5
8930e1dae07ffff,시설관리·임대,1
8930e1dae07ffff,예술·스포츠,9
8930e1dae07ffff,음식,40
8930e1dae0bffff,과학·기술,4
8930e1dae0bffff,교육,4
8930e1dae0bffff,보건의료,16
8930e1dae0bffff,부동산,2
8930e1dae0bffff,소매,106
8930e1dae0bffff,수리·개인,14
8930e1dae0bffff,숙박,4
8930e1dae0bffff,예술·스포츠,6
8930e1dae0bffff,음식,58
8930e1dae0fffff,과학·기술,7
8930e1dae0fffff,교육,25
8930e1dae0fffff,보건의료,4
8930e1dae0fffff,부동산,14
8930e1dae0fffff,소매,34
8930e1dae0fffff,수리·개인,28
8930e1dae0fffff,숙박,1
8930e1dae0fffff,시설관리·임대,4
8930e1dae0fffff,예술·스포츠,6
8930e1dae0fffff,음식,79
8930e1dae13ffff,과학·기술,1
8930e1dae13ffff,교육,7
8930e1dae13ffff,보건의료,2
8930e1dae13ffff,부동산,5
8930e1dae13ffff,소매,10
8930e1dae13ffff,수리·개인,6
8930e1dae13ffff,예술·스포츠,2
8930e1dae13ffff,음식,9
8930e1dae17ffff,과학·기술,2
8930e1dae17ffff,교육,3
8930e1dae17ffff,부동산,1
8930e1dae17ffff,소매,2
8930e1dae17ffff,수리·개인,5
8930e1dae17ffff,시설관리·임대,2
8930e1dae17ffff,음식,1
8930e1dae1bffff,과학·기술,10
8930e1dae1bffff,교육,10
8930e1dae1bffff,보건의료,5
8930e1dae1bffff,부동산,7
8930e1dae1bffff,소매,43
8930e1dae1bffff,수리·개인,11
8930e1dae1bffff,숙박,2
8930e1dae1bffff,시설관리·임대,5
8930e1dae1bffff,예술·스포츠,2
8930e1dae1bffff,음식,46
8930e1dae23ffff,과학·기술,1
8930e1dae23ffff,부동산,1
8930e1dae23ffff,수리·개인,1
8930e1dae2bffff,과학·기술,2
8930e1dae2bffff,교육,2
8930e1dae2bffff,소매,1
8930e1dae2bffff,시설관리·임대,1
8930e1dae33ffff,과학·기술,2
8930e1dae33ffff,교육,15
8930e1dae33ffff,부동산,3
8930e1dae33ffff,소매,19
8930e1dae33ffff,수리·개인,4
8930e1dae33ffff,숙박,1
8930e1dae33ffff,예술·스포츠,4
8930e1dae33ffff,음식,15
8930e1dae37ffff,소매,2
8930e1dae37ffff,수리·개인,1
8930e1dae3bffff,과학·기술,3
8930e1dae3bffff,교육,5
8930e1dae3bffff,부동산,2
8930e1dae3bffff,소매,2
8930e1dae3bffff,수리·개인,7
8930e1dae3bffff,예술·스포츠,1
8930e1dae3bffff,음식,4
8930e1dae43ffff,과학·기술,4
8930e1dae43ffff,교육,3
8930e1dae43ffff,소매,2
8930e1dae43ffff,수리·개인,1
8930e1dae43ffff,숙박,1
8930e1dae43ffff,시설관리·임대,3
8930e1dae43ffff,음식,2
8930e1dae47ffff,과학·기술,14
8930e1dae47ffff,교육,7
8930e1dae47ffff,보건의료,38
8930e1dae47ffff,부동산,4
8930e1dae47ffff,소매,60
8930e1dae47ffff,수리·개인,13
8930e1dae47ffff,숙박,3
8930e1dae47ffff,예술·스포츠,10
8930e1dae47ffff,음식,86
8930e1dae4bffff,교육,2
8930e1dae4bffff,부동산,1
8930e1dae4bffff,소매,1
8930e1dae4bffff,수리·개인,2
8930e1dae4bffff,시설관리·임대,2
8930e1dae4bffff,음식,1
8930e1dae4fffff,과학·기술,3
8930e1dae4fffff,교육,12
8930e1dae4fffff,부동산,4
8930e1dae4fffff,소매,3
8930e1dae4fffff,수리·개인,2
8930e1dae4fffff,음식,3
8930e1dae53ffff,과학·기술,3
8930e1dae53ffff,교육,1
8930e1dae53ffff,소매,1
8930e1dae53ffff,음식,5
8930e1dae57ffff,과학·기술,11
8930e1dae57ffff,교육,13
8930e1dae57ffff,보건의료,6
8930e1dae57ffff,부동산,7
8930e1dae57ffff,소매,22
8930e1dae57ffff,수리·개인,15
8930e1dae57ffff,숙박,1
8930e1dae57ffff,시설관리·임대,4
8930e1dae57ffff,예술·스포츠,6
8930e1dae57ffff,음식,33
8930e1dae5bffff,과학·기술,4
8930e1dae5bffff,교육,3
8930e1dae5bffff,소매,1
8930e1dae5bffff,숙박,1
8930e1dae5bffff,시설관리·임대,3
8930e1dae5bffff,음식,1
8930e1dae63ffff,과학·기술,7
8930e1dae63ffff,교육,19
8930e1dae63ffff,보건의료,1
8930e1dae63ffff,부동산,5
8930e1dae63ffff,소매,13
8930e1dae63ffff,수리·개인,9
8930e1dae63ffff,시설관리·임대,3
8930e1dae63ffff,예술·스포츠,2
8930e1dae63ffff,음식,1
8930e1dae6bffff,과학·기술,6
8930e1dae6bffff,교육,17
8930e1dae6bffff,보건의료,3
8930e1dae6bffff,부동산,6
8930e1dae6bffff,소매,19
8930e1dae6bffff,수리·개인,11
8930e1dae6bffff,시설관리·임대,2
8930e1dae6bffff,예술·스포츠,4
8930e1dae6bffff,음식,22
8930e1dae6fffff,과학·기술,1
8930e1dae6fffff,교육,2
8930e1dae6fffff,소매,2
8930e1dae6fffff,수리·개인,1
8930e1dae6fffff,음식,2
8930e1dae73ffff,과학·기술,14
8930e1dae73ffff,교육,17
8930e1dae73ffff,보건의료,10
8930e1dae73ffff,부동산,16
8930e1dae73ffff,소매,29
8930e1dae73ffff,수리·개인,16
8930e1dae73ffff,숙박,1
8930e1dae73ffff,예술·스포츠,5
8930e1dae73ffff,음식,44
8930e1dae77ffff,과학·기술,4
8930e1dae77ffff,교육,2
8930e1dae77ffff,소매,3
8930e1dae77ffff,수리·개인,1
8930e1dae77ffff,시설관리·임대,2
8930e1dae77ffff,음식,2
8930e1dae7bffff,과학·기술,12
8930e1dae7bffff,교육,14
8930e1dae7bffff,보건의료,18
8930e1dae7bffff,부동산,3
8930e1dae7bffff,소매,45
8930e1dae7bffff,수리·개인,24
8930e1dae7bffff,시설관리·임대,9
8930e1dae7bffff,예술·스포츠,20
8930e1dae7bffff,음식,51
8930e1dae83ffff,소매,1
8930e1dae8bffff,과학·기술,2
8930e1dae8bffff,보건의료,1
8930e1dae8bffff,부동산,2
8930e1dae8bffff,소매,4
8930e1dae8bffff,수리·개인,2
8930e1dae93ffff,과학·기술,3
8930e1dae93ffff,교육,2
8930e1dae93ffff,부동산,13
8930e1dae93ffff,소매,8
8930e1dae93ffff,수리·개인,12
8930e1dae93ffff,시설관리·임대,1
8930e1dae93ffff,음식,4
8930e1dae9bffff,과학·기술,6
8930e1dae9bffff,부동산,3
8930e1dae9bffff,소매,4
8930e1dae9bffff,수리·개인,5
8930e1dae9bffff,숙박,1
8930e1dae9bffff,시설관리·임대,1
8930e1dae9bffff,음식,1
8930e1daea3ffff,과학·기술,6
8930e1daea3ffff,교육,5
8930e1daea3ffff,보건의료,6
8930e1daea3ffff,부동산,7
8930e1daea3ffff,소매,33
8930e1daea3ffff,수리·개인,13
8930e1daea3ffff,숙박,1
8930e1daea3ffff,시설관리·임대,3
8930e1daea3ffff,예술·스포츠,6
8930e1daea3ffff,음식,31
8930e1daea7ffff,과학·기술,7
8930e1daea7ffff,교육,2
8930e1daea7ffff,부동산,3
8930e1daea7ffff,소매,7
8930e1daea7ffff,수리·개인,8
8930e1daea7ffff,숙박,2
8930e1daea7ffff,시설관리·임대,6
8930e1daea7ffff,음식,6
8930e1daeabffff,과학·기술,3
8930e1daeabffff,교육,8
8930e1daeabffff,부동산,7
8930e1daeabffff,소매,16
8930e1daeabffff,수리·개인,10
8930e1daeabffff,숙박,2
8930e1daeabffff,시설관리·임대,2
8930e1daeabffff,예술·스포츠,1
8930e1daeabffff,음식,29
8930e1daeafffff,과학·기술,9
8930e1daeafffff,교육,2
8930e1daeafffff,부동산,2
8930e1daeafffff,소매,21
8930e1daeafffff,수리·개인,13
8930e1daeafffff,시설관리·임대,1
8930e1daeafffff,음식,27
8930e1daeb7ffff,부동산,1
8930e1daeb7ffff,소매,2
8930e1daeb7ffff,수리·개인,5
8930e1daeb7ffff,시설관리·임대,2
8930e1daeb7ffff,음식,1
8930e1daebbffff,과학·기술,2
8930e1daebbffff,교육,1
8930e1daebbffff,보건의료,1
8930e1daebbffff,부동산,4
8930e1daebbffff,소매,8
8930e1daebbffff,수리·개인,2
8930e1daebbffff,시설관리·임대,1
8930e1daebbffff,예술·스포츠,2
8930e1daebbffff,음식,6
8930e1daec3ffff,과학·기술,1
8930e1daec7ffff,시설관리·임대,1
8930e1daecbffff,과학·기술,15
8930e1daecbffff,교육,2
8930e1daecbffff,부동산,2
8930e1daecbffff,소매,6
8930e1daecbffff,수리·개인,7
8930e1daecbffff,숙박,1
8930e1daecbffff,시설관리·임대,7
8930e1daecbffff,예술·스포츠,1
8930e1daecbffff,음식,8
8930e1daecfffff,교육,4
8930e1daecfffff,보건의료,4
8930e1daecfffff,소매,3
8930e1daecfffff,수리·개인,1
8930e1daecfffff,음식,1
8930e1daed3ffff,과학·기술,5
8930e1daed3ffff,교육,2
8930e1daed3ffff,소매,4
8930e1daed3ffff,수리·개인,1
8930e1daed3ffff,시설관리·임대,1
8930e1daed3ffff,예술·스포츠,1
8930e1daed3ffff,음식,3
8930e1daed7ffff,과학·기술,1
8930e1daed7ffff,교육,1
8930e1daed7ffff,시설관리·임대,1
8930e1daedbffff,과학·기술,3
8930e1daedbffff,교육,2
8930e1daedbffff,부동산,1
8930e1daedbffff,소매,2
8930e1daedbffff,수리·개인,2
8930e1daedbffff,시설관리·임대,1
8930e1db037ffff,소매,1
8930e1db037ffff,음식,3
8930e1db043ffff,소매,3
8930e1db043ffff,수리·개인,1
8930e1db043ffff,시설관리·임대,2
8930e1db043ffff,음식,1
8930e1db04bffff,과학·기술,25
8930e1db04bffff,교육,13
8930e1db04bffff,보건의료,2
8930e1db04bffff,부동산,2
8930e1db04bffff,소매,14
8930e1db04bffff,수리·개인,9
8930e1db04bffff,시설관리·임대,2
8930e1db04bffff,음식,8
8930e1db053ffff,과학·기술,1
8930e1db053ffff,교육,1
8930e1db053ffff,부동산,4
8930e1db053ffff,소매,4
8930e1db053ffff,수리·개인,5
8930e1db053ffff,시설관리·임대,1
8930e1db053ffff,음식,3
8930e1db05bffff,과학·기술,3
8930e1db063ffff,과학·기술,1
8930e1db063ffff,교육,1
8930e1db063ffff,소매,4
8930e1db063ffff,수리·개인,3
8930e1db063ffff,시설관리·임대,1
8930e1db067ffff,소매,2
8930e1db067ffff,예술·스포츠,2
8930e1db067ffff,음식,1
8930e1db06bffff,과학·기술,40
8930e1db06bffff,교육,9
8930e1db06bffff,부동산,5
8930e1db06bffff,소매,20
8930e1db06bffff,수리·개인,8
8930e1db06bffff,시설관리·임대,7
8930e1db06bffff,음식,18
8930e1db06fffff,과학·기술,3
8930e1db06fffff,교육,2
8930e1db06fffff,소매,1
8930e1db06fffff,수리·개인,2
8930e1db06fffff,음식,2
8930e1db07bffff,과학·기술,4
8930e1db07bffff,부동산,1
8930e1db07bffff,소매,3
8930e1db07bffff,수리·개인,1
8930e1db07bffff,시설관리·임대,4
8930e1db07bffff,음식,2
8930e1db0a3ffff,교육,1
8930e1db0a3ffff,소매,1
8930e1db0b3ffff,예술·스포츠,2
8930e1db0b7ffff,소매,1
8930e1db0b7ffff,음식,1
8930e1db0c3ffff,과학·기술,1
8930e1db0c3ffff,보건의료,1
8930e1db0c3ffff,소매,4
8930e1db0c3ffff,수리·개인,7
8930e1db0c3ffff,시설관리·임대,1
8930e1db0c3ffff,음식,14
8930e1db0cbffff,과학·기술,53
8930e1db0cbffff,교육,7
8930e1db0cbffff,부동산,4
8930e1db0cbffff,소매,21
8930e1db0cbffff,수리·개인,16
8930e1db0cbffff,숙박,3
8930e1db0cbffff,시설관리·임대,9
8930e1db0cbffff,예술·스포츠,2
8930e1db0cbffff,음식,22
8930e1db0d3ffff,과학·기술,1
8930e1db0d3ffff,교육,11
8930e1db0d3ffff,부동산,3
8930e1db0d3ffff,소매,3
8930e1db0d3ffff,수리·개인,1
8930e1db0d3ffff,시설관리·임대,1
8930e1db0d3ffff,음식,5
8930e1db0dbffff,과학·기술,13
8930e1db0dbffff,교육,7
8930e1db0dbffff,보건의료,5
8930e1db0dbffff,부동산,10
8930e1db0dbffff,소매,17
8930e1db0dbffff,수리·개인,19
8930e1db0dbffff,숙박,1
8930e1db0dbffff,시설관리·임대,2
8930e1db0dbffff,예술·스포츠,15
8930e1db0dbffff,음식,20
8930e1db103ffff,과학·기술,25
8930e1db103ffff,교육,24
8930e1db103ffff,보건의료,13
8930e1db103ffff,부동산,13
8930e1db103ffff,소매,89
8930e1db103ffff,수리·개인,34
8930e1db103ffff,숙박,6
8930e1db103ffff,시설관리·임대,6
8930e1db103ffff,예술·스포츠,5
8930e1db103ffff,음식,81
8930e1db107ffff,과학·기술,37
8930e1db107ffff,교육,20
8930e1db107ffff,보건의료,9
8930e1db107ffff,부동산,11
8930e1db107ffff,소매,32
8930e1db107ffff,수리·개인,24
8930e1db107ffff,숙박,3
8930e1db107ffff,시설관리·임대,7
8930e1db107ffff,예술·스포츠,13
8930e1db107ffff,음식,42
8930e1db10bffff,과학·기술,26
8930e1db10bffff,교육,12
8930e1db10bffff,보건의료,5
8930e1db10bffff,부동산,10
8930e1db10bffff,소매,71
8930e1db10bffff,수리·개인,20
8930e1db10bffff,숙박,6
8930e1db10bffff,시설관리·임대,3
8930e1db10bffff,예술·스포츠,5
8930e1db10bffff,음식,115
8930e1db10fffff,과학·기술,51
8930e1db10fffff,교육,15
8930e1db10fffff,보건의료,5
8930e1db10fffff,부동산,6
8930e1db10fffff,소매,63
8930e1db10fffff,수리·개인,36
8930e1db10fffff,숙박,9
8930e1db10fffff,시설관리·임대,11
8930e1db10fffff,예술·스포츠,21
8930e1db10fffff,음식,142
8930e1db113ffff,과학·기술,11
8930e1db113ffff,교육,15
8930e1db113ffff,보건의료,1
8930e1db113ffff,부동산,6
8930e1db113ffff,소매,31
8930e1db113ffff,수리·개인,26
8930e1db113ffff,숙박,5
8930e1db113ffff,시설관리·임대,9
8930e1db113ffff,예술·스포츠,7
8930e1db113ffff,음식,45
8930e1db117ffff,과학·기술,25
8930e1db117ffff,교육,13
8930e1db117ffff,보건의료,6
8930e1db117ffff,부동산,16
8930e1db117ffff,소매,33
8930e1db117ffff,수리·개인,17
8930e1db117ffff,숙박,3
8930e1db117ffff,시설관리·임대,6
8930e1db117ffff,예술·스포츠,13
8930e1db117ffff,음식,77
8930e1db11bffff,과학·기술,14
8930e1db11bffff,교육,30
8930e1db11bffff,부동산,5
8930e1db11bffff,소매,31
8930e1db11bffff,수리·개인,16
8930e1db11bffff,숙박,4
8930e1db11bffff,시설관리·임대,3
8930e1db11bffff,예술·스포츠,1
8930e1db11bffff,음식,40
8930e1db123ffff,과학·기술,33
8930e1db123ffff,교육,23
8930e1db123ffff,부동산,2
8930e1db123ffff,소매,27
8930e1db123ffff,수리·개인,12
8930e1db123ffff,숙박,8
8930e1db123ffff,시설관리·임대,8
8930e1db123ffff,음식,33
8930e1db127ffff,과학·기술,43
8930e1db127ffff,교육,9
8930e1db127ffff,보건의료,2
8930e1db127ffff,부동산,2
8930e1db127ffff,소매,23
8930e1db127ffff,수리·개인,9
8930e1db127ffff,숙박,6
8930e1db127ffff,시설관리·임대,9
8930e1db127ffff,예술·스포츠,3
8930e1db127ffff,음식,31
8930e1db12bffff,과학·기술,42
8930e1db12bffff,교육,9
8930e1db12bffff,부동산,5
8930e1db12bffff,소매,15
8930e1db12bffff,수리·개인,15
8930e1db12bffff,숙박,4
8930e1db12bffff,시설관리·임대,6
8930e1db12bffff,예술·스포츠,2
8930e1db12bffff,음식,36
8930e1db12fffff,과학·기술,76
8930e1db12fffff,교육,14
8930e1db12fffff,부동산,4
8930e1db12fffff,소매,29
8930e1db12fffff,수리·개인,20
8930e1db12fffff,숙박,7
8930e1db12fffff,시설관리·임대,6
8930e1db12fffff,예술·스포츠,4
8930e1db12fffff,음식,66
8930e1db133ffff,과학·기술,7
8930e1db133ffff,교육,6
8930e1db133ffff,소매,4
8930e1db133ffff,수리·개인,1
8930e1db133ffff,숙박,2
8930e1db133ffff,시설관리·임대,3
8930e1db133ffff,음식,3
8930e1db137ffff,과학·기술,2
8930e1db137ffff,교육,5
8930e1db137ffff,소매,4
8930e1db137ffff,예술·스포츠,4
8930e1db137ffff,음식,3
8930e1db13bffff,과학·기술,37
8930e1db13bffff,교육,12
8930e1db13bffff,보건의료,8
8930e1db13bffff,부동산,7
8930e1db13bffff,소매,36
8930e1db13bffff,수리·개인,18
8930e1db13bffff,숙박,2
8930e1db13bffff,시설관리·임대,13
8930e1db13bffff,예술·스포츠,9
8930e1db13bffff,음식,39
8930e1db143ffff,교육,1
8930e1db143ffff,소매,1
8930e1db143ffff,수리·개인,1
8930e1db143ffff,예술·스포츠,2
8930e1db147ffff,과학·기술,64
8930e1db147ffff,교육,8
8930e1db147ffff,부동산,6
8930e1db147ffff,소매,49
8930e1db147ffff,수리·개인,26
8930e1db147ffff,숙박,9
8930e1db147ffff,시설관리·임대,5
8930e1db147ffff,예술·스포츠,4
8930e1db147ffff,음식,68
8930e1db14fffff,과학·기술,13
8930e1db14fffff,교육,1
8930e1db14fffff,소매,5
8930e1db14fffff,수리·개인,1
8930e1db14fffff,숙박,1
8930e1db14fffff,시설관리·임대,3
8930e1db14fffff,예술·스포츠,2
8930e1db14fffff,음식,3
8930e1db153ffff,과학·기술,7
8930e1db153ffff,교육,1
8930e1db153ffff,소매,5
8930e1db153ffff,수리·개인,3
8930e1db153ffff,시설관리·임대,1
8930e1db153ffff,음식,1
8930e1db157ffff,과학·기술,30
8930e1db157ffff,교육,5
8930e1db157ffff,부동산,5
8930e1db157ffff,소매,17
8930e1db157ffff,수리·개인,15
8930e1db157ffff,숙박,5
8930e1db157ffff,시설관리·임대,2
8930e1db157ffff,예술·스포츠,1
8930e1db157ffff,음식,38
8930e1db163ffff,과학·기술,37
8930e1db163ffff,교육,10
8930e1db163ffff,보건의료,1
8930e1db163ffff,부동산,2
8930e1db163ffff,소매,21
8930e1db163ffff,수리·개인,14
8930e1db163ffff,숙박,15
8930e1db163ffff,시설관리·임대,10
8930e1db163ffff,예술·스포츠,2
8930e1db163ffff,음식,20
8930e1db167ffff,과학·기술,57
8930e1db167ffff,교육,15
8930e1db167ffff,보건의료,4
8930e1db167ffff,부동산,5
8930e1db167ffff,소매,34
8930e1db167ffff,수리·개인,11
8930e1db167ffff,숙박,4
8930e1db167ffff,시설관리·임대,23
8930e1db167ffff,예술·스포츠,5
8930e1db167ffff,음식,56
8930e1db16bffff,과학·기술,28
8930e1db16bffff,교육,11
8930e1db16bffff,부동산,8
8930e1db16bffff,소매,14
8930e1db16bffff,수리·개인,12
8930e1db16bffff,숙박,7
8930e1db16bffff,시설관리·임대,7
8930e1db16bffff,예술·스포츠,3
8930e1db16bffff,음식,71
8930e1db16fffff,과학·기술,11
8930e1db16fffff,교육,13
8930e1db16fffff,보건의료,7
8930e1db16fffff,부동산,9
8930e1db16fffff,소매,25
8930e1db16fffff,수리·개인,23
8930e1db16fffff,숙박,4
8930e1db16fffff,시설관리·임대,4
8930e1db16fffff,예술·스포츠,17
8930e1db16fffff,음식,122
8930e1db173ffff,과학·기술,32
8930e1db173ffff,교육,11
8930e1db173ffff,보건의료,6
8930e1db173ffff,부동산,4
8930e1db173ffff,소매,62
8930e1db173ffff,수리·개인,34
8930e1db173ffff,숙박,3
8930e1db173ffff,시설관리·임대,7
8930e1db173ffff,예술·스포츠,7
8930e1db173ffff,음식,106
8930e1db177ffff,과학·기술,48
8930e1db177ffff,교육,25
8930e1db177ffff,보건의료,37
8930e1db177ffff,부동산,12
8930e1db177ffff,소매,54
8930e1db177ffff,수리·개인,24
8930e1db177ffff,숙박,3
8930e1db177ffff,시설관리·임대,11
8930e1db177ffff,예술·스포츠,18
8930e1db177ffff,음식,93
8930e1db17bffff,과학·기술,33
8930e1db17bffff,교육,6
8930e1db17bffff,부동산,13
8930e1db17bffff,소매,22
8930e1db17bffff,수리·개인,16
8930e1db17bffff,숙박,10
8930e1db17bffff,시설관리·임대,2
8930e1db17bffff,예술·스포츠,3
8930e1db17bffff,음식,58
8930e1db183ffff,과학·기술,3
8930e1db183ffff,보건의료,1
8930e1db183ffff,소매,6
8930e1db183ffff,수리·개인,1
8930e1db183ffff,음식,8
8930e1db187ffff,과학·기술,81
8930e1db187ffff,교육,22
8930e1db187ffff,보건의료,5
8930e1db187ffff,부동산,14
8930e1db187ffff,소매,44
8930e1db187ffff,수리·개인,39
8930e1db187ffff,시설관리·임대,38
8930e1db187ffff,예술·스포츠,18
8930e1db187ffff,음식,50
8930e1db18bffff,과학·기술,6
8930e1db18bffff,교육,4
8930e1db18bffff,부동산,2
8930e1db18bffff,소매,4
8930e1db18bffff,시설관리·임대,2
8930e1db18bffff,음식,3
8930e1db18fffff,과학·기술,60
8930e1db18fffff,교육,8
8930e1db18fffff,보건의료,2
8930e1db18fffff,부동산,9
8930e1db18fffff,소매,14
8930e1db18fffff,수리·개인,5
8930e1db18fffff,숙박,5
8930e1db18fffff,시설관리·임대,25
8930e1db18fffff,음식,12
8930e1db193ffff,소매,47
8930e1db193ffff,시설관리·임대,1
8930e1db193ffff,음식,15
8930e1db197ffff,과학·기술,1
8930e1db197ffff,수리·개인,1
8930e1db197ffff,음식,1
8930e1db19bffff,소매,2
8930e1db19bffff,음식,1
8930e1db1a3ffff,과학·기술,12
8930e1db1a3ffff,교육,1
8930e1db1a3ffff,보건의료,1
8930e1db1a3ffff,소매,9
8930e1db1a3ffff,수리·개인,7
8930e1db1a3ffff,숙박,3
8930e1db1a3ffff,시설관리·임대,2
8930e1db1a3ffff,음식,16
8930e1db1a7ffff,과학·기술,17
8930e1db1a7ffff,교육,13
8930e1db1a7ffff,보건의료,2
8930e1db1a7ffff,부동산,2
8930e1db1a7ffff,소매,7
8930e1db1a7ffff,수리·개인,5
8930e1db1a7ffff,시설관리·임대,5
8930e1db1a7ffff,음식,12
8930e1db1abffff,과학·기술,9
8930e1db1abffff,교육,2
8930e1db1abffff,보건의료,1
8930e1db1abffff,소매,3
8930e1db1abffff,수리·개인,3
8930e1db1abffff,숙박,1
8930e1db1abffff,시설관리·임대,3
8930e1db1abffff,예술·스포츠,1
8930e1db1abffff,음식,7
8930e1db1afffff,과학·기술,18
8930e1db1afffff,교육,1
8930e1db1afffff,소매,12
8930e1db1afffff,수리·개인,5
8930e1db1afffff,숙박,5
8930e1db1afffff,시설관리·임대,5
8930e1db1afffff,음식,12
8930e1db1b3ffff,과학·기술,6
8930e1db1b3ffff,교육,7
8930e1db1b3ffff,부동산,2
8930e1db1b3ffff,소매,9
8930e1db1b3ffff,수리·개인,2
8930e1db1b3ffff,숙박,6
8930e1db1b3ffff,예술·스포츠,1
8930e1db1b3ffff,음식,8
8930e1db1b7ffff,과학·기술,12
8930e1db1b7ffff,교육,24
8930e1db1b7ffff,보건의료,5
8930e1db1b7ffff,부동산,9
8930e1db1b7ffff,소매,29
8930e1db1b7ffff,수리·개인,21
8930e1db1b7ffff,숙박,2
8930e1db1b7ffff,시설관리·임대,16
8930e1db1b7ffff,예술·스포츠,7
8930e1db1b7ffff,음식,30
8930e1db1bbffff,과학·기술,40
8930e1db1bbffff,교육,4
8930e1db1bbffff,부동산,6
8930e1db1bbffff,소매,12
8930e1db1bbffff,수리·개인,13
8930e1db1bbffff,숙박,3
8930e1db1bbffff,시설관리·임대,10
8930e1db1bbffff,예술·스포츠,5
8930e1db1bbffff,음식,10
8930e1db1c3ffff,과학·기술,1
8930e1db1c3ffff,교육,1
8930e1db1c3ffff,소매,2
8930e1db1c3ffff,수리·개인,1
8930e1db1c3ffff,음식,4
8930e1db1c7ffff,과학·기술,9
8930e1db1c7ffff,교육,10
8930e1db1c7ffff,보건의료,1
8930e1db1c7ffff,부동산,3
8930e1db1c7ffff,소매,13
8930e1db1c7ffff,수리·개인,14
8930e1db1c7ffff,숙박,2
8930e1db1c7ffff,시설관리·임대,5
8930e1db1c7ffff,음식,13
8930e1db1cbffff,과학·기술,4
8930e1db1cbffff,소매,12
8930e1db1cbffff,수리·개인,1
8930e1db1cbffff,숙박,1
8930e1db1cbffff,시설관리·임대,3
8930e1db1cbffff,예술·스포츠,1
8930e1db1cbffff,음식,5
8930e1db1cfffff,과학·기술,16
8930e1db1cfffff,교육,8
8930e1db1cfffff,부동산,3
8930e1db1cfffff,소매,20
8930e1db1cfffff,수리·개인,11
8930e1db1cfffff,숙박,3
8930e1db1cfffff,시설관리·임대,3
8930e1db1cfffff,예술·스포츠,3
8930e1db1cfffff,음식,44
8930e1db1d7ffff,과학·기술,3
8930e1db1d7ffff,숙박,1
8930e1db1dbffff,소매,4
8930e1db1dbffff,예술·스포츠,3
8930e1db1dbffff,음식,3
8930e1db217ffff,과학·기술,1
8930e1db217ffff,교육,6
8930e1db217ffff,소매,3
8930e1db217ffff,수리·개인,4
8930e1db217ffff,음식,6
8930e1db223ffff,과학·기술,2
8930e1db223ffff,교육,10
8930e1db223ffff,부동산,2
8930e1db223ffff,소매,4
8930e1db223ffff,수리·개인,3
8930e1db223ffff,예술·스포츠,1
8930e1db223ffff,음식,5
8930e1db227ffff,과학·기술,3
8930e1db227ffff,교육,3
8930e1db227ffff,부동산,2
8930e1db227ffff,소매,4
8930e1db227ffff,수리·개인,2
8930e1db227ffff,시설관리·임대,4
8930e1db227ffff,예술·스포츠,1
8930e1db227ffff,음식,5
8930e1db22bffff,과학·기술,3
8930e1db22bffff,교육,2
8930e1db22bffff,부동산,1
8930e1db22bffff,소매,6
8930e1db22bffff,수리·개인,5
8930e1db22bffff,음식,8
8930e1db22fffff,과학·기술,20
8930e1db22fffff,교육,8
8930e1db22fffff,부동산,4
8930e1db22fffff,소매,12
8930e1db22fffff,수리·개인,7
8930e1db22fffff,숙박,1
8930e1db22fffff,시설관리·임대,5
8930e1db22fffff,예술·스포츠,4
8930e1db22fffff,음식,12
8930e1db237ffff,과학·기술,5
8930e1db237ffff,소매,5
8930e1db237ffff,수리·개인,4
8930e1db237ffff,시설관리·임대,3
8930e1db237ffff,음식,2
8930e1db243ffff,부동산,2
8930e1db243ffff,숙박,1
8930e1db243ffff,시설관리·임대,1
8930e1db247ffff,과학·기술,70
8930e1db247ffff,교육,11
8930e1db247ffff,보건의료,2
8930e1db247ffff,부동산,5
8930e1db247ffff,소매,32
8930e1db247ffff,수리·개인,19
8930e1db247ffff,숙박,5
8930e1db247ffff,시설관리·임대,13
8930e1db247ffff,예술·스포츠,6
8930e1db247ffff,음식,47
8930e1db24fffff,과학·기술,66
8930e1db24fffff,교육,10
8930e1db24fffff,보건의료,3
8930e1db24fffff,부동산,10
8930e1db24fffff,소매,45
8930e1db24fffff,수리·개인,17
8930e1db24fffff,숙박,2
8930e1db24fffff,시설관리·임대,19
8930e1db24fffff,예술·스포츠,5
8930e1db24fffff,음식,45
8930e1db25bffff,과학·기술,2
8930e1db25bffff,교육,13
8930e1db25bffff,보건의료,2
8930e1db25bffff,부동산,3
8930e1db25bffff,소매,12
8930e1db25bffff,수리·개인,7
8930e1db25bffff,예술·스포츠,4
8930e1db25bffff,음식,24
8930e1db263ffff,과학·기술,57
8930e1db263ffff,교육,16
8930e1db263ffff,부동산,12
8930e1db263ffff,소매,29
8930e1db263ffff,수리·개인,14
8930e1db263ffff,시설관리·임대,12
8930e1db263ffff,예술·스포츠,3
8930e1db263ffff,음식,53
8930e1db267ffff,과학·기술,145
8930e1db267ffff,교육,12
8930e1db267ffff,보건의료,1
8930e1db267ffff,부동산,16
8930e1db267ffff,소매,28
8930e1db267ffff,수리·개인,14
8930e1db267ffff,숙박,1
8930e1db267ffff,시설관리·임대,22
8930e1db267ffff,예술·스포츠,8
8930e1db267ffff,음식,61
8930e1db26bffff,과학·기술,15
8930e1db26bffff,교육,10
8930e1db26bffff,부동산,6
8930e1db26bffff,소매,23
8930e1db26bffff,수리·개인,12
8930e1db26bffff,숙박,3
8930e1db26bffff,시설관리·임대,4
8930e1db26bffff,예술·스포츠,6
8930e1db26bffff,음식,35
8930e1db26fffff,과학·기술,69
8930e1db26fffff,교육,7
8930e1db26fffff,보건의료,3
8930e1db26fffff,부동산,8
8930e1db26fffff,소매,31
8930e1db26fffff,수리·개인,20
8930e1db26fffff,숙박,6
8930e1db26fffff,시설관리·임대,11
8930e1db26fffff,예술·스포츠,6
8930e1db26fffff,음식,67
8930e1db273ffff,과학·기술,60
8930e1db273ffff,교육,13
8930e1db273ffff,보건의료,3
8930e1db273ffff,부동산,4
8930e1db273ffff,소매,20
8930e1db273ffff,수리·개인,9
8930e1db273ffff,시설관리·임대,4
8930e1db273ffff,예술·스포츠,6
8930e1db273ffff,음식,17
8930e1db277ffff,과학·기술,8
8930e1db277ffff,교육,1
8930e1db277ffff,소매,2
8930e1db277ffff,수리·개인,3
8930e1db277ffff,예술·스포츠,2
8930e1db277ffff,음식,11
8930e1db27bffff,과학·기술,8
8930e1db27bffff,교육,7
8930e1db27bffff,보건의료,6
8930e1db27bffff,부동산,6
8930e1db27bffff,소매,15
8930e1db27bffff,수리·개인,14
8930e1db27bffff,시설관리·임대,2
8930e1db27bffff,예술·스포츠,6
8930e1db27bffff,음식,34
8930e1db283ffff,과학·기술,8
8930e1db283ffff,교육,133
8930e1db283ffff,보건의료,12
8930e1db283ffff,부동산,4
8930e1db283ffff,소매,23
8930e1db283ffff,수리·개인,5
8930e1db283ffff,시설관리·임대,1
8930e1db283ffff,예술·스포츠,9
8930e1db283ffff,음식,42
8930e1db287ffff,과학·기술,3
8930e1db287ffff,교육,16
8930e1db287ffff,보건의료,5
8930e1db287ffff,부동산,3
8930e1db287ffff,소매,10
8930e1db287ffff,수리·개인,3
8930e1db287ffff,예술·스포츠,3
8930e1db287ffff,음식,15
8930e1db28bffff,과학·기술,5
8930e1db28bffff,교육,60
8930e1db28bffff,보건의료,7
8930e1db28bffff,부동산,1
8930e1db28bffff,소매,17
8930e1db28bffff,수리·개인,7
8930e1db28bffff,시설관리·임대,1
8930e1db28bffff,예술·스포츠,3
8930e1db28bffff,음식,18
8930e1db28fffff,과학·기술,3
8930e1db28fffff,교육,14
8930e1db28fffff,보건의료,2
8930e1db28fffff,부동산,12
8930e1db28fffff,소매,7
8930e1db28fffff,수리·개인,5
8930e1db28fffff,시설관리·임대,1
8930e1db28fffff,음식,8
8930e1db297ffff,소매,1
8930e1db29bffff,과학·기술,24
8930e1db29bffff,교육,189
8930e1db29bffff,보건의료,10
8930e1db29bffff,부동산,13
8930e1db29bffff,소매,45
8930e1db29bffff,수리·개인,23
8930e1db29bffff,시설관리·임대,3
8930e1db29bffff,예술·스포츠,10
8930e1db29bffff,음식,14
8930e1db2a3ffff,과학·기술,3
8930e1db2a3ffff,보건의료,1
8930e1db2a3ffff,소매,4
8930e1db2a3ffff,음식,4
8930e1db2a7ffff,과학·기술,77
8930e1db2a7ffff,교육,4
8930e1db2a7ffff,부동산,7
8930e1db2a7ffff,소매,8
8930e1db2a7ffff,수리·개인,3
8930e1db2a7ffff,시설관리·임대,9
8930e1db2a7ffff,예술·스포츠,1
8930e1db2a7ffff,음식,12
8930e1db2abffff,교육,1
8930e1db2abffff,소매,1
8930e1db2abffff,음식,1
8930e1db2bbffff,과학·기술,7
8930e1db2bbffff,교육,25
8930e1db2bbffff,보건의료,5
8930e1db2bbffff,부동산,1
8930e1db2bbffff,소매,8
8930e1db2bbffff,수리·개인,3
8930e1db2bbffff,시설관리·임대,1
8930e1db2bbffff,예술·스포츠,6
8930e1db2bbffff,음식,23
8930e1db2c3ffff,과학·기술,1
8930e1db2c3ffff,교육,29
8930e1db2c3ffff,부동산,1
8930e1db2c3ffff,소매,6
8930e1db2c3ffff,예술·스포츠,3
8930e1db2c3ffff,음식,5
8930e1db2c7ffff,과학·기술,1
8930e1db2c7ffff,교육,3
8930e1db2c7ffff,소매,8
8930e1db2c7ffff,시설관리·임대,2
8930e1db2c7ffff,예술·스포츠,2
8930e1db2c7ffff,음식,1
8930e1db2cbffff,과학·기술,73
8930e1db2cbffff,교육,19
8930e1db2cbffff,보건의료,25
8930e1db2cbffff,부동산,8
8930e1db2cbffff,소매,108
8930e1db2cbffff,수리·개인,29
8930e1db2cbffff,시설관리·임대,23
8930e1db2cbffff,예술·스포츠,5
8930e1db2cbffff,음식,73
8930e1db2d3ffff,교육,7
8930e1db2d3ffff,소매,1
8930e1db2d7ffff,과학·기술,2
8930e1db2d7ffff,교육,12
8930e1db2d7ffff,소매,11
8930e1db2d7ffff,수리·개인,6
8930e1db2d7ffff,예술·스포츠,3
8930e1db2d7ffff,음식,21
8930e1db2dbffff,과학·기술,1
8930e1db2dbffff,교육,3
8930e1db2dbffff,보건의료,2
8930e1db2dbffff,부동산,3
8930e1db2dbffff,소매,12
8930e1db2dbffff,수리·개인,8
8930e1db2dbffff,시설관리·임대,3
8930e1db2dbffff,예술·스포츠,1
8930e1db2dbffff,음식,52
8930e1db303ffff,소매,1
8930e1db30bffff,과학·기술,45
8930e1db30bffff,교육,9
8930e1db30bffff,보건의료,1
8930e1db30bffff,부동산,1
8930e1db30bffff,소매,18
8930e1db30bffff,수리·개인,14
8930e1db30bffff,숙박,3
8930e1db30bffff,시설관리·임대,18
8930e1db30bffff,예술·스포츠,6
8930e1db30bffff,음식,55
8930e1db313ffff,음식,2
8930e1db31bffff,과학·기술,26
8930e1db31bffff,교육,5
8930e1db31bffff,부동산,3
8930e1db31bffff,소매,10
8930e1db31bffff,수리·개인,5
8930e1db31bffff,시설관리·임대,5
8930e1db31bffff,음식,6
8930e1db343ffff,과학·기술,15
8930e1db343ffff,교육,55
8930e1db343ffff,보건의료,9
8930e1db343ffff,부동산,8
8930e1db343ffff,소매,24
8930e1db343ffff,수리·개인,17
8930e1db343ffff,시설관리·임대,10
8930e1db343ffff,예술·스포츠,6
8930e1db343ffff,음식,35
8930e1db347ffff,과학·기술,32
8930e1db347ffff,교육,11
8930e1db347ffff,보건의료,30
8930e1db347ffff,부동산,14
8930e1db347ffff,소매,31
8930e1db347ffff,수리·개인,19
8930e1db347ffff,숙박,2
8930e1db347ffff,시설관리·임대,6
8930e1db347ffff,예술·스포츠,12
8930e1db347ffff,음식,57
8930e1db34bffff,과학·기술,38
8930e1db34bffff,교육,39
8930e1db34bffff,보건의료,6
8930e1db34bffff,부동산,11
8930e1db34bffff,소매,28
8930e1db34bffff,수리·개인,24
8930e1db34bffff,숙박,2
8930e1db34bffff,시설관리·임대,12
8930e1db34bffff,예술·스포츠,7
8930e1db34bffff,음식,43
8930e1db34fffff,교육,11
8930e1db34fffff,부동산,7
8930e1db34fffff,소매,1
8930e1db34fffff,수리·개인,4
8930e1db34fffff,음식,4
8930e1db353ffff,과학·기술,30
8930e1db353ffff,교육,3
8930e1db353ffff,부동산,2
8930e1db353ffff,소매,8
8930e1db353ffff,수리·개인,5
8930e1db353ffff,숙박,2
8930e1db353ffff,시설관리·임대,9
8930e1db353ffff,예술·스포츠,3
8930e1db353ffff,음식,23
8930e1db357ffff,과학·기술,35
8930e1db357ffff,교육,25
8930e1db357ffff,보건의료,32
8930e1db357ffff,부동산,8
8930e1db357ffff,소매,30
8930e1db357ffff,수리·개인,22
8930e1db357ffff,숙박,5
8930e1db357ffff,시설관리·임대,11
8930e1db357ffff,예술·스포츠,29
8930e1db357ffff,음식,99
8930e1db35bffff,과학·기술,118
8930e1db35bffff,교육,14
8930e1db35bffff,보건의료,2
8930e1db35bffff,부동산,7
8930e1db35bffff,소매,40
8930e1db35bffff,수리·개인,15
8930e1db35bffff,시설관리·임대,17
8930e1db35bffff,예술·스포츠,2
8930e1db35bffff,음식,39
8930e1db363ffff,과학·기술,1
8930e1db367ffff,과학·기술,5
8930e1db367ffff,소매,1
8930e1db367ffff,시설관리·임대,9
8930e1db367ffff,예술·스포츠,3
8930e1db367ffff,음식,2
8930e1db36bffff,과학·기술,14
8930e1db36bffff,교육,11
8930e1db36bffff,부동산,7
8930e1db36bffff,소매,11
8930e1db36bffff,수리·개인,12
8930e1db36bffff,숙박,2
8930e1db36bffff,시설관리·임대,5
8930e1db36bffff,예술·스포츠,8
8930e1db36bffff,음식,20
8930e1db373ffff,과학·기술,2
8930e1db373ffff,교육,3
8930e1db373ffff,부동산,3
8930e1db373ffff,소매,7
8930e1db373ffff,수리·개인,7
8930e1db373ffff,숙박,1
8930e1db373ffff,시설관리·임대,3
8930e1db373ffff,음식,3
8930e1db37bffff,과학·기술,14
8930e1db37bffff,교육,12
8930e1db37bffff,보건의료,5
8930e1db37bffff,부동산,6
8930e1db37bffff,소매,17
8930e1db37bffff,수리·개인,22
8930e1db37bffff,시설관리·임대,3
8930e1db37bffff,예술·스포츠,9
8930e1db37bffff,음식,16
8930e1db38fffff,음식,1
8930e1db39bffff,소매,1
8930e1db3a7ffff,교육,1
8930e1db3afffff,음식,1
8930e1db3b7ffff,과학·기술,6
8930e1db3b7ffff,교육,7
8930e1db3b7ffff,소매,2
8930e1db3b7ffff,수리·개인,1
8930e1db3b7ffff,숙박,9
8930e1db3b7ffff,시설관리·임대,1
8930e1db3b7ffff,음식,2
8930e1db3c3ffff,과학·기술,33
8930e1db3c3ffff,교육,17
8930e1db3c3ffff,보건의료,8
8930e1db3c3ffff,부동산,13
8930e1db3c3ffff,소매,36
8930e1db3c3ffff,수리·개인,23
8930e1db3c3ffff,숙박,2
8930e1db3c3ffff,시설관리·임대,14
8930e1db3c3ffff,예술·스포츠,16
8930e1db3c3ffff,음식,98
8930e1db3c7ffff,과학·기술,1
8930e1db3c7ffff,교육,1
8930e1db3c7ffff,소매,1
8930e1db3cbffff,과학·기술,75
8930e1db3cbffff,교육,17
8930e1db3cbffff,보건의료,5
8930e1db3cbffff,부동산,4
8930e1db3cbffff,소매,28
8930e1db3cbffff,수리·개인,13
8930e1db3cbffff,시설관리·임대,6
8930e1db3cbffff,예술·스포츠,7
8930e1db3cbffff,음식,73
8930e1db3cfffff,과학·기술,66
8930e1db3cfffff,교육,6
8930e1db3cfffff,보건의료,4
8930e1db3cfffff,부동산,10
8930e1db3cfffff,소매,34
8930e1db3cfffff,수리·개인,11
8930e1db3cfffff,숙박,8
8930e1db3cfffff,시설관리·임대,10
8930e1db3cfffff,예술·스포츠,12
8930e1db3cfffff,음식,49
8930e1db3d3ffff,과학·기술,50
8930e1db3d3ffff,교육,7
8930e1db3d3ffff,보건의료,2
8930e1db3d3ffff,부동산,5
8930e1db3d3ffff,소매,13
8930e1db3d3ffff,수리·개인,12
8930e1db3d3ffff,숙박,3
8930e1db3d3ffff,시설관리·임대,12
8930e1db3d3ffff,예술·스포츠,2
8930e1db3d3ffff,음식,20
8930e1db3d7ffff,과학·기술,3
8930e1db3d7ffff,교육,2
8930e1db3d7ffff,보건의료,1
8930e1db3d7ffff,수리·개인,5
8930e1db3d7ffff,숙박,1
8930e1db3d7ffff,시설관리·임대,7
8930e1db3d7ffff,음식,13
8930e1db3dbffff,과학·기술,54
8930e1db3dbffff,교육,11
8930e1db3dbffff,보건의료,5
8930e1db3dbffff,부동산,3
8930e1db3dbffff,소매,31
8930e1db3dbffff,수리·개인,10
8930e1db3dbffff,시설관리·임대,11
8930e1db3dbffff,예술·스포츠,6
8930e1db3dbffff,음식,43
8930e1db427ffff,소매,1
8930e1db427ffff,음식,1
8930e1db443ffff,과학·기술,5
8930e1db443ffff,교육,10
8930e1db443ffff,보건의료,5
8930e1db443ffff,부동산,7
8930e1db443ffff,소매,12
8930e1db443ffff,수리·개인,12
8930e1db443ffff,예술·스포츠,2
8930e1db443ffff,음식,4
8930e1db447ffff,과학·기술,2
8930e1db447ffff,교육,3
8930e1db447ffff,소매,4
8930e1db447ffff,수리·개인,1
8930e1db447ffff,숙박,2
8930e1db447ffff,예술·스포츠,1
8930e1db447ffff,음식,1
8930e1db44bffff,과학·기술,16
8930e1db44bffff,교육,4
8930e1db44bffff,보건의료,1
8930e1db44bffff,부동산,9
8930e1db44bffff,소매,16
8930e1db44bffff,수리·개인,20
8930e1db44bffff,숙박,2
8930e1db44bffff,시설관리·임대,5
8930e1db44bffff,예술·스포츠,1
8930e1db44bffff,음식,39
8930e1db44fffff,과학·기술,4
8930e1db44fffff,교육,20
8930e1db44fffff,보건의료,4
8930e1db44fffff,부동산,8
8930e1db44fffff,소매,15
8930e1db44fffff,수리·개인,9
8930e1db44fffff,시설관리·임대,3
8930e1db44fffff,예술·스포츠,5
8930e1db44fffff,음식,11
8930e1db453ffff,과학·기술,54
8930e1db453ffff,교육,12
8930e1db453ffff,보건의료,3
8930e1db453ffff,부동산,11
8930e1db453ffff,소매,28
8930e1db453ffff,수리·개인,16
8930e1db453ffff,시설관리·임대,25
8930e1db453ffff,예술·스포츠,8
8930e1db453ffff,음식,44
8930e1db457ffff,소매,3
8930e1db45bffff,과학·기술,1
8930e1db45bffff,교육,8
8930e1db45bffff,부동산,4
8930e1db45bffff,소매,9
8930e1db45bffff,수리·개인,18
8930e1db45bffff,숙박,1
8930e1db45bffff,시설관리·임대,1
8930e1db45bffff,예술·스포츠,3
8930e1db45bffff,음식,12
8930e1db46bffff,과학·기술,4
8930e1db46bffff,교육,24
8930e1db46bffff,부동산,3
8930e1db46bffff,소매,12
8930e1db46bffff,수리·개인,5
8930e1db46bffff,음식,6
8930e1db47bffff,과학·기술,1
8930e1db47bffff,교육,10
8930e1db47bffff,부동산,2
8930e1db47bffff,소매,2
8930e1db47bffff,수리·개인,2
8930e1db47bffff,예술·스포츠,2
8930e1db47bffff,음식,2
8930e1db4a3ffff,숙박,1
8930e1db4c3ffff,과학·기술,1
8930e1db4c3ffff,교육,6
8930e1db4c3ffff,보건의료,5
8930e1db4c3ffff,소매,13
8930e1db4c3ffff,수리·개인,7
8930e1db4c3ffff,시설관리·임대,1
8930e1db4c3ffff,음식,9
8930e1db4cbffff,과학·기술,42
8930e1db4cbffff,교육,5
8930e1db4cbffff,보건의료,2
8930e1db4cbffff,부동산,2
8930e1db4cbffff,소매,15
8930e1db4cbffff,수리·개인,3
8930e1db4cbffff,시설관리·임대,11
8930e1db4cbffff,음식,16
8930e1db4cfffff,과학·기술,7
8930e1db4cfffff,교육,1
8930e1db4cfffff,소매,1
8930e1db4cfffff,수리·개인,1
8930e1db4cfffff,시설관리·임대,1
8930e1db4cfffff,음식,2
8930e1db4d3ffff,교육,1
8930e1db4d3ffff,보건의료,1
8930e1db4d3ffff,부동산,3
8930e1db4d3ffff,소매,4
8930e1db4d3ffff,수리·개인,4
8930e1db4d3ffff,시설관리·임대,1
8930e1db4d3ffff,음식,6
8930e1db4dbffff,과학·기술,6
8930e1db4dbffff,교육,7
8930e1db4dbffff,부동산,3
8930e1db4dbffff,소매,8
8930e1db4dbffff,수리·개인,4
8930e1db4dbffff,시설관리·임대,1
8930e1db4dbffff,예술·스포츠,1
8930e1db4dbffff,음식,1
8930e1db507ffff,교육,1
8930e1db507ffff,부동산,3
8930e1db507ffff,소매,1
8930e1db507ffff,수리·개인,2
8930e1db507ffff,음식,1
8930e1db517ffff,소매,4
8930e1db517ffff,음식,1
8930e1db51bffff,소매,2
8930e1db523ffff,과학·기술,1
8930e1db523ffff,소매,1
8930e1db523ffff,음식,4
8930e1db52fffff,과학·기술,2
8930e1db52fffff,보건의료,1
8930e1db52fffff,소매,65
8930e1db52fffff,수리·개인,4
8930e1db52fffff,시설관리·임대,3
8930e1db52fffff,예술·스포츠,1
8930e1db52fffff,음식,27
8930e1db537ffff,과학·기술,1
8930e1db537ffff,교육,3
8930e1db537ffff,소매,3
8930e1db537ffff,수리·개인,1
8930e1db537ffff,시설관리·임대,2
8930e1db537ffff,음식,3
8930e1db543ffff,음식,1
8930e1db55bffff,교육,1
8930e1db55bffff,시설관리·임대,1
8930e1db55bffff,음식,1
8930e1db563ffff,소매,1
8930e1db563ffff,음식,1
8930e1db583ffff,과학·기술,2
8930e1db583ffff,교육,3
8930e1db583ffff,소매,3
8930e1db583ffff,수리·개인,1
8930e1db583ffff,시설관리·임대,1
8930e1db583ffff,음식,2
8930e1db593ffff,보건의료,1
8930e1db597ffff,교육,20
8930e1db597ffff,보건의료,2
8930e1db597ffff,부동산,1
8930e1db597ffff,소매,4
8930e1db597ffff,수리·개인,2
8930e1db597ffff,시설관리·임대,1
8930e1db597ffff,예술·스포츠,1
8930e1db597ffff,음식,4
8930e1db5a3ffff,과학·기술,46
8930e1db5a3ffff,교육,8
8930e1db5a3ffff,보건의료,7
8930e1db5a3ffff,부동산,12
8930e1db5a3ffff,소매,20
8930e1db5a3ffff,수리·개인,11
8930e1db5a3ffff,시설관리·임대,10
8930e1db5a3ffff,예술·스포츠,4
8930e1db5a3ffff,음식,53
8930e1db5a7ffff,과학·기술,13
8930e1db5a7ffff,교육,5
8930e1db5a7ffff,보건의료,5
8930e1db5a7ffff,부동산,2
8930e1db5a7ffff,소매,24
8930e1db5a7ffff,수리·개인,4
8930e1db5a7ffff,숙박,2
8930e1db5a7ffff,시설관리·임대,5
8930e1db5a7ffff,예술·스포츠,4
8930e1db5a7ffff,음식,144
8930e1db5abffff,과학·기술,28
8930e1db5abffff,교육,10
8930e1db5abffff,보건의료,1
8930e1db5abffff,부동산,3
8930e1db5abffff,소매,5
8930e1db5abffff,수리·개인,3
8930e1db5abffff,시설관리·임대,11
8930e1db5abffff,예술·스포츠,2
8930e1db5abffff,음식,5
8930e1db5afffff,과학·기술,3
8930e1db5afffff,교육,7
8930e1db5afffff,보건의료,7
8930e1db5afffff,부동산,2
8930e1db5afffff,소매,8
8930e1db5afffff,수리·개인,4
8930e1db5afffff,예술·스포츠,2
8930e1db5afffff,음식,19
8930e1db5b3ffff,과학·기술,50
8930e1db5b3ffff,교육,5
8930e1db5b3ffff,보건의료,12
8930e1db5b3ffff,부동산,1
8930e1db5b3ffff,소매,29
8930e1db5b3ffff,수리·개인,10
8930e1db5b3ffff,시설관리·임대,8
8930e1db5b3ffff,예술·스포츠,3
8930e1db5b3ffff,음식,54
8930e1db5b7ffff,과학·기술,48
8930e1db5b7ffff,교육,6
8930e1db5b7ffff,보건의료,11
8930e1db5b7ffff,부동산,6
8930e1db5b7ffff,소매,37
8930e1db5b7ffff,수리·개인,15
8930e1db5b7ffff,시설관리·임대,17
8930e1db5b7ffff,예술·스포츠,4
8930e1db5b7ffff,음식,123
8930e1db5bbffff,과학·기술,5
8930e1db5bbffff,소매,3
8930e1db5bbffff,시설관리·임대,1
8930e1db5bbffff,음식,4
8930e1db5c3ffff,소매,1
8930e1db5c7ffff,소매,1
8930e1db5dbffff,소매,1
8930e1db603ffff,과학·기술,3
8930e1db603ffff,교육,3
8930e1db603ffff,부동산,1
8930e1db603ffff,소매,3
8930e1db603ffff,음식,3
8930e1db607ffff,과학·기술,9
8930e1db607ffff,교육,6
8930e1db607ffff,보건의료,1
8930e1db607ffff,부동산,8
8930e1db607ffff,소매,17
8930e1db607ffff,수리·개인,14
8930e1db607ffff,숙박,1
8930e1db607ffff,시설관리·임대,4
8930e1db607ffff,예술·스포츠,2
8930e1db607ffff,음식,15
8930e1db60bffff,과학·기술,10
8930e1db60bffff,교육,7
8930e1db60bffff,보건의료,6
8930e1db60bffff,부동산,11
8930e1db60bffff,소매,25
8930e1db60bffff,수리·개인,12
8930e1db60bffff,시설관리·임대,1
8930e1db60bffff,예술·스포츠,6
8930e1db60bffff,음식,27
8930e1db60fffff,과학·기술,10
8930e1db60fffff,교육,16
8930e1db60fffff,보건의료,1
8930e1db60fffff,부동산,4
8930e1db60fffff,소매,21
8930e1db60fffff,수리·개인,14
8930e1db60fffff,시설관리·임대,6
8930e1db60fffff,예술·스포츠,3
8930e1db60fffff,음식,19
8930e1db613ffff,과학·기술,13
8930e1db613ffff,교육,4
8930e1db613ffff,부동산,6
8930e1db613ffff,소매,9
8930e1db613ffff,수리·개인,9
8930e1db613ffff,시설관리·임대,1
8930e1db613ffff,음식,4
8930e1db617ffff,과학·기술,1
8930e1db617ffff,교육,1
8930e1db617ffff,부동산,1
8930e1db617ffff,음식,1
8930e1db61bffff,과학·기술,7
8930e1db61bffff,교육,8
8930e1db61bffff,보건의료,1
8930e1db61bffff,부동산,4
8930e1db61bffff,소매,14
8930e1db61bffff,수리·개인,15
8930e1db61bffff,숙박,2
8930e1db61bffff,시설관리·임대,1
8930e1db61bffff,예술·스포츠,2
8930e1db61bffff,음식,11
8930e1db623ffff,과학·기술,1
8930e1db623ffff,교육,12
8930e1db623ffff,소매,10
8930e1db623ffff,시설관리·임대,1
8930e1db623ffff,음식,5
8930e1db627ffff,과학·기술,1
8930e1db627ffff,소매,1
8930e1db627ffff,숙박,4
8930e1db627ffff,예술·스포츠,1
8930e1db627ffff,음식,2
8930e1db62bffff,과학·기술,1
8930e1db62bffff,교육,11
8930e1db62bffff,보건의료,1
8930e1db62bffff,부동산,2
8930e1db62bffff,소매,4
8930e1db62bffff,수리·개인,2
8930e1db62bffff,음식,3
8930e1db62fffff,교육,5
8930e1db62fffff,보건의료,2
8930e1db62fffff,부동산,12
8930e1db62fffff,소매,3
8930e1db62fffff,수리·개인,5
8930e1db62fffff,예술·스포츠,1
8930e1db62fffff,음식,2
8930e1db633ffff,과학·기술,8
8930e1db633ffff,교육,9
8930e1db633ffff,보건의료,2
8930e1db633ffff,부동산,7
8930e1db633ffff,소매,41
8930e1db633ffff,수리·개인,21
8930e1db633ffff,시설관리·임대,6
8930e1db633ffff,예술·스포츠,16
8930e1db633ffff,음식,69
8930e1db637ffff,과학·기술,17
8930e1db637ffff,교육,12
8930e1db637ffff,보건의료,16
8930e1db637ffff,부동산,6
8930e1db637ffff,소매,32
8930e1db637ffff,수리·개인,14
8930e1db637ffff,숙박,2
8930e1db637ffff,시설관리·임대,8
8930e1db637ffff,예술·스포츠,13
8930e1db637ffff,음식,50
8930e1db63bffff,과학·기술,6
8930e1db63bffff,교육,2
8930e1db63bffff,소매,5
8930e1db63bffff,수리·개인,3
8930e1db63bffff,숙박,2
8930e1db63bffff,시설관리·임대,1
8930e1db643ffff,과학·기술,11
8930e1db643ffff,교육,12
8930e1db643ffff,보건의료,7
8930e1db643ffff,부동산,7
8930e1db643ffff,소매,29
8930e1db643ffff,수리·개인,26
8930e1db643ffff,숙박,1
8930e1db643ffff,시설관리·임대,3
8930e1db643ffff,예술·스포츠,8
8930e1db643ffff,음식,48
8930e1db647ffff,과학·기술,6
8930e1db647ffff,교육,16
8930e1db647ffff,보건의료,3
8930e1db647ffff,부동산,2
8930e1db647ffff,소매,72
8930e1db647ffff,수리·개인,18
8930e1db647ffff,숙박,1
8930e1db647ffff,시설관리·임대,9
8930e1db647ffff,음식,38
8930e1db64bffff,과학·기술,18
8930e1db64bffff,교육,10
8930e1db64bffff,보건의료,32
8930e1db64bffff,부동산,4
8930e1db64bffff,소매,63
8930e1db64bffff,수리·개인,25
8930e1db64bffff,숙박,2
8930e1db64bffff,시설관리·임대,7
8930e1db64bffff,예술·스포츠,26
8930e1db64bffff,음식,66
8930e1db64fffff,과학·기술,9
8930e1db64fffff,교육,6
8930e1db64fffff,부동산,2
8930e1db64fffff,소매,14
8930e1db64fffff,수리·개인,10
8930e1db64fffff,숙박,1
8930e1db64fffff,시설관리·임대,6
8930e1db64fffff,음식,4
8930e1db653ffff,과학·기술,3
8930e1db653ffff,소매,1
8930e1db653ffff,수리·개인,2
8930e1db653ffff,음식,3
8930e1db657ffff,과학·기술,7
8930e1db657ffff,교육,13
8930e1db657ffff,보건의료,3
8930e1db657ffff,부동산,6
8930e1db657ffff,소매,17
8930e1db657ffff,수리·개인,17
8930e1db657ffff,시설관리·임대,3
8930e1db657ffff,예술·스포츠,10
8930e1db657ffff,음식,28
8930e1db65bffff,과학·기술,2
8930e1db65bffff,교육,4
8930e1db65bffff,부동산,1
8930e1db65bffff,소매,13
8930e1db65bffff,수리·개인,14
8930e1db65bffff,시설관리·임대,1
8930e1db65bffff,음식,26
8930e1db663ffff,과학·기술,2
8930e1db663ffff,교육,26
8930e1db663ffff,보건의료,4
8930e1db663ffff,부동산,1
8930e1db663ffff,소매,6
8930e1db663ffff,수리·개인,4
8930e1db663ffff,예술·스포츠,7
8930e1db663ffff,음식,15
8930e1db667ffff,소매,2
8930e1db667ffff,수리·개인,1
8930e1db667ffff,음식,3
8930e1db66bffff,교육,2
8930e1db66fffff,과학·기술,2
8930e1db66fffff,교육,10
8930e1db66fffff,부동산,9
8930e1db66fffff,소매,1
8930e1db66fffff,수리·개인,6
8930e1db66fffff,음식,5
8930e1db673ffff,과학·기술,12
8930e1db673ffff,교육,17
8930e1db673ffff,보건의료,2
8930e1db673ffff,부동산,7
8930e1db673ffff,소매,16
8930e1db673ffff,수리·개인,24
8930e1db673ffff,시설관리·임대,1
8930e1db673ffff,예술·스포츠,8
8930e1db673ffff,음식,22
8930e1db677ffff,과학·기술,5
8930e1db677ffff,교육,4
8930e1db677ffff,부동산,2
8930e1db677ffff,소매,3
8930e1db677ffff,예술·스포츠,1
8930e1db677ffff,음식,5
8930e1db67bffff,과학·기술,3
8930e1db67bffff,교육,37
8930e1db67bffff,보건의료,4
8930e1db67bffff,부동산,10
8930e1db67bffff,소매,20
8930e1db67bffff,수리·개인,16
8930e1db67bffff,시설관리·임대,2
8930e1db67bffff,예술·스포츠,7
8930e1db67bffff,음식,19
8930e1db683ffff,과학·기술,12
8930e1db683ffff,교육,7
8930e1db683ffff,보건의료,5
8930e1db683ffff,부동산,10
8930e1db683ffff,소매,34
8930e1db683ffff,수리·개인,20
8930e1db683ffff,숙박,2
8930e1db683ffff,시설관리·임대,4
8930e1db683ffff,예술·스포츠,7
8930e1db683ffff,음식,49
8930e1db687ffff,과학·기술,42
8930e1db687ffff,교육,18
8930e1db687ffff,보건의료,21
8930e1db687ffff,부동산,10
8930e1db687ffff,소매,55
8930e1db687ffff,수리·개인,18
8930e1db687ffff,숙박,1
8930e1db687ffff,시설관리·임대,20
8930e1db687ffff,예술·스포츠,27
8930e1db687ffff,음식,84
8930e1db68bffff,과학·기술,4
8930e1db68bffff,교육,24
8930e1db68bffff,보건의료,7
8930e1db68bffff,부동산,5
8930e1db68bffff,소매,35
8930e1db68bffff,수리·개인,24
8930e1db68bffff,예술·스포츠,7
8930e1db68bffff,음식,34
8930e1db68fffff,과학·기술,16
8930e1db68fffff,교육,9
8930e1db68fffff,보건의료,15
8930e1db68fffff,부동산,11
8930e1db68fffff,소매,85
8930e1db68fffff,수리·개인,43
8930e1db68fffff,숙박,1
8930e1db68fffff,시설관리·임대,8
8930e1db68fffff,예술·스포츠,14
8930e1db68fffff,음식,60
8930e1db693ffff,과학·기술,1
8930e1db693ffff,교육,2
8930e1db693ffff,보건의료,1
8930e1db693ffff,부동산,1
8930e1db693ffff,소매,1
8930e1db693ffff,시설관리·임대,1
8930e1db693ffff,음식,1
8930e1db697ffff,과학·기술,35
8930e1db697ffff,교육,12
8930e1db697ffff,보건의료,2
8930e1db697ffff,부동산,6
8930e1db697ffff,소매,12
8930e1db697ffff,수리·개인,12
8930e1db697ffff,숙박,1
8930e1db697ffff,시설관리·임대,12
8930e1db697ffff,예술·스포츠,6
8930e1db697ffff,음식,34
8930e1db69bffff,과학·기술,2
8930e1db69bffff,교육,1
8930e1db69bffff,소매,4
8930e1db69bffff,시설관리·임대,1
8930e1db6a3ffff,과학·기술,5
8930e1db6a3ffff,교육,5
8930e1db6a3ffff,부동산,3
8930e1db6a3ffff,소매,7
8930e1db6a3ffff,수리·개인,10
8930e1db6a3ffff,시설관리·임대,1
8930e1db6a3ffff,예술·스포츠,1
8930e1db6a3ffff,음식,7
8930e1db6a7ffff,과학·기술,7
8930e1db6a7ffff,교육,29
8930e1db6a7ffff,보건의료,16
8930e1db6a7ffff,부동산,10
8930e1db6a7ffff,소매,29
8930e1db6a7ffff,수리·개인,22
8930e1db6a7ffff,예술·스포츠,7
8930e1db6a7ffff,음식,33
8930e1db6abffff,과학·기술,7
8930e1db6abffff,교육,9
8930e1db6abffff,보건의료,6
8930e1db6abffff,부동산,5
8930e1db6abffff,소매,18
8930e1db6abffff,수리·개인,18
8930e1db6abffff,숙박,1
8930e1db6abffff,시설관리·임대,3
8930e1db6abffff,예술·스포츠,3
8930e1db6abffff,음식,20
8930e1db6afffff,과학·기술,2
8930e1db6afffff,교육,4
8930e1db6afffff,보건의료,3
8930e1db6afffff,부동산,3
8930e1db6afffff,소매,15
8930e1db6afffff,수리·개인,1
8930e1db6afffff,시설관리·임대,4
8930e1db6afffff,예술·스포츠,8
8930e1db6afffff,음식,15
8930e1db6b3ffff,과학·기술,2
8930e1db6b3ffff,교육,20
8930e1db6b3ffff,부동산,4
8930e1db6b3ffff,소매,6
8930e1db6b3ffff,수리·개인,7
8930e1db6b3ffff,예술·스포츠,2
8930e1db6b3ffff,음식,10
8930e1db6b7ffff,과학·기술,6
8930e1db6b7ffff,교육,25
8930e1db6b7ffff,보건의료,8
8930e1db6b7ffff,부동산,3
8930e1db6b7ffff,소매,25
8930e1db6b7ffff,수리·개인,7
8930e1db6b7ffff,시설관리·임대,2
8930e1db6b7ffff,예술·스포츠,7
8930e1db6b7ffff,음식,17
8930e1db6bbffff,과학·기술,11
8930e1db6bbffff,교육,17
8930e1db6bbffff,보건의료,24
8930e1db6bbffff,부동산,6
8930e1db6bbffff,소매,52
8930e1db6bbffff,수리·개인,29
8930e1db6bbffff,숙박,2
8930e1db6bbffff,시설관리·임대,6
8930e1db6bbffff,예술·스포츠,18
8930e1db6bbffff,음식,81
8930e1db6c7ffff,과학·기술,7
8930e1db6c7ffff,교육,6
8930e1db6c7ffff,보건의료,3
8930e1db6c7ffff,부동산,3
8930e1db6c7ffff,소매,10
8930e1db6c7ffff,수리·개인,9
8930e1db6c7ffff,시설관리·임대,3
8930e1db6c7ffff,예술·스포츠,8
8930e1db6c7ffff,음식,8
8930e1db6d7ffff,과학·기술,9
8930e1db6d7ffff,교육,10
8930e1db6d7ffff,부동산,3
8930e1db6d7ffff,소매,18
8930e1db6d7ffff,수리·개인,12
8930e1db6d7ffff,시설관리·임대,1
8930e1db6d7ffff,음식,5
