admi_cty_no,hour,total_del_amt,total_del_cnt,hour_ratio
11010530,1,667045830.7899473,8029.256438554854,0.039477993152008034
11010530,2,699336243.4373238,73989.27031268022,0.04138904728131578
11010530,3,5482546364.725538,275001.829974815,0.32447534764722674
11010530,4,1716708962.777122,90448.40139384005,0.10160055208837293
11010530,5,5255498316.927899,177517.82444977795,0.3110378882368035
11010530,6,3075514225.5660505,51745.202551804854,0.18201917159427303
11010540,1,4155233.8349545808,17.496907335515463,0.00104454917662952
11010540,2,90287861.17159376,7310.907439602839,0.022696703673587486
11010540,3,1575663874.5415306,96594.70752741145,0.39609284776032955
11010540,4,1032167660.1466835,85230.13220136618,0.2594679198268564
11010540,5,1142613048.5296705,73771.1150641694,0.2872318541998152
11010540,6,133128798.09160446,2926.494411276357,0.03346612536278191
11010550,1,6784037.131805079,72.4883210271244,0.016883387558332474
11010550,2,27005537.455239862,1827.5812068035632,0.06720849933740879
11010550,3,161046768.06743616,7174.169770854526,0.4007960079628778
11010550,4,75194413.19985858,3217.3529932532106,0.18713583012727533
11010550,5,108009138.72146107,3619.4700086875837,0.2688016167138687
11010550,6,23777401.175190087,280.8020771564411,0.059174658300236826
11010560,1,63168125.990648225,867.9987171173657,0.062033680267166304
11010560,2,216009518.9150588,10689.506025973831,0.2121301719956828
11010560,3,251899512.286102,14852.69840328525,0.24737561166409436
11010560,4,129431981.04754354,6373.573471332893,0.12710749294411433
11010560,5,237022226.44534564,8486.765586260983,0.2327655092015747
11010560,6,120756212.62163125,2237.3013250078625,0.11858753392736755
11010570,1,9311346.235873803,257.6767230806966,0.048808295407080954
11010570,2,7423463.904912643,683.9906126382863,0.0389123774410669
11010570,3,40857631.69426468,2329.3109149650477,0.21416788795634806
11010570,4,20797928.42405432,1300.6338987872464,0.10901876148323765
11010570,5,65797872.621385664,2809.662890687773,0.34489985902244785
11010570,6,46585603.20885505,1345.7603255991348,0.24419281868981849
11010580,1,3603706.098102772,33.281096394407655,0.003869047525381932
11010580,2,6869738.349279484,585.7018176488127,0.00737555822720789
11010580,3,379033204.08122575,11368.04580036598,0.4069414764595015
11010580,4,101301593.63810681,3046.8792488072827,0.10876044536181975
11010580,5,338629384.71518314,7610.832631030868,0.36356271773762205
11010580,6,101981817.9456848,1710.5954540434452,0.1094907546884668
11010600,1,18837693.573802855,378.99226598157315,0.00372684446062658
11010600,2,132920329.53673705,12001.205115288913,0.026296923872227776
11010600,3,1455367515.8602784,66208.57894280812,0.28792953571570334
11010600,4,1024195842.9204321,50813.159441582124,0.20262664263171914
11010600,5,1788483119.4932787,63546.54845181175,0.3538330412209851
11010600,6,634791624.8610358,11871.84325205913,0.12558701209873796
11010610,1,5000786645.466116,83885.50556321166,0.08866418903925721
11010610,2,1182122014.8479195,87672.6291193491,0.020959080485261173
11010610,3,12230592199.602236,600610.0314472945,0.21684899111438108
11010610,4,4736120555.958296,238554.8909799154,0.0839716464742434
11010610,5,18461289036.237083,502525.19440457044,0.3273195473158848
11010610,6,14790514967.253025,263659.3572090197,0.2622365455709724
11010630,1,345301349.42415124,3780.702796015565,0.03961730122988579
11010630,2,221300389.11876673,20217.59814091415,0.02539035596770799
11010630,3,2206798293.7441473,113924.43102848108,0.2531915757139667
11010630,4,1189416209.9702063,56754.288459146395,0.1364647440755207
11010630,5,2963619869.011057,87918.9783109594,0.34002363812735714
11010630,6,1789486950.2366529,31069.951853696864,0.20531238488556156
11010640,1,227552348.59809905,3790.3523348205736,0.0404301275817769
11010640,2,58250524.690185204,6231.620569464461,0.010349601572731503
11010640,3,1134478832.7020879,49423.611740509295,0.20156735022753317
11010640,4,619674731.2485021,30924.645225624554,0.11010006531652888
11010640,5,2142896520.5988057,68168.86404342299,0.3807369172680966
11010640,6,1445433723.6187468,27643.54061239984,0.25681593803333297
11010670,1,251148699.4879858,3629.8649205723787,0.0661203663674629
11010670,2,174303826.14808232,5849.015446659207,0.045889279409599665
11010670,3,636099829.5341792,37268.6116287009,0.16746713744019448
11010670,4,587775962.6431853,27147.88341276528,0.15474482675477572
11010670,5,1346107707.0122814,42856.90060933011,0.35439217857457067
11010670,6,802920113.9202641,15204.057242473067,0.21138621145339653
11010680,1,56540089.17031867,1581.784148503379,0.032837294157588744
11010680,2,42974224.033804014,3184.296781783639,0.02495852511907506
11010680,3,197951374.0942692,9892.939807244536,0.11496599307531252
11010680,4,196877426.21606764,7569.190630499301,0.11434226674406833
11010680,5,731046273.7311146,24443.834098592302,0.4245762941937442
11010680,6,496436074.3463086,13932.481579246114,0.2883196267102111
11010690,1,6664916.809189355,144.1473424086338,0.06915477136726597
11010690,2,197531.63713176525,18.03121260561772,0.0020495762504964335
11010690,3,3571554.0654441654,179.41059602649005,0.03705822771577273
11010690,4,1730488.8028747896,102.3701727943975,0.017955446548323137
11010690,5,45620369.5512099,1335.2823737450628,0.4733541792531128
11010690,6,38591957.06611065,962.2890051423883,0.40042779886502905
11010700,1,23766225.040085845,501.55542433161634,0.08533495525115621
11010700,2,2871805.8501882963,247.09853270660477,0.010311499756586573
11010700,3,56903894.47059095,4094.6751540311293,0.20431899807706502
11010700,4,39573132.12971696,3221.2141073214543,0.14209120101074713
11010700,5,107641821.39976168,7798.522121047529,0.3864984866889249
11010700,6,47748277.29257738,1796.727691467801,0.17144485921552022
11010710,1,159170013.73942623,2819.066830501002,0.06485165866698706
11010710,2,89178939.78000438,7680.512358373595,0.036334746897518776
11010710,3,659418060.9552823,47058.97444506886,0.2686709261577814
11010710,4,420776086.4400865,30323.3703281745,0.17143949725176102
11010710,5,791274389.9409826,43908.444655302694,0.32239399521814727
11010710,6,334553253.25676954,12122.79180110776,0.1363091758078044
11010720,1,24156519.40855415,301.2414116745169,0.012571930844634436
11010720,2,59186372.67704778,3342.946551091049,0.03080273990039784
11010720,3,592590109.2740848,32520.853122010114,0.3084054348645116
11010720,4,349800896.89807755,18972.188178826447,0.18204910280396006
11010720,5,667460950.2244345,24258.100758645007,0.34737094222043075
11010720,6,228269698.7765778,3422.9781151858037,0.11879984936606545
11010730,1,1233251640.438619,40159.32005682839,0.09258134868349505
11010730,2,263367506.67158458,24376.027054320315,0.019771243895035595
11010730,3,2385819351.3513203,139861.38715728163,0.17910567966869065
11010730,4,1475752523.519989,103740.66743544,0.11078611572084261
11010730,5,4672929611.549249,216037.74391667606,0.3508011759760579
11010730,6,3289614676.2852316,108686.88902416988,0.2469544360558781
11020520,1,226794038.8657748,3743.2618702195678,0.013211906698052313
11020520,2,1185459751.3640194,203011.10105951116,0.0690590621677988
11020520,3,6363158959.479866,327467.1831683517,0.370686385312266
11020520,4,1646292487.2836401,104195.87837598479,0.09590491376437273
11020520,5,4755618397.653596,155020.17839318654,0.2770389683766158
11020520,6,2988558932.417293,45133.91490862362,0.1740987636808944
11020540,1,197747321.90888295,3989.3734551764796,0.017267050122143707
11020540,2,553169661.8920683,50455.8492521819,0.04830208665147321
11020540,3,5060153088.349519,251243.76836818623,0.4418462720952102
11020540,4,997917883.6319497,64594.253834468735,0.08713694804117807
11020540,5,3113977106.905814,89355.32880446727,0.27190860672654904
11020540,6,1529328207.4451926,25046.25675869933,0.13353903636344575
11020550,1,801347778.7168441,10989.65779160844,0.025029917817958117
11020550,2,1480187070.0762014,160356.21775600794,0.046233310559038523
11020550,3,11514080362.445417,543490.9806442901,0.35963971308792797
11020550,4,2922116133.8440742,110039.96499469691,0.09127164088700966
11020550,5,9251914286.198261,244094.93965395988,0.28898146396954316
11020550,6,6045952044.469627,82301.52592342286,0.18884395367852252
11020570,1,251650696.31198382,4041.813139285147,0.030227428458227477
11020570,2,155970832.2183595,22591.728162980162,0.018734687571083625
11020570,3,3152897553.901658,141137.9274582569,0.37871536476310685
11020570,4,621485803.7860093,33334.94794664971,0.07465076769927059
11020570,5,2754807715.603927,73996.43806907095,0.3308981630488155
11020570,6,1388430700.29191,22395.91069972729,0.16677358845949594
11020580,1,115368088.7356345,1656.8468148965,0.056158273217016136
11020580,2,30497304.802698743,1918.9095357264457,0.014845318096732662
11020580,3,622780650.8937913,25547.826919631443,0.3031538992321188
11020580,4,200615904.84131885,8526.396563541819,0.09765475808110372
11020580,5,668298750.7311162,17888.30716961225,0.3253109611631825
11020580,6,416777550.2085472,6323.2126237974235,0.2028767902098463
11020590,1,534735596.85420716,11200.272800671784,0.05782375852763622
11020590,2,414511147.528517,56350.14371821737,0.0448232596496419
11020590,3,1836861562.3955212,110188.05610921718,0.19862945361689463
11020590,4,1016234535.3913708,69094.34261937079,0.1098907585872509
11020590,5,3226649655.10918,112871.21195269334,0.34891451328081896
11020590,6,2218687184.3980055,44954.812845005545,0.23991825633775737
11020600,1,639868283.1790016,10906.873072284343,0.051607799644508894
11020600,2,152605002.82922095,18121.552198604997,0.012308171256172368
11020600,3,2420719125.5312963,112716.12688206251,0.19524016256186527
11020600,4,640429246.6475506,24217.938652686073,0.05165304347211187
11020600,5,4366364351.787565,86115.14299444371,0.3521638164693041
11020600,6,4178687980.906975,70767.96521048683,0.3370270065960375
11020650,1,473495263.7258276,10093.881453190115,0.12076888347187677
11020650,2,65725734.48955659,5086.985100641169,0.01676389222399692
11020650,3,508195264.9017533,21710.382455132603,0.12961940578864473
11020650,4,281989448.3389201,11954.186039484704,0.07192374124033765
11020650,5,1415296914.9453332,37865.12556489231,0.36098318461346063
11020650,6,1175970067.7043684,25983.82851388725,0.29994089266168333
11020670,1,245058270.09119716,5200.567361582036,0.07359411084584926
11020670,2,126547553.61875635,10007.909359553805,0.038003837555957466
11020670,3,703143212.4844496,46564.01581123978,0.21116283690744111
11020670,4,512122736.5397067,36671.850448937774,0.1537969619452426
11020670,5,1156978566.3415422,64625.601721366926,0.34745535756016016
11020670,6,586012163.1631205,24002.410960028756,0.17598689518534952
11020680,1,40690519.32476369,702.5911601747185,0.01641226641345109
11020680,2,44702489.283403724,3613.8054905909016,0.01803046939774896
11020680,3,740478592.9854912,41270.025296466556,0.2986674081138893
11020680,4,167412064.83568317,5851.909362245908,0.06752460903680384
11020680,5,766930354.8835443,17972.98361637518,0.30933656079564964
11020680,6,719060827.126982,9651.558562500912,0.29002868624245715
11020690,1,850185316.8639952,28565.901283837928,0.12531820315540956
11020690,2,343190544.2235234,17536.43341073515,0.0505866444514227
11020690,3,1247245793.802723,62153.300401769324,0.1838453319201507
11020690,4,907342446.3660017,42719.287376951244,0.13374322370638003
11020690,5,2130472351.384235,86889.75160249822,0.31403384844678844
11020690,6,1305776019.7460253,39439.45212573644,0.19247274831984862
11020700,1,123418222.84605084,1294.806261239262,0.05046703451862862
11020700,2,122771497.15554744,7081.661945539289,0.05020258145007786
11020700,3,717338485.3213301,41729.79337843788,0.2933273974088076
11020700,4,293396077.68883985,15265.236828961057,0.11997280173789762
11020700,5,835841996.5654912,29942.270977592987,0.3417847536616014
11020700,6,352755317.30781525,4791.090463139253,0.14424543122298694
11020710,1,176797768.37650883,3094.0477483301815,0.08706501618751598
11020710,2,81980984.43165772,7042.90996343819,0.04037197868589816
11020710,3,354790106.13811994,23268.09940765867,0.17471830452239046
11020710,4,194380882.0720819,14690.862258224812,0.09572391551972842
11020710,5,683977300.7581542,37265.61619291254,0.33682831694788895
11020710,6,538713692.2208302,16503.12150103211,0.2652924681365781
11020720,1,70721585.1852422,1085.9308848417954,0.13164030093979054
11020720,2,7017578.932648658,623.4726314287088,0.013062436314781248
11020720,3,62288994.048768684,4388.292994656766,0.11594397807033048
11020720,4,39853416.70047906,2718.290094024728,0.0741826664969143
11020720,5,186648141.4763165,6816.595666468491,0.34742458684201166
11020720,6,170703825.97113404,3237.1226025874926,0.31774603133617185
11020730,1,122458085.52201116,2141.0150754627516,0.1189106235574781
11020730,2,25076813.71447159,2539.8698553595154,0.024350368886720472
11020730,3,178355601.0791178,12268.983325421856,0.17318885599819886
11020730,4,86721380.17041945,5920.99932679107,0.0842091671437747
11020730,5,360939225.0422164,13785.260739639536,0.35048325419401016
11020730,6,256281905.67297322,5691.532074033995,0.2488577302198178
11030510,1,71423700.05725978,3146.3070874724062,0.03569750313665795
11030510,2,83538349.1541999,6145.545139470571,0.04175239421330097
11030510,3,594278572.6636024,26451.907484754818,0.2970199134839032
11030510,4,171265465.13573068,10323.34401818913,0.08559833044189234
11030510,5,729179105.043873,27373.201302978752,0.3644430821789008
11030510,6,351118611.6128919,10931.427844113081,0.17548877654534478
11030520,1,75013073.4465348,1582.5521759039466,0.03991329230692023
11030520,2,18387343.827761024,1568.9107638244939,0.009783620310776288
11030520,3,294782314.431334,12557.004910780226,0.1568490949940116
11030520,4,222170524.80012465,10577.996572282998,0.11821348854142809
11030520,5,892840513.8981566,30227.381431545404,0.47506658209488684
11030520,6,376207028.45048237,9980.939093260653,0.20017392175197696
11030530,1,1067825122.7630792,19492.16045666933,0.0962816737236039
11030530,2,261505997.6171969,28012.547541436204,0.02357898742276627
11030530,3,2144833807.244783,112932.41148503016,0.19339139379502665
11030530,4,515689771.4252461,28941.076242540086,0.046497758159583694
11030530,5,3592500863.457863,90796.38600024465,0.3239219499651715
11030530,6,3508281746.399529,64018.59146095814,0.3163282369338481
11030570,1,27446609.602782752,289.57442022416444,0.026617085147649877
11030570,2,13346958.395643175,997.8654838286229,0.012943570561915816
11030570,3,386154735.32919854,18611.05144079131,0.37448390235358553
11030570,4,92506291.9440703,4653.984154867702,0.08971045549899302
11030570,5,377590926.3019646,9172.212853374833,0.36617891906548616
11030570,6,134119591.00464709,1724.964323600271,0.13006606737236961
11030580,1,11921815.230646988,283.207337164751,0.037855681148903905
11030580,2,23863382.106448177,2000.4970554064857,0.07577408026203206
11030580,3,95781125.89447363,6249.977650695554,0.304136550667498
11030580,4,39528126.111007825,2799.1606606420164,0.12551479028338947
11030580,5,94472207.71565184,4686.6088283305,0.29998030530814157
11030580,6,49361376.69588554,1413.8632393425482,0.15673859233003487
11030590,1,53502816.64636187,1080.1766128877935,0.04135828679597026
11030590,2,86870879.55193056,5081.829754108413,0.06715217956606853
11030590,3,198344678.8930628,12338.221145249212,0.15332269641680124
11030590,4,118997051.50778702,7779.360475398684,0.09198607648385478
11030590,5,549613628.6755157,22488.759961722826,0.424857596413694
11030590,6,286312939.86656487,7678.781697929089,0.221323164323611
11030630,1,217753515.37484702,3030.127777636581,0.04383598458900423
11030630,2,92164189.7100135,6633.715522443644,0.018553583361588712
11030630,3,1326257823.2468934,55259.86906624361,0.2669891110635667
11030630,4,589484534.74497,34358.7330722236,0.11866919776727386
11030630,5,1837183179.9670928,64549.77765947324,0.36984355189665025
11030630,6,904617107.5437708,13732.237342144324,0.18210857132191627
11030640,1,7187997.040536546,185.2373773608045,0.03761487062316548
11030640,2,154311.4113508364,9.359485256337063,0.0008075133783314011
11030640,3,47375114.425950184,1525.8791303480205,0.24791451496712902
11030640,4,14078209.632985435,719.4482764065448,0.07367143182783238
11030640,5,75738112.92662318,3569.27163837243,0.3963384101177891
11030640,6,46560811.62078677,1719.7867247379115,0.2436532590857526
11030650,1,5279826528.121137,139888.25666070564,0.39494471979640283
11030650,2,570761274.7785674,15754.40697660018,0.04269442386742126
11030650,3,857198475.2799964,37292.74133781798,0.06412066946256961
11030650,4,672784953.7697861,25470.093638480746,0.050326059698101444
11030650,5,2492905556.316938,67084.66725488636,0.1864758020314829
11030650,6,3495043572.869,84540.17956848354,0.2614383251440219
11030660,1,451381159.72546315,8909.424315957187,0.15718771943634935
11030660,2,45631300.24246023,2826.3922781571832,0.015890517061877794
11030660,3,344907913.11401826,13827.365075004866,0.12010977221760345
11030660,4,260181789.2559553,8349.472454883735,0.09060498253158569
11030660,5,915994779.2432479,21847.044957176542,0.31898347386147247
11030660,6,853508813.270733,17409.65124113839,0.29722353489111125
11030690,1,898074.2133578613,36.69864238410596,0.005624525234710886
11030690,2,16488002.191698162,867.4354608643526,0.10326227278081432
11030690,3,57778163.22773884,2748.2192832611245,0.36185733011372745
11030690,4,33855084.94549534,1652.3812218432035,0.21203011596029625
11030690,5,39761822.37732704,1721.113532066978,0.24902326557532742
11030690,6,10889967.650738405,380.8067283298656,0.06820249033512374
11030700,1,130293733.67947483,2655.8331099106213,0.10513737310201006
11030700,2,29113423.5959619,1933.5601277324224,0.02349237213829029
11030700,3,166132001.17775172,9467.189260481086,0.13405619517341671
11030700,4,108457736.90955856,6254.224005662836,0.08751734430537864
11030700,5,451641886.36708564,15525.298751820606,0.36444148290572886
11030700,6,353632562.3721041,7544.137518861063,0.2853552323751754
11030710,1,126601601.65085158,2666.3382367843947,0.02412271811188134
11030710,2,232116121.69076815,20766.24109343113,0.04422749554315676
11030710,3,1456177272.4781208,99808.26159477174,0.2774605803313046
11030710,4,686787492.5103142,54584.73535240164,0.13086075427609478
11030710,5,1993049700.862143,102944.9148377649,0.37975646034446126
11030710,6,753499003.6473672,16712.60933227479,0.14357199139310117
11030720,1,602157864.0647135,7508.683502036081,0.11769396368743489
11030720,2,131428010.97954682,10318.393810754205,0.02568808692013729
11030720,3,1270301619.3974388,72723.31177197842,0.24828511190777122
11030720,4,219284821.5351621,13565.35690939715,0.04286002286634819
11030720,5,1440748660.889271,40219.106073953444,0.28159961149191104
11030720,6,1452381042.3596883,23491.00390808713,0.28387320312639736
11030730,1,652428040.4284331,10214.553569344887,0.0520110567356033
11030730,2,390277443.2624787,34503.31414949284,0.03111261470433016
11030730,3,3209602432.734893,183287.2155411551,0.2558670134994244
11030730,4,949301811.5510517,51466.78674741196,0.07567760323018913
11030730,5,4124830544.7026854,115196.82390789795,0.32882828785899504
11030730,6,3217585582.1503673,49702.19425527523,0.25650342397145803
11030740,1,1914425458.271727,24235.519247395758,0.12805761354560521
11030740,2,273963145.95202994,15104.711590947712,0.01832563734381959
11030740,3,1855997034.7077389,82942.65889776201,0.12414928457280165
11030740,4,1281887249.8457572,56543.74670300166,0.08574657286368316
11030740,5,5086035248.810852,120555.52432248967,0.3402093999311527
11030740,6,4537411799.133515,73180.27995884356,0.30351149174293773
11040520,1,57550697.4026967,1192.091417321818,0.060944567187262835
11040520,2,9908448.574261766,238.46284282965337,0.01049276789176388
11040520,3,178868759.86240813,6397.685063399226,0.1894169774670031
11040520,4,101006687.32661147,4077.399127154932,0.10696323624135742
11040520,5,398213946.5883689,10864.723154236515,0.421697350649703
11040520,6,198763645.21633506,4388.874747648951,0.21048510056290978
11040540,1,112573967.95724565,2123.02533334602,0.051013714224036395
11040540,2,87882070.30264792,6133.671219721767,0.0398244008023118
11040540,3,559705074.8352588,27353.85737764698,0.25363443481207637
11040540,4,218489578.3549741,8249.297649239454,0.09901014518173483
11040540,5,769126079.4109826,19731.17794181323,0.3485350896774535
11040540,6,458962527.96460927,8224.23982279261,0.20798221530238709
11040550,1,972928830.4354869,23965.953364916302,0.11486152834311528
11040550,2,130573715.17858928,13038.369857886219,0.015415204090661262
11040550,3,1285162861.6831598,108109.5442131172,0.1517230920134888
11040550,4,653211795.3544979,57321.754118736906,0.07711654007887159
11040550,5,2996533228.4506617,144665.25349728912,0.3537631690868007
11040550,6,2432039548.712831,68795.78115057584,0.2871204663870624
11040560,1,142982489.57811815,4042.429888583095,0.04841252553404684
11040560,2,73947013.33355667,5496.952685217548,0.02503776288789132
11040560,3,616241991.1441761,34995.899716710046,0.20865373948548888
11040560,4,305849432.90596014,19278.627527302968,0.10355773999895143
11040560,5,1208324143.2819886,48436.60613718708,0.4091271848227561
11040560,6,606074277.3496977,15512.813391691789,0.20521104727086542
11040570,1,21904.394701986752,1.0549668874172184,0.00024565607835539126
11040570,2,813025.0788258513,64.71275840659969,0.009118012854782346
11040570,3,25191782.32418418,1414.2450612773084,0.28252387416943525
11040570,4,14095115.071962405,955.8920380889853,0.15807561631603526
11040570,5,42463713.22038608,1474.302690524219,0.47622723220842444
11040570,6,6581375.089207351,134.65545767679075,0.07380960837296727
11040580,1,12181900.94537037,207.56666666666666,0.06729233749099389
11040580,2,320528.3103128568,33.36152089518155,0.0017705856688309334
11040580,3,12035022.927093728,515.7417081525463,0.06648098914559165
11040580,4,10751339.728721716,795.3551568698037,0.0593899740894237
11040580,5,77026467.26752988,2001.084451453909,0.4254911490702509
11040580,6,68714281.47262059,1419.9917087023082,0.3795749645349091
11040590,1,48634698.06109187,1003.3992431258616,0.12070339251805134
11040590,2,1947107.1828225623,110.11698104590089,0.004832402624721312
11040590,3,25864377.431910463,1136.123202193973,0.06419116856605872
11040590,4,23031371.898957398,735.8406178055196,0.05716011064892506
11040590,5,158789178.7997871,4503.468201855658,0.39408885714092673
11040590,6,144660616.44137293,3490.64818233911,0.3590240685013168
11040620,1,168883384.87655476,2131.7902531309996,0.15222232375164912
11040620,2,6813632.310590191,510.3908077138997,0.0061414386279946285
11040620,3,90165827.85347313,5370.897593376388,0.08127058709108251
11040620,4,74815904.43909831,5240.317502886731,0.06743499862716155
11040620,5,365632040.39334744,15435.693750107646,0.3295608911878153
11040620,6,403141363.492353,8504.782277348108,0.363369760714297
11040650,1,17586494.295027025,502.62973768956215,0.00685929883803995
11040650,2,61259673.41261715,3983.3220017491944,0.02389324441862709
11040650,3,845387165.2664809,41517.07384065641,0.3297282052424734
11040650,4,363307400.17180574,20796.22782374489,0.14170157997631513
11040650,5,948288592.1385316,36836.68998275603,0.36986307384875955
11040650,6,328061636.4996698,8035.719569535943,0.1279545976757849
11040660,1,163230107.80300063,2656.0022361710394,0.03155976106379174
11040660,2,64418352.24208622,6760.876314039979,0.012454980470496518
11040660,3,1891501324.885181,97727.62999094548,0.36571273932666276
11040660,4,437783780.5119814,19929.456792160257,0.0846434012482322
11040660,5,1705011978.936808,45109.48479722472,0.3296559157523218
11040660,6,910150260.5626729,14332.4241623425,0.17597320213849493
11040670,1,246485561.97293413,3926.362462737772,0.04924928371272439
11040670,2,98624466.28154615,7215.823589023764,0.019705755915428586
11040670,3,1251447592.683245,72840.95998522197,0.2500466844805734
11040670,4,596129639.953146,34847.279073119185,0.11911025348754727
11040670,5,1850402099.2042663,67027.51767597416,0.3697213631374422
11040670,6,961766414.2691579,19762.303033963224,0.19216665926628404
11040680,1,417738917.87959224,8131.121061538779,0.054959696936130675
11040680,2,165405977.58366376,17558.579559092,0.021761588423616418
11040680,3,2133948320.9983487,122329.43632433514,0.28075227846795664
11040680,4,545350582.8665613,28901.876107429838,0.0717488878231057
11040680,5,2465868134.2660904,79117.16397674712,0.32442121033786264
11040680,6,1872510872.3439138,41143.05147065589,0.24635633801132792
11040690,1,5358281.4051343715,99.40095815836102,0.027334845311083503
11040690,2,2663079.562236347,85.07584906498187,0.013585488028882837
11040690,3,74182665.19565535,3196.255867389498,0.3784369510612304
11040690,4,10671295.86592963,522.9964254982746,0.05443876491527348
11040690,5,66511149.25223988,1958.4735188911936,0.33930132421381703
11040690,6,36637370.96684308,891.4931367432316,0.18690262646971284
11040700,1,142234189.4993787,4202.142216949265,0.05205255915916781
11040700,2,96777324.80141614,8967.994182714045,0.03541699391842575
11040700,3,496561388.0413898,29401.022946892037,0.18172347392815727
11040700,4,275114017.9346679,20238.923179623598,0.10068176114662787
11040700,5,1095823521.9429746,62040.74121809384,0.401031699232859
11040700,6,626000538.9300317,23232.357685033643,0.22909351261476227
11040710,1,479306485.0741038,8272.107996721483,0.12813605214896706
11040710,2,49429380.97304292,3885.941880277042,0.013214270900327504
11040710,3,425262560.44448173,20259.1163458318,0.1136881459337915
11040710,4,210515083.54508343,9327.346618118727,0.05627833664530229
11040710,5,1362169440.9543242,32036.429842680034,0.36415742318793615
11040710,6,1213923045.8042815,23385.911641779836,0.3245257711836754
11040720,1,145405878.34403408,4744.170131421058,0.05279277611286504
11040720,2,145938791.9943475,12832.241716678207,0.0529862620389424
11040720,3,568660896.3044693,35207.20695653291,0.20646474354848368
11040720,4,416443965.1418264,20999.605765924785,0.15119906612900877
11040720,5,1008505356.4659139,49592.224589315374,0.3661598698682502
11040720,6,469321151.96317947,15941.583258574894,0.1703972823024498
11040730,1,56676562.580000795,1066.2826899321678,0.04833935701057473
11040730,2,26085232.991616186,1671.6612122412891,0.022248056919575793
11040730,3,187275991.97443762,11401.50702030978,0.15972741859183057
11040730,4,133817462.12621818,7218.807779975991,0.11413271697339822
11040730,5,435711003.16665643,17676.25579443434,0.37161727487934687
11040730,6,332906160.63571036,8194.053362069522,0.2839351756252737
11050530,1,2912343571.311046,60613.09868229907,0.17517848332810912
11050530,2,592992487.2574269,87924.77987025194,0.03566870528807691
11050530,3,1698980636.2399843,129293.57745156443,0.10219427885919548
11050530,4,1121838247.805601,99589.09830037621,0.06747896255302756
11050530,5,5056647584.191217,259473.38138128768,0.30415911887916364
11050530,6,5242204814.171808,151575.7823967016,0.3153204510924272
11050540,1,375001874.5362136,8196.870924682751,0.0715794239294
11050540,2,95838267.8100375,10197.423498393075,0.01829336988973258
11050540,3,1117973958.2250338,71222.49256824263,0.2133960850110129
11050540,4,507944193.103785,32943.09489341912,0.09695512262603838
11050540,5,1902659535.7710347,76415.96225761891,0.36317491391931284
11050540,6,1239544067.0073266,31659.443137642967,0.2366010846245033
11050550,1,534494395.83426285,7346.279923304331,0.19010434407381815
11050550,2,46968577.4812266,1514.7246087405993,0.016705377425355813
11050550,3,254697275.03001496,13509.839706474095,0.090588524003877
11050550,4,182355086.84711826,8805.94873311957,0.06485848017075378
11050550,5,880385118.9590827,28288.470818104845,0.31312776499898737
11050550,6,912683880.9580535,16675.41931549203,0.3246155093272079
11050560,1,305517830.9202738,4013.648618754499,0.13233737806119392
11050560,2,25519598.537551627,2099.4082495300263,0.011054008695535533
11050560,3,398162146.07196546,21692.9654364089,0.17246696958951685
11050560,4,167223639.28387234,10287.93322387909,0.07243419444953259
11050560,5,784640615.7102861,28032.075242163748,0.33987306564282627
11050560,6,627564581.1633353,10996.214924787228,0.27183438356139494
11050570,1,385014433.81629676,3795.564475010774,0.18620773956414804
11050570,2,189002000.3028555,17167.586635194,0.09140861266071183
11050570,3,387212358.06087244,31633.15429104237,0.1872707399853503
11050570,4,194556069.93229008,14917.931432711497,0.09409477364649024
11050570,5,583877000.6299292,35802.61653625151,0.2823853001902491
11050570,6,327998883.8920836,11203.87746203423,0.15863283395305044
11050580,1,213081375.1915697,4629.966912723085,0.0738405725220175
11050580,2,71259077.904074,6173.216926704924,0.024693904406695645
11050580,3,505823509.1031507,35878.91970629416,0.17528654240049368
11050580,4,402210261.229568,31415.168433601233,0.13938072220868858
11050580,5,1061224689.1861119,61195.44404473553,0.3677535803096453
11050580,6,632096145.1809385,19863.390603300744,0.21904467815245923
11050590,1,498571561.7209964,10139.205185983119,0.1552807298864473
11050590,2,36895347.81834101,3933.595979678229,0.011491101736469262
11050590,3,251099877.70725167,13269.286936148075,0.0782053676511122
11050590,4,252406197.5996702,8731.938405346162,0.0786122225981929
11050590,5,1070206786.216047,31672.812572489,0.3333172279610556
11050590,6,1101595719.7895756,25367.76784945201,0.34309335016672265
11050600,1,978632629.5649245,18729.40527907963,0.1493819896451627
11050600,2,147797873.08831885,12419.152410044726,0.022560396700722917
11050600,3,903881222.317779,56925.10181113891,0.13797166711349032
11050600,4,452589055.640798,33210.4069663289,0.06908481444493093
11050600,5,2182605757.358817,96664.43366426497,0.33316076001900463
11050600,6,1885702425.6369424,48475.2278771031,0.28784037207668844
11050610,1,139760179.1674195,3211.8164506489206,0.04259428813862053
11050610,2,96350375.34673393,8813.996775514239,0.029364413198603945
11050610,3,605153360.264346,44804.052010082014,0.18443076381775875
11050610,4,502565183.7850796,38137.380416114516,0.15316527478787512
11050610,5,1328509109.104254,81715.26381769775,0.40488571297681936
11050610,6,608857118.6298723,27623.20653787964,0.1855595470803222
11050620,1,110086066.43623626,2251.5926645236245,0.022707316614508078
11050620,2,290806009.6377631,22596.876687425884,0.05998419553006002
11050620,3,1494891097.8989112,97664.41682554586,0.30834933577958
11050620,4,706626212.8551651,49545.729259839056,0.14575491397639218
11050620,5,1696535182.6962764,78937.81366943345,0.34994221147369525
11050620,6,549099270.4906532,11728.577881042354,0.11326202662576451
11050630,1,32279716.135762036,336.5777897350993,0.01213642290551295
11050630,2,53653662.092203766,4174.529829778438,0.02017252973482821
11050630,3,787353408.9560928,39233.51152972958,0.29602657926108333
11050630,4,382946126.8245777,21222.771188137696,0.1439788418716079
11050630,5,1119240990.9184299,40733.90261870144,0.42080859515125885
11050630,6,284264997.3073825,6821.150973521204,0.1068770310757087
11050640,1,155806864.35702428,2715.8489180260294,0.057767551033980485
11050640,2,76867715.21956505,8578.727682591118,0.028499769122088184
11050640,3,738080668.5021148,43912.65887803998,0.27365362149378325
11050640,4,375357882.6398072,29087.6438104308,0.1391691292349942
11050640,5,998874032.8335599,53371.96763146398,0.37034637020874717
11050640,6,352147500.6017604,11034.55244224256,0.13056355890640675
11050650,1,141154138.25314224,2900.5679587498835,0.09058826703893189
11050650,2,53868037.04601165,5197.179812526914,0.034570804548683144
11050650,3,320428623.4102388,17588.42610941009,0.20564096854424233
11050650,4,124962183.09354986,7674.150695719791,0.08019678170217866
11050650,5,531566273.7495447,20301.148717319415,0.3411424429438701
11050650,6,386215231.0743382,9862.966314967334,0.24786073522209398
11050660,1,59970438.760857746,1563.666623505488,0.021570782621005462
11050660,2,39357700.65535941,4180.266066376145,0.014156581523186763
11050660,3,860584933.4129506,38418.06709764967,0.30954401717133123
11050660,4,415068864.16635317,27769.314002270683,0.14929622705251638
11050660,5,1100433283.908537,51549.285081102506,0.39581513236490334
11050660,6,304754595.5799762,10153.830889723273,0.10961725926705684
11050670,1,512069672.738542,9422.700306629225,0.06457961760371685
11050670,2,170352743.7138463,14454.46196898598,0.02148401991461295
11050670,3,1035922762.5375143,49995.24265926247,0.1306452997184563
11050670,4,952354444.3520936,42802.179773739575,0.12010608929551105
11050670,5,3363832663.833589,102503.88025215038,0.4242294333727972
11050670,6,1894744654.05347,45479.53933695911,0.23895554009490558
11060710,1,650497264.1384484,12675.984398831542,0.1179388532478357
11060710,2,122452906.22565064,11787.256797079559,0.02220140826609879
11060710,3,1016001917.7518395,68972.06430124499,0.184206925506378
11060710,4,492836112.98942,38104.061123049985,0.0893539899542484
11060710,5,1841204628.8664322,89182.80697894783,0.333820869809065
11060710,6,1392553965.8877459,41307.21358769262,0.252477953216374
11060720,1,235049196.37936795,9474.476355387696,0.08232190676505174
11060720,2,179616595.4526729,10790.460506708681,0.06290759914127012
11060720,3,484100846.03803635,29420.011045379826,0.16954793007717775
11060720,4,326562635.0747825,14808.93456569664,0.11437290240374381
11060720,5,975179391.9378499,55440.240253435135,0.34153967858174816
11060720,6,654736137.0896585,26664.86309718664,0.22930998303100833
11060730,1,68638599.63152033,1895.118570256929,0.08682510001779639
11060730,2,23960699.59310599,352.7216448493819,0.030309332501481292
11060730,3,221146544.62454706,10933.592366298479,0.2797415879504457
11060730,4,97778192.51829009,4210.976510619723,0.12368552666481382
11060730,5,238089721.55275422,9402.321107035232,0.301174033240825
11060730,6,140924918.3087943,3862.5862796078504,0.17826441962463782
11060800,1,291875480.1666783,5572.935359659472,0.07526195924890032
11060800,2,99081295.36728363,8069.738733810617,0.025548745684297755
11060800,3,857362591.7355345,54432.155043084706,0.22107642753643686
11060800,4,463461437.292523,28500.337949319834,0.11950649567078228
11060800,5,1313667131.4871638,54721.5959883259,0.3387374714044034
11060800,6,852679647.6536417,19189.614567937446,0.21986890045517934
11060810,1,556261551.9503796,6625.512559457461,0.08650568336054709
11060810,2,109666285.76967852,9781.017666227151,0.017054489850783956
11060810,3,1501695106.7662818,86072.15350180701,0.2335325189284247
11060810,4,608666901.5319842,32655.940476244712,0.09465537582340035
11060810,5,2252538678.736486,76990.87228816697,0.3502981592327371
11060810,6,1401518365.0782754,30540.40288835232,0.21795377280410688
11060820,1,89669138.12830587,2078.2313555016653,0.024097937897531112
11060820,2,127449906.94842203,6438.034666138578,0.03425124861013559
11060820,3,1047920295.2478487,55036.193208590965,0.281621065213223
11060820,4,583231859.184662,29411.10375903392,0.1567393800794986
11060820,5,1367780740.1977684,49514.067222425845,0.36758126622742965
11060820,6,504977573.6727527,11920.840623793678,0.13570910197218203
11060830,1,523413710.93636525,12105.72831271849,0.13141106508026784
11060830,2,68638371.92211933,6083.9868977576925,0.017232719302528652
11060830,3,645373869.8231031,52190.34098159365,0.16203103937936184
11060830,4,280143052.45870334,22667.184190214375,0.07033422344358735
11060830,5,1365084389.3866413,70064.33207359446,0.342725438378046
11060830,6,1100372773.1451454,31816.84575107197,0.27626551441620834
11060840,1,32459053.08564344,1013.9306035672147,0.02320294568807477
11060840,2,99436769.94922064,9239.2063614587,0.07108112385292695
11060840,3,375823966.2724458,22194.207720087375,0.26865303355239706
11060840,4,181647453.36593232,11255.361881648563,0.1298483964922254
11060840,5,541701092.7384052,26397.54821206518,0.38722821028747867
11060840,6,167851160.50071314,5159.885566199504,0.1199862901268971
11060860,1,155208053.58993912,3762.577835034952,0.07256981536575821
11060860,2,153963108.5966831,11413.728764719586,0.0719877229664823
11060860,3,555808586.2784648,33249.74433436006,0.2598765048075177
11060860,4,267104105.38736615,20151.034071389066,0.12488846527648018
11060860,5,718315200.4622307,35107.388723368276,0.3358588698604794
11060860,6,288342140.04659367,8904.95613402878,0.1348186217232821
11060870,1,880958044.6510643,22247.753138939952,0.1191452431899343
11060870,2,315011026.40921295,24077.895899114308,0.04260369217004249
11060870,3,1557444746.929997,87074.64142927964,0.2106367428670895
11060870,4,567096283.2280777,30461.99409994382,0.07669698345745794
11060870,5,2332194600.4951735,76058.35617668049,0.31541785052012283
11060870,6,1741279489.8894336,41738.740404885815,0.23549948779535296
11060880,1,566862012.8751676,7139.624170472204,0.11544512615753269
11060880,2,272508697.3178883,19635.334447205332,0.05549816397348974
11060880,3,903078230.6312537,57526.596782364824,0.18391773993912938
11060880,4,513378959.58877456,40437.81903526774,0.10455295541103854
11060880,5,1669089879.7294192,82627.07961843381,0.33992098139773747
11060880,6,985311276.2287979,25270.998575307905,0.20066503312107212
11060890,1,168413396.33299527,3949.7350445002367,0.05482660823609275
11060890,2,54283104.75861494,6166.019307300182,0.01767174454789069
11060890,3,781140148.0463313,47420.64951107696,0.25429844541428
11060890,4,398487541.13854265,29822.379974001087,0.12972673659385373
11060890,5,1210233379.174058,64521.05447874374,0.3939887966098751
11060890,6,459188098.4152942,15133.956852590285,0.14948766859800777
11060900,1,30398476.974972405,247.25595045376502,0.06513038862941778
11060900,2,3183326.844116669,112.904014086832,0.0068204507305571985
11060900,3,86167403.03029568,3584.4806139069674,0.18461834292459398
11060900,4,61741659.053862885,1600.1107942603512,0.13228485927482067
11060900,5,185545927.31348005,5303.992596060321,0.3975422309638139
11060900,6,99695827.52556843,1782.3615733993663,0.21360372747679648
11060910,1,200153130.53222987,1896.2297021294814,0.1517846475948841
11060910,2,80060730.05974887,4579.976264026858,0.06071346306697581
11060910,3,227713495.2011165,12366.79472984057,0.172684846496244
11060910,4,99939854.59727909,4990.052081509048,0.07578865027189423
11060910,5,421544253.3030734,13944.919980331266,0.3196749696750432
11060910,6,289253722.1720035,5666.57152041414,0.21935342289495857
11070520,1,70672133.65339047,1935.963658713092,0.05099057046323126
11070520,2,46039728.21178096,4646.050287821265,0.03321807173679704
11070520,3,282579846.9915407,16201.217999879718,0.20388386277085327
11070520,4,153676054.6734918,9982.375606695263,0.11087863474975378
11070520,5,535628815.17693174,21330.86733182252,0.3864609348907938
11070520,6,297387790.78234416,7600.405414384292,0.2145679253885709
11070540,1,72053425.12103643,1752.110356364657,0.14444436514775624
11070540,2,12031359.41899757,702.5357925192782,0.02411907650777593
11070540,3,106751491.51059331,6837.084909912813,0.21400303169379636
11070540,4,49043638.87441406,3935.4194012580992,0.0983170094946995
11070540,5,167765493.98401934,9841.187825608506,0.3363168403377744
11070540,6,91186269.62219197,3879.3527737874383,0.18279967681819748
11070550,1,34771574.557673424,843.5254500301023,0.04887066301686771
11070550,2,19969116.361996915,1423.0008445590006,0.028066142212027242
11070550,3,125670919.73857471,9690.162107171327,0.17662764047043636
11070550,4,94198981.25027592,7395.479127491805,0.13239454145450985
11070550,5,288904628.3878224,14465.365828629841,0.40604893271475034
11070550,6,147986781.33747962,5284.678322602404,0.20799208013140844
11070570,1,128363674.96139932,2266.490478760777,0.05335672311051767
11070570,2,58216961.93141318,5107.702501768706,0.02419895129244358
11070570,3,387106190.11330897,26898.742733912906,0.1609078098336963
11070570,4,322544260.2375062,22810.133742662427,0.13407145588153832
11070570,5,1018553657.5427696,50078.931568379994,0.4233805669326418
11070570,6,490979092.9875209,12823.056725530509,0.2040844929491623
11070590,1,54518229.406582005,1103.3018654889747,0.0443019926173247
11070590,2,17607556.192352526,1813.6735202732875,0.014308054992493128
11070590,3,268456050.6173202,14874.06331041201,0.21814974737768722
11070590,4,183329900.9756525,10060.011046162075,0.14897548962911966
11070590,5,481248166.72449166,18035.97252548752,0.39106649209622846
11070590,6,225444549.42058617,6075.601702597981,0.18319822328714674
11070600,1,1128077285.5399756,22781.41057375325,0.1659639655876375
11070600,2,144343328.60693657,10090.13789136276,0.02123594857267229
11070600,3,795539551.0460262,35209.68658099941,0.11704064993225015
11070600,4,623096160.654575,21196.17298865891,0.09167058949792173
11070600,5,2163577329.821527,63595.1407730593,0.31830786606151196
11070600,6,1942488126.4342723,44249.833067826214,0.28578098034800625
11070610,1,10899192.94613773,350.8458497580268,0.018886183442472223
11070610,2,35033945.777393386,1339.549008477963,0.06070702022941465
11070610,3,102568951.61037973,6463.575409776141,0.17773206192318464
11070610,4,195349811.8627002,2588.385473270999,0.33850326354657145
11070610,5,157243664.5821365,6297.414393703034,0.27247271510292564
11070610,6,76003187.94514567,2180.1505590566708,0.1316987557554315
11070620,1,349300919.3928059,12835.24029111187,0.11733283904858131
11070620,2,95447254.12049378,7188.109563517636,0.03206145957135317
11070620,3,432121827.37802285,25505.318231769033,0.1451530127926959
11070620,4,278078985.71645254,17598.05621693335,0.09340884911090006
11070620,5,1091890141.6902463,47631.4872860397,0.36677421426882434
11070620,6,730169884.9090898,23694.887785417548,0.24526962520764517
11070640,1,151755580.4305951,3441.768775487975,0.06254376625979573
11070640,2,157886031.7093122,11067.076757212233,0.06507033899442083
11070640,3,498117111.26449084,29419.4619959036,0.20529143039441114
11070640,4,256714255.18349838,16164.118622994565,0.1058008959288148
11070640,5,908679202.9454045,38534.25066027594,0.37449838426302146
11070640,6,453238000.986717,13071.319222006503,0.18679518415953603
11070650,1,213518856.42394292,4952.539570479525,0.10307071055647525
11070650,2,38229451.554077685,2619.8043948346794,0.018454279878867337
11070650,3,540150571.4644537,27776.57139026366,0.2607437307447308
11070650,4,252703030.37969732,14744.332202325715,0.12198585800447953
11070650,5,670530137.5251603,25561.228185013155,0.3236810972190064
11070650,6,356444400.23085886,8554.441741213013,0.1720643235964407
11070680,1,70611452.36018102,3811.2711531986533,0.061953800428704575
11070680,2,81202095.11450793,7327.909080560448,0.07124592721100652
11070680,3,273937646.3955854,15246.048278484492,0.2403502223425678
11070680,4,149946710.94185957,7575.548621615937,0.13156178345187639
11070680,5,413771900.6813274,17039.865058282692,0.36303943483638906
11070680,6,150273872.40148115,6117.047558209646,0.13184883172945563
11070690,1,200381232.95968762,4561.5426076757485,0.07486169622259387
11070690,2,79318250.64139342,6375.757217070405,0.029633008524396758
11070690,3,561930987.5519594,29946.753613654368,0.209935363041907
11070690,4,303327953.9544467,17306.792181634195,0.11332221490685715
11070690,5,1011350977.298094,38730.25798514439,0.377837028541215
11070690,6,520376313.6630717,11391.405065384399,0.1944106887630303
11070700,1,138633585.6882286,6194.359284069352,0.06722738507760845
11070700,2,124170990.57239367,12569.34334564531,0.06021405965399624
11070700,3,392129748.419696,29503.273918722945,0.1901549142404892
11070700,4,230870296.6249401,17701.649342706027,0.11195560049273404
11070700,5,759647016.7432451,40924.274691306375,0.3683745339495384
11070700,6,416707785.94497234,16151.131001267664,0.20207350658563378
11070710,1,353205319.82430935,9393.90299115384,0.07914182887616071
11070710,2,119206531.14442469,6932.727555091766,0.02671030802550067
11070710,3,722363589.1603785,42638.4410226733,0.16185819508080146
11070710,4,622009943.2630929,34386.35364045459,0.139372205700312
11070710,5,1778031596.711714,74966.37526732743,0.3983990740381834
11070710,6,868124107.3076031,24582.956825989368,0.1945183882790417
11070720,1,497565104.5350635,10720.745320386526,0.12626035606519093
11070720,2,114069774.35189356,11451.509513816729,0.028945941334459314
11070720,3,723867563.0320911,54198.26272646739,0.1836860652393946
11070720,4,403815854.59599835,28955.504436987387,0.10247087892890433
11070720,5,1244208612.422206,59037.90609454714,0.31572596428480926
11070720,6,957259574.1783187,27367.282577206366,0.24291079414724162
11070730,1,394510944.4822772,6802.768206387007,0.08079976283392329
11070730,2,228599916.03552955,12880.844055102003,0.046819535067056516
11070730,3,989419687.0798467,56152.19042233251,0.20264298665827662
11070730,4,655781569.0141519,35544.63386305327,0.13431058374498892
11070730,5,1697639581.6310673,65158.64437717798,0.3476934607055827
11070730,6,916623827.2962222,20639.17766846114,0.1877336709901719
11080580,1,2019403.6239272663,81.14698303350164,0.0184783711620931
11080580,2,2304909.5358855315,158.77937929237186,0.02109086732067517
11080580,3,34162644.67886836,1568.2319690410038,0.3126022063024539
11080580,4,15124267.423738781,964.8356610490515,0.1383932482338977
11080580,5,41341097.71022595,2120.4624504474214,0.37828799487458303
11080580,6,14332397.320769975,478.90254367699794,0.13114731210629693
11080590,1,10323069.338768166,1516.142881867795,0.018546221583083732
11080590,2,32808403.200862546,3402.4743143226724,0.058942926331536034
11080590,3,190584590.36951312,15788.937656211676,0.3424004942057298
11080590,4,136828176.85175955,13568.765120733531,0.24582278810934674
11080590,5,160891934.33867657,13619.12604619163,0.2890552574290974
11080590,6,25176896.251309253,2760.0809720451357,0.045232312341206296
11080600,1,784965173.564856,17206.469430880657,0.12571273640173697
11080600,2,125331837.02015588,13959.020253006383,0.020071983727006106
11080600,3,1180828498.206062,84048.73667240265,0.18911053219913668
11080600,4,539633319.2298586,41960.07214287661,0.08642266370347775
11080600,5,2029888390.290451,95782.38236267286,0.325088083812225
11080600,6,1583470888.038342,41124.33728819125,0.25359400015641753
11080610,1,113959205.00706387,1670.8035013040985,0.11467010501016753
11080610,2,14370674.504055355,2366.123423940968,0.014460321606708461
11080610,3,153673723.92081106,8438.206245820775,0.15463237092791754
11080610,4,79982783.57152374,4304.483664071614,0.08048173195472552
11080610,5,360115971.37445277,10642.779346174351,0.36236244584882193
11080610,6,271698118.1888442,5802.441699227046,0.273393024651659
11080620,1,62881164.77276133,1350.3564179681223,0.04458690256441506
11080620,2,5162322.895175055,121.61576179700637,0.0036604281864849363
11080620,3,62222285.00128641,2793.0842895228357,0.04411971325138977
11080620,4,99168374.38818574,3270.950064581887,0.07031693293685315
11080620,5,695040473.9697546,22089.128768099614,0.49282964148651287
11080620,6,485831122.50181156,13764.188711626233,0.3444863815743442
11080630,1,46745178.90345077,1140.021662503806,0.04719476430721804
11080630,2,29697305.900006,2722.0555017901384,0.02998292840861659
11080630,3,161250068.0419299,10133.13493288099,0.16280093764279005
11080630,4,120134666.16366765,7742.194163017526,0.12129009638472199
11080630,5,413694291.3718542,16932.4011815705,0.4176731169830853
11080630,6,218952318.43534195,6852.771752777451,0.22105815627356803
11080640,1,117052106.85945362,2132.5816467447653,0.06232052456781345
11080640,2,100833453.07207392,2037.7013400244741,0.05368543854559527
11080640,3,650736519.743711,13557.808712434398,0.3464631466613028
11080640,4,318436184.52573204,7842.807264908948,0.16954081898624013
11080640,5,452497095.6372879,13565.513751524972,0.24091711906892768
11080640,6,238671880.24353093,5104.71610076004,0.12707295217012063
11080650,1,113778390.79281545,4444.947096073008,0.0823545018184251
11080650,2,58552283.070961885,5067.293660087497,0.04238101865424661
11080650,3,216618772.55185664,14609.961193059997,0.15679190902349596
11080650,4,166425808.45091376,10192.996871347255,0.12046149052733049
11080650,5,541691149.7245519,27923.470813182445,0.39208415995484747
11080650,6,284502159.1247444,13256.669334830378,0.20592692002165428
11080660,1,80982015.13816807,1480.760428470689,0.06375421432422092
11080660,2,24523127.311045017,2042.1883065086524,0.01930617201635478
11080660,3,224222126.38713205,16018.158457212377,0.17652197809017306
11080660,4,148124042.71453476,11561.99053998129,0.11661270653342413
11080660,5,486620836.78218824,26202.805664169817,0.38309900130184843
11080660,6,305750000.8465214,7991.68935048826,0.2407059277339787
11080680,1,4786674.339350044,99.59955401357912,0.00465470519899664
11080680,2,83775752.96959196,4745.851777387947,0.08146604620492466
11080680,3,433805208.35903007,21256.461501329377,0.4218451508390643
11080680,4,132611464.01035714,7743.2699315736245,0.12895535129707206
11080680,5,324498615.6739524,13678.96248652002,0.315552152990181
11080680,6,48874056.609957986,1806.6125687043805,0.04752659346976125
11080710,1,6613814.660479136,131.90653988839833,0.006381422982392306
11080710,2,38624369.033179335,3667.233539363578,0.03726721247596561
11080710,3,352949506.22868407,18952.45161341521,0.3405478088357215
11080710,4,158526868.02540147,9174.094880913352,0.15295665979105044
11080710,5,386665551.7479257,15439.055519338788,0.37307916309902445
11080710,6,93036795.86411647,2155.61543286494,0.0897677328158457
11080720,1,189050258.10111207,7815.75924250738,0.04767153852615276
11080720,2,218451337.75546306,19986.782883044372,0.055085412040693255
11080720,3,888316281.3644907,68214.69607588692,0.22400077236512891
11080720,4,514533933.3236352,50406.53869436352,0.1297465788823819
11080720,5,1498277721.479645,112822.03347748016,0.37781066706712485
11080720,6,657054478.727656,33906.493650111996,0.16568503111851832
11080760,1,171888728.48719028,3312.3095387401454,0.14911119182213425
11080760,2,40340237.92319014,2860.312057730479,0.034994621276540606
11080760,3,193186046.79935518,13527.14314115983,0.16758633294448502
11080760,4,120152695.44602138,9796.097604433138,0.10423086944839051
11080760,5,355559837.0013311,16776.28378700849,0.30844344202187374
11080760,6,271627833.645533,7818.858968901593,0.23563354248657584
11080770,1,43955210.28292492,660.242386980525,0.031228820480781738
11080770,2,56721876.98313393,2377.05209615134,0.040299143201400774
11080770,3,402916034.2725625,13554.779419942555,0.28625940866023475
11080770,4,344663248.92448366,5591.152290743585,0.24487260230823896
11080770,5,423379924.38933074,11670.312950848978,0.30079837108770496
11080770,6,135884373.75478944,2640.0031667516932,0.09654165426163883
11080780,1,1702629.4988508364,49.67101264558118,0.013260279174968035
11080780,2,2567700.1408942537,222.31626491493492,0.01999755127515588
11080780,3,34135079.50147779,1755.4431259277233,0.2658480216364318
11080780,4,23638010.628522065,1091.0116379310346,0.18409561227890164
11080780,5,54337067.437257335,1906.513480413146,0.4231834842832244
11080780,6,12020240.740336794,256.1422545894547,0.09361505135131827
11080810,1,15506014.460847527,225.71065145590086,0.0074062462865738116
11080810,2,61590055.65379529,5095.077960628827,0.029417689640853298
11080810,3,688820364.7419732,34003.6591785463,0.3290060951102593
11080810,4,299483597.51489043,15777.427144541745,0.14304444817750991
11080810,5,823780677.6929492,31330.655566288548,0.3934681346080202
11080810,6,204459422.98879358,4527.138478238898,0.09765738617678352
11080820,1,336203513.188336,7047.819689904778,0.09342130492736642
11080820,2,70944695.34454256,4902.191853103675,0.019713494228267812
11080820,3,594789264.9932986,32174.653631766905,0.1652748621378501
11080820,4,309235503.5420571,19863.59521014419,0.08592766921679054
11080820,5,1361432694.9677365,44717.32870726839,0.37830306330980856
11080820,6,926182778.30444,20577.24313006452,0.25735960617991643
11080830,1,1487805336.931269,24869.168850527665,0.15167804123757236
11080830,2,98838353.36091197,8681.56589698899,0.010076323471087745
11080830,3,1535366963.414512,102401.64259389292,0.15652683036608228
11080830,4,1123561456.1394904,84933.20590455017,0.11454428657231334
11080830,5,3388349177.452566,177612.49493789364,0.34543374291490847
11080830,6,2175048585.940375,59011.19700433795,0.22174077543803578
11080840,1,145428198.39139122,2983.7185178947498,0.05023967397636758
11080840,2,72187807.31636536,5255.321553484914,0.024938024019815708
11080840,3,499385196.67558944,29696.692852847595,0.17251777679376784
11080840,4,298653765.51555043,19317.15215590723,0.10317302955878452
11080840,5,1156606903.4820573,53299.17836079386,0.3995618070806985
11080840,6,722426467.1580206,20110.6432840658,0.24956968857056588
11080850,1,408985109.04043114,7448.673243398573,0.11821592268706432
11080850,2,94098930.7406248,6200.565923357087,0.027199014525170487
11080850,3,444969877.7119442,21901.619347043117,0.1286172124581375
11080850,4,255038073.8042552,11774.298526965342,0.07371799253483612
11080850,5,1215475160.1708822,33213.55077879764,0.3513294601359276
11080850,6,1041077706.3830123,21674.68439662119,0.3009203976588641
11090690,1,44465009.40319557,878.3518836544249,0.06565256958702499
11090690,2,19992621.64199677,1752.909069383317,0.029519098302134276
11090690,3,92403614.74533544,6676.726633718677,0.1364339022657398
11090690,4,77716648.88491838,6113.377610065074,0.11474860272088024
11090690,5,285759955.4725772,14796.834532010127,0.42192446630856334
11090690,6,156939668.2018943,5509.694404589349,0.23172136081565742
11090700,1,451934647.5631478,16486.54917802082,0.10030508699303396
11090700,2,249583719.6745509,21908.191198541997,0.05539410808396321
11090700,3,859904775.4035935,61824.9707908761,0.19085242472039252
11090700,4,551573191.9670492,37950.27514748991,0.12241946330425967
11090700,5,1328546399.51402,72759.48159874452,0.2948655583192827
11090700,6,1064057740.5029579,33586.609443982445,0.23616335857906792
11090710,1,810267364.883272,15605.674134908038,0.15571029158029906
11090710,2,120619041.03090322,11147.602463078996,0.023179541547700983
11090710,3,624905712.5369219,35223.03200549208,0.1200890655682972
11090710,4,412955218.5299184,20997.79359492284,0.07935822208039074
11090710,5,1678002608.74946,51683.43279127675,0.32246427143035866
11090710,6,1556935415.4610868,32785.84550098974,0.29919860779295326
11090720,1,119854700.61904423,2627.5684345688173,0.03778179726196128
11090720,2,97260059.98712495,9138.042985034655,0.030659288698234543
11090720,3,592174672.3218868,34656.34764146709,0.18667122188596807
11090720,4,460393856.6806015,25705.235962238858,0.14512995538695672
11090720,5,1273546525.4293625,58390.87471963847,0.4014600710604244
11090720,6,629057087.7799664,19587.443567077295,0.19829766570645493
11090730,1,70386649.50013395,4635.764933804629,0.04885870536850706
11090730,2,127885437.24086489,13148.489024013783,0.08877133580654706
11090730,3,279264653.97348285,20694.165098381913,0.1938508161025978
11090730,4,170012618.1399565,12856.48025260815,0.11801380627746497
11090730,5,530253658.90109456,28070.878511105624,0.3680741656949038
11090730,6,262813326.2359146,11596.346662758264,0.18243117074997925
11090740,1,291348265.61297023,4743.212557197825,0.1064663723351448
11090740,2,99235054.83545169,5936.415741420254,0.03626311718239167
11090740,3,523587822.95210826,19982.680222469393,0.19133285722942503
11090740,4,438021007.1166657,15299.614425830554,0.16006447656787415
11090740,5,919691768.3918103,28600.928849380773,0.33607972932724817
11090740,6,464644613.27237487,11191.36560153845,0.16979344735791613
11090750,1,99353111.21454749,3330.2987186275286,0.08238094727657894
11090750,2,66326520.80643619,1925.1093845352937,0.05499618025845857
11090750,3,278431979.77024317,13081.044104840797,0.2308683640116077
11090750,4,144286938.7306711,9779.613954769973,0.11963887740366953
11090750,5,414523015.16536814,16494.253779594874,0.3437114171847553
11090750,6,203098934.18617696,5851.370600640116,0.16840421386492987
11100510,1,13832498.225987893,402.4467730433327,0.012145504102684947
11100510,2,71074551.79982972,7418.702392845748,0.0624063886637278
11100510,3,328815515.4057854,26967.676177455367,0.2887135878235194
11100510,4,215816530.97894976,18398.864689640865,0.18949581771913554
11100510,5,414140074.90928215,29959.995407486105,0.36363207113570467
11100510,6,95219478.6695062,3602.929245759931,0.0836066305552275
11100520,1,74563076.00337483,1824.6780945390522,0.05090108650175129
11100520,2,24341739.45379198,2058.0648115462786,0.01661708518415305
11100520,3,323016744.07285863,12151.78712621991,0.22050999117609435
11100520,4,131955112.75397588,7686.664349796846,0.09008022426991165
11100520,5,535723341.935426,19681.587784331925,0.3657158694422448
11100520,6,375262155.29063654,10013.407536451294,0.2561757434258448
11100530,1,240276416.18790713,5767.020000104623,0.10993182438324166
11100530,2,42624614.19591075,3744.1417082943244,0.019501712554775993
11100530,3,276817763.0155933,14015.62477928812,0.12665030631301538
11100530,4,204618778.92775348,11469.077535548433,0.09361765930871767
11100530,5,847272028.3443756,38651.94887431285,0.3876458676324913
11100530,6,574076096.2223941,18327.200601580058,0.262652629807758
11100540,1,1186280.7258915103,40.148585586828546,0.0020010093701425466
11100540,2,32882967.554531567,2631.4623922545948,0.05546674135269444
11100540,3,213634922.528225,13879.457633668793,0.36035777403986113
11100540,4,112354327.37905456,8617.399140859574,0.1895184309705393
11100540,5,206973374.29424,16092.581850485378,0.3491211247839753
11100540,6,25809292.37827119,1368.5082005552595,0.04353491948278721
11100550,1,480883265.4488865,10964.671251795997,0.10806622256891481
11100550,2,78891866.29954952,6426.827373266209,0.017728930480552095
11100550,3,692932097.7202327,43238.108564300324,0.1557187776694197
11100550,4,455869443.70143306,30190.751749557465,0.10244500548260972
11100550,5,1579057540.8745122,62324.989480587006,0.35485282171751115
11100550,6,1162260063.9035482,33519.26498129766,0.26118824208099256
11100560,1,55164196.042969555,1707.7831261285978,0.04150833496176678
11100560,2,108730864.42119354,9090.573214229385,0.08181460919981166
11100560,3,343234116.4687634,24271.71745647654,0.25826673274806533
11100560,4,257782485.22768083,20244.49573951723,0.19396859759856788
11100560,5,448442308.0355744,26625.09487867418,0.33743070448210954
11100560,6,115636848.00409445,3038.042652761967,0.08701102100967881
11100570,1,20424855.88739493,348.2376657532161,0.03209290376357847
11100570,2,14364041.06377274,1008.4371645469596,0.022569744925360333
11100570,3,192742393.8288088,6305.547293137183,0.3028497792303712
11100570,4,101208048.26370879,4022.3317608306943,0.15902487493345452
11100570,5,231787796.57693186,6388.563286471897,0.36420053537347846
11100570,6,75901902.95627384,1671.2807574508117,0.11926216177375706
11100590,1,82573559.55483206,2148.8022177692924,0.034215084698134675
11100590,2,126069174.34380177,16275.320868040835,0.05223787736960491
11100590,3,385722193.1102821,32136.343477651793,0.1598274021171983
11100590,4,321668350.01191694,24687.271454267724,0.13328612572476806
11100590,5,1030467219.0781728,61165.39759020061,0.4269832058771624
11100590,6,466866598.6588734,22480.220710334477,0.1934503042131316
11100600,1,85171369.96578653,1846.4314383806764,0.049381763509284214
11100600,2,70698101.15897772,6350.507450996944,0.040990263669476126
11100600,3,264737067.42044783,17751.20031669909,0.15349269667435786
11100600,4,171114815.34861776,11611.360227420046,0.09921117093542862
11100600,5,742277677.5001892,32095.06236025813,0.43036739626542864
11100600,6,390754479.074953,10634.193227106438,0.22655670894602456
11100610,1,64399158.89817451,1538.5702409860191,0.06801842568520759
11100610,2,40794894.46131881,848.6909939193162,0.0430875891040831
11100610,3,175745225.27842197,7451.408369028932,0.18562219988045933
11100610,4,92735713.7362638,4598.237544581654,0.09794750989074712
11100610,5,367376040.3884896,14153.538382991395,0.38802276814206393
11100610,6,205738873.78731227,6494.306838195026,0.21730150729743902
11100620,1,478232476.34050673,9165.992360932494,0.1577496003483619
11100620,2,61658343.6142449,5714.497161916609,0.020338600041799913
11100620,3,327640603.35960984,21484.926414401045,0.10807541686289453
11100620,4,173439548.01004717,12235.431863110021,0.057210709721237825
11100620,5,1020094828.5789558,40226.56287468888,0.33648812970030195
11100620,6,970526516.555222,25879.11046543235,0.3201375433254038
11100630,1,190658696.6874202,4652.089831311517,0.039450946277375644
11100630,2,184027732.23288646,16160.626121581527,0.038078872372496915
11100630,3,1107182568.583937,73595.37346224605,0.22909733881199698
11100630,4,649955425.8663341,49300.286321828484,0.13448826113911747
11100630,5,1817754219.5768602,110093.33969776344,0.3761282611701144
11100630,6,883225501.8991271,39756.503565916435,0.18275632022889857
11100640,1,120124631.6376329,6624.3328311154955,0.041038291694970114
11100640,2,143354516.5713442,14553.150588425455,0.048974339289488425
11100640,3,630665041.5471344,36030.12225189543,0.21545469554408656
11100640,4,479676318.0327346,22871.095408776575,0.16387227490510467
11100640,5,1084729087.127731,48329.51695243834,0.37057702555002536
11100640,6,468585689.62442327,18219.912632606272,0.1600833730163249
11100650,1,50917352.34939358,1129.4677329169554,0.04312949613145413
11100650,2,90827299.64979228,7360.811072343172,0.07693518001477147
11100650,3,335791309.6607246,16693.615007463963,0.2844317177297343
11100650,4,132738561.27921715,7042.515597438619,0.11243607534622659
11100650,5,404223464.3497597,19248.276859266745,0.342397110955114
11100650,6,166071157.18251768,6962.078372761944,0.14067041982269946
11110510,1,211636050.4348726,4738.800609752592,0.06515668821489959
11110510,2,92772396.83624658,8310.141641511,0.0285619681674622
11110510,3,653726124.463111,41645.52593824282,0.20126358048193374
11110510,4,410573702.45461744,25857.669464343242,0.12640390266735213
11110510,5,1185567399.340964,59045.81419782863,0.36500230106297604
11110510,6,693833710.6803746,21291.089239707377,0.21361155940537638
11110520,1,5530440.153467011,105.10000490556781,0.015505718645028563
11110520,2,2559936.684596269,385.41560472224336,0.007177305400466756
11110520,3,71576251.76269011,5741.021456351019,0.20067864233233726
11110520,4,23872991.80602111,1712.6188640650241,0.06693280894237304
11110520,5,172231019.07779026,7848.6069554740425,0.48288484273581656
11110520,6,80900359.13697785,2535.921912328305,0.22682068194397775
11110530,1,5309662.408779401,101.4376347973916,0.009816105805339682
11110530,2,50051385.40546429,5456.335945849509,0.09253124907367047
11110530,3,158588739.26175496,11180.022544316625,0.29318697202948496
11110530,4,70952535.96419063,4659.520829543148,0.13117172930430662
11110530,5,187303649.61741704,8552.99986084416,0.3462729455889263
11110530,6,68707350.2092984,1675.5142534946885,0.12702099819827195
11110560,1,432100705.01763827,9453.46138143201,0.08271114802457419
11110560,2,93030150.9551118,9030.80189713123,0.01780749370932556
11110560,3,959909279.3066337,63537.28524685374,0.18374234887594643
11110560,4,587847303.9342207,42849.804720705244,0.11252359648329076
11110560,5,2011190703.0704203,102425.13904779922,0.3849748218774942
11110560,6,1140135465.4059258,35249.02631326266,0.21824059102936877
11110580,1,24548475.97044838,794.1686883859068,0.01835263077992414
11110580,2,29184041.27026929,3194.957142110396,0.021818215303633683
11110580,3,342149321.6568103,15612.245517048776,0.2557934830466891
11110580,4,187739198.77059343,9567.343886786903,0.14035527916695176
11110580,5,564640677.4022865,20437.093492009644,0.42212974394683556
11110580,6,189338123.6024131,6812.038361623359,0.14155064775596574
11110590,1,236550.15833333333,8.87037037037037,0.01011238902864451
11110590,2,141345.72569329472,13.250536009933775,0.006042451951067897
11110590,3,1169368.5724797645,43.650863379936226,0.04998986264098279
11110590,4,1469237.844846701,52.473435123865585,0.06280910893224055
11110590,5,14020917.529721608,519.9653973509934,0.5993865047398987
11110590,6,6354694.303703704,248.8138888888889,0.2716596827071655
11110600,1,97916407.40832375,1884.4640540322475,0.028984660147897984
11110600,2,209830762.1643523,18251.48019494437,0.062112913360331784
11110600,3,791179620.9221879,63543.29696708355,0.23420050873336015
11110600,4,571049690.8219292,52330.615082094206,0.16903889403349168
11110600,5,1255616669.4172585,91586.67550950994,0.3716805324293489
11110600,6,452621632.8339665,20474.03774311717,0.1339824912955696
11110610,1,644795.3395494834,175.23963925839232,0.0007850353569991267
11110610,2,30721378.817557402,3032.5291418560173,0.03740313725653991
11110610,3,234523973.27043557,19853.53406942657,0.285531857612133
11110610,4,210260229.22598046,19994.03613033884,0.25599086095824436
11110610,5,323085821.4527086,29468.76415353149,0.3933554999989553
11110610,6,22122144.292862076,2765.473753996346,0.026933608817128255
11110640,1,352228738.285517,8486.84936191178,0.08063769881127542
11110640,2,78067035.27325414,9183.254311402063,0.017872323843010872
11110640,3,373004148.70251596,25421.832659442247,0.08539392993551893
11110640,4,390579054.16501236,23786.124990660537,0.0894174515261185
11110640,5,1827659633.711686,76413.4259533746,0.41841636145345956
11110640,6,1346501940.099858,42894.38608482696,0.3082622344306167
11110650,1,371734075.99015516,8731.709308416754,0.06987902736860452
11110650,2,135597453.9832873,14569.262882262336,0.025489775648822058
11110650,3,799743709.9120495,45478.642139682815,0.15033680311377606
11110650,4,591619792.8101565,28427.790445445855,0.11121341400696323
11110650,5,2102085242.7449505,76230.84754845087,0.3951525611894786
11110650,6,1318899891.6758804,34231.608206206,0.24792841867235546
11110660,1,1533024548.6436775,29253.36005396833,0.1822338250744919
11110660,2,181236400.83058918,12181.228649903243,0.021543948918047416
11110660,3,946306770.4161015,61241.859814435615,0.11248945923233074
11110660,4,644497225.5348232,40262.13370592362,0.07661272923712793
11110660,5,2680646412.2863097,101227.09162647651,0.3186540292621832
11110660,6,2426692585.5027823,59289.19634403633,0.2884660082758188
11110690,1,153109126.2240808,1714.4429500065548,0.0950723918209466
11110690,2,32979397.803637054,927.8283637290639,0.020478401956376076
11110690,3,180047464.98442543,10198.737006067277,0.11179962657689854
11110690,4,142489571.2127953,7678.75704876417,0.08847822908293053
11110690,5,666054353.5660726,21187.042589912504,0.41358331823803157
11110690,6,435767906.9857814,8477.695414890753,0.2705880323248167
11110720,1,4025262.6365023484,102.13901306636049,0.003143584759875444
11110720,2,21766481.693404514,2487.024628465799,0.016998836177047637
11110720,3,236184613.4663094,23092.819511412876,0.18445165408011996
11110720,4,240236028.47769472,27916.469816556597,0.18761566290037127
11110720,5,577371927.138803,55102.82978896184,0.4509066251911877
11110720,6,200884623.79572272,15651.799279826313,0.15688363689139803
11110730,1,42492200.90341696,1391.867588146922,0.030082871227084546
11110730,2,99725776.30986053,10508.170650037955,0.07060207809827351
11110730,3,368487763.8991717,33733.23979761097,0.2608754010019687
11110730,4,214164957.90153232,21740.331242440774,0.15162069068979897
11110730,5,522525556.30258787,44860.57267447012,0.3699283324683574
11110730,6,165108574.51363346,10064.535076144668,0.11689062651451688
11110740,1,6266273.814121196,185.61482165800504,0.015887296427851784
11110740,2,11013071.2672697,1371.7580967970698,0.02792216443045892
11110740,3,137220307.95066312,8970.59052746796,0.3479036781668359
11110740,4,68277878.83469148,5730.86773978798,0.17310940005002318
11110740,5,147739203.10833463,10539.622346135626,0.3745729253814757
11110740,6,23903665.15894677,1261.9829631299579,0.06060453554335459
11110760,1,86330947.19822666,1745.32412600543,0.05954139957250969
11110760,2,27192070.16617311,2551.1273214410317,0.018754038586537024
11110760,3,169786536.11488238,10760.88907479035,0.11709969966663607
11110760,4,139987949.42030555,6041.342779446767,0.09654797847442013
11110760,5,614087978.9621071,21740.5514609769,0.4235289767422915
11110760,6,412545957.7426529,10190.426227176951,0.28452790695760555
11110770,1,1107696557.7386518,16888.044380829255,0.2044202839237813
11110770,2,141801021.5437078,7690.908850266269,0.02616872362935168
11110770,3,952591512.4720469,48977.31948370964,0.17579636415992558
11110770,4,510362967.560743,26684.237664051663,0.09418512859328193
11110770,5,1539918794.7310383,55192.53220410011,0.2841849015773119
11110770,6,1166350500.1989694,27617.79175972835,0.21524459811634755
11110780,1,133369495.82628947,3528.7692374485127,0.06644433798571682
11110780,2,61839745.686315194,5598.106220978118,0.030808401410499772
11110780,3,365387184.85951865,28674.88865131249,0.18203495076622944
11110780,4,243744789.52740228,20660.74984366815,0.12143302392557831
11110780,5,732150359.5516682,41471.188184165396,0.36475541610937023
11110780,6,470744855.3634107,18148.08767654605,0.23452386980260542
11110790,1,667056794.3487902,14797.6908917058,0.11538564449016468
11110790,2,126764692.0868919,9732.091423072035,0.02192740680997432
11110790,3,951376557.2201754,61258.3463721382,0.16456649289488356
11110790,4,525855555.77772355,36919.064087343344,0.09096104368651413
11110790,5,2039881941.873946,86484.47812233996,0.35285315214689533
11110790,6,1470171781.8452177,41075.6102801661,0.2543062599715681
11120510,1,453266268.0739652,6945.901397130031,0.11457402868304183
11120510,2,57445468.01586337,4577.094100579903,0.01452073353732615
11120510,3,610502827.5244645,28014.1803517407,0.15431937781095123
11120510,4,350641870.87515086,23966.943659822708,0.08863322642965615
11120510,5,1455372093.9628904,63895.772955342705,0.36788055009421633
11120510,6,1028871063.0867159,29367.80353781353,0.2600720834448083
11120520,1,456595428.38127273,11523.57311551925,0.11144492962288363
11120520,2,158356835.18090636,15186.990716209059,0.03865143024888535
11120520,3,635238520.542511,41595.04065747993,0.1550477902649725
11120520,4,430070011.5305047,26307.417171576126,0.10497065714794541
11120520,5,1419480212.5496168,60534.35619660678,0.34646398661830374
11120520,6,997308807.5971835,29324.621869837814,0.24342120609700943
11120550,1,1394759143.3697062,23783.561714972693,0.22428508470415923
11120550,2,197962171.19926754,17584.91261516804,0.03183342625621919
11120550,3,525537553.71055675,38608.55693509017,0.0845093830784411
11120550,4,414012483.68075883,31172.11115131775,0.06657552697348043
11120550,5,1830807800.9188502,80650.4633175031,0.2944041518982728
11120550,6,1855609643.1656256,42693.572288399504,0.2983924270894272
11120560,1,650551954.0039245,11556.60083929668,0.15015264800215908
11120560,2,120083546.93650529,13144.836965811797,0.02771625301105322
11120560,3,586292330.7457129,45671.59092470496,0.13532100768126412
11120560,4,454210494.2788373,39841.049920166195,0.10483545249012584
11120560,5,1400734764.7770388,76237.18604917088,0.32330090284946716
11120560,6,1120730847.049142,31436.75693356583,0.2586737359659306
11120570,1,48366400.56435826,1255.1286230895773,0.04637462765696646
11120570,2,29980240.930874277,2988.1832164524617,0.028745627005785177
11120570,3,277700668.932277,21041.32577976014,0.26626469969971256
11120570,4,197029520.5431973,18318.28840511667,0.18891566347723387
11120570,5,408131893.39176685,31819.13362552242,0.3913246462446786
11120570,6,81740901.50029242,4568.2454261089715,0.0783747359156233
11120580,1,453452477.53578645,8591.140788138975,0.11174971943946438
11120580,2,88595603.08695915,7283.1434414196465,0.02183367448412823
11120580,3,825657790.8441013,52948.562896901734,0.20347672810444525
11120580,4,485383959.6768821,35777.27104897915,0.1196189766325119
11120580,5,1366481627.7458408,70704.04599065143,0.3367584170002223
11120580,6,838179019.6825475,25510.858989459022,0.2065624843392279
11120590,1,277517265.8937013,3500.388231111978,0.08106365178048389
11120590,2,69788235.57208993,6724.6587076491105,0.02038535947870434
11120590,3,676214811.4867812,41866.82244837776,0.19752443809448086
11120590,4,425719185.7221207,27826.86809470964,0.12435389097868886
11120590,5,1231280662.1354377,57578.68003822288,0.359660889991696
11120590,6,742928694.4820472,20112.902433577943,0.21701176967594601
11120600,1,88632034.7505762,1096.9335647439952,0.15724291062308002
11120600,2,5203461.234243955,253.54199596035522,0.009231508585913005
11120600,3,59135703.16901639,3347.060954248516,0.10491319661346468
11120600,4,56805363.6154048,3474.3246422711436,0.10077891971029797
11120600,5,193936509.3865954,8312.417405254077,0.34406455067681146
11120600,6,159950080.6016959,3520.4058778421445,0.28376891379043295
11120650,1,128220412.39081848,3258.2635854607443,0.06792244928748582
11120650,2,96941394.89429677,4334.200004529769,0.051352954305717916
11120650,3,336884466.0280167,17313.221917826886,0.1784584656441818
11120650,4,202673425.48963317,11207.51204122705,0.10736258921692875
11120650,5,693982583.8172023,28476.821789235193,0.36762474848425664
11120650,6,429044901.6448096,12518.163915654044,0.227278793061429
11120660,1,38099730.98734416,971.0482502003458,0.03615289169308026
11120660,2,9168029.931362031,834.6182836687842,0.00869955730809621
11120660,3,249529846.47764054,13864.84062221683,0.23677924437035325
11120660,4,147003879.14413896,9829.398016702911,0.13949220069102605
11120660,5,425152746.5112498,20791.63638319448,0.40342807676890263
11120660,6,184895935.0286378,6358.173070689867,0.1754480291685416
11120670,1,35691304.58142667,785.9942200728646,0.06491814501382577
11120670,2,27300757.51024901,2066.093756359265,0.04965675970163135
11120670,3,111932473.9144217,6670.182557684393,0.20359156546813567
11120670,4,75301819.58115974,6793.152115199581,0.13696485742688616
11120670,5,197521688.12345237,9914.275865451635,0.35926794336474743
11120670,6,102041303.68708518,3040.567798414994,0.18560072902477354
11120680,1,6192643.152105123,77.50877832331074,0.015794277303569443
11120680,2,7960104.537287996,809.1004303258954,0.020302170711158998
11120680,3,126889687.35946597,7684.887201505473,0.3236309375322802
11120680,4,47234363.06612763,2895.427422159192,0.12047079255168976
11120680,5,158993544.91669622,7573.754596416129,0.4055115200749413
11120680,6,44811107.29878645,751.7528841072096,0.11429030182636032
11120710,1,143452117.66062522,3223.4932147817904,0.0696300192278693
11120710,2,61830995.23622313,5772.655422084449,0.030012058778817383
11120710,3,465573379.6973919,21071.96967559859,0.22598400015959863
11120710,4,348969178.9882968,14941.071773260092,0.169385653130434
11120710,5,707835147.8658475,24320.030425274617,0.3435750950199382
11120710,6,332544236.52277285,9037.933583549135,0.16141317368334254
11120720,1,72339102.14639074,1819.6332255993857,0.025304902092275053
11120720,2,194381509.47964606,18083.545035140993,0.0679964904178244
11120720,3,693113494.8859941,44405.04854528364,0.24245765577005796
11120720,4,543980892.1896553,36090.47626827294,0.19028966089558336
11120720,5,1054447840.8253781,57904.989509750754,0.36885582737120437
11120720,6,300436312.2263832,10891.896085820521,0.1050954634530548
11120730,1,816173352.4198463,15185.559565748552,0.181379604259944
11120730,2,106576958.92828357,6236.972626600942,0.023684780416227572
11120730,3,506305765.04705167,29023.143845661216,0.11251719873785158
11120730,4,381607560.8085452,25257.846140927337,0.08480530288919706
11120730,5,1406174138.4605951,56579.63877250298,0.312496491092679
11120730,6,1282969993.51654,34277.61569724945,0.28511662260410064
11120740,1,224540743.3837744,5247.869382581572,0.058582059184065186
11120740,2,214372921.31205273,17647.119692414977,0.05592930251548774
11120740,3,626520545.996612,45130.754077559155,0.16345747837342625
11120740,4,429486671.0990081,33103.26400393421,0.1120518851319851
11120740,5,1455478428.2841892,80032.4798931912,0.3797302981274262
11120740,6,882527468.381673,31628.426247788495,0.2302489766676096
11130520,1,51225413.69813091,690.1340680571581,0.03832331261185964
11130520,2,27334277.99043507,2137.7233776098315,0.02044961679802187
11130520,3,240176368.01242283,11428.575030226762,0.1796833518526951
11130520,4,133189896.39212787,6838.094591694465,0.09964347123199425
11130520,5,525656284.59136,15676.447958318036,0.39325968628572305
11130520,6,359082316.91638577,6043.2911436710865,0.26864056121970603
11130620,1,70883191.16075031,1546.1796033388518,0.04810602573408685
11130620,2,25591323.424528632,2765.5667919676903,0.017367966129484887
11130620,3,241559624.41613352,14618.629150155788,0.163938351507422
11130620,4,188249264.80602893,12981.98623108968,0.1277584125218707
11130620,5,667182098.7527239,32554.776757823343,0.4527939372697519
11130620,6,280012925.12304443,7621.8782674375925,0.1900353068373837
11130640,1,108268802.6173996,3250.8159989501582,0.03875203864752829
11130640,2,203263298.22080094,26069.7603149117,0.07275287984953364
11130640,3,671425049.4854325,58495.13509083167,0.2403193610492245
11130640,4,406341669.9001268,35560.358479384595,0.14543956999059215
11130640,5,993219589.3055631,63893.39769274267,0.3554974561440827
11130640,6,411368219.3049841,15534.180217297164,0.1472386943190387
11130650,1,76168002.39054382,1616.4195474613684,0.12150865026175932
11130650,2,14207543.177396152,1538.0558542586461,0.022664889991067916
11130650,3,136199639.05032822,9199.527517672876,0.21727541471139836
11130650,4,66937789.16851079,4650.913246294585,0.10678395334130132
11130650,5,217691695.72438973,11191.429126666442,0.34727737751394827
11130650,6,115647840.38388263,4212.700882853715,0.18448971418052482
11130660,1,60241630.813297495,959.4055128221393,0.05054940015280407
11130660,2,23217386.901185293,1972.5907718414799,0.019481958989586746
11130660,3,279249730.49303806,18672.78707116201,0.23432145143951488
11130660,4,143854168.05973235,10285.096728688504,0.12070957918514719
11130660,5,451450318.4261625,18472.402374179022,0.37881681633023767
11130660,6,233724563.00932887,4642.698588456942,0.1961207939027095
11130680,1,189124229.75094187,6223.102521461859,0.09395306799366843
11130680,2,100445247.61089575,10346.510021766535,0.04989915459724616
11130680,3,532453100.1360529,40103.24017120283,0.26451186284486633
11130680,4,273712635.0798754,22940.037163511046,0.1359748660880276
11130680,5,615974435.1706672,36412.00363440539,0.3060035621356601
11130680,6,301255269.62592137,11013.410524407354,0.14965748634053141
11130690,1,90805487.0345824,1131.5225367917585,0.11127300295467735
11130690,2,44098441.72715411,4370.317848620655,0.054038210650569116
11130690,3,150553033.27313757,13379.348353581776,0.18448761923227666
11130690,4,84627318.04482424,7465.786411103788,0.10370227745446566
11130690,5,265439299.97975647,11961.20598302836,0.3252691987620345
11130690,6,180536781.6040875,3565.0461082818074,0.22122969094597678
11130700,1,217569387.43740582,4365.910839082766,0.07167109474015422
11130700,2,56504198.88946942,5646.464111485327,0.01861345403194084
11130700,3,579571387.5885509,34549.906372642305,0.1909207739093911
11130700,4,353401194.11566174,24382.18344926707,0.11641642587257003
11130700,5,1207870509.3858922,57100.20881545412,0.3978933007610752
11130700,6,620747675.5025668,20020.086379472712,0.2044849506848685
11130710,1,2408382.830034722,63.520173611111105,0.024491616784597346
11130710,2,368785.8445405629,15.85247930463576,0.003750301433572892
11130710,3,17475461.423487168,634.808056705298,0.17771356736997299
11130710,4,10355598.119657608,367.86550680647537,0.10530939581490639
11130710,5,44367280.59451113,995.4560269499632,0.4511850942234972
11130710,6,23359478.67415402,485.8824151490066,0.23755002437345318
11130720,1,222303149.0750635,6392.935137455134,0.08538758283745086
11130720,2,39401057.7001064,3041.575977910232,0.015134113449355576
11130720,3,360224271.0763666,20480.48341737338,0.1383636710256747
11130720,4,212896866.23282376,13512.912354492963,0.08177458968496505
11130720,5,1022641657.0287416,43081.673266329504,0.39280099974240434
11130720,6,745992912.938496,23253.59322111131,0.28653904326014956
11130730,1,162736997.79473546,2682.308795847364,0.04125536049539018
11130730,2,154774601.36523923,13776.654046296162,0.03923681806461233
11130730,3,1360818585.7098174,63082.55378962059,0.34498031844668636
11130730,4,232308648.9323653,10734.027219927784,0.05889242881320876
11130730,5,1122543111.7219656,30470.734142095615,0.28457524332678147
11130730,6,911444785.1747762,15572.025922919736,0.23105983085332102
11130740,1,53116463.10452171,1220.915707014962,0.05944906497077994
11130740,2,10359005.022065805,166.0043912174958,0.011594016743501903
11130740,3,109769765.00062083,4230.186087002081,0.12285663445828403
11130740,4,72324181.06247179,3719.7987039495106,0.0809467477245359
11130740,5,372007063.20005417,14648.155976038117,0.41635814542565824
11130740,6,275902051.34119195,9165.81944680472,0.30879539067723993
11130750,1,1878323512.013419,40312.828251612904,0.09939748852462246
11130750,2,325042725.7268001,32182.337061750677,0.01720067410848169
11130750,3,3678851576.353786,222904.53147847927,0.1946781824353814
11130750,4,1946421748.4920254,132939.87817700006,0.10300112423254887
11130750,5,6698741105.971423,317165.9200840219,0.35448528326011525
11130750,6,4369711601.013585,133703.8822143145,0.2312372474388504
11130760,1,300022327.0783779,5204.149186507821,0.03886905975609162
11130760,2,408374172.94881594,35217.12215575691,0.05290646294815692
11130760,3,2142903275.8472161,106143.52016990553,0.27762145668135735
11130760,4,1055345412.7709568,55111.14834923571,0.13672410420840225
11130760,5,2851539516.715245,120800.82767155173,0.3694280387442847
11130760,6,960610885.8128533,27248.37707242456,0.12445087766170715
11140590,1,367392530.3721071,3905.3837510417297,0.0488042056196188
11140590,2,113673508.97864209,9754.890244804772,0.015100321446596355
11140590,3,1781440811.5637693,92438.05941544134,0.23664553979549147
11140590,4,635346393.7304044,32906.739897633845,0.08439903774825377
11140590,5,2763456115.444008,73188.10291785368,0.3670958697563159
11140590,6,1866577339.5855541,20884.02804334131,0.24795502563372362
11140600,1,138869737.35468495,4185.087676544393,0.04695839149731181
11140600,2,103255178.10255457,11063.95670258459,0.034915433483397734
11140600,3,737791906.3381628,56326.75178734165,0.2494821538611245
11140600,4,364216950.62133783,33629.67863439544,0.1231588860397371
11140600,5,1000184730.6881465,69606.30141852736,0.3382095123671872
11140600,6,612974813.9508034,28757.874639378544,0.2072756227512417
11140610,1,98680910.5734257,1692.8537086224237,0.040545066815705334
11140610,2,23675362.576366466,2570.0873765647425,0.009727506079613838
11140610,3,527178981.61475986,29569.96944025098,0.2166022476809409
11140610,4,238005375.90590146,17434.244226761126,0.09778936789827844
11140610,5,972776005.1790138,42409.67208658906,0.3996848822888688
11140610,6,573540756.0244349,15112.962137207396,0.23565092923659267
11140630,1,84006056.90464868,2762.279587069696,0.056899685223135016
11140630,2,30863283.33561177,2735.836569781222,0.02090457725854241
11140630,3,346491692.363327,22188.610318568284,0.23468865167999156
11140630,4,157050176.24296823,15290.931655831697,0.10637453919073625
11140630,5,533473081.8313066,25569.259372854776,0.36133645060463915
11140630,6,324504490.300708,10345.308778481416,0.21979609604295564
11140660,1,9895854071.888004,265373.1029496067,0.19672297310122272
11140660,2,690575358.3089175,53866.72239165791,0.013728177138636156
11140660,3,6096482273.575424,354545.651538524,0.12119399797170255
11140660,4,4412095873.919156,264169.0954710475,0.08770952073663894
11140660,5,14789182161.593657,565170.4935620007,0.2939990690474279
11140660,6,14419310232.7092,354735.87351369404,0.2866462620043717
11140680,1,1019281093.5036479,23677.95302500196,0.11866606275256028
11140680,2,153085488.30820906,15175.221059956582,0.017822416483410673
11140680,3,1164151099.6313148,69467.11502321568,0.13553202185616448
11140680,4,642266314.9264987,45079.044242454744,0.07477349998609659
11140680,5,2894031913.0670786,98520.41189637483,0.3369270506366956
11140680,6,2716675221.056299,63091.01792386692,0.31627894828507247
11140690,1,322874718.172115,6595.395507675898,0.05904075755252239
11140690,2,135483001.41018015,16143.0988853285,0.024774374048334293
11140690,3,1068938173.4115527,81868.99721463588,0.19546565891661122
11140690,4,899689584.1952273,84014.92427301548,0.1645169213424888
11140690,5,2133878425.1983993,138069.50668764758,0.3902002592892319
11140690,6,907811154.58291,33319.661524077266,0.1660020288508113
11140700,1,140454449.22923893,2879.715394287656,0.057541813167326435
11140700,2,24309990.44998598,2098.591917057507,0.009959392075145323
11140700,3,486513227.15400475,25776.033030282608,0.19931624362171502
11140700,4,319685070.6300843,21353.998984532565,0.13096956847950428
11140700,5,931884035.8835746,38911.41217504482,0.38177713401523217
11140700,6,538064305.0164222,13624.183942903477,0.22043584864107674
11140710,1,636217522.3511076,10562.519300981916,0.08774994581336686
11140710,2,60555985.13030225,5798.56440660868,0.008352150368669929
11140710,3,1157161956.6237185,61235.90475295136,0.15960091544756885
11140710,4,776634410.1870763,34460.520598935225,0.1071168665063936
11140710,5,2728053984.686981,74844.09398585475,0.37626531952088005
11140710,6,1891722753.2485018,31866.996697986528,0.2609148023431207
11140720,1,228824775.5522458,2849.778568988981,0.1271370342553465
11140720,2,27765581.88389421,1520.5605342712638,0.015426798634775895
11140720,3,384932515.9701441,19773.04318717411,0.2138718517292679
11140720,4,127999468.57596584,5842.313813594524,0.07111761731977803
11140720,5,565050847.682811,17253.114894803643,0.31394716242804616
11140720,6,465254664.52780986,8277.717049804913,0.2584995356327855
11140730,1,131569735.61786696,4281.6513343884535,0.043428420449879206
11140730,2,98783951.62279864,11377.178058825812,0.032606518243948245
11140730,3,723368268.3585329,50555.205227721584,0.23876874990170113
11140730,4,374056008.9482023,28061.492893494567,0.12346807228972122
11140730,5,1200906039.1650794,66912.20380752209,0.39639398942881066
11140730,6,500892809.2345105,16970.676060312235,0.16533424968593946
11140740,1,706050679.597542,12339.557996016878,0.05846385009751698
11140740,2,368235554.2150793,44689.95121100341,0.030491392281469066
11140740,3,4180385106.7818127,261406.32486950658,0.3461527837804736
11140740,4,852460827.3591313,59971.81105400734,0.07058720211577155
11140740,5,3593399146.864407,140889.83820390244,0.2975479737270087
11140740,6,2376173835.7983184,41355.32724580496,0.19675679799776008
11140750,1,747408405.0889223,10060.420665002286,0.08050909862481354
11140750,2,211604223.49361822,28523.74370431116,0.02279351581100823
11140750,3,1871953247.2232058,99171.99341078078,0.20164245889608712
11140750,4,626961180.8066337,31179.699436674935,0.06753480318900812
11140750,5,2960131668.701798,83104.26898306895,0.3188585127425658
11140750,6,2865468451.8062115,46421.21839215006,0.3086616107365171
11140760,1,437800981.81624526,7886.036193226826,0.10283950403538186
11140760,2,27538397.29812556,2703.209061635635,0.006468772884701297
11140760,3,758905009.2927243,41172.81839663928,0.17826687926065002
11140760,4,400587647.0626546,22091.332934168906,0.09409808716215937
11140760,5,1462360305.7141423,48914.364923463196,0.34350861420359524
11140760,6,1169936141.9097261,22512.82801467886,0.27481814245351216
11140770,1,245729819.60860994,4096.619606251811,0.04644482040225351
11140770,2,171529374.16493586,20262.9726550364,0.03242036717192239
11140770,3,1339535091.4900446,73732.46274410468,0.253182405154834
11140770,4,396018537.6271814,20967.712029116366,0.07485054066841897
11140770,5,1747086573.2288337,54381.32405774693,0.33021276070622485
11140770,6,1390891212.6150358,24127.644213513962,0.26288910589634634
11140780,1,29752364.546792254,372.604600248528,0.022075331217921206
11140780,2,28801634.568874653,2079.5231174729715,0.021369919077372505
11140780,3,500011189.0540567,25440.589571616496,0.37099278592379875
11140780,4,137449706.62039226,8277.861421374302,0.10198341697108551
11140780,5,472814195.3615971,19305.59913781245,0.3508134605814878
11140780,6,178936171.12956172,3215.2692533363183,0.13276508622833413
11150510,1,947547861.2006308,12496.641392065245,0.12813794453030372
11150510,2,56979077.380554326,5014.682929289768,0.007705343609267484
11150510,3,1079949298.9631634,51305.04646135277,0.14604273729322634
11150510,4,525117447.7003813,28096.717859430915,0.07101221282908778
11150510,5,2643296141.6707716,81628.17464589523,0.35745585869340957
11150510,6,2141858580.1540563,42760.97020067468,0.28964590304470506
11150520,1,256159857.23808128,10326.671010467679,0.09541280478394434
11150520,2,72114177.47137314,5894.468198872575,0.026860633088329013
11150520,3,278337896.69809043,18147.889079248325,0.10367354076460872
11150520,4,182995242.3286885,11920.836274115303,0.06816091139709649
11150520,5,1089640713.8105571,47696.683928090955,0.4058624869345402
11150520,6,805505566.8573378,29682.34249134077,0.30002962303148134
11150530,1,297295588.532446,4040.938935126645,0.14367112257967585
11150530,2,58273169.989531435,5015.778887319238,0.028161103196990573
11150530,3,309041460.3720806,25859.9556892059,0.14934743483579643
11150530,4,192270521.14211684,19902.328957900223,0.09291668856516669
11150530,5,721254650.6385076,40780.29284070127,0.34855365945578815
11150530,6,491143272.945242,13610.87293760025,0.23734999136658227
11150540,1,150689973.06788248,3376.7873771634077,0.08398653771722545
11150540,2,85696063.99278165,10629.742184059904,0.04776240624520711
11150540,3,334754766.0097044,25808.91151927329,0.18657441639351735
11150540,4,222823599.06484064,19619.44780498979,0.12418996583612658
11150540,5,664304936.5462602,43461.349684702494,0.37024806941765254
11150540,6,335946462.608507,13203.264893269907,0.187238604390271
11150570,1,210012614.84501684,10486.128144571217,0.07268507514207892
11150570,2,80924982.93803568,6254.785483278684,0.02800802451825739
11150570,3,597220413.4302641,43561.30059003774,0.2066971579711855
11150570,4,481244837.9307868,34704.176888037255,0.16655817191053282
11150570,5,1134973468.7813363,66965.10195520238,0.39281274567014346
11150570,6,384973585.5382514,13502.209502179803,0.13323882478780202
11150580,1,28342742.06024238,1484.8164367578213,0.03486543467530309
11150580,2,38213605.638173245,3600.012578256734,0.04700794186581005
11150580,3,198778573.75611365,11752.097025071065,0.24452473100213615
11150580,4,118607779.5138441,7988.800737453223,0.14590373012720845
11150580,5,312462016.43192196,17156.740401222876,0.38437085583551656
11150580,6,116513358.17209797,4687.270956633301,0.1433273064940257
11150590,1,42624288.11863322,2421.1345822311664,0.06719990948585786
11150590,2,43929156.43768053,5005.98515747507,0.06925711763645241
11150590,3,164465835.7237636,14809.508593024473,0.25929088231086395
11150590,4,86321414.57544918,9046.2433716898,0.13609121705485044
11150590,5,209725611.57300204,16933.508540902814,0.3306458063380753
11150590,6,87224549.68644056,5126.161482982754,0.13751506717390005
11150600,1,220766285.1560956,6850.410286158283,0.07258553297194846
11150600,2,76678360.38225514,6063.790054113584,0.025211003808057922
11150600,3,712990279.2570395,44560.56944532003,0.23442338302290194
11150600,4,397700246.7448084,29246.49896500136,0.13075947875209457
11150600,5,998087872.843461,52651.46868747564,0.3281603445560384
11150600,6,635240951.4984583,29087.531960269564,0.20886025688895882
11150610,1,69391538.4535259,1203.1624219390949,0.07610903045207522
11150610,2,13128965.348737987,1146.7584927914393,0.014399923186608167
11150610,3,182998778.07448348,9146.457356992272,0.20071409113506578
11150610,4,93957280.21495663,4995.0661308049985,0.10305287446341296
11150610,5,367250606.4065707,11530.012000227876,0.4028025348546014
11150610,6,185011399.72880015,3574.0096761775503,0.20292154590823647
11150620,1,5714444.091939665,110.22201326818097,0.007556587417028987
11150620,2,25932795.95278556,2434.4070350388643,0.034292651469214626
11150620,3,202217309.87142214,13609.758904287117,0.26740532494406877
11150620,4,135585676.24971423,10187.740972559766,0.17929390831264327
11150620,5,328535559.0810914,19521.31981143131,0.43444430146766594
11150620,6,58234420.59120113,1976.7027009646242,0.07700722638937849
11150630,1,51789019.80460954,2034.138473339767,0.041387859366905706
11150630,2,74936880.4298091,6800.442544593428,0.05988676905500182
11150630,3,258824707.37969896,21686.679093919567,0.20684308430873316
11150630,4,156971045.10425672,13697.067198270577,0.1254454238362114
11150630,5,495495248.61067605,29171.90702591397,0.3959813826142998
11150630,6,213292555.0382617,6933.010788024109,0.1704554808188482
11150640,1,276127679.4009583,4915.979197463627,0.10948457211941237
11150640,2,174627724.14497986,11664.656142162086,0.06923985925524546
11150640,3,420875632.91560805,26982.884459635236,0.16687710802922243
11150640,4,218636635.67774832,14250.78488339497,0.08668938426867122
11150640,5,819110203.2790599,34491.34360768484,0.3247770390828176
11150640,6,612691435.8613392,15719.991607482822,0.24293203724463094
11150650,1,116613632.37022191,1711.8089404139303,0.05209341872116502
11150650,2,58703381.94378429,4299.917162885419,0.026223862457498835
11150650,3,425806959.366324,24290.534413359717,0.19021567013909665
11150650,4,234255642.05571353,14967.705211334793,0.10464623218888604
11150650,5,878179763.1964025,36577.07234756331,0.3922987834853316
11150650,6,524988891.3280925,13015.340803779509,0.23452203300802196
11150660,1,131256257.01760338,2185.8401342238417,0.06929758111167555
11150660,2,74110295.16434233,8750.990652600953,0.03912700473907664
11150660,3,407235826.21086115,30348.203114846274,0.21500276131325752
11150660,4,258205738.10514542,21337.562089041905,0.1363213723018298
11150660,5,723057379.0146904,42187.56529318825,0.38174277180512683
11150660,6,300230299.9247071,10998.440088663765,0.15850850872903366
11150690,1,12259936.372569446,535.6130208333334,0.026874953531119725
11150690,2,5171023.201984516,627.3059328745993,0.011335377610328509
11150690,3,121459986.61968628,10009.530808205514,0.2662519116818526
11150690,4,42919541.12709826,3811.815778753605,0.09408374059334572
11150690,5,185948644.42401028,12537.507868847953,0.40761721971503434
11150690,6,88425336.01096234,3027.858804230841,0.1938367968683191
11150700,1,67930093.03173573,1545.707072341181,0.0283350588796233
11150700,2,214449016.33097798,21448.82036148023,0.08945115828969588
11150700,3,577947208.4287646,53729.29647832908,0.241073837076777
11150700,4,337286386.8049532,35942.85977574291,0.14068918800021185
11150700,5,842995083.4402258,63279.39569134685,0.3516308348547748
11150700,6,356778902.43486184,13434.876826810774,0.14881992289891724
11150710,1,15201285.532312268,333.15248455284365,0.006465525261682717
11150710,2,116076199.11741816,11983.78627636323,0.04937040331743723
11150710,3,582354609.9654379,52807.93613937644,0.24769144912023736
11150710,4,438097698.74144214,46912.40427140084,0.18633501306695094
11150710,5,916653768.6798713,83989.79597951527,0.3898780853118329
11150710,6,282745683.78073764,18506.229411408538,0.12025952392185874
11150720,1,1172868616.4318502,22278.01012210888,0.15781970790868752
11150720,2,109278811.77756555,10230.01229397947,0.014704417795585154
11150720,3,1137308064.5242105,62816.223245416426,0.15303472531429518
11150720,4,552034509.8483232,31869.213265755174,0.07428106087860362
11150720,5,2356955281.8301578,89094.41907482453,0.31714890220518355
11150720,6,2103254038.656322,47138.76453565199,0.28301118589764507
11160510,1,42764746.56743196,1063.8775504538708,0.013717789977975903
11160510,2,120228667.12234598,12210.54772340492,0.03856614939400442
11160510,3,1012016905.7687364,68359.28756500903,0.3246280285002099
11160510,4,314195721.1937712,22976.690791985693,0.10078560639938915
11160510,5,1204127607.0488563,67858.42177634059,0.3862520170471062
11160510,6,424132550.2863866,17875.333665639482,0.1360504086813144
11160520,1,184919411.23279113,4219.482891280102,0.04066981140463522
11160520,2,102787408.65640822,10160.348015867456,0.022606304535356458
11160520,3,1221320481.7323232,72349.15399179125,0.26860821871286517
11160520,4,420569454.5701396,31624.298816200862,0.09249694386267221
11160520,5,1640517121.5772955,76375.88443712781,0.36080323583029283
11160520,6,976733153.139956,25645.686961028812,0.2148154856541781
11160530,1,49291563.64519886,1474.7263065541135,0.047674569058638906
11160530,2,15697019.47071194,1641.2377130519628,0.015182083574338938
11160530,3,198896175.26046824,14377.324720235318,0.1923714473983408
11160530,4,113844807.11444412,9248.421613740562,0.11011016322817843
11160530,5,433042498.9561379,22673.344829807043,0.4188366729530776
11160530,6,223145275.93992484,8120.824717112985,0.21582506378742536
11160540,1,278441628.4634715,6949.654844563217,0.050399963968486394
11160540,2,157489419.0955444,14843.428738992026,0.028506732601855184
11160540,3,1151489034.7928884,77828.32758968844,0.20842790707669745
11160540,4,563498553.9779618,36092.822273598016,0.10199734491392429
11160540,5,2083161732.3156831,88828.79542748498,0.377067455138138
11160540,6,1290559066.366206,32859.92633980008,0.2336005963008987
11160550,1,343075233.2551251,6717.875608614927,0.09772596474236772
11160550,2,99513596.53829654,9403.34507842502,0.028346733555831498
11160550,3,453954900.78769445,31959.922670592845,0.12931035623901463
11160550,4,346751376.75672406,24570.89327081337,0.09877312476851273
11160550,5,1359718672.9793193,64776.440404108944,0.3873197660884515
11160550,6,907570475.9709718,24807.072918646147,0.258524054605822
11160570,1,27113741.785784278,1276.9172629231052,0.05519813119480851
11160570,2,35151193.35232355,3959.098034394528,0.07156076788091727
11160570,3,175113049.01357144,10824.749358781062,0.3564949880300875
11160570,4,48197138.83855262,3932.236730122599,0.09811969199395675
11160570,5,139704608.75083524,8968.899421227095,0.2844105171198133
11160570,6,65927872.55431846,2608.558691373707,0.13421590378041667
11160580,1,455825087.7725698,8664.28616104958,0.1354563789672426
11160580,2,61036787.56819672,5800.773358134802,0.018138146516204698
11160580,3,296096239.99638534,19508.66932183627,0.08799016458641613
11160580,4,214836530.66789705,12617.265655739522,0.06384242397969547
11160580,5,1243738991.3552122,46938.38993072648,0.36959874449342645
11160580,6,1093572467.2610788,27354.87430135296,0.32497414145701464
11160590,1,335258962.68665534,10152.866985504786,0.13895058525441945
11160590,2,99789153.97753465,8741.91730648501,0.04135836141741343
11160590,3,360075180.7757602,28956.99777554389,0.1492358524987295
11160590,4,258085582.59719652,25549.669540788298,0.10696550052004228
11160590,5,729412939.4550598,44966.852927354346,0.30231064970559607
11160590,6,630170915.945316,27351.06119708662,0.26117905060379926
11160610,1,1424073878.317276,21857.826754640864,0.2871535915338135
11160610,2,120775842.95069875,3204.5936838972257,0.02435352378964862
11160610,3,422022885.65048856,17871.999636063407,0.08509768290055118
11160610,4,207291757.60164687,9009.939639829856,0.04179879541151714
11160610,5,1240522248.837239,32122.9166090547,0.2501418111482642
11160610,6,1544589259.567213,28916.251491590134,0.31145459521620533
11160630,1,166009108.59605366,3242.6878088631133,0.08004174989894264
11160630,2,120904797.32991344,9955.004630634243,0.05829458173292865
11160630,3,350839429.4347884,30539.445779343496,0.16915819922771771
11160630,4,267445234.45331323,23724.871190832117,0.1289494579473036
11160630,5,772548368.8923142,55283.83581767161,0.3724863283145456
11160630,6,396284536.18827903,14361.844663328737,0.19106968287856188
11160650,1,24872103.07097479,466.7680010022582,0.055174284929710264
11160650,2,5745072.010333838,677.3671754395981,0.012744408429610107
11160650,3,55282322.89693851,5746.764007478876,0.12263388529663201
11160650,4,77299065.65228473,8715.942097851806,0.1714740671880139
11160650,5,177860854.8555117,13346.756195518066,0.39455230044828044
11160650,6,109732161.37150799,5152.345313895549,0.24342105370775322
11160660,1,16095742.974074075,220.42870370370372,0.022840339400662643
11160660,2,6704299.265856282,617.1378617925949,0.00951360064101544
11160660,3,248869787.1872216,13325.08764021908,0.35315365156381157
11160660,4,46500973.110651165,2432.2970552404518,0.0659862679230847
11160660,5,255026925.39661878,10280.4423279226,0.36189081434442627
11160660,6,131509093.26137462,3996.3252532864617,0.1866153261269994
11160670,1,46144336.26894104,893.5297194657237,0.010929110612587865
11160670,2,228872532.10997182,20531.5312675832,0.0542075890968353
11160670,3,1135899156.3082752,88953.5823601403,0.269033396681323
11160670,4,771453789.9153862,66119.48229791345,0.18271589720882697
11160670,5,1710635973.3608315,118689.00814572218,0.4051576267511775
11160670,6,329143470.53098553,14777.957664540218,0.07795637964924938
11160690,1,270135298.4335098,6709.807894155059,0.0656486253703397
11160690,2,187655107.02061203,13114.76277756494,0.04560418387032598
11160690,3,853337519.8032293,50909.86154593794,0.2073791743503144
11160690,4,398174729.65182644,23082.77126639184,0.09676493153775298
11160690,5,1406575883.6791284,57323.23125089144,0.3418278683980791
11160690,6,998987491.120794,26533.64794003098,0.24277521647318792
11160700,1,316616615.16865563,4368.330564761171,0.0677076859814039
11160700,2,226376176.08045948,17911.48941390728,0.04840998958807683
11160700,3,1020706698.5852654,63330.179162255816,0.21827562204880885
11160700,4,566642291.4811393,38608.24081948578,0.12117506314364224
11160700,5,1734517765.2631986,86312.76090327455,0.3709223665253605
11160700,6,811369017.1269621,21158.41931735059,0.17350927271270764
11160710,1,256243677.2837511,3897.1610348201125,0.08205841370227071
11160710,2,104830213.1835201,8338.296833934852,0.03357039320187748
11160710,3,565549948.4175155,27094.9632168941,0.18110937264279253
11160710,4,298214579.2223021,13848.162654525146,0.09549900147106576
11160710,5,1171729413.41734,41219.66654381218,0.3752297733646993
11160710,6,726130569.805505,17073.69456870241,0.23253304561729413
11160730,1,3022555218.46397,47407.04639252934,0.2944857898389145
11160730,2,499389779.3533506,20026.742709023874,0.04865525457135853
11160730,3,865415136.647803,50647.911019870364,0.08431689138297814
11160730,4,545117751.4053513,33577.884589654466,0.05311050418440237
11160730,5,2388526459.8990126,94280.01142710222,0.23271273814873783
11160730,6,2942836296.990649,69234.19325497157,0.28671882187360875
11160740,1,27066869.267177615,399.980073587602,0.03100449910473253
11160740,2,16690671.871345198,1288.694128317169,0.01911879486261941
11160740,3,184859584.9744676,7435.068361091846,0.21175255919946132
11160740,4,94591651.36221638,4918.067011668974,0.10835264104709005
11160740,5,380475485.4063872,14507.5680365017,0.4358262394594658
11160740,6,169313851.86769807,5783.685734315676,0.1939452663266308
11170510,1,167641418.61598983,3623.2927516026,0.052144512628884934
11170510,2,57475780.63711587,5939.63817539332,0.01787772135329119
11170510,3,365239744.4437571,25337.7607874691,0.11360705858940781
11170510,4,255041793.51564318,17819.86780090405,0.07933021643853735
11170510,5,1370644942.730737,51145.523734255214,0.42633624265407605
11170510,6,998895153.7764636,25097.621843224897,0.31070424833580274
11170520,1,7771731.765399803,165.32816163845965,0.02007646250087378
11170520,2,1368618.3505175507,138.27128109062193,0.0035355073774551234
11170520,3,74892993.59480551,4371.499688773967,0.1934686403072152
11170520,4,37717300.513695925,3371.227359752565,0.09743387860716385
11170520,5,177175943.35951605,9609.94325196857,0.4576928656686949
11170520,6,88180043.62968443,3218.7490287451474,0.22779264553859715
11170540,1,1733656043.560866,65646.33596909633,0.10164602236513363
11170540,2,547030486.6524686,57193.729690280685,0.03207295546726746
11170540,3,4903801406.563567,344087.4746571046,0.2875148789156194
11170540,4,1041295398.9296085,70046.00076551572,0.061052211481875604
11170540,5,4946570559.437311,227597.54795406386,0.29002247797812614
11170540,6,3883463963.9477353,145220.8309502766,0.22769145379197783
11170550,1,180050920.8712438,3203.296542229692,0.04106175123324122
11170550,2,191404612.4177825,13181.041808662383,0.04365103239663116
11170550,3,885478385.8481714,43265.02811702317,0.20193894608353868
11170550,4,649733589.9301393,25470.27187428276,0.14817585441104575
11170550,5,1651968836.8622203,49700.60429932465,0.37674194109127157
11170550,6,826245337.4771892,14468.863738634982,0.18843047478427155
11170560,1,760109333.3131558,14155.064174813138,0.0667531088438467
11170560,2,235779345.0483164,22034.780290617626,0.02070623737053479
11170560,3,2086185871.6187875,140106.3963932322,0.1832096863613842
11170560,4,962279773.3019054,66300.81087153363,0.0845077985892723
11170560,5,4019842672.502157,151411.08714470544,0.35302420808734436
11170560,6,3322678409.3934937,68212.31263665394,0.2917989607476176
11170610,1,231826703.71567145,4931.28520543651,0.06523020204458678
11170610,2,100885418.96445428,9321.783876304182,0.028386618784328077
11170610,3,866061222.8211067,55902.299890812305,0.24368783941685201
11170610,4,465927041.60613984,31958.449768087,0.13110014754504126
11170610,5,1310434435.7009056,67765.21302500257,0.3687232818174074
11170610,6,578843188.1322833,16324.846812835272,0.16287191039178442
11170620,1,91424488.800715,2274.477562157456,0.05655585238346919
11170620,2,58213079.49005685,4654.352581192836,0.036011033516449534
11170620,3,350854379.42641217,24367.919403940225,0.21704106581538438
11170620,4,206933369.69680637,16287.849275663188,0.1280104845354619
11170620,5,650433892.4614661,33767.97038750277,0.40236312709870203
11170620,6,258675329.83625722,8077.702294573632,0.1600184366505329
11170640,1,189685448.68503714,3659.0460246007397,0.09449202876478283
11170640,2,87260034.31926909,7355.546388500836,0.04346868845276231
11170640,3,297851587.6850735,22950.952054855283,0.14837511778727344
11170640,4,192428510.05863637,16122.887728378979,0.09585848800567108
11170640,5,746704041.7324114,41747.831996654044,0.3719714942779603
11170640,6,493493132.27084833,14436.284862432172,0.24583418271155008
11170650,1,160741944.82880756,3086.703693242369,0.1207145305017696
11170650,2,39437011.15331888,3735.755796164575,0.029616540292803275
11170650,3,164634715.6821041,10579.398506116439,0.12363793675025771
11170650,4,116013527.23209696,7202.88124712216,0.08712423186488041
11170650,5,516329927.4852552,18986.851061421574,0.38775519884854
11170650,6,334430248.8967496,7673.921973501408,0.251151561741749
11170670,1,327116354.0225118,10473.956192916548,0.1198323830201068
11170670,2,139461598.229969,13411.566999901677,0.05108890292455324
11170670,3,368581307.4588906,29156.69018565926,0.13502222027831093
11170670,4,279325963.27414024,23633.436772518904,0.10232535123029506
11170670,5,970112209.9240708,61489.69575061243,0.3553807581998889
11170670,6,645185166.5704309,29677.706465145526,0.23635038434684502
11170690,1,55637982.42186657,1225.517705344003,0.045097135229479036
11170690,2,40303807.67874078,3225.376954913949,0.03266808367293975
11170690,3,292276758.112326,16987.809506529095,0.23690371058180262
11170690,4,119602596.76142958,8669.755275832707,0.09694338732576366
11170690,5,473082083.2609868,23758.71182937745,0.38345471483307314
11170690,6,252833286.04099867,5933.450177705011,0.20493296835694189
11170700,1,159636151.2291712,3710.2115087612533,0.08489873005093568
11170700,2,90595355.06848185,4266.110241709023,0.04818100746356638
11170700,3,383866676.2872793,16084.147939859025,0.20415045761707343
11170700,4,271641818.5952517,6937.437703438097,0.14446630822586043
11170700,5,678192943.264479,15695.458443876325,0.36068095584441184
11170700,6,296379648.3749962,5181.257548057552,0.15762254079815224
11170710,1,291332884.8162252,5250.272813894512,0.07049290409180055
11170710,2,172025551.9563266,12799.861242369285,0.04162448308245709
11170710,3,1217660158.0629022,58468.280679581105,0.2946334080784635
11170710,4,495773242.114642,18823.47346716668,0.1199606959225157
11170710,5,1301613471.0304308,34481.33475898727,0.31494732781650503
11170710,6,654392007.8575623,12174.893570148246,0.15834118100825817
11170720,1,74451046.42302428,1458.2066525746925,0.042210391142278036
11170720,2,52666942.10640774,5621.108722867761,0.02985978483025973
11170720,3,343636161.6605478,24231.97115883155,0.1948262313454479
11170720,4,270774970.9443962,20282.137405112728,0.1535172168052605
11170720,5,721212726.2270839,38283.426094091075,0.4088951429622805
11170720,6,301066646.430343,11116.826437315753,0.1706912329144733
11170730,1,29864913.15904903,1159.9845560147241,0.013912188417499449
11170730,2,131748586.77102813,14026.396218103162,0.06137339670590835
11170730,3,545247688.4934067,40710.008824076474,0.2539966728223315
11170730,4,324629362.6791497,24418.749959640798,0.1512244430577445
11170730,5,856695425.6027085,51354.31711053177,0.3990806239389137
11170730,6,258486585.71362615,11009.507497393259,0.1204126750576025
11180510,1,728148024.4212623,11997.54392428941,0.03173348477485263
11180510,2,1173254187.2397068,186138.4843245834,0.051131696631869845
11180510,3,9301090230.35383,634418.7497546697,0.40535165284429103
11180510,4,1361055441.431879,90657.40118140749,0.05931628004173662
11180510,5,6628611915.93255,249444.4984515222,0.2888821342059389
11180510,6,3753571802.032758,64911.195910553404,0.16358475150131097
11180520,1,283330700.7014084,6443.514922524178,0.06118295316116519
11180520,2,237957146.4302964,23445.780105454774,0.05138490431276084
11180520,3,1352732308.57218,95138.00442832727,0.29211150528367413
11180520,4,523405473.97800237,37477.450532326206,0.11302514171396465
11180520,5,1550884408.4786112,79451.96446624743,0.3349008345633777
11180520,6,682566473.3912129,16610.914312050565,0.14739466096505757
11180530,1,109882796.4347052,2820.1635352211406,0.081354491120908
11180530,2,98405812.72186285,8422.347433448293,0.07285721766358326
11180530,3,212294110.01412556,12753.398860488209,0.15717728205459444
11180530,4,179340578.94000986,8898.331105082472,0.13277930677404384
11180530,5,468798558.5084788,19252.357411292265,0.34708679978248896
11180530,6,281944774.32807297,5936.601412919587,0.20874490260438158
11180540,1,202015336.67334935,4427.5527781264245,0.052885713524946455
11180540,2,136234935.48490298,9076.337118395071,0.035665023699631995
11180540,3,791124400.8239502,40337.11854251774,0.20710892110247356
11180540,4,551377655.1663295,26874.873460410752,0.14434547987974675
11180540,5,1512051318.9678857,53154.53391595866,0.39584080202412897
11180540,6,627043400.5755394,17202.948159662632,0.16415405976907213
11180550,1,351939385.59534013,7671.652259595699,0.14343922402683862
11180550,2,30866102.336552866,2419.1114023515047,0.012580034940956476
11180550,3,207034140.94126245,11417.266991114857,0.08438048635404286
11180550,4,167735278.9419675,9817.355606263176,0.06836352860212444
11180550,5,915929566.8238282,33028.99160628552,0.37330356222053906
11180550,6,780073951.9251074,19242.856937904224,0.3179331638554987
11180570,1,556846780.9496188,13701.041826451503,0.09352317562226978
11180570,2,219493659.1427949,16798.387155125067,0.03686425913602165
11180570,3,877828669.9008934,47364.17219037206,0.14743252124291722
11180570,4,539593658.73008,32254.409040008995,0.09062549023632085
11180570,5,2205497494.845371,78750.51774708836,0.37041630947950416
11180570,6,1554844451.5947223,39182.54204759045,0.2611382442829663
11180580,1,15910990.307777775,339.15111111111105,0.10832749468641101
11180580,2,3122594.7925570193,255.46723938113726,0.02125969938107385
11180580,3,23876993.289974626,1335.659967339385,0.16256278293896143
11180580,4,12127929.592912829,1067.8948533880136,0.0825711161354433
11180580,5,42983437.061335966,2148.7743023679936,0.29264602389892846
11180580,6,48856650.771188155,1048.2945880433126,0.332632882959182
11180590,1,40625653.25524382,1258.6698164244542,0.04292044519678864
11180590,2,41554052.37910693,4417.238755108605,0.04390128613160782
11180590,3,199424794.83563188,13573.225982654003,0.21068955922619503
11180590,4,118409412.47563885,9598.509896574358,0.12509791946025156
11180590,5,354424580.07861525,16951.30744672139,0.3744447054201033
11180590,6,192095334.12915638,5436.60966599465,0.20294608456505364
11180600,1,40898807.60020244,649.4682556451033,0.055355161307629255
11180600,2,24728715.260833636,1728.3834754595223,0.03346948487043675
11180600,3,97746650.39290538,5642.644501829208,0.13229680563481605
11180600,4,83749626.23094918,5357.691119255181,0.11335230392988041
11180600,5,326685962.07380486,15601.023270593678,0.44215846839124007
11180600,6,165033855.4423015,5074.667798609381,0.22336777586599738
11180610,1,72836217.14864387,1414.530304676465,0.04707412495613679
11180610,2,41603667.6660375,3713.9119174660345,0.026888494858922
11180610,3,342699870.3071162,20857.194684231996,0.22148729229534714
11180610,4,223524364.91811106,18377.42795126579,0.14446403584390696
11180610,5,613898701.9895778,34956.028596294935,0.39676338694102026
11180610,6,252703690.44444597,7457.512701690537,0.16332266510466692
11190540,1,2809821382.22079,29151.59656322811,0.050189002850355116
11190540,2,1513049689.495329,136384.7379329481,0.027026079187564136
11190540,3,18594156950.96016,690287.024081231,0.33212865490905397
11190540,4,3164088541.535033,127412.24088081038,0.056516919486307535
11190540,5,16930790579.431026,359753.4116321217,0.30241762057423854
11190540,6,12972894758.053724,161258.61867516013,0.23172172299248076
11190550,1,561159666.3509216,10651.604631164755,0.0826608233275029
11190550,2,244474824.95198038,31190.631692698218,0.03601201498459166
11190550,3,1399681316.3217447,91210.94597580937,0.20617805758499771
11190550,4,460788883.1222036,31219.636578905218,0.06787584843138521
11190550,5,2356466460.965461,90963.98765006005,0.34711592704747507
11190550,6,1766130481.8003652,37608.949650243245,0.2601573286240475
11190560,1,289066293.2305806,10342.023438637185,0.04159960462310569
11190560,2,488182883.93314844,52741.70506909521,0.07025452441522519
11190560,3,1650984514.02318,111169.64631254897,0.23759360614020153
11190560,4,582130784.0734259,36228.90282833311,0.08377459089315623
11190560,5,2520722495.343128,112539.42748054994,0.36275782277803514
11190560,6,1417688044.1961825,40846.23460394297,0.20401985115027627
11190610,1,86722135.83774607,1277.255842480776,0.0399911136358469
11190610,2,82366922.59387146,10292.020371573695,0.037982747189822086
11190610,3,789776940.7745962,48527.7773555436,0.3641983569752135
11190610,4,216614298.61600646,9073.526292366938,0.09988968730324495
11190610,5,640978047.1598155,24670.278953964542,0.2955811186432333
11190610,6,352076810.7884407,5695.2946542193085,0.1623569762526393
11190620,1,276890241.725185,3660.8323537005926,0.06530615098315458
11190620,2,64899558.58926866,6473.336361902423,0.015306932976632095
11190620,3,1246243606.2925265,65426.25431874063,0.2939336995310517
11190620,4,340501599.65568584,18866.683886693914,0.08030925444888037
11190620,5,1369721156.2384765,51811.59780253817,0.32305658760958367
11190620,6,941623811.3868841,21445.293842728035,0.2220873744506976
11190630,1,194311651.22358754,3717.1159853662384,0.06580312323534916
11190630,2,65434003.60130693,5186.84115056638,0.022159051068968545
11190630,3,391131700.9737172,22424.887423366312,0.1324557089518518
11190630,4,247541081.47329113,13502.523342044009,0.08382912803955041
11190630,5,1221732956.0239995,42917.147491176074,0.4137366120852336
11190630,6,832773052.6854722,17616.57434220685,0.2820163766190464
11190650,1,85532497.86151151,1803.4987456514025,0.07726661040057108
11190650,2,59511405.60115178,11121.633088962963,0.05376020467003931
11190650,3,188267248.48098925,7824.719291088263,0.17007304244897958
11190650,4,110431304.60986505,4218.8452181588855,0.09975918864351105
11190650,5,412019704.291145,12475.321461735466,0.3722019906441654
11190650,6,251216615.8622206,6126.715764091446,0.22693896319273354
11190660,1,16378088.488837339,693.5051780010368,0.024319344934430654
11190660,2,47080150.969930276,3714.7555960992954,0.06990794022044532
11190660,3,193694852.40534636,11015.475347515845,0.2876118254508007
11190660,4,97883256.15574126,5830.766485844736,0.1453439863497581
11190660,5,243714639.08277,10595.556192171438,0.3618847448201146
11190660,6,74708291.22068585,2144.9087265676,0.11093215822445059
11190670,1,56262637.31552424,1154.2982722088434,0.07308962106239039
11190670,2,17892634.380380385,1343.8776590169507,0.02324394889873134
11190670,3,119212419.31594633,7344.254950897707,0.15486637259588829
11190670,4,76094127.97216082,4684.675823295854,0.09885229779343578
11190670,5,301044995.70829344,15016.987465758339,0.39108128784743024
11190670,6,199269201.35103446,6953.386149964236,0.25886647180212385
11190680,1,220757198.3975183,10333.482697998083,0.08766216078795325
11190680,2,68700292.01332669,6305.413435929287,0.027280723294046332
11190680,3,561788034.3792012,33869.166159556466,0.22308469828384708
11190680,4,226665985.87026358,13629.738763343272,0.09000852630290655
11190680,5,928866824.8409224,34375.76352371971,0.3688508168289742
11190680,6,511494045.80031705,15776.89899124838,0.20311307450227264
11190690,1,139215445.8742072,3598.0261167065246,0.0867579105883677
11190690,2,95392545.26844251,12421.511304346417,0.059447842595529696
11190690,3,309027932.20156693,25436.29498976189,0.19258364287736673
11190690,4,129083175.37000751,10434.87801409058,0.08044356369287443
11190690,5,505061973.45611304,30349.338112184636,0.314750430597215
11190690,6,426861604.5618164,13373.944206700531,0.2660166096486464
11190700,1,49261096.285164475,809.0166063870032,0.02320147029920557
11190700,2,65010173.05115589,3864.9583828515515,0.030619123668322795
11190700,3,512781910.25484455,29497.05223241204,0.24151501200615125
11190700,4,338994763.4596852,20214.10096102803,0.1596630511522901
11190700,5,848646229.1471114,34454.18806884139,0.3997036559257274
11190700,6,308494386.5396801,6545.164558348961,0.1452976869483028
11190710,1,609648189.5857786,12678.462765936752,0.06423346826997775
11190710,2,313651067.61064845,15442.746731269217,0.033046757528964216
11190710,3,1757817105.460578,57243.275900319466,0.18520630618905404
11190710,4,1764866193.683194,47782.28843760332,0.18594900893534994
11190710,5,3391338544.541727,73366.63923576559,0.35731663033655814
11190710,6,1653808772.7749765,27526.837118185547,0.17424782874009595
11190720,1,1009777587.0305159,14131.101912439555,0.11961060029781974
11190720,2,199645344.5211341,9260.866682184946,0.023648474487398416
11190720,3,1302882743.171731,47349.18196663195,0.15432961577877777
11190720,4,995949678.4021194,24902.605654909858,0.11797265103735956
11190720,5,2800114329.3228955,52708.402057697574,0.3316803226121882
11190720,6,2133838487.3648121,28760.838351026443,0.2527583357864564
11190730,1,211926966.17888573,4669.451858743819,0.061640306350725066
11190730,2,127889484.85344736,14608.21338038009,0.037197470277325693
11190730,3,596562735.7817726,44206.44785459971,0.17351406691669397
11190730,4,435811472.05955803,31524.955221483877,0.12675853919522598
11190730,5,1352664399.4083586,69449.45757842992,0.39343104595227185
11190730,6,713268123.2130489,25214.733148222927,0.20745857130775738
11190740,1,2053236452.032974,42620.42268859164,0.11814974458881917
11190740,2,217761543.41073146,15430.6269184892,0.012530690612749648
11190740,3,2487407568.632471,118158.5911818535,0.14313332915516663
11190740,4,1633294182.9609046,75947.51203202043,0.09398493308657464
11190740,5,5971642368.05608,174831.878878317,0.3436272621514253
11190740,6,5014913412.911401,105432.22383380911,0.2885740404052646
11190750,1,72779325.76044796,1712.6219607537273,0.06325770249543605
11190750,2,37374388.27448929,3304.283452628304,0.03248474631653423
11190750,3,194994546.065846,10155.885748643088,0.16948366660974634
11190750,4,98294758.32018012,4580.8207200571505,0.08543498464309583
11190750,5,478968640.44720674,14149.591578320553,0.41630580450524896
11190750,6,268109509.1381906,6460.141568338818,0.23303309542993852
11190760,1,543498543.3088646,9431.5521327047,0.055943691090199046
11190760,2,122017439.60076986,12607.168651285958,0.012559566226405292
11190760,3,2041532224.1145809,123843.10636754952,0.2101401181339474
11190760,4,687361428.4568853,33788.44424914397,0.07075186473693491
11190760,5,3735427922.270425,105701.39630178137,0.38449712210993575
11190760,6,2585262263.469992,47462.52306339877,0.2661076377025776
11200520,1,151522295.2164294,3617.520813697366,0.04418830257978535
11200520,2,176688198.13591343,15746.250371061898,0.05152741086950116
11200520,3,653315655.4525622,43221.36253529432,0.1905258221043525
11200520,4,336765912.2067926,14681.193215624327,0.0982107220979955
11200520,5,1291687131.9265037,42455.41497112139,0.3766934875323524
11200520,6,819034513.6382018,14551.561743455286,0.2388542548160131
11200530,1,250123488.3533193,4914.031128623238,0.047604959709513506
11200530,2,99259913.24027398,9245.917456666515,0.018891725050220947
11200530,3,1062055373.3181418,66133.81437164373,0.20213656697712337
11200530,4,543033466.7568327,39631.02532750036,0.10335329351140246
11200530,5,2236304630.001037,104904.21673567756,0.4256265275615212
11200530,6,1063370802.8495674,28995.49343168463,0.20238692719021845
11200540,1,282977152.35985065,12520.112126301985,0.08762628252950232
11200540,2,243701591.57564253,17031.773866491618,0.07546427101344481
11200540,3,758573470.8350489,55188.25303210682,0.23489872846783305
11200540,4,356864407.3286234,30265.397073947013,0.11050609959328328
11200540,5,1064876164.6781706,70224.72956481227,0.32974796334921835
11200540,6,522371100.3027412,23121.05490206573,0.16175665504671824
11200550,1,237170269.2192648,8209.176898730044,0.07620035917898473
11200550,2,143451796.18018425,14275.026747883505,0.046089581252255214
11200550,3,498286747.41990244,38025.695483244665,0.16009438810570958
11200550,4,398270249.62004405,30331.727496047373,0.12796011983818306
11200550,5,1190520300.1320379,70852.36198713201,0.38250188262874035
11200550,6,644756691.1091365,24298.975137611204,0.20715366899612697
11200560,1,124342120.97284494,1569.4844452690872,0.07488511817412079
11200560,2,15946909.150804777,1197.5066614592686,0.009604035759779118
11200560,3,313877644.09893703,15268.75769093931,0.18903300254703495
11200560,4,186551441.38364393,8870.208868923004,0.11235071932396612
11200560,5,707935658.0016031,26411.812595516112,0.4263546816987439
11200560,6,311784561.8666206,8772.153302553394,0.1877724424963551
11200630,1,675353950.6767421,12568.46306541863,0.07443827273814173
11200630,2,181113536.20237994,13040.347566348037,0.019962537852769757
11200630,3,1204018001.206975,53424.83765439137,0.13270821954275655
11200630,4,785922937.1235387,30163.414333231893,0.08662531089977396
11200630,5,3363435029.388509,86278.0969992357,0.3707215954000989
11200630,6,2862827442.166158,50254.61021493491,0.31554406356645903
11200650,1,68199444.4737181,1126.9835302104184,0.08894932865699139
11200650,2,5278247.678435573,428.72859485613156,0.006884170261285583
11200650,3,126659651.75379576,5649.272609336543,0.1651962281858487
11200650,4,70184152.87566245,4143.327227635263,0.09153789050372126
11200650,5,315929805.6712191,11665.078114773205,0.4120523903683439
11200650,6,180471116.9676741,5015.626448312003,0.23537999202380908
11200660,1,55624053.12354343,1337.4388611417708,0.049227967095369536
11200660,2,61513122.379271775,6078.899907719292,0.054439865388711296
11200660,3,177589129.35080674,14204.130772131233,0.15716855074835515
11200660,4,139560559.4106771,12185.120601551262,0.12351280139944104
11200660,5,484310946.4334433,35297.001140168,0.428621108965208
11200660,6,211330082.03410104,10623.917347803654,0.18702970640291494
11200670,1,54258211.044366255,1886.0180629139072,0.09908213963583958
11200670,2,69418747.54824904,7730.870983529345,0.12676713635649586
11200670,3,103885153.49798319,9745.360759144549,0.18970701552546967
11200670,4,63396888.67930309,6051.621971977473,0.11577048442426867
11200670,5,131284753.87147667,8825.30460067198,0.23974204207569663
11200670,6,125364636.1723805,4029.795806648736,0.2289311819822296
11200680,1,232356867.8478783,5293.432349278672,0.05954487532787713
11200680,2,47368370.5539668,4870.729999577625,0.012138843776148767
11200680,3,827856457.4167379,38071.4287139872,0.21215043051161442
11200680,4,456027269.1038982,19612.148188744002,0.1168637154408597
11200680,5,1560840408.6541677,50782.069444073626,0.39998838166846057
11200680,6,777764991.1093371,17930.089876331745,0.19931375327503936
11200690,1,90854404.95845693,2132.4464488979966,0.0550098857921697
11200690,2,65045203.66511073,7488.039990136724,0.039383112206637136
11200690,3,323503510.3990394,20740.655436782476,0.1958726290547419
11200690,4,182838298.39066666,10530.010348570917,0.1107036463174701
11200690,5,613710672.7551764,27253.97068525924,0.37158521959540297
11200690,6,375649320.1982202,12987.772094577502,0.2274455070335782
11200700,1,173646074.66496438,4314.894695424642,0.03765068675922752
11200700,2,213668259.2598537,16739.77777117138,0.0463284684972226
11200700,3,1590108404.5703418,95057.32810219788,0.3447741250080347
11200700,4,667423244.8152486,32711.137535695812,0.14471357083568026
11200700,5,1435780712.213509,62383.90043994651,0.3113121327665602
11200700,6,531402715.13236517,17773.33333894071,0.11522101613327475
11200710,1,308773317.2223037,5909.431911519609,0.05990596120940706
11200710,2,243755927.33515695,25975.79932759046,0.047291758429339366
11200710,3,1170860341.0350332,91955.39198612724,0.22716183769590076
11200710,4,563916672.8596116,49674.59461471639,0.10940702594889118
11200710,5,1830622224.4118726,101834.04668140206,0.3551640567625273
11200710,6,1036371873.7058257,29806.04526700127,0.20106935995393427
11200720,1,428435376.89871264,15758.898667527,0.09022962523350786
11200720,2,155823065.04673126,18393.77313813371,0.032816750249891245
11200720,3,919874360.7298837,86372.83210377759,0.1937279769737414
11200720,4,485455146.85137755,48306.8723866145,0.1022381398220361
11200720,5,1641500861.626793,122574.82839735565,0.3457044295389296
11200720,6,1117189548.5310555,51751.80684679427,0.23528307818189387
11200730,1,866392220.378317,19331.59321650828,0.088017349832359
11200730,2,512228916.4742654,31951.525168213524,0.05203766917006582
11200730,3,1325669353.2548761,85690.77137094566,0.1346756128263957
11200730,4,949447844.4018438,65410.41888858577,0.09645502475980874
11200730,5,3528960766.21372,141604.80137907562,0.3585094221747195
11200730,6,2660726337.880602,65573.07443521507,0.27030492123665123
11210520,1,277784730.5763842,11717.698226509076,0.07754536059566987
11210520,2,129023792.51280645,16830.743769370118,0.03601780592859216
11210520,3,682012740.575305,47370.638995791975,0.19038816060557523
11210520,4,337637026.40639174,23270.98622401184,0.0942535066949401
11210520,5,1240119144.259689,59261.97592169358,0.3461870853148565
11210520,6,915645002.2222,31119.910195855387,0.2556080808603662
11210540,1,30905788.774858907,695.8823758256519,0.08510468672905154
11210540,2,4387587.541205645,287.34923095781403,0.012082016929279961
11210540,3,90445295.81580025,4883.852143143008,0.2490575025472786
11210540,4,28489304.831090443,1839.2624721084733,0.07845046054125424
11210540,5,120478680.88179074,5300.900974487106,0.3317598676632055
11210540,6,88443598.18350202,2363.4132356066657,0.2435454655899302
11210570,1,324934705.4337924,7573.369301261982,0.11399088632496807
11210570,2,102426467.3821464,9540.32588738495,0.035932399970754425
11210570,3,518848689.1918359,35976.816796058694,0.1820181746070096
11210570,4,313243173.38856775,23045.641001769258,0.10988936045516996
11210570,5,962223300.4958842,52417.22238299751,0.33755916198496344
11210570,6,628855982.1692402,20331.43123461008,0.22061001665713442
11210580,1,871209477.1242746,17084.734162227775,0.12244105975708386
11210580,2,81982441.09155308,7435.695378615484,0.011521932706536174
11210580,3,968162786.9191139,49038.65208612681,0.13606702034399287
11210580,4,510439696.40188766,28845.53537709825,0.07173794478892712
11210580,5,2581601772.5341377,93106.50340081134,0.36282210558960254
11210580,6,2101941432.8780818,45546.17032854772,0.2954099368138574
11210610,1,420397789.8844358,8695.664384788739,0.10956437756642616
11210610,2,62892478.43724434,6863.858292400832,0.016391083443803967
11210610,3,573903548.3132691,25546.331746820553,0.1495711599040323
11210610,4,324135964.9644497,16391.16518741098,0.08447655078773206
11210610,5,1485785354.736325,52091.0295198325,0.3872264590966253
11210610,6,969878229.7750729,25848.466280844106,0.25277036920138024
11210620,1,350912661.73092556,6516.174364511121,0.09293636596483437
11210620,2,357127276.5342534,31733.196680608708,0.09458225617821009
11210620,3,703847449.2998925,53158.16658966182,0.18640827552044195
11210620,4,270775370.4999041,22744.759297406985,0.07171265580134223
11210620,5,1298183253.6907508,71449.17745617531,0.343813282083661
11210620,6,794991983.2838609,23833.584219062446,0.21054716445151028
11210630,1,446412848.012892,8462.90244121492,0.091168705134022
11210630,2,116878790.23409575,13535.793983577703,0.023869581735169416
11210630,3,463205011.9306086,34324.745928021905,0.0945980863617152
11210630,4,392299065.65771157,24470.107538610784,0.08011731293241671
11210630,5,1895839222.5432436,71626.58984213292,0.3871779403996164
11210630,6,1581923012.6929865,37834.1027037753,0.3230683734370603
11210640,1,2385045187.8171716,56204.50900381523,0.2470276082587164
11210640,2,401976797.10586345,39736.89067984592,0.041634165789303554
11210640,3,876442253.0177014,68713.7927261084,0.09077623964768251
11210640,4,811504674.9716586,66390.70930662978,0.08405042385485513
11210640,5,2620263656.0963783,164385.20373391718,0.2713900211530692
11210640,6,2559741644.720697,99571.253754806,0.26512154129637333
11210650,1,143803322.68720368,3749.535350139911,0.11865622552302595
11210650,2,65546900.46390373,4710.152996423231,0.054084618202444215
11210650,3,195640264.92871985,13403.207364862308,0.1614283659304655
11210650,4,143774786.5114377,11538.275306529586,0.11863267951001333
11210650,5,414248104.95268214,24418.06235012384,0.3418079335389756
11210650,6,248919007.9336724,8203.539077011048,0.2053901772950755
11210660,1,107444727.48491266,2688.998008782669,0.10202719453207151
11210660,2,24952533.094773754,1913.035505086307,0.023694386944077078
11210660,3,217321180.39992443,11256.590780355164,0.20636350305524273
11210660,4,88956793.82052992,5423.863781296264,0.08447145169921003
11210660,5,393117342.96100163,18490.610622597866,0.3732957452923432
11210660,6,221306333.54076734,7211.734875025859,0.2101477184770555
11210680,1,284683610.9131171,8982.965017931809,0.1405811969510048
11210680,2,60945833.00031224,5637.719690349247,0.030096000696628683
11210680,3,274605842.5848757,20895.457651253004,0.13560463813318271
11210680,4,192754471.64885408,16253.009958460778,0.09518515749866747
11210680,5,705182848.6170017,45160.982998734566,0.348230263800302
11210680,6,506874960.6735723,19454.269002475692,0.2503027429202143
11210690,1,1720050856.3941126,43673.167147096574,0.2451985948080558
11210690,2,308108800.22683793,25501.25013342657,0.04392186695107025
11210690,3,655629680.6164991,52715.120669782205,0.09346204840630912
11210690,4,423773749.3818034,31627.751165214795,0.06041026489344159
11210690,5,1899590687.546353,91089.46707177823,0.27079255567668614
11210690,6,2007775727.125327,60277.163696959506,0.28621466926443706
11210710,1,11548365.563497055,209.1346707137601,0.053952286353998485
11210710,2,1644533.4744248115,62.55300660824389,0.007683021501445744
11210710,3,22678613.894707046,1151.9339838814037,0.10595118973602063
11210710,4,20918190.763778053,1330.225954563764,0.09772674859395115
11210710,5,102543820.90461843,3820.929511430819,0.4790698353684411
11210710,6,54714226.54939808,1316.560000277524,0.25561691844614287
11210720,1,601114725.6689949,15237.372071339527,0.12217166941616822
11210720,2,185123892.65449387,11145.074779864732,0.03762492257904372
11210720,3,730765135.8061173,43360.31810017921,0.14852205873546975
11210720,4,484538013.7537938,28679.692306316156,0.0984784027209011
11210720,5,1748731261.9310205,77764.20807442273,0.3554153783083325
11210720,6,1169973444.1970358,38570.8868656416,0.23778756824008485
11210730,1,427962243.22195685,11901.734195341673,0.09018345478070355
11210730,2,95948869.24169724,10646.221418698184,0.02021907457389992
11210730,3,1145166605.1994202,78608.44395948423,0.24131820596802386
11210730,4,475364654.72774357,41103.80965944726,0.10017245101164277
11210730,5,1848528057.482874,124716.86330414441,0.3895358740710413
11210730,6,752492518.5420678,41629.7708846895,0.1585709395946885
11210780,1,199633961.56981176,7324.0595571011845,0.07475788377523492
11210780,2,145725463.0201518,14808.419539713916,0.054570510658043206
11210780,3,526484903.57174355,33296.72145635236,0.19715531826917337
11210780,4,303383915.4789859,20415.940362987574,0.11360962490704485
11210780,5,1018699923.0167601,47995.11746977391,0.38147742923037714
11210780,6,476478638.463275,13883.543601939298,0.17842923316012654
11210790,1,17992284.287811298,717.833910204177,0.042555299446734
11210790,2,42976217.45210124,3742.7978892840547,0.10164722686163156
11210790,3,99380603.66536106,7550.623745025712,0.23505472015255133
11210790,4,57046209.73547181,4914.684496332069,0.13492553245386205
11210790,5,145680026.80302644,10517.432631054062,0.3445619836170991
11210790,6,59722394.689054385,2820.2006818059276,0.14125523746812205
11210800,1,528891950.25888723,12571.660865921307,0.10592321890404696
11210800,2,207170593.37285993,14914.921359032525,0.041490849126316426
11210800,3,763158549.7070143,54516.84914939654,0.15284068906615536
11210800,4,501418468.2319256,30292.53605891867,0.1004209993119851
11210800,5,1799767728.185401,89155.64202265165,0.3604463840973691
11210800,6,1192756208.5888448,36726.60848927722,0.23887785949412707
11210810,1,131740550.33609429,3688.7261039932805,0.09138049338040226
11210810,2,29838285.536352765,3127.8834346454673,0.02069702340684842
11210810,3,100975818.3583362,6808.232669791852,0.07004084981833089
11210810,4,121334684.5191612,7055.587574120064,0.08416257034929524
11210810,5,626449152.2454019,26717.535707459003,0.43453008556497197
11210810,6,431331885.9381599,14575.767055422344,0.2991889774801512
11210820,1,9961772.814406656,196.60342807211185,0.022091511501945996
11210820,2,16575347.94069188,1301.0581515276942,0.03675796432046635
11210820,3,165420403.3869188,9781.237339388548,0.3668410043234183
11210820,4,76659957.53497607,4848.811777667634,0.1700033081635265
11210820,5,157567105.07545924,9679.487557900886,0.3494253060126799
11210820,6,24747564.880953904,1737.9677403728233,0.05488090567796303
11210830,1,111441360.53022557,2349.8977313428395,0.08117406969206264
11210830,2,27557538.770872187,2498.806517760241,0.020072956414793414
11210830,3,187955974.5428082,11223.18662843683,0.1369074399665047
11210830,4,145200392.6735346,9521.802353098235,0.10576420404522588
11210830,5,585144767.7561828,25446.72335038052,0.4262204080405447
11210830,6,315568924.4096508,9454.316629366715,0.22986092184086862
11220510,1,822610900.5357703,3479.883734297729,0.08993007272540501
11220510,2,287469708.73314077,23795.672620910176,0.03142697452207928
11220510,3,3295268059.314203,166846.2419864507,0.36024771374998854
11220510,4,649569175.4633472,34679.7225051768,0.07101267823165691
11220510,5,2642973070.859336,83760.61506538885,0.2889370421895251
11220510,6,1449337321.4990973,19460.17300158351,0.15844551858134523
11220520,1,650411250.159585,11381.516693825375,0.05344999459943103
11220520,2,389715326.02311015,40769.54688371129,0.032026324984599855
11220520,3,3661529163.7789283,200367.25755709014,0.30089995211740855
11220520,4,803182418.6669835,43934.00795906674,0.06600454086483727
11220520,5,3736716273.7982965,106063.28033102585,0.3070787361152192
11220520,6,2927038942.2580853,48889.30502619985,0.24054045131850402
11220530,1,1291523866.3647037,11792.184340079079,0.06257441229292561
11220530,2,418275969.08287513,51519.51620324647,0.02026549692440909
11220530,3,6864351002.5321455,329590.3452479186,0.3325782364090756
11220530,4,1316573394.961387,70692.98328476651,0.0637880635238272
11220530,5,6315409376.27158,182231.12744407597,0.3059819802027826
11220530,6,4433674565.393493,60654.94417181435,0.21481181064698
11220540,1,2047836140.4400687,36775.36253035278,0.13075274402322168
11220540,2,461889094.61453354,41269.1289024181,0.029491259267586487
11220540,3,3425235865.1065927,219454.29000486885,0.21869864460600746
11220540,4,1123794143.1897395,77516.71772687277,0.07175338155117592
11220540,5,4211151636.7064495,144375.69986428393,0.26887875505455444
11220540,6,4391991122.453166,79969.294235031,0.28042521549745403
11220550,1,618703399.0094724,8453.827200772806,0.08749808742171583
11220550,2,316687699.6213129,15698.657201987515,0.04478651332966652
11220550,3,1812725462.292468,95405.02532642656,0.2563587192589648
11220550,4,491561159.22355133,29356.476798562533,0.06951741553662254
11220550,5,2151973297.0407753,68869.24142152033,0.3043357252847241
11220550,6,1679399530.7803822,25626.401155529868,0.23750353916830624
11220560,1,12129.594375,3.0178125000000002,7.014539733806183e-05
11220560,2,2762406.066443966,211.05747844827587,0.015974983593776144
11220560,3,69701757.2530388,3327.848221982759,0.40308499250005125
11220560,4,26746962.491368536,1314.1926939655173,0.15467758059661266
11220560,5,73121640.465625,3184.4628125,0.4228621638860175
11220560,6,575849.2571875,18.106875000000002,0.003330134026204396
11220570,1,356429596.4144344,7363.514921693528,0.06707205406680289
11220570,2,77444970.09981576,6399.221802139247,0.014573406007780159
11220570,3,1000526815.5604664,56497.25869010643,0.1882767013279374
11220570,4,366632962.57211834,22531.810886065683,0.0689920986800337
11220570,5,1786079342.8069685,60628.486885117396,0.3361000642299562
11220570,6,1727016040.2482166,33901.67193089923,0.3249856756874897
11220580,1,6191611.917747845,1366.8096120689654,0.0072425263506822905
11220580,2,32211981.159383282,5196.008403388331,0.03767938389125892
11220580,3,247329910.77317747,21677.49533376627,0.28930970155800845
11220580,4,274201464.97292626,33421.07307133478,0.32074221734886554
11220580,5,258538720.11380953,25487.908037223115,0.30242100408919653
11220580,6,36423016.70829399,7597.050668032085,0.04260516676198821
11220590,1,115982820.19401404,2153.2056771341777,0.027987344797814808
11220590,2,54138583.54431087,4584.987150301952,0.013063962421204615
11220590,3,831645331.8043127,56158.75447152967,0.2006809681965439
11220590,4,487307585.4078783,38822.2064398442,0.11759022062566442
11220590,5,1458631817.0518465,57400.083391386645,0.3519765386684405
11220590,6,1196410462.9790115,19450.975542681474,0.28870096529033185
11220600,1,265385522.29159188,2837.7979475519624,0.02793909137360459
11220600,2,727024101.487709,56320.21031364432,0.07653918957930068
11220600,3,3365125806.4113193,224183.52909359575,0.35427161428081955
11220600,4,1649804551.9534059,128112.34602837033,0.17368709388362655
11220600,5,2446745978.127992,106920.67066242291,0.2575869959319304
11220600,6,1044631043.1848089,14937.779533173123,0.10997601495071817
11220610,1,247842881.49361852,3804.36945427742,0.05965965920446162
11220610,2,122449644.6170947,9508.158471344199,0.02947554524680349
11220610,3,1197458690.268055,58737.149605395185,0.2882470416026557
11220610,4,415440950.2127951,21315.563410387425,0.10000313650287845
11220610,5,1457354190.3181777,47009.02368795149,0.35080795466306447
11220610,6,713732846.1314275,12139.786454981888,0.17180666278013634
11220620,1,501477115.0878848,9481.574356181618,0.10388211109059012
11220620,2,130193551.94917563,12891.11582505247,0.02696988680030301
11220620,3,1120232148.7759707,75423.40087512559,0.23205860651487842
11220620,4,418964723.4187594,31684.655730004477,0.08678948377055741
11220620,5,1578335945.8114715,65975.72586243575,0.326955837321359
11220620,6,1078163901.152548,26189.241160497426,0.22334407450231197
11220630,1,557073639.9480337,6601.580602666124,0.08398255342477648
11220630,2,19583274.66592185,1403.249881213602,0.0029523088025063867
11220630,3,881569466.7772415,27834.714786817047,0.13290245585516816
11220630,4,483182858.4425852,13135.616248661194,0.07284302704912765
11220630,5,2395379493.694942,41944.15361645375,0.3611193778987919
11220630,6,2296418012.7630143,31259.196366149798,0.3462002769696294
11220640,1,8028055.963754559,111.1064039201196,0.010398271428682538
11220640,2,79416996.97550094,5749.588119956991,0.10286419206972112
11220640,3,318558596.8166761,19885.816227866242,0.41261032192541836
11220640,4,92379426.86121967,4923.330684790364,0.11965366948934945
11220640,5,189533769.70213926,8660.57082100598,0.24549200842174207
11220640,6,84139934.35004367,1257.273882309552,0.10898153666508648
11220650,1,117046810.80528398,2065.384832276913,0.03245530093946566
11220650,2,115049918.45735246,9058.514735835886,0.03190159305413379
11220650,3,1247545282.4969413,76828.74111532544,0.345925337909515
11220650,4,384961986.43349606,25467.184715056705,0.10674410549073737
11220650,5,1265745254.9795098,58129.949924199835,0.350971913548337
11220650,6,476051162.6976944,10575.831309395544,0.1320017490578112
11220660,1,495710590.8735361,6505.599901688907,0.039408748096004205
11220660,2,401447519.84186405,41117.37776283071,0.0319148803242934
11220660,3,3440362768.7914176,177110.65381595778,0.27350714753794986
11220660,4,969912257.213449,51041.65574953491,0.07710754727349162
11220660,5,4253608789.771921,130199.96291026076,0.3381598061071807
11220660,6,3017652267.647868,48582.33458105723,0.23990187066108018
11220670,1,474170999.33956397,5844.107707284585,0.04014324409660113
11220670,2,311043189.0973077,28203.956053273167,0.026332868694858312
11220670,3,3690472786.696794,164525.20763904857,0.3124348602393998
11220670,4,838666602.1559659,41955.45223672638,0.07100138594073843
11220670,5,3772629536.4100623,109756.84294011655,0.31939023807253736
11220670,6,2724991977.264898,46881.860059770785,0.23069740295586494
11220680,1,0.0,0.0,0.0
11220680,2,3740689.349696693,418.11434408021756,0.011791354615998256
11220680,3,145426397.15583986,3797.2805725431504,0.45841128708817996
11220680,4,54851969.186378926,1482.1745379801382,0.17290369758045965
11220680,5,108484943.11013182,2642.285845601097,0.3419648933990419
11220680,6,4736002.157758156,108.58064508216826,0.014928767316320275
11230510,1,2896726616.5894666,30135.500986948904,0.14962693148345788
11230510,2,311066006.3296246,27276.394298927506,0.016067740652279842
11230510,3,3085903379.1921153,164645.57941298914,0.15939862976319943
11230510,4,1298900026.4907563,69999.0301159696,0.06709311957661276
11230510,5,5679942280.7792635,147688.62987143183,0.29339059116209343
11230510,6,6087122333.727774,80852.98558760097,0.3144229873623566
11230520,1,2244282729.0026736,44252.251291558365,0.13418981699262988
11230520,2,520963684.30449235,44113.705660763,0.031149382630455004
11230520,3,3142078824.564525,179691.8874886502,0.1878707067500803
11230520,4,1000535637.3781253,68234.33250848783,0.0598238770629576
11230520,5,4833597149.682305,138827.5595720948,0.28900971724725744
11230520,6,4983229282.197423,88165.70881055846,0.2979564993166197
11230530,1,1830067729.266776,14731.073258813405,0.09526071262816457
11230530,2,463399393.6458594,43824.000861913555,0.024121378550208246
11230530,3,5417592111.958048,270431.9478894461,0.28200250573273467
11230530,4,1394074417.3563018,52815.69540414452,0.07256590580243807
11230530,5,5445093714.670778,116741.14190158759,0.28343404962093877
11230530,6,4660921476.909041,49540.75917456789,0.24261544766551565
11230580,1,1703184065.637347,8839.555100524216,0.0497318915925675
11230580,2,355370211.99118143,38669.08863323541,0.010376584195766111
11230580,3,9442055521.295694,345371.4974547158,0.2757020166345691
11230580,4,4091624120.11142,140503.98616439136,0.1194728222770038
11230580,5,12409166712.345482,259886.84439697396,0.36233977650649674
11230580,6,6245920576.322347,61322.5278659768,0.18237690879359672
11230590,1,545798856.1732626,6045.946613775073,0.06490873765871927
11230590,2,267945615.85529312,25020.73357045955,0.03186524026139428
11230590,3,2946222537.2890844,167801.9567948132,0.35037740294639996
11230590,4,523391071.4224064,28938.942971063807,0.06224390792253407
11230590,5,2376782855.8861303,73265.47608124086,0.2826571970965811
11230590,6,1748570676.947235,24528.813112594467,0.20794751411437132
11230600,1,109274533.9204369,3492.4058404365833,0.015162840795153626
11230600,2,390805307.7966013,26180.957657821684,0.05422781000681648
11230600,3,2299082911.2568407,159619.89775234938,0.31901877690576935
11230600,4,1360509472.2188652,99894.84104537242,0.188783129860552
11230600,5,2536261544.6538477,179158.7821512074,0.3519294810669914
11230600,6,510798490.73108435,24399.764562664335,0.07087796136471702
11230630,1,1404823312.3596306,24871.61941007896,0.06639555332762853
11230630,2,412146607.1015372,30474.411992594505,0.01947910587036585
11230630,3,5166221677.438134,281577.95861794875,0.24416888862026767
11230630,4,1690051389.5237904,114622.18291685692,0.07987616390781647
11230630,5,7612500216.969391,301255.99560445885,0.35978628747512187
11230630,6,4872651326.848676,104752.83842488406,0.23029400079879966
11230640,1,4615778324.729139,52420.10442301691,0.07956706856607756
11230640,2,1614494930.007756,275526.0938836923,0.027830762172282173
11230640,3,15031098127.266287,858130.2365124604,0.2591069872026011
11230640,4,4375595639.551566,266841.4510554684,0.07542678477525448
11230640,5,18038912776.17542,604415.3469722916,0.31095587975483374
11230640,6,14335284970.718012,226958.90952566228,0.24711251752895094
11230650,1,234720921.48007524,3169.655353696038,0.039413391159787245
11230650,2,243889648.8272946,22633.9111823343,0.0409529669040145
11230650,3,2632183105.284579,156077.96309608634,0.44198557878263534
11230650,4,461650466.751754,26160.87601734743,0.07751848582756085
11230650,5,1488976155.7917945,50885.156690484575,0.25002287519052685
11230650,6,893939405.080213,11736.147437718382,0.15010670213547528
11230660,1,83569456.02268286,1322.628964129482,0.02868756523804518
11230660,2,177961431.7632947,15343.274419553758,0.061090264631849946
11230660,3,953725015.9170007,58059.707253347144,0.32739292458537034
11230660,4,312684702.5680769,25468.746420354248,0.10733781492398048
11230660,5,835019518.4079835,36176.6202071488,0.286643925298116
11230660,6,550129756.9207363,9069.2520246864,0.18884750532263794
11230670,1,411817104.7975129,3735.8226635065926,0.06889976050161271
11230670,2,191029447.49233645,18789.68732785068,0.03196050632100134
11230670,3,1647857588.575533,95951.14520442649,0.2756976139916395
11230670,4,428828564.70042485,23926.514143448698,0.07174589170752686
11230670,5,1832215543.0364137,53885.47134666316,0.306541934834426
11230670,6,1465298722.2341092,16544.692050708418,0.2451542926437935
11230680,1,0.0,0.0,0.0
11230680,2,63772.748344370855,2.7663576158940395,0.02171011629567195
11230680,3,2159749.498807947,109.66966887417217,0.7352421528933295
11230680,4,342212.3860927152,6.095364238410596,0.11649914568168407
11230680,5,371732.28198675497,3.352450331125828,0.12654858512931455
11230680,6,0.0,0.0,0.0
11230710,1,136472527.81040856,1993.2441009198997,0.04167413249981422
11230710,2,104908599.78225486,6785.911598314829,0.032035567581552675
11230710,3,1037979980.910161,42379.25747148272,0.3169642707629655
11230710,4,314215394.0849234,13420.180141300154,0.09595084209745053
11230710,5,1175868765.5617764,37528.26829430964,0.35907088059870346
11230710,6,505308628.911607,11511.653220568935,0.1543043064595135
11230720,1,43819236.53428886,17.985023047710875,0.22687801975353986
11230720,2,54758197.756229736,449.67983871888566,0.283515470710785
11230720,3,18770105.817545354,780.4028992989479,0.0971839031270379
11230720,4,14292733.35616083,683.90106162461,0.07400190640413587
11230720,5,48674382.28838134,2094.7291966049033,0.2520159715168335
11230720,6,12825413.88432999,522.9913358580092,0.06640472848766778
11230730,1,274192648.0990103,7068.681331700852,0.06356135879343006
11230730,2,150763301.54616788,12255.503886523164,0.034948859383705164
11230730,3,973665836.8850327,55765.82432198999,0.22570818011432411
11230730,4,424053156.92425174,25515.73197249219,0.0983009392907437
11230730,5,1607597618.9070349,70606.56783917989,0.37266166601927464
11230730,6,883553531.1006814,23558.633661963406,0.20481899639852225
11230750,1,77694041.4942188,2524.152000595127,0.019460925053616972
11230750,2,195465577.69166788,21421.31329822288,0.04896052367545515
11230750,3,1252315487.3507621,80248.15220108558,0.3136819423228286
11230750,4,374781980.2669821,23577.632030153898,0.09387597670491384
11230750,5,1444070575.297319,62019.94343714922,0.36171305672244897
11230750,6,647982121.7435097,15217.883170155723,0.16230757552073646
11230760,1,38822338.52954444,865.0247539128246,0.024009361076060002
11230760,2,32530764.4054589,2627.660653015132,0.020118387976461455
11230760,3,392950756.1777638,19128.38098655921,0.2430172150243587
11230760,4,151845443.0235999,8269.599916724248,0.09390758535922454
11230760,5,653633095.2460414,26187.073238352124,0.4042340979300373
11230760,6,347184351.8183697,10347.044837231157,0.21471335263385796
11230770,1,3364945515.007915,41037.63536735884,0.16349527511498327
11230770,2,482414362.83354706,32157.40356936301,0.0234394490547062
11230770,3,4452493474.910696,200833.6180964257,0.21633682993719433
11230770,4,2107162506.1330469,89031.9598262747,0.10238237502380176
11230770,5,5527604532.680672,133975.92420711386,0.26857410313680197
11230770,6,4646680888.49503,58118.9743003615,0.22577196773251257
11230780,1,1342369150.3753703,8825.740759168033,0.09789351795022395
11230780,2,335194070.2954528,19900.389773955245,0.024444339120949597
11230780,3,2776153840.9925714,111090.45078388396,0.20245359913835503
11230780,4,1221959530.0969803,33550.410446117996,0.08911253447723062
11230780,5,4310659279.574769,59649.73395230669,0.31435883448628954
11230780,6,3726207905.6484,27595.008331206507,0.27173717482695126
11230790,1,692036113.8100045,5555.446212704993,0.06291544453640148
11230790,2,191673106.88975474,19093.796832516375,0.017425678349718206
11230790,3,3449747654.6680875,174157.83497982862,0.31362872962933147
11230790,4,731798600.2375379,35970.63798248312,0.06653039245535897
11230790,5,3370847037.9563065,99673.60676793629,0.30645559621106483
11230790,6,2563360637.487138,40010.00369997892,0.2330441588181251
11230800,1,93483462.0243367,2127.818855852677,0.018606944219939192
11230800,2,320878310.83996433,30065.49156558824,0.06386760504904279
11230800,3,1479567190.4323385,115181.43043023699,0.2944929893039229
11230800,4,861131260.8758929,77613.41531417865,0.171399528752929
11230800,5,1734459796.2402012,140425.4526512862,0.34522680249012216
11230800,6,534596831.8407307,25645.73610218026,0.10640613018404384
11240510,1,37003659.09881209,875.2234632542311,0.04784629085455917
11240510,2,73867323.04873945,7638.282796821693,0.09551156586433718
11240510,3,151782803.36499947,12179.803651929731,0.19625746029952115
11240510,4,89148308.46373405,7003.04259550287,0.11527011111408464
11240510,5,265036391.36689287,13372.91220154536,0.3426960624223842
11240510,6,156547673.4981419,4504.658849232025,0.20241850944511372
11240520,1,66422260.18476089,1203.0998108855194,0.04962471603287531
11240520,2,57646664.62025665,4964.341252164688,0.04306838331103583
11240520,3,224613735.79302862,17023.667946406673,0.16781110466291568
11240520,4,139728448.57230163,12373.41847301167,0.104392481719638
11240520,5,553370256.1982743,29575.254554169664,0.4134282957022757
11240520,6,296710126.26545745,10026.2330530296,0.22167501857125954
11240530,1,79103042.55944036,1266.7967323223165,0.07320088136050634
11240530,2,14624572.10871959,1032.2308915463439,0.0135333804268543
11240530,3,218358200.54386976,11001.281947631525,0.2020657134660099
11240530,4,111581487.54444735,6633.559725280994,0.10325599329042665
11240530,5,454688852.91617763,17443.78993718014,0.42076288978709686
11240530,6,202273490.98237002,5095.182840858025,0.18718114166910588
11240540,1,123111577.31634435,2777.8195443293116,0.0626419443928055
11240540,2,87841500.75383852,5916.003365582044,0.044695734759886085
11240540,3,379541000.10488516,25779.13535224047,0.1931190123758052
11240540,4,182977613.418716,11555.206908274089,0.09310313241662739
11240540,5,769533175.6633991,38173.89464540635,0.3915558183001685
11240540,6,422316907.30899495,12493.830072016724,0.21488435775470738
11240550,1,61641346.30448484,1298.5956992733627,0.05987437890098692
11240550,2,42699408.51917696,4294.594181279569,0.04147541735861177
11240550,3,227955802.38967243,14387.422161746592,0.22142138196557704
11240550,4,112936505.10771951,8590.487655029141,0.10969914682218516
11240550,5,410972058.63068026,22625.836490555248,0.3991914231500433
11240550,6,173306123.02158406,5521.02899043995,0.16833825180259582
11240560,1,73627162.47857924,1856.1586041011662,0.02225183769696903
11240560,2,141351304.24295312,13344.859322633978,0.04271964550018032
11240560,3,816902176.5946856,67673.84864622379,0.24688680150038622
11240560,4,788689537.0246289,68670.75574070326,0.2383602868883552
11240560,5,1189980572.0505052,79274.81964962433,0.3596397533249765
11240560,6,298261916.5329835,9561.707639607568,0.0901416750891327
11240570,1,334799787.215634,3049.5808188895253,0.13462419196621586
11240570,2,58107926.360764846,6374.260078348446,0.023365405032685894
11240570,3,490874972.3573984,26811.50147761179,0.19738258216840177
11240570,4,235120152.6247886,11283.736320147644,0.09454265435867468
11240570,5,790094483.6392444,23157.033119978896,0.3176998179165238
11240570,6,577924101.9965111,8042.062193580084,0.23238534855749787
11240580,1,4069720261.140206,68772.68248907752,0.2175638775250924
11240580,2,251841797.44391257,15682.865502976074,0.013463254095856613
11240580,3,1520816801.5488408,76923.43976594922,0.08130160775659165
11240580,4,957184376.5457137,49526.24366798735,0.051170284713716145
11240580,5,5287751279.372101,152434.09121953102,0.2826788078564767
11240580,6,6618549285.585279,128451.90458525998,0.3538221680522664
11240590,1,80.88620689655173,0.013793103448275864,5.97663511565664e-07
11240590,2,1717248.9236507574,219.49628986831087,0.012688653125422084
11240590,3,59079905.74614448,1260.4891542970238,0.43653801168310763
11240590,4,28532061.516844027,946.8461429550126,0.21082175481629015
11240590,5,43617768.90929588,744.9992494481236,0.3222891755368091
11240590,6,2390302.505786709,51.46475451016214,0.017661807174859538
11240600,1,150453223.92128196,2558.1512377440094,0.0421837441197101
11240600,2,68073879.94660142,5346.395699054189,0.019086404784557778
11240600,3,922754235.8476202,45747.15378188346,0.25871980377596
11240600,4,404398214.27978283,20265.026735256346,0.11338428216447818
11240600,5,1409417125.9385195,48140.5100228751,0.3951692748680126
11240600,6,611519490.8433064,13707.216220183067,0.1714564902872813
11240610,1,337568802.0673149,6346.583406683512,0.07465035801140844
11240610,2,33058819.616224118,2117.3460155276957,0.007310665869216153
11240610,3,818448389.1182685,35010.22980784481,0.18099262990943032
11240610,4,450231717.1457658,19234.839006163795,0.09956476625562216
11240610,5,1737701526.3160784,47756.68595591681,0.38427733920327906
11240610,6,1144989180.3014703,22436.03489281146,0.25320424075104375
11240620,1,92690565.94178382,2529.94155906371,0.05049799641467428
11240620,2,86413611.56398399,7958.340517216871,0.04707829974495827
11240620,3,570910771.7733893,43713.575704026596,0.3110332730541176
11240620,4,315705470.9313556,27958.781227929347,0.1719969403272136
11240620,5,602887126.4899924,45893.309921634165,0.3284540518510401
11240620,6,166922029.178841,10293.180103663228,0.09093943860799614
11240630,1,505758426.4308247,11553.88063082717,0.07254826091363628
11240630,2,205266461.75303,16508.22117125021,0.0294443434767262
11240630,3,1461664488.3316176,86228.09123692644,0.20966772104227646
11240630,4,782526994.1179925,53069.39315446672,0.11224918770384641
11240630,5,2529997158.208831,110801.37640480803,0.3629141589193023
11240630,6,1486124171.9041824,38780.3842357207,0.21317632794421235
11240640,1,618072050.5361472,13599.123817093767,0.10464426536414952
11240640,2,124529792.92593643,12051.602111121414,0.021083834296309376
11240640,3,1033578165.9993265,68833.35128712865,0.17499258829711312
11240640,4,419381758.60868084,28597.34041027013,0.07100449858339596
11240640,5,2066818587.1271763,96427.38094311049,0.3499279938370938
11240640,6,1644030745.165762,46519.79946795016,0.27834681962193825
11240650,1,1011545525.4848046,16254.229510631645,0.12364035452190407
11240650,2,455677023.0746499,21817.3214868914,0.055697017347225576
11240650,3,1680512173.3943,100501.62594571519,0.2054075824192532
11240650,4,655206625.787038,34006.4253175728,0.08008535202464977
11240650,5,2355020555.4729185,85566.61782676306,0.2878521717996736
11240650,6,2023392229.8788118,38584.47117941783,0.24731752188729383
11240660,1,120099680.73779343,2353.4975461800004,0.06388382653953932
11240660,2,134350473.1724808,3139.639025240415,0.07146415603213938
11240660,3,230315478.29110417,8908.969081228908,0.12251018465771701
11240660,4,186130012.02825233,4319.928451955038,0.09900690267591551
11240660,5,640297881.7304319,10221.706965361827,0.3405894050576717
11240660,6,568776526.6081048,8813.090567671461,0.3025455250370171
11240670,1,188678109.92890078,5362.437978643154,0.05210499992220694
11240670,2,192909456.04707223,18082.476744325002,0.05327352068617493
11240670,3,954252767.0177823,55955.05836861909,0.26352468958886494
11240670,4,370730590.7444438,22510.288445718797,0.10238027829077859
11240670,5,1252492412.684235,54169.450721645844,0.3458860017734388
11240670,6,662049996.474567,18093.830327534317,0.18283050973853582
11240680,1,39979181.85579273,1084.3920339763433,0.024480133992804798
11240680,2,22642379.6912987,2398.7787387852213,0.013864428010515715
11240680,3,390140312.9571,22162.608825942287,0.2388915103774384
11240680,4,228629690.04576474,17597.477470298316,0.13999499707728003
11240680,5,681242746.0365589,37999.89342201531,0.41713994460306525
11240680,6,270493264.1050048,7878.035966735352,0.16562898593889583
11240690,1,462143659.0413032,7145.549390732698,0.04059395994507672
11240690,2,460249776.5762484,68086.11331390329,0.040427604338063514
11240690,3,3511971686.532911,232556.04983979798,0.3084859765621474
11240690,4,1258662407.2609851,83730.81774495044,0.11055889298734234
11240690,5,3793731457.091471,168732.6264639546,0.333235304214755
11240690,6,1897783434.7484114,45152.81975610387,0.16669826195261492
11240710,1,2660997999.1640544,50565.93441834368,0.1468937434742454
11240710,2,274129870.7512139,20067.40295447833,0.015132654336984446
11240710,3,2518461825.54864,149875.04607264584,0.13902539027388947
11240710,4,1600593730.5200543,104957.82838239936,0.08835677626640824
11240710,5,5944397208.022793,237599.53692583056,0.3281455900600574
11240710,6,5116540787.96587,115238.6750655518,0.28244584558841507
11240750,1,1176.921059602649,0.11721854304635762,5.337294276885796e-06
11240750,2,28663214.06905051,2563.9786870575476,0.12998663517801784
11240750,3,93661521.77719706,8772.682579712835,0.4247516008547113
11240750,4,31577336.202533327,3145.6960052237955,0.14320207325543252
11240750,5,66232523.5970537,5991.794961820621,0.30036208992437213
11240750,6,373159.21517698106,25.111705868919845,0.0016922634931893555
11240770,1,8079771.290711176,124.05876917044266,0.0008321519479789596
11240770,2,296820867.1734806,32519.688442240105,0.030570180012790327
11240770,3,3588690336.749976,223894.47680103604,0.3696064587685756
11240770,4,1912792334.2449136,133412.0872809022,0.1970023419909232
11240770,5,3513812898.0575714,212787.57080939785,0.3618946802756382
11240770,6,389294120.94373006,8434.007756452651,0.040094187004093736
11240780,1,0.0,0.0,0.0
11240780,2,140856.37388444852,10.56080383649235,0.03431257237600939
11240780,3,3409001.6019228133,189.01866636218313,0.830431814834777
11240780,4,477913.68881023064,30.990395067366983,0.11641963785209414
11240780,5,77323.46905229506,1.7364969171043618,0.01883597493711943
11240780,6,0.0,0.0,0.0
11240790,1,596021.5529526919,44.687719294211426,0.0001470617331639807
11240790,2,148981220.18304917,13900.40651276978,0.03675947009040939
11240790,3,1405057601.8605034,109109.14341204138,0.34668243975605506
11240790,4,938667764.3797488,90465.89713410981,0.23160590017422034
11240790,5,1517676164.2820325,128291.81506109383,0.37446982578949367
11240790,6,41887599.77134258,2591.229028060588,0.010335302456657546
11240800,1,392898.5550452998,76.64198192604854,0.00011645032110444982
11240800,2,194332322.5883795,18577.039460809712,0.05759772102949361
11240800,3,1297053446.498796,82239.45357060118,0.38443076054836467
11240800,4,643716514.6273488,55587.5260547298,0.1907896933343247
11240800,5,1120753792.2050223,77565.6030710721,0.33217770161118837
11240800,6,117709562.68470423,8652.563439195457,0.03488767315552425
11240810,1,55713647.077759266,1311.8827929827312,0.027399041845874782
11240810,2,83120474.48967959,7870.111427736489,0.040877262183412845
11240810,3,710688536.3251194,45225.45569976474,0.3495047617144541
11240810,4,220827022.5396381,14577.242914762683,0.10859904437451197
11240810,5,717539603.1360639,33266.26135943073,0.35287400203684705
11240810,6,245526607.07346138,6315.109889301066,0.12074588784489933
11240820,1,824372.5536512745,21.96983839211668,0.0017512415158240054
11240820,2,10353590.187469173,920.3980478186229,0.021994469483264837
11240820,3,116518730.19935708,6962.7558940955305,0.24752454068543447
11240820,4,86670641.08065704,7371.960553972739,0.1841172709975186
11240820,5,221494916.19046828,14125.1126364421,0.4705288780645069
11240820,6,34873822.570103385,2305.515061130459,0.07408359925345125
11250530,1,386756419.7677246,6748.042760854097,0.09043117086918111
11250530,2,136186272.4639829,11631.127444676693,0.031842998450093314
11250530,3,541660074.652129,32623.81067083387,0.12665065726199945
11250530,4,411577573.799747,24780.66495971469,0.09623483929384004
11250530,5,1603264014.526792,66542.86903124597,0.37487429978061043
11250530,6,1197359937.4954147,34230.85956892988,0.27996603434427564
11250540,1,445249433.3806877,8757.886688314376,0.0379976245572161
11250540,2,348105136.128218,30600.340284186048,0.02970732195795838
11250540,3,2893717206.9472437,206463.74548762376,0.24695007283777162
11250540,4,1912033529.2280705,155976.31967561453,0.16317310419191283
11250540,5,4625761190.746192,321951.04033581103,0.39476285389684784
11250540,6,1492956356.1597433,67505.43758387041,0.12740902255829326
11250550,1,29164301.846752323,651.5722018175974,0.038463970755716254
11250550,2,12863391.37683463,954.3074821980942,0.0169651621471267
11250550,3,164703319.78017822,10339.394079837924,0.21722253831698105
11250550,4,78136473.86140491,5687.742107579804,0.10305197982630761
11250550,5,293436243.9093416,13504.819152874323,0.3870047417457038
11250550,6,179920167.42814922,5068.332390844148,0.23729160720816467
11250560,1,108752417.50983159,2212.002308146308,0.04704300821303391
11250560,2,32807232.221440855,2499.2670968868388,0.01419141689149695
11250560,3,382344285.13027287,26163.712702357076,0.16539057942287996
11250560,4,199645366.91591674,12769.062637207886,0.08636055041875806
11250560,5,1033431209.8851038,45134.169258438465,0.4470311006174688
11250560,6,554785288.2060798,14341.51210265285,0.23998334443636232
11250580,1,112487705.66671522,7426.063518087442,0.04886375824433101
11250580,2,127513563.7628606,12320.320971503545,0.055390870634720216
11250580,3,463342398.0013082,29757.614018475164,0.20127222602766467
11250580,4,233714026.3174402,16221.011926691303,0.10152350083591224
11250580,5,930568359.7817651,43593.970269037825,0.40423144105120246
11250580,6,434442180.85025793,18143.982127287236,0.1887182032061694
11250590,1,2710558.8366512945,65.55324600576827,0.004375955925234153
11250590,2,6314027.119592421,598.196197666895,0.010193434657262189
11250590,3,124656025.55116785,8985.23578893213,0.20124605533399403
11250590,4,126787744.4385057,10536.893324463137,0.2046875256942184
11250590,5,313934738.8695997,17017.18206104683,0.5068196868179594
11250590,6,45017868.9608161,1514.738393849433,0.0726773415713318
11250610,1,209192283.3050074,6011.192017861447,0.06728142177558606
11250610,2,212925804.58823732,3046.3596103550317,0.06848221473121754
11250610,3,388351350.94993013,12431.16662104709,0.12490341721775858
11250610,4,356147453.2197358,13492.013307089412,0.11454584574441744
11250610,5,1160344076.7382405,46894.00058033718,0.3731954066298
11250610,6,782252210.4737784,28415.951432928774,0.2515916939012204
11250630,1,965104340.6650565,36325.64259830747,0.17746285549255292
11250630,2,347726540.0095813,35796.14586755151,0.06393976497724815
11250630,3,840123403.9472063,68011.07503094003,0.15448142957046057
11250630,4,432521692.60033023,36777.337007265975,0.07953185101046548
11250630,5,1498669018.0566764,84592.29793605814,0.2755744349872943
11250630,6,1354200612.2364993,51816.25009131573,0.24900966396197852
11250650,1,113032942.23934385,1548.948649264135,0.030540513701308197
11250650,2,109743591.1501723,9460.805054513803,0.029651759768012015
11250650,3,1135594332.5645247,60238.430486622216,0.30682766975469405
11250650,4,477403115.6454246,27205.002797459423,0.12899015194653
11250650,5,1304860552.4766319,54678.92113569653,0.35256192391086866
11250650,6,560447358.1548808,11267.305222241885,0.15142798091858709
11250660,1,336693600.53912354,6534.612851148229,0.07031279326512284
11250660,2,87447529.62216449,8032.267589197365,0.018261945169208777
11250660,3,734377475.9725164,52849.65734716649,0.1533623792193763
11250660,4,452360497.1705603,28189.42857600367,0.09446787841506916
11250660,5,1862075342.33723,77468.06619487025,0.3888631039621639
11250660,6,1315556789.711833,30648.724147014498,0.274731899969059
11250670,1,483278380.9833134,8039.679694587505,0.08600289481225831
11250670,2,133930131.87520817,10490.268641441144,0.023833838833053695
11250670,3,1128100779.232332,76856.40333704243,0.2007537197433518
11250670,4,651179465.1858389,47201.96998303578,0.1158821111226451
11250670,5,1933215443.1600711,90680.66250443822,0.34402971651502373
11250670,6,1289622707.5504065,33975.476584976146,0.2294977189736673
11250710,1,61412876.77128005,2948.4691689555793,0.026523101852779115
11250710,2,244473845.18418515,38007.70887898813,0.10558379670618291
11250710,3,739271718.5124478,69836.40736324937,0.31927797748361386
11250710,4,298187377.4440222,27692.438427141748,0.12878169203204456
11250710,5,704277741.1883602,32449.100871976934,0.3041647166562906
11250710,6,267824954.88432205,9021.9867467046,0.11566871526908905
11250720,1,137814994.91281542,2888.0676824064667,0.03811114735505163
11250720,2,126260986.26411274,9030.094466830145,0.034916019521314706
11250720,3,671831565.8272556,48209.02815038291,0.18578727096580017
11250720,4,672221680.8526137,51468.64265189936,0.18589515277667457
11250720,5,1512149658.440922,97641.44250706899,0.4181675476764392
11250720,6,495854567.4894713,13484.534655441388,0.13712286170471968
11250730,1,1141805437.8860624,20570.36825878466,0.14611561857816177
11250730,2,135879076.0128644,6619.209424198164,0.017388299779169496
11250730,3,1021374092.2941601,50435.681681807095,0.13070414831056518
11250730,4,657322328.0096419,30619.85953540399,0.08411683407304832
11250730,5,2601317968.5769725,80528.03470149163,0.33288787343736576
11250730,6,2256698004.2509813,52303.22155209627,0.2887872258216895
11250740,1,1736180453.1156886,47580.21460474893,0.18579886321338046
11250740,2,410954406.1124622,29218.497179758946,0.043978643666447007
11250740,3,1500229054.5498009,91123.45496316398,0.1605483188080012
11250740,4,714557620.4801401,47292.20242858823,0.07646900605718407
11250740,5,2727335051.067579,124639.2511261208,0.29186813570040654
11250740,6,2255151787.7318883,70154.85617502574,0.24133703255458064
11250750,1,76355451.25250947,1599.9682076120212,0.07611134321287062
11250750,2,55385801.22739133,6378.352737198199,0.05520873306605293
11250750,3,199402213.69135308,12416.841083187159,0.1987647256969089
11250750,4,112666426.44225664,7367.579821186322,0.11230623237568002
11250750,5,345645989.5445919,15758.785701597459,0.34454096084614666
11250750,6,213751366.97631538,6404.698259243318,0.21306800480234095
