id,name,type,subtype,address,capacity,facility,idle_score,lat,lon
1037932,구로디지털단지역 공영주차장(시),노외 주차장,시간제 주차장,구로구 구로동 810-3,91,주차장,0.06293706293706293,37.48543179,126.90124331
1051043,구파발역 공영주차장(시),노외 주차장,시간제 주차장,은평구 진관동 70-1,399,주차장,0.2783216783216783,37.638209,126.918987
1163833,봉천복개3 공영주차장(시),노상 주차장,시간제 주차장,관악구 신림동 1467-3,1,주차장,0.0,37.48806796,126.93139234
1163833,봉천복개3 공영주차장(시),노상 주차장,시간제 주차장,관악구 신림동 1467-3,1,주차장,0.0,37.48719836,126.93242431
1163833,봉천복개3 공영주차장(시),노상 주차장,시간제 주차장,관악구 신림동 1467-3,1,주차장,0.0,37.4890235,126.92930793
1163833,봉천복개3 공영주차장(시),노상 주차장,시간제 주차장,관악구 신림동 1467-3,1,주차장,0.0,37.48839206,126.93069135
1163833,봉천복개3 공영주차장(시),노상 주차장,시간제 주차장,관악구 신림동 1467-3,1,주차장,0.0,37.4873458,126.93305111
1163833,봉천복개3 공영주차장(시),노상 주차장,시간제 주차장,관악구 신림동 1467-3,1,주차장,0.0,37.48745265,126.93184686
1163833,봉천복개3 공영주차장(시),노상 주차장,시간제 주차장,관악구 신림동 1467-3,1,주차장,0.0,37.48953571,126.92657092
1163833,봉천복개3 공영주차장(시),노상 주차장,시간제 주차장,관악구 신림동 1467-3,1,주차장,0.0,37.48968909,126.92563338
1163833,봉천복개3 공영주차장(시),노상 주차장,시간제 주차장,관악구 신림동 1467-3,1,주차장,0.0,37.48685341,126.93319061
1163833,봉천복개3 공영주차장(시),노상 주차장,시간제 주차장,관악구 신림동 1467-3,1,주차장,0.0,37.48908779,126.92916875
1163833,봉천복개3 공영주차장(시),노상 주차장,시간제 주차장,관악구 신림동 1467-3,1,주차장,0.0,37.48811293,126.93129419
1163833,봉천복개3 공영주차장(시),노상 주차장,시간제 주차장,관악구 신림동 1467-3,1,주차장,0.0,37.48739059,126.93294915
1163833,봉천복개3 공영주차장(시),노상 주차장,시간제 주차장,관악구 신림동 1467-3,1,주차장,0.0,37.48851031,126.93044266
1163833,봉천복개3 공영주차장(시),노상 주차장,시간제 주차장,관악구 신림동 1467-3,1,주차장,0.0,37.48964379,126.92595452
1163833,봉천복개3 공영주차장(시),노상 주차장,시간제 주차장,관악구 신림동 1467-3,1,주차장,0.0,37.48879434,126.92980078
1163833,봉천복개3 공영주차장(시),노상 주차장,시간제 주차장,관악구 신림동 1467-3,1,주차장,0.0,37.48702428,126.93280786
1163833,봉천복개3 공영주차장(시),노상 주차장,시간제 주차장,관악구 신림동 1467-3,1,주차장,0.0,37.48792604,126.93079671
1163833,봉천복개3 공영주차장(시),노상 주차장,시간제 주차장,관악구 신림동 1467-3,1,주차장,0.0,37.48748023,126.93274564
1163833,봉천복개3 공영주차장(시),노상 주차장,시간제 주차장,관악구 신림동 1467-3,1,주차장,0.0,37.48897708,126.92940969
1163833,봉천복개3 공영주차장(시),노상 주차장,시간제 주차장,관악구 신림동 1467-3,1,주차장,0.0,37.48695963,126.93295437
1163833,봉천복개3 공영주차장(시),노상 주차장,시간제 주차장,관악구 신림동 1467-3,1,주차장,0.0,37.48853367,126.93039044
1163833,봉천복개3 공영주차장(시),노상 주차장,시간제 주차장,관악구 신림동 1467-3,1,주차장,0.0,37.48704645,126.93275869
1163833,봉천복개3 공영주차장(시),노상 주차장,시간제 주차장,관악구 신림동 1467-3,1,주차장,0.0,37.48858099,126.92932424
1163833,봉천복개3 공영주차장(시),노상 주차장,시간제 주차장,관악구 신림동 1467-3,1,주차장,0.0,37.4891104,126.92911787
1163833,봉천복개3 공영주차장(시),노상 주차장,시간제 주차장,관악구 신림동 1467-3,1,주차장,0.0,37.48775652,126.93116709
1163833,봉천복개3 공영주차장(시),노상 주차장,시간제 주차장,관악구 신림동 1467-3,1,주차장,0.0,37.48800038,126.93153933
1163833,봉천복개3 공영주차장(시),노상 주차장,시간제 주차장,관악구 신림동 1467-3,1,주차장,0.0,37.48900089,126.92935881
1163833,봉천복개3 공영주차장(시),노상 주차장,시간제 주차장,관악구 신림동 1467-3,1,주차장,0.0,37.48875039,126.9298996
1163833,봉천복개3 공영주차장(시),노상 주차장,시간제 주차장,관악구 신림동 1467-3,1,주차장,0.0,37.48804535,126.93144118
1163833,봉천복개3 공영주차장(시),노상 주차장,시간제 주차장,관악구 신림동 1467-3,1,주차장,0.0,37.48891161,126.92955784
1163833,봉천복개3 공영주차장(시),노상 주차장,시간제 주차장,관악구 신림동 1467-3,1,주차장,0.0,37.48736847,126.93299867
1163833,봉천복개3 공영주차장(시),노상 주차장,시간제 주차장,관악구 신림동 1467-3,1,주차장,0.0,37.48773442,126.9312163
1163833,봉천복개3 공영주차장(시),노상 주차장,시간제 주차장,관악구 신림동 1467-3,1,주차장,0.0,37.48855776,126.93033953
1163833,봉천복개3 공영주차장(시),노상 주차장,시간제 주차장,관악구 신림동 1467-3,1,주차장,0.0,37.48717617,126.9324736
1163833,봉천복개3 공영주차장(시),노상 주차장,시간제 주차장,관악구 신림동 1467-3,1,주차장,0.0,37.48895446,126.92946057
1163833,봉천복개3 공영주차장(시),노상 주차장,시간제 주차장,관악구 신림동 1467-3,1,주차장,0.0,37.48961411,126.92614751
1163833,봉천복개3 공영주차장(시),노상 주차장,시간제 주차장,관악구 신림동 1467-3,1,주차장,0.0,37.48750347,126.93269465
1163833,봉천복개3 공영주차장(시),노상 주차장,시간제 주차장,관악구 신림동 1467-3,1,주차장,0.0,37.48687558,126.93314145
1163833,봉천복개3 공영주차장(시),노상 주차장,시간제 주차장,관악구 신림동 1467-3,1,주차장,0.0,37.48843885,126.93059243
1163833,봉천복개3 공영주차장(시),노상 주차장,시간제 주차장,관악구 신림동 1467-3,1,주차장,0.0,37.48893304,126.92950996
1163833,봉천복개3 공영주차장(시),노상 주차장,시간제 주차장,관악구 신림동 1467-3,1,주차장,0.0,37.48783229,126.9310132
1163833,봉천복개3 공영주차장(시),노상 주차장,시간제 주차장,관악구 신림동 1467-3,1,주차장,0.0,37.48741271,126.93289825
1163833,봉천복개3 공영주차장(시),노상 주차장,시간제 주차장,관악구 신림동 1467-3,1,주차장,0.0,37.48968198,126.92569472
1163833,봉천복개3 공영주차장(시),노상 주차장,시간제 주차장,관악구 신림동 1467-3,1,주차장,0.0,37.48756582,126.93159339
1163833,봉천복개3 공영주차장(시),노상 주차장,시간제 주차장,관악구 신림동 1467-3,1,주차장,0.0,37.48809036,126.93134306
1163833,봉천복개3 공영주차장(시),노상 주차장,시간제 주차장,관악구 신림동 1467-3,1,주차장,0.0,37.48758782,126.93154407
1163833,봉천복개3 공영주차장(시),노상 주차장,시간제 주차장,관악구 신림동 1467-3,1,주차장,0.0,37.4884149,126.93064183
1163833,봉천복개3 공영주차장(시),노상 주차장,시간제 주차장,관악구 신림동 1467-3,1,주차장,0.0,37.48962361,126.92608617
1163833,봉천복개3 공영주차장(시),노상 주차장,시간제 주차장,관악구 신림동 1467-3,1,주차장,0.0,37.48745665,126.93279646
1163833,봉천복개3 공영주차장(시),노상 주차장,시간제 주차장,관악구 신림동 1467-3,1,주차장,0.0,37.48848513,126.93049361
1163833,봉천복개3 공영주차장(시),노상 주차장,시간제 주차장,관악구 신림동 1467-3,1,주차장,0.0,37.48802277,126.93149005
1163833,봉천복개3 공영주차장(시),노상 주차장,시간제 주차장,관악구 신림동 1467-3,1,주차장,0.0,37.48958799,126.92630461
1163833,봉천복개3 공영주차장(시),노상 주차장,시간제 주차장,관악구 신림동 1467-3,1,주차장,0.0,37.48877237,126.92985014
1163833,봉천복개3 공영주차장(시),노상 주차장,시간제 주차장,관악구 신림동 1467-3,1,주차장,0.0,37.48881637,126.92975142
1163833,봉천복개3 공영주차장(시),노상 주차장,시간제 주차장,관악구 신림동 1467-3,1,주차장,0.0,37.48794759,126.93074705
1163833,봉천복개3 공영주차장(시),노상 주차장,시간제 주차장,관악구 신림동 1467-3,1,주차장,0.0,37.4884613,126.93054304
1163833,봉천복개3 공영주차장(시),노상 주차장,시간제 주차장,관악구 신림동 1467-3,1,주차장,0.0,37.48904612,126.92925705
1163833,봉천복개3 공영주차장(시),노상 주차장,시간제 주차장,관악구 신림동 1467-3,1,주차장,0.0,37.48767029,126.9313598
1163833,봉천복개3 공영주차장(시),노상 주차장,시간제 주차장,관악구 신림동 1467-3,1,주차장,0.0,37.48959749,126.92624776
1167546,독산동 금천교 공영주차장(시),노상 주차장,시간제 주차장,금천구 독산동 1081-4,1,주차장,0.0,37.46654105,126.89000673
1167546,독산동 금천교 공영주차장(시),노상 주차장,시간제 주차장,금천구 독산동 1081-4,1,주차장,0.0,37.46658707,126.88988676
1167546,독산동 금천교 공영주차장(시),노상 주차장,시간제 주차장,금천구 독산동 1081-4,1,주차장,0.0,37.46658655,126.89003203
1167546,독산동 금천교 공영주차장(시),노상 주차장,시간제 주차장,금천구 독산동 1081-4,1,주차장,0.0,37.46658696,126.88995939
1167546,독산동 금천교 공영주차장(시),노상 주차장,시간제 주차장,금천구 독산동 1081-4,1,주차장,0.0,37.46654108,126.88998302
1167546,독산동 금천교 공영주차장(시),노상 주차장,시간제 주차장,금천구 독산동 1081-4,1,주차장,0.0,37.46658699,126.88993456
1167546,독산동 금천교 공영주차장(시),노상 주차장,시간제 주차장,금천구 독산동 1081-4,1,주차장,0.0,37.46660227,126.89009808
1167546,독산동 금천교 공영주차장(시),노상 주차장,시간제 주차장,금천구 독산동 1081-4,1,주차장,0.0,37.46654127,126.88986296
1167546,독산동 금천교 공영주차장(시),노상 주차장,시간제 주차장,금천구 독산동 1081-4,1,주차장,0.0,37.46654581,126.89009797
1167546,독산동 금천교 공영주차장(시),노상 주차장,시간제 주차장,금천구 독산동 1081-4,1,주차장,0.0,37.46658651,126.8900567
1167546,독산동 금천교 공영주차장(시),노상 주차장,시간제 주차장,금천구 독산동 1081-4,1,주차장,0.0,37.46658714,126.88983859
1167546,독산동 금천교 공영주차장(시),노상 주차장,시간제 주차장,금천구 독산동 1081-4,1,주차장,0.0,37.46658688,126.89000682
1167546,독산동 금천교 공영주차장(시),노상 주차장,시간제 주차장,금천구 독산동 1081-4,1,주차장,0.0,37.46658703,126.88991085
1167546,독산동 금천교 공영주차장(시),노상 주차장,시간제 주차장,금천구 독산동 1081-4,1,주차장,0.0,37.46658692,126.88998311
1167546,독산동 금천교 공영주차장(시),노상 주차장,시간제 주차장,금천구 독산동 1081-4,1,주차장,0.0,37.46654071,126.89003194
1167546,독산동 금천교 공영주차장(시),노상 주차장,시간제 주차장,금천구 독산동 1081-4,1,주차장,0.0,37.46654151,126.88993519
1167546,독산동 금천교 공영주차장(시),노상 주차장,시간제 주차장,금천구 독산동 1081-4,1,주차장,0.0,37.4665412,126.88991076
1167546,독산동 금천교 공영주차장(시),노상 주차장,시간제 주차장,금천구 독산동 1081-4,1,주차장,0.0,37.46654123,126.88988667
1167546,독산동 금천교 공영주차장(시),노상 주차장,시간제 주차장,금천구 독산동 1081-4,1,주차장,0.0,37.46654131,126.8898385
1167546,독산동 금천교 공영주차장(시),노상 주차장,시간제 주차장,금천구 독산동 1081-4,1,주차장,0.0,37.46658718,126.88981413
1167546,독산동 금천교 공영주차장(시),노상 주차장,시간제 주차장,금천구 독산동 1081-4,1,주차장,0.0,37.46658711,126.88986305
1208601,청계2(북2) 공영주차장(시),노상 주차장,시간제 주차장,종로구 관수동 91-4,1,주차장,0.0,37.56882441,126.99623776
1208601,청계2(북2) 공영주차장(시),노상 주차장,시간제 주차장,종로구 관수동 91-4,1,주차장,0.0,37.56877035,126.99578643
1208601,청계2(북2) 공영주차장(시),노상 주차장,시간제 주차장,종로구 관수동 91-4,1,주차장,0.0,37.56894623,126.9973307
1208601,청계2(북2) 공영주차장(시),노상 주차장,시간제 주차장,종로구 관수동 91-4,1,주차장,0.0,37.56882965,126.99630542
1208601,청계2(북2) 공영주차장(시),노상 주차장,시간제 주차장,종로구 관수동 91-4,1,주차장,0.0,37.56895335,126.99739338
1208601,청계2(북2) 공영주차장(시),노상 주차장,시간제 주차장,종로구 관수동 91-4,1,주차장,0.0,37.56896044,126.997456
1208601,청계2(북2) 공영주차장(시),노상 주차장,시간제 주차장,종로구 관수동 91-4,1,주차장,0.0,37.56878199,126.99591057
1208601,청계2(북2) 공영주차장(시),노상 주차장,시간제 주차장,종로구 관수동 91-4,1,주차장,0.0,37.56896653,126.99751818
1208601,청계2(북2) 공영주차장(시),노상 주차장,시간제 주차장,종로구 관수동 91-4,1,주차장,0.0,37.56877674,126.99584738
1210657,청계3(북1) 공영주차장(시),노상 주차장,시간제 주차장,종로구 예지동 140-1,1,주차장,0.0,37.56967214,127.00112596
1210657,청계3(북1) 공영주차장(시),노상 주차장,시간제 주차장,종로구 예지동 140-1,1,주차장,0.0,37.56916536,126.99851563
1210657,청계3(북1) 공영주차장(시),노상 주차장,시간제 주차장,종로구 예지동 140-1,1,주차장,0.0,37.56960989,127.00079461
1210657,청계3(북1) 공영주차장(시),노상 주차장,시간제 주차장,종로구 예지동 140-1,1,주차장,0.0,37.56959507,127.00072641
1210657,청계3(북1) 공영주차장(시),노상 주차장,시간제 주차장,종로구 예지동 140-1,1,주차장,0.0,37.56963304,127.00091791
1210657,청계3(북1) 공영주차장(시),노상 주차장,시간제 주차장,종로구 예지동 140-1,1,주차장,0.0,37.56928478,126.99911222
1210657,청계3(북1) 공영주차장(시),노상 주차장,시간제 주차장,종로구 예지동 140-1,1,주차장,0.0,37.56966045,127.0010714
1210657,청계3(북1) 공영주차장(시),노상 주차장,시간제 주차장,종로구 예지동 140-1,1,주차장,0.0,37.56958147,127.00065667
1210657,청계3(북1) 공영주차장(시),노상 주차장,시간제 주차장,종로구 예지동 140-1,1,주차장,0.0,37.56925787,126.99897978
1210657,청계3(북1) 공영주차장(시),노상 주차장,시간제 주차장,종로구 예지동 140-1,1,주차장,0.0,37.56922056,126.99879592
1210657,청계3(북1) 공영주차장(시),노상 주차장,시간제 주차장,종로구 예지동 140-1,1,주차장,0.0,37.56927065,126.99904558
1210657,청계3(북1) 공영주차장(시),노상 주차장,시간제 주차장,종로구 예지동 140-1,1,주차장,0.0,37.56962119,127.00085573
1210657,청계3(북1) 공영주차장(시),노상 주차장,시간제 주차장,종로구 예지동 140-1,1,주차장,0.0,37.56919089,126.99864432
1210657,청계3(북1) 공영주차장(시),노상 주차장,시간제 주차장,종로구 예지동 140-1,1,주차장,0.0,37.56957034,127.00059003
1210657,청계3(북1) 공영주차장(시),노상 주차장,시간제 주차장,종로구 예지동 140-1,1,주차장,0.0,37.56929756,126.99917886
1210657,청계3(북1) 공영주차장(시),노상 주차장,시간제 주차장,종로구 예지동 140-1,1,주차장,0.0,37.56964972,127.00101524
1210657,청계3(북1) 공영주차장(시),노상 주차장,시간제 주차장,종로구 예지동 140-1,1,주차장,0.0,37.56958071,127.00061744
1210657,청계3(북1) 공영주차장(시),노상 주차장,시간제 주차장,종로구 예지동 140-1,1,주차장,0.0,37.56917898,126.99858049
1210657,청계3(북1) 공영주차장(시),노상 주차장,시간제 주차장,종로구 예지동 140-1,1,주차장,0.0,37.56924576,126.99891399
1234305,가마산고가밑 공영주차장(시),노상 주차장,시간제 주차장,구로구 구로동 414-13,1,주차장,0.0,37.49294669,126.88263891
1234305,가마산고가밑 공영주차장(시),노상 주차장,시간제 주차장,구로구 구로동 414-13,1,주차장,0.0,37.49276606,126.8825195
1234305,가마산고가밑 공영주차장(시),노상 주차장,시간제 주차장,구로구 구로동 414-13,1,주차장,0.0,37.49293677,126.88260901
1234305,가마산고가밑 공영주차장(시),노상 주차장,시간제 주차장,구로구 구로동 414-13,1,주차장,0.0,37.49279709,126.88255837
1234305,가마산고가밑 공영주차장(시),노상 주차장,시간제 주차장,구로구 구로동 414-13,1,주차장,0.0,37.49288559,126.88251173
1234305,가마산고가밑 공영주차장(시),노상 주차장,시간제 주차장,구로구 구로동 414-13,1,주차장,0.0,37.49287143,126.88270182
1234305,가마산고가밑 공영주차장(시),노상 주차장,시간제 주차장,구로구 구로동 414-13,1,주차장,0.0,37.4928576,126.88266744
1234305,가마산고가밑 공영주차장(시),노상 주차장,시간제 주차장,구로구 구로동 414-13,1,주차장,0.0,37.49296464,126.88270317
1234305,가마산고가밑 공영주차장(시),노상 주차장,시간제 주차장,구로구 구로동 414-13,1,주차장,0.0,37.49288926,126.88277064
1234305,가마산고가밑 공영주차장(시),노상 주차장,시간제 주차장,구로구 구로동 414-13,1,주차장,0.0,37.49281594,126.88258226
1234305,가마산고가밑 공영주차장(시),노상 주차장,시간제 주차장,구로구 구로동 414-13,1,주차장,0.0,37.49283218,126.8824385
1234305,가마산고가밑 공영주차장(시),노상 주차장,시간제 주차장,구로구 구로동 414-13,1,주차장,0.0,37.4928513,126.88246397
1234305,가마산고가밑 공영주차장(시),노상 주차장,시간제 주차장,구로구 구로동 414-13,1,주차장,0.0,37.49281037,126.88241316
1234305,가마산고가밑 공영주차장(시),노상 주차장,시간제 주차장,구로구 구로동 414-13,1,주차장,0.0,37.49292208,126.8825791
1234305,가마산고가밑 공영주차장(시),노상 주차장,시간제 주차장,구로구 구로동 414-13,1,주차장,0.0,37.49274815,126.8824956
1234305,가마산고가밑 공영주차장(시),노상 주차장,시간제 주차장,구로구 구로동 414-13,1,주차장,0.0,37.49295594,126.8826702
1234305,가마산고가밑 공영주차장(시),노상 주차장,시간제 주차장,구로구 구로동 414-13,1,주차장,0.0,37.492845,126.88263904
1234305,가마산고가밑 공영주차장(시),노상 주차장,시간제 주차장,구로구 구로동 414-13,1,주차장,0.0,37.4928816,126.88273623
1235522,청계3(남) 공영주차장(시),노상 주차장,시간제 주차장,중구 주교동 51-3,1,주차장,0.0,37.5693254,127.00115633
1235522,청계3(남) 공영주차장(시),노상 주차장,시간제 주차장,중구 주교동 51-3,1,주차장,0.0,37.56879022,126.99838423
1235522,청계3(남) 공영주차장(시),노상 주차장,시간제 주차장,중구 주교동 51-3,1,주차장,0.0,37.56898377,126.99935493
1235522,청계3(남) 공영주차장(시),노상 주차장,시간제 주차장,중구 주교동 51-3,1,주차장,0.0,37.56933702,127.00122034
1235522,청계3(남) 공영주차장(시),노상 주차장,시간제 주차장,중구 주교동 51-3,1,주차장,0.0,37.56903312,126.99960609
1235522,청계3(남) 공영주차장(시),노상 주차장,시간제 주차장,중구 주교동 51-3,1,주차장,0.0,37.56884923,126.99869978
1235522,청계3(남) 공영주차장(시),노상 주차장,시간제 주차장,중구 주교동 51-3,1,주차장,0.0,37.56881311,126.99850171
1235522,청계3(남) 공영주차장(시),노상 주차장,시간제 주차장,중구 주교동 51-3,1,주차장,0.0,37.56904563,126.99966943
1235522,청계3(남) 공영주차장(시),노상 주차장,시간제 주차장,중구 주교동 51-3,1,주차장,0.0,37.56907066,126.99979552
1235522,청계3(남) 공영주차장(시),노상 주차장,시간제 주차장,중구 주교동 51-3,1,주차장,0.0,37.56902091,126.99954331
1235522,청계3(남) 공영주차장(시),노상 주차장,시간제 주차장,중구 주교동 51-3,1,주차장,0.0,37.56883774,126.99862734
1235522,청계3(남) 공영주차장(시),노상 주차장,시간제 주차장,중구 주교동 51-3,1,주차장,0.0,37.56895905,126.99922882
1235522,청계3(남) 공영주차장(시),노상 주차장,시간제 주차장,중구 주교동 51-3,1,주차장,0.0,37.56897125,126.99929159
1235522,청계3(남) 공영주차장(시),노상 주차장,시간제 주차장,중구 주교동 51-3,1,주차장,0.0,37.56905815,126.99973217
1235522,청계3(남) 공영주차장(시),노상 주차장,시간제 주차장,중구 주교동 51-3,1,주차장,0.0,37.56880167,126.998443
1235522,청계3(남) 공영주차장(시),노상 주차장,시간제 주차장,중구 주교동 51-3,1,주차장,0.0,37.5690088,126.99948102
1235522,청계3(남) 공영주차장(시),노상 주차장,시간제 주차장,중구 주교동 51-3,1,주차장,0.0,37.56931358,127.00109307
1235522,청계3(남) 공영주차장(시),노상 주차장,시간제 주차장,중구 주교동 51-3,1,주차장,0.0,37.56882563,126.99856505
1235522,청계3(남) 공영주차장(시),노상 주차장,시간제 주차장,중구 주교동 51-3,1,주차장,0.0,37.56899628,126.99941768
1235522,청계3(남) 공영주차장(시),노상 주차장,시간제 주차장,중구 주교동 51-3,1,주차장,0.0,37.56934864,127.00128399
1235665,청계6(청평화) 공영주차장(시),노상 주차장,시간제 주차장,중구 신당동 217-91 0,1,주차장,0.0,37.56959414,127.01472989
1235665,청계6(청평화) 공영주차장(시),노상 주차장,시간제 주차장,중구 신당동 217-91 0,1,주차장,0.0,37.56960064,127.01514828
1235665,청계6(청평화) 공영주차장(시),노상 주차장,시간제 주차장,중구 신당동 217-91 0,1,주차장,0.0,37.56959934,127.01508269
1235665,청계6(청평화) 공영주차장(시),노상 주차장,시간제 주차장,중구 신당동 217-91 0,1,주차장,0.0,37.56960075,127.01521402
1235665,청계6(청평화) 공영주차장(시),노상 주차장,시간제 주차장,중구 신당동 217-91 0,1,주차장,0.0,37.56959839,127.0150174
1236612,남대문 화물 공영주차장(시),노상 주차장,시간제 주차장,중구 남대문로4가 24-1,1,주차장,0.0,37.56069448,126.97708039
1236612,남대문 화물 공영주차장(시),노상 주차장,시간제 주차장,중구 남대문로4가 24-1,1,주차장,0.0,37.56093651,126.97800584
1236612,남대문 화물 공영주차장(시),노상 주차장,시간제 주차장,중구 남대문로4가 24-1,1,주차장,0.0,37.56071536,126.97714199
1236612,남대문 화물 공영주차장(시),노상 주차장,시간제 주차장,중구 남대문로4가 24-1,1,주차장,0.0,37.56067339,126.97701977
1236612,남대문 화물 공영주차장(시),노상 주차장,시간제 주차장,중구 남대문로4가 24-1,1,주차장,0.0,37.56096448,126.97813425
1236612,남대문 화물 공영주차장(시),노상 주차장,시간제 주차장,중구 남대문로4가 24-1,1,주차장,0.0,37.56094985,126.9780686
1236612,남대문 화물 공영주차장(시),노상 주차장,시간제 주차장,중구 남대문로4가 24-1,1,주차장,0.0,37.56092361,126.97794273
1236612,남대문 화물 공영주차장(시),노상 주차장,시간제 주차장,중구 남대문로4가 24-1,1,주차장,0.0,37.56089728,126.97781701
1236612,남대문 화물 공영주차장(시),노상 주차장,시간제 주차장,중구 남대문로4가 24-1,1,주차장,0.0,37.56091076,126.97788023
1247636,신설동 공영주차장(시),노외 주차장,시간제 주차장,동대문구 신설동 114-29,79,주차장,0.05454545454545454,37.57252061,127.02425684
1277144,영등포구청역 공영주차장(시),노외 주차장,시간제 주차장,영등포구 당산동3가 370-3,137,주차장,0.0951048951048951,37.52432737,126.89548892
1277145,잠실역 공영주차장(시),노외 주차장,시간제 주차장,송파구 신천동 27-0,357,주차장,0.24895104895104897,37.51427683,127.10341414
1277146,장안2동 공영주차장(시),노외 주차장,시간제 주차장,동대문구 장안동 286-9,80,주차장,0.05524475524475524,37.5782752,127.07061896
1277160,당산노외 공영주차장(시),노외 주차장,시간제 주차장,영등포구 당산동3가 2-1,236,주차장,0.16433566433566435,37.52625065,126.89945376
1277163,명일파출소 공영주차장(시),노외 주차장,시간제 주차장,강동구 명일동 47-9,12,주차장,0.007692307692307693,37.55361065,127.15591212
1366527,동작대교 공영주차장(시),노외 주차장,시간제 주차장,용산구 용산동6가 69-11,88,주차장,0.06083916083916084,37.518577,126.983287
1366576,개화역 공영주차장(시),노외 주차장,시간제 주차장,강서구 개화동 664-0,483,주차장,0.33706293706293705,37.57798421,126.79821222
1366590,신대방역 공영주차장(시),노외 주차장,시간제 주차장,관악구 신림동 498-0,60,주차장,0.04125874125874126,37.48830327,126.91452278
1366593,구로디지털단지역(상) 공영주차장(시),노외 주차장,시간제 주차장,관악구 신림동 1677-5,31,주차장,0.020979020979020976,37.48481135,126.90323392
1366602,일원터널 공영주차장(시),노외 주차장,시간제 주차장,강남구 일원동 722-1,11,주차장,0.006993006993006994,37.48285728,127.07937197
1366624,창동역(서) 공영주차장(시),노외 주차장,시간제 주차장,도봉구 창동 330-0,106,주차장,0.07342657342657342,37.65237042,127.04567683
1366903,석계역 공영주차장(시),노외 주차장,시간제 주차장,노원구 월계동 50-9,70,주차장,0.04825174825174825,37.615292,127.062997
1367120,동구로 공영주차장(시),노외 주차장,시간제 주차장,구로구 구로동 94-1,70,주차장,0.04825174825174825,37.49510602,126.89186155
1367773,가산동 금천교 공영주차장(시),노상 주차장,시간제 주차장,금천구 가산동 691-3,1,주차장,0.0,37.46593739,126.8872329
1367773,가산동 금천교 공영주차장(시),노상 주차장,시간제 주차장,금천구 가산동 691-3,1,주차장,0.0,37.4659915,126.8874128
1367773,가산동 금천교 공영주차장(시),노상 주차장,시간제 주차장,금천구 가산동 691-3,1,주차장,0.0,37.46583997,126.8869005
1367773,가산동 금천교 공영주차장(시),노상 주차장,시간제 주차장,금천구 가산동 691-3,1,주차장,0.0,37.46589842,126.8870999
1367773,가산동 금천교 공영주차장(시),노상 주차장,시간제 주차장,금천구 가산동 691-3,1,주차장,0.0,37.46600346,126.8874524
1367773,가산동 금천교 공영주차장(시),노상 주차장,시간제 주차장,금천구 가산동 691-3,1,주차장,0.0,37.465988292,126.88712594
1367773,가산동 금천교 공영주차장(시),노상 주차장,시간제 주차장,금천구 가산동 691-3,1,주차장,0.0,37.46591791,126.8871664
1367773,가산동 금천교 공영주차장(시),노상 주차장,시간제 주차장,금천구 가산동 691-3,1,주차장,0.0,37.46597358,126.8873535
1367773,가산동 금천교 공영주차장(시),노상 주차장,시간제 주차장,금천구 가산동 691-3,1,주차장,0.0,37.46601541,126.8874919
1367773,가산동 금천교 공영주차장(시),노상 주차장,시간제 주차장,금천구 가산동 691-3,1,주차장,0.0,37.46590816,126.8871332
1367773,가산동 금천교 공영주차장(시),노상 주차장,시간제 주차장,금천구 가산동 691-3,1,주차장,0.0,37.46602736,126.8875314
1367773,가산동 금천교 공영주차장(시),노상 주차장,시간제 주차장,금천구 가산동 691-3,1,주차장,0.0,37.46587894,126.8870334
1367773,가산동 금천교 공영주차장(시),노상 주차장,시간제 주차장,금천구 가산동 691-3,1,주차장,0.0,37.46585945,126.886967
1367773,가산동 금천교 공영주차장(시),노상 주차장,시간제 주차장,금천구 가산동 691-3,1,주차장,0.0,37.465956584,126.88701188
1367773,가산동 금천교 공영주차장(시),노상 주차장,시간제 주차장,금천구 가산동 691-3,1,주차장,0.0,37.46594073,126.88695485
1367773,가산동 금천교 공영주차장(시),노상 주차장,시간제 주차장,금천구 가산동 691-3,1,주차장,0.0,37.46592765,126.8871996
1367773,가산동 금천교 공영주차장(시),노상 주차장,시간제 주차장,금천구 가산동 691-3,1,주차장,0.0,37.46575072,126.8870837
1367773,가산동 금천교 공영주차장(시),노상 주차장,시간제 주차장,금천구 가산동 691-3,1,주차장,0.0,37.465801,126.8867676
1367773,가산동 금천교 공영주차장(시),노상 주차장,시간제 주차장,금천구 가산동 691-3,1,주차장,0.0,37.4659676,126.8873338
1367773,가산동 금천교 공영주차장(시),노상 주차장,시간제 주차장,금천구 가산동 691-3,1,주차장,0.0,37.46583023,126.8868673
1367773,가산동 금천교 공영주차장(시),노상 주차장,시간제 주차장,금천구 가산동 691-3,1,주차장,0.0,37.46574171,126.8870494
1367773,가산동 금천교 공영주차장(시),노상 주차장,시간제 주차장,금천구 가산동 691-3,1,주차장,0.0,37.46599748,126.8874326
1367773,가산동 금천교 공영주차장(시),노상 주차장,시간제 주차장,금천구 가산동 691-3,1,주차장,0.0,37.46602138,126.8875116
1367773,가산동 금천교 공영주차장(시),노상 주차장,시간제 주차장,금천구 가산동 691-3,1,주차장,0.0,37.46575522,126.8871008
1367773,가산동 금천교 공영주차장(시),노상 주차장,시간제 주차장,금천구 가산동 691-3,1,주차장,0.0,37.46573721,126.8870323
1367773,가산동 금천교 공영주차장(시),노상 주차장,시간제 주차장,금천구 가산동 691-3,1,주차장,0.0,37.46600943,126.8874721
1367773,가산동 금천교 공영주차장(시),노상 주차장,시간제 주차장,금천구 가산동 691-3,1,주차장,0.0,37.465972438,126.88706891
1367773,가산동 금천교 공영주차장(시),노상 주차장,시간제 주차장,금천구 가산동 691-3,1,주차장,0.0,37.46582048,126.886834
1367773,가산동 금천교 공영주차장(시),노상 주차장,시간제 주차장,금천구 가산동 691-3,1,주차장,0.0,37.46574622,126.8870666
1367773,가산동 금천교 공영주차장(시),노상 주차장,시간제 주차장,금천구 가산동 691-3,1,주차장,0.0,37.46602,126.88724
1367773,가산동 금천교 공영주차장(시),노상 주차장,시간제 주차장,금천구 가산동 691-3,1,주차장,0.0,37.46584971,126.8869337
1367773,가산동 금천교 공영주차장(시),노상 주차장,시간제 주차장,금천구 가산동 691-3,1,주차장,0.0,37.46597955,126.8873733
1367773,가산동 금천교 공영주차장(시),노상 주차장,시간제 주차장,금천구 가산동 691-3,1,주차장,0.0,37.46581074,126.8868008
1367773,가산동 금천교 공영주차장(시),노상 주차장,시간제 주차장,금천구 가산동 691-3,1,주차장,0.0,37.466004146,126.88718297
1367773,가산동 금천교 공영주차장(시),노상 주차장,시간제 주차장,금천구 가산동 691-3,1,주차장,0.0,37.46598553,126.8873931
1367773,가산동 금천교 공영주차장(시),노상 주차장,시간제 주차장,금천구 가산동 691-3,1,주차장,0.0,37.4658692,126.8870002
1367773,가산동 금천교 공영주차장(시),노상 주차장,시간제 주차장,금천구 가산동 691-3,1,주차장,0.0,37.46588868,126.8870667
1367792,당산고가밑 공영주차장(시),노상 주차장,시간제 주차장,영등포구 당산동5가 9-15,1,주차장,0.0,37.53246127,126.90074391
1367792,당산고가밑 공영주차장(시),노상 주차장,시간제 주차장,영등포구 당산동5가 9-15,1,주차장,0.0,37.5321894,126.90052104
1367792,당산고가밑 공영주차장(시),노상 주차장,시간제 주차장,영등포구 당산동5가 9-15,1,주차장,0.0,37.532339,126.90064284
1367792,당산고가밑 공영주차장(시),노상 주차장,시간제 주차장,영등포구 당산동5가 9-15,1,주차장,0.0,37.53253601,126.90079799
1367792,당산고가밑 공영주차장(시),노상 주차장,시간제 주차장,영등포구 당산동5가 9-15,1,주차장,0.0,37.53249922,126.90077045
1367792,당산고가밑 공영주차장(시),노상 주차장,시간제 주차장,영등포구 당산동5가 9-15,1,주차장,0.0,37.53260008,126.90085427
1367792,당산고가밑 공영주차장(시),노상 주차장,시간제 주차장,영등포구 당산동5가 9-15,1,주차장,0.0,37.53235797,126.90065761
1367792,당산고가밑 공영주차장(시),노상 주차장,시간제 주차장,영등포구 당산동5가 9-15,1,주차장,0.0,37.53237698,126.90067188
1367792,당산고가밑 공영주차장(시),노상 주차장,시간제 주차장,영등포구 당산동5가 9-15,1,주차장,0.0,37.53256573,126.90082619
1367792,당산고가밑 공영주차장(시),노상 주차장,시간제 주차장,영등포구 당산동5가 9-15,1,주차장,0.0,37.53248026,126.90075716
1367792,당산고가밑 공영주차장(시),노상 주차장,시간제 주차장,영등포구 당산동5가 9-15,1,주차장,0.0,37.53239477,126.90068662
1367792,당산고가밑 공영주차장(시),노상 주차장,시간제 주차장,영등포구 당산동5가 9-15,1,주차장,0.0,37.53225113,126.90057082
1367792,당산고가밑 공영주차장(시),노상 주차장,시간제 주차장,영등포구 당산동5가 9-15,1,주차장,0.0,37.53261905,126.90086754
1367792,당산고가밑 공영주차장(시),노상 주차장,시간제 주차장,영등포구 당산동5가 9-15,1,주차장,0.0,37.53258231,126.90083948
1367792,당산고가밑 공영주차장(시),노상 주차장,시간제 주차장,영등포구 당산동5가 9-15,1,주차장,0.0,37.53230224,126.90061481
1367792,당산고가밑 공영주차장(시),노상 주차장,시간제 주차장,영등포구 당산동5가 9-15,1,주차장,0.0,37.53232003,126.90062806
1367792,당산고가밑 공영주차장(시),노상 주차장,시간제 주차장,영등포구 당산동5가 9-15,1,주차장,0.0,37.53216832,126.90050498
1367792,당산고가밑 공영주차장(시),노상 주차장,시간제 주차장,영등포구 당산동5가 9-15,1,주차장,0.0,37.53226891,126.90058559
1367792,당산고가밑 공영주차장(시),노상 주차장,시간제 주차장,영등포구 당산동5가 9-15,1,주차장,0.0,37.532517,126.90078522
1367792,당산고가밑 공영주차장(시),노상 주차장,시간제 주차장,영등포구 당산동5가 9-15,1,주차장,0.0,37.5322108,126.9005383
1367792,당산고가밑 공영주차장(시),노상 주차장,시간제 주차장,영등포구 당산동5가 9-15,1,주차장,0.0,37.53223098,126.90055454
1367792,당산고가밑 공영주차장(시),노상 주차장,시간제 주차장,영등포구 당산동5가 9-15,1,주차장,0.0,37.53244226,126.90072964
1367792,당산고가밑 공영주차장(시),노상 주차장,시간제 주차장,영등포구 당산동5가 9-15,1,주차장,0.0,37.53241255,126.90070141
1367804,을지로 공영주차장(시),노상 주차장,시간제 주차장,중구 을지로3가 282-8,1,주차장,0.0,37.56653118,126.99415425
1367804,을지로 공영주차장(시),노상 주차장,시간제 주차장,중구 을지로3가 282-8,1,주차장,0.0,37.56687293,127.00088052
1367804,을지로 공영주차장(시),노상 주차장,시간제 주차장,중구 을지로3가 282-8,1,주차장,0.0,37.56664985,126.99951789
1367804,을지로 공영주차장(시),노상 주차장,시간제 주차장,중구 을지로3가 282-8,1,주차장,0.0,37.56636561,126.9938744
1367804,을지로 공영주차장(시),노상 주차장,시간제 주차장,중구 을지로3가 282-8,1,주차장,0.0,37.566204,126.990718
1367804,을지로 공영주차장(시),노상 주차장,시간제 주차장,중구 을지로3가 282-8,1,주차장,0.0,37.56665329,126.99958179
1367804,을지로 공영주차장(시),노상 주차장,시간제 주차장,중구 을지로3가 282-8,1,주차장,0.0,37.56638591,126.99425995
1367804,을지로 공영주차장(시),노상 주차장,시간제 주차장,중구 을지로3가 282-8,1,주차장,0.0,37.56651883,126.99389722
1367804,을지로 공영주차장(시),노상 주차장,시간제 주차장,중구 을지로3가 282-8,1,주차장,0.0,37.5666707,126.99703283
1367804,을지로 공영주차장(시),노상 주차장,시간제 주차장,중구 을지로3가 282-8,1,주차장,0.0,37.56690751,127.00164481
1367804,을지로 공영주차장(시),노상 주차장,시간제 주차장,중구 을지로3가 282-8,1,주차장,0.0,37.56670141,127.00051337
1367804,을지로 공영주차장(시),노상 주차장,시간제 주차장,중구 을지로3가 282-8,1,주차장,0.0,37.56663828,126.99638923
1367804,을지로 공영주차장(시),노상 주차장,시간제 주차장,중구 을지로3가 282-8,1,주차장,0.0,37.56672069,127.00089947
1367804,을지로 공영주차장(시),노상 주차장,시간제 주차장,중구 을지로3가 282-8,1,주차장,0.0,37.56636186,126.9938099
1367804,을지로 공영주차장(시),노상 주차장,시간제 주차장,중구 을지로3가 282-8,1,주차장,0.0,37.5668823,127.00107259
1367804,을지로 공영주차장(시),노상 주차장,시간제 주차장,중구 을지로3가 282-8,1,주차장,0.0,37.56637687,126.9940677
1367804,을지로 공영주차장(시),노상 주차장,시간제 주차장,중구 을지로3가 282-8,1,주차장,0.0,37.56633722,126.993251
1367804,을지로 공영주차장(시),노상 주차장,시간제 주차장,중구 을지로3가 282-8,1,주차장,0.0,37.56637312,126.9940033
1367804,을지로 공영주차장(시),노상 주차장,시간제 주차장,중구 을지로3가 282-8,1,주차장,0.0,37.56680881,126.99957863
1367804,을지로 공영주차장(시),노상 주차장,시간제 주차장,중구 을지로3가 282-8,1,주차장,0.0,37.56653429,126.99421875
1367804,을지로 공영주차장(시),노상 주차장,시간제 주차장,중구 을지로3가 282-8,1,주차장,0.0,37.56683734,127.00014042
1367804,을지로 공영주차장(시),노상 주차장,시간제 주차장,중구 을지로3가 282-8,1,주차장,0.0,37.56704653,126.99834718
1367804,을지로 공영주차장(시),노상 주차장,시간제 주차장,중구 을지로3가 282-8,1,주차장,0.0,37.56667666,126.99716094
1367804,을지로 공영주차장(시),노상 주차장,시간제 주차장,중구 을지로3가 282-8,1,주차장,0.0,37.56634314,126.99337882
1367804,을지로 공영주차장(시),노상 주차장,시간제 주차장,중구 을지로3가 282-8,1,주차장,0.0,37.56669797,127.00044947
1367804,을지로 공영주차장(시),노상 주차장,시간제 주차장,중구 을지로3가 282-8,1,주차장,0.0,37.56624806,126.99158382
1367804,을지로 공영주차장(시),노상 주차장,시간제 주차장,중구 을지로3가 282-8,1,주차장,0.0,37.5665769,126.99494385
1367804,을지로 공영주차장(시),노상 주차장,시간제 주차장,중구 을지로3가 282-8,1,주차장,0.0,37.56618265,126.99035895
1367804,을지로 공영주차장(시),노상 주차장,시간제 주차장,중구 을지로3가 282-8,1,주차장,0.0,37.566206,126.990783
1367804,을지로 공영주차장(시),노상 주차장,시간제 주차장,중구 을지로3가 282-8,1,주차장,0.0,37.5668122,126.99964247
1367804,을지로 공영주차장(시),노상 주차장,시간제 주차장,중구 을지로3가 282-8,1,주차장,0.0,37.56702745,126.99789676
1367804,을지로 공영주차장(시),노상 주차장,시간제 주차장,중구 을지로3가 282-8,1,주차장,0.0,37.56683064,127.0000118
1367804,을지로 공영주차장(시),노상 주차장,시간제 주차장,중구 을지로3가 282-8,1,주차장,0.0,37.56666492,126.99979691
1367804,을지로 공영주차장(시),노상 주차장,시간제 주차장,중구 을지로3가 282-8,1,주차장,0.0,37.56640768,126.99473009
1367804,을지로 공영주차장(시),노상 주차장,시간제 주차장,중구 을지로3가 282-8,1,주차장,0.0,37.56690456,127.00158065
1367804,을지로 공영주차장(시),노상 주차장,시간제 주차장,중구 을지로3가 282-8,1,주차장,0.0,37.56657098,126.99481603
1367804,을지로 공영주차장(시),노상 주차장,시간제 주차장,중구 을지로3가 282-8,1,주차장,0.0,37.56657392,126.99487991
1367804,을지로 공영주차장(시),노상 주차장,시간제 주차장,중구 을지로3가 282-8,1,주차장,0.0,37.56691184,126.99853811
1367804,을지로 공영주차장(시),노상 주차장,시간제 주차장,중구 을지로3가 282-8,1,주차장,0.0,37.5664136,126.99485791
1367804,을지로 공영주차장(시),노상 주차장,시간제 주차장,중구 을지로3가 282-8,1,주차장,0.0,37.56698996,126.99785317
1367804,을지로 공영주차장(시),노상 주차장,시간제 주차장,중구 을지로3가 282-8,1,주차장,0.0,37.56691065,127.00170874
1367804,을지로 공영주차장(시),노상 주차장,시간제 주차장,중구 을지로3가 282-8,1,주차장,0.0,37.56666777,126.99696895
1367804,을지로 공영주차장(시),노상 주차장,시간제 주차장,중구 을지로3가 282-8,1,주차장,0.0,37.56634016,126.99331488
1367804,을지로 공영주차장(시),노상 주차장,시간제 주차장,중구 을지로3가 282-8,1,주차장,0.0,37.566884,126.998582
1367804,을지로 공영주차장(시),노상 주차장,시간제 주차장,중구 을지로3가 282-8,1,주차장,0.0,37.56691568,127.00177207
1367804,을지로 공영주차장(시),노상 주차장,시간제 주차장,중구 을지로3가 282-8,1,주차장,0.0,37.56712412,126.99823712
1367804,을지로 공영주차장(시),노상 주차장,시간제 주차장,중구 을지로3가 282-8,1,주차장,0.0,37.56652194,126.99396172
1367804,을지로 공영주차장(시),노상 주차장,시간제 주차장,중구 을지로3가 282-8,1,주차장,0.0,37.56639477,126.99445179
1367804,을지로 공영주차장(시),노상 주차장,시간제 주차장,중구 을지로3가 282-8,1,주차장,0.0,37.56681563,126.99970638
1367804,을지로 공영주차장(시),노상 주차장,시간제 주차장,중구 을지로3가 282-8,1,주차장,0.0,37.56683378,127.00007573
1367804,을지로 공영주차장(시),노상 주차장,시간제 주차장,중구 을지로3가 282-8,1,주차장,0.0,37.5668698,127.00081659
1367804,을지로 공영주차장(시),노상 주차장,시간제 주차장,중구 을지로3가 282-8,1,주차장,0.0,37.56650217418809,126.99362754821776
1367804,을지로 공영주차장(시),노상 주차장,시간제 주차장,중구 을지로3가 282-8,1,주차장,0.0,37.56687621,127.0009445
1367804,을지로 공영주차장(시),노상 주차장,시간제 주차장,중구 을지로3가 282-8,1,주차장,0.0,37.56664646,126.99945404
1367804,을지로 공영주차장(시),노상 주차장,시간제 주차장,중구 을지로3가 282-8,1,주차장,0.0,37.56667368,126.99709677
1367804,을지로 공영주차장(시),노상 주차장,시간제 주차장,중구 을지로3가 282-8,1,주차장,0.0,37.56690142,127.00151672
1367804,을지로 공영주차장(시),노상 주차장,시간제 주차장,중구 을지로3가 282-8,1,주차장,0.0,37.56656096,126.99462197
1367804,을지로 공영주차장(시),노상 주차장,시간제 주차장,중구 을지로3가 282-8,1,주차장,0.0,37.56654057,126.9943474
1367804,을지로 공영주차장(시),노상 주차장,시간제 주차장,중구 을지로3가 282-8,1,주차장,0.0,37.56664424,126.99651733
1367804,을지로 공영주차장(시),노상 주차장,시간제 주차장,중구 을지로3가 282-8,1,주차장,0.0,37.56688543,127.00113651
1367804,을지로 공영주차장(시),노상 주차장,시간제 주차장,중구 을지로3가 282-8,1,주차장,0.0,37.56638889,126.99432389
1367804,을지로 공영주차장(시),노상 주차장,시간제 주차장,중구 을지로3가 282-8,1,주차장,0.0,37.56671375,127.00077151
1367804,을지로 공영주차장(시),노상 주차장,시간제 주차장,중구 을지로3가 282-8,1,주차장,0.0,37.56651557,126.99383298
1367804,을지로 공영주차장(시),노상 주차장,시간제 주차장,중구 을지로3가 282-8,1,주차장,0.0,37.56653746,126.99428291
1367804,을지로 공영주차장(시),노상 주차장,시간제 주차장,중구 을지로3가 282-8,1,주차장,0.0,37.56687934,127.00100842
1367804,을지로 공영주차장(시),노상 주차장,시간제 주차장,중구 을지로3가 282-8,1,주차장,0.0,37.56671719,127.00083541
1367804,을지로 공영주차장(시),노상 주차장,시간제 주차장,중구 을지로3가 282-8,1,주차장,0.0,37.56639184,126.99438791
1367804,을지로 공영주차장(시),노상 주차장,시간제 주차장,중구 을지로3가 282-8,1,주차장,0.0,37.56694641,126.99848869
1367804,을지로 공영주차장(시),노상 주차장,시간제 주차장,중구 을지로3가 282-8,1,주차장,0.0,37.5667488,126.9975751
1367804,을지로 공영주차장(시),노상 주차장,시간제 주차장,중구 을지로3가 282-8,1,주차장,0.0,37.56624507,126.99151931
1367804,을지로 공영주차장(시),노상 주차장,시간제 주차장,중구 을지로3가 282-8,1,주차장,0.0,37.56651246,126.99376849
1367804,을지로 공영주차장(시),노상 주차장,시간제 주차장,중구 을지로3가 282-8,1,주차장,0.0,37.56664126,126.99645317
1367804,을지로 공영주차장(시),노상 주차장,시간제 주차장,중구 을지로3가 282-8,1,주차장,0.0,37.56619376,126.99057065
1367804,을지로 공영주차장(시),노상 주차장,시간제 주차장,중구 을지로3가 282-8,1,주차장,0.0,37.567065,126.99794018
1367804,을지로 공영주차장(시),노상 주차장,시간제 주차장,중구 을지로3가 282-8,1,주차장,0.0,37.56650642627368,126.99369728565216
1367804,을지로 공영주차장(시),노상 주차장,시간제 주차장,중구 을지로3가 282-8,1,주차장,0.0,37.56663534,126.99632535
1367804,을지로 공영주차장(시),노상 주차장,시간제 주차장,중구 을지로3가 282-8,1,주차장,0.0,37.56688871,127.0012005
1367804,을지로 공영주차장(시),노상 주차장,시간제 주차장,중구 을지로3가 282-8,1,주차장,0.0,37.56617966,126.99029444
1367804,을지로 공영주차장(시),노상 주차장,시간제 주차장,중구 을지로3가 282-8,1,주차장,0.0,37.56689861,127.00145145
1367804,을지로 공영주차장(시),노상 주차장,시간제 주차장,중구 을지로3가 282-8,1,주차장,0.0,37.56641062,126.99479397
1367804,을지로 공영주차장(시),노상 주차장,시간제 주차장,중구 을지로3가 282-8,1,주차장,0.0,37.56636936,126.9939388
1368955,남산공원 소월로 관광버스전용 주차장(시),노상 주차장,버스전용 주차장,중구 남대문로5가 450-0,1,주차장,0.0,37.55458553,126.97798499
1368955,남산공원 소월로 관광버스전용 주차장(시),노상 주차장,버스전용 주차장,중구 남대문로5가 450-0,1,주차장,0.0,37.55453178,126.97808333
1368955,남산공원 소월로 관광버스전용 주차장(시),노상 주차장,버스전용 주차장,중구 남대문로5가 450-0,1,주차장,0.0,37.55426386,126.97857315
1368955,남산공원 소월로 관광버스전용 주차장(시),노상 주차장,버스전용 주차장,중구 남대문로5가 450-0,1,주차장,0.0,37.55414809,126.97876418
1368955,남산공원 소월로 관광버스전용 주차장(시),노상 주차장,버스전용 주차장,중구 남대문로5가 450-0,1,주차장,0.0,37.55407832,126.97884468
1368955,남산공원 소월로 관광버스전용 주차장(시),노상 주차장,버스전용 주차장,중구 남대문로5가 450-0,1,주차장,0.0,37.55442472,126.97827911
1368955,남산공원 소월로 관광버스전용 주차장(시),노상 주차장,버스전용 주차장,중구 남대문로5가 450-0,1,주차장,0.0,37.5543711,126.97837718
1368955,남산공원 소월로 관광버스전용 주차장(시),노상 주차장,버스전용 주차장,중구 남대문로5가 450-0,1,주차장,0.0,37.5539054,126.97895109
1368955,남산공원 소월로 관광버스전용 주차장(시),노상 주차장,버스전용 주차장,중구 남대문로5가 450-0,1,주차장,0.0,37.55431755,126.978475
1368955,남산공원 소월로 관광버스전용 주차장(시),노상 주차장,버스전용 주차장,중구 남대문로5가 450-0,1,주차장,0.0,37.55399553,126.97890819
1368955,남산공원 소월로 관광버스전용 주차장(시),노상 주차장,버스전용 주차장,중구 남대문로5가 450-0,1,주차장,0.0,37.5542102,126.97867092
1368955,남산공원 소월로 관광버스전용 주차장(시),노상 주차장,버스전용 주차장,중구 남대문로5가 450-0,1,주차장,0.0,37.55447826,126.97818129
1369476,탑골공원 관광버스전용 주차장(시),노상 주차장,버스전용 주차장,종로구 종로2가 38-4,1,주차장,0.0,37.57126963,126.98776601
1369476,탑골공원 관광버스전용 주차장(시),노상 주차장,버스전용 주차장,종로구 종로2가 38-4,1,주차장,0.0,37.57134087,126.98776281
1372454,대림노외 공영주차장(시),노외 주차장,시간제 주차장,구로구 구로동 120-3,93,주차장,0.06433566433566433,37.4928472,126.89433148
1372873,도봉산역 공영주차장(시),노외 주차장,시간제 주차장,도봉구 도봉동 288-19,358,주차장,0.24965034965034966,37.68972069,127.04483862
1384198,동대문 공영주차장(시),노외 주차장,시간제 주차장,중구 신당동 251-7,1090,주차장,0.7615384615384615,37.56710187,127.01214106
1386536,서울글로벌센터 공영주차장(시),노외 주차장,시간제 주차장,종로구 서린동 63-0,44,주차장,0.03006993006993007,37.56983402,126.98150586
1404936,천왕역 공영주차장(시),노외 주차장,시간제 주차장,구로구 천왕동 280-11,327,주차장,0.22797202797202798,37.48728845,126.83918316
1425816,동국제강 공영주차장(시),노외 주차장,시간제 주차장,중구 삼각동 111-1,13,주차장,0.008391608391608392,37.56733736,126.98343453
1430035,남대문 초입 관광버스전용 주차장(시),노상 주차장,버스전용 주차장,중구 남창동 282-10,1,주차장,0.0,37.55953,126.975731
1430035,남대문 초입 관광버스전용 주차장(시),노상 주차장,버스전용 주차장,중구 남창동 282-10,1,주차장,0.0,37.55934,126.975714
1430035,남대문 초입 관광버스전용 주차장(시),노상 주차장,버스전용 주차장,중구 남창동 282-10,1,주차장,0.0,37.55943,126.975717
1430042,남대문 시장 관광버스전용 주차장(시),노상 주차장,버스전용 주차장,중구 남창동 51-4,1,주차장,0.0,37.55942,126.975909
1430042,남대문 시장 관광버스전용 주차장(시),노상 주차장,버스전용 주차장,중구 남창동 51-4,1,주차장,0.0,37.55952,126.975908
1437917,영남 공영주차장(시),노외 주차장,시간제 주차장,영등포구 영등포동4가 123-0,570,주차장,0.3979020979020979,37.51947074,126.90260898
1451364,청계7가 공영주차장(시),노상 주차장,시간제 주차장,종로구 창신동 436-87,1,주차장,0.0,37.57207997,127.02099615
1451364,청계7가 공영주차장(시),노상 주차장,시간제 주차장,종로구 창신동 436-87,1,주차장,0.0,37.57011017,127.01633654
1451364,청계7가 공영주차장(시),노상 주차장,시간제 주차장,종로구 창신동 436-87,1,주차장,0.0,37.57026174,127.01682392
1451364,청계7가 공영주차장(시),노상 주차장,시간제 주차장,종로구 창신동 436-87,1,주차장,0.0,37.57023639,127.01675092
1451364,청계7가 공영주차장(시),노상 주차장,시간제 주차장,종로구 창신동 436-87,1,주차장,0.0,37.57209467,127.02106533
1451364,청계7가 공영주차장(시),노상 주차장,시간제 주차장,종로구 창신동 436-87,1,주차장,0.0,37.57213784,127.02259914
1451364,청계7가 공영주차장(시),노상 주차장,시간제 주차장,종로구 창신동 436-87,1,주차장,0.0,37.5713947,127.01918425
1451364,청계7가 공영주차장(시),노상 주차장,시간제 주차장,종로구 창신동 436-87,1,주차장,0.0,37.57077685,127.01797573
1451364,청계7가 공영주차장(시),노상 주차장,시간제 주차장,종로구 창신동 436-87,1,주차장,0.0,37.5721271,127.02266653
1451364,청계7가 공영주차장(시),노상 주차장,시간제 주차장,종로구 창신동 436-87,1,주차장,0.0,37.57012955,127.01640187
1451364,청계7가 공영주차장(시),노상 주차장,시간제 주차장,종로구 창신동 436-87,1,주차장,0.0,37.57195823,127.02048418
1451364,청계7가 공영주차장(시),노상 주차장,시간제 주차장,종로구 창신동 436-87,1,주차장,0.0,37.57217485,127.02225792
1451364,청계7가 공영주차장(시),노상 주차장,시간제 주차장,종로구 창신동 436-87,1,주차장,0.0,37.57142888,127.01924782
1451364,청계7가 공영주차장(시),노상 주차장,시간제 주차장,종로구 창신동 436-87,1,주차장,0.0,37.57063505,127.01769637
1451364,청계7가 공영주차장(시),노상 주차장,시간제 주차장,종로구 창신동 436-87,1,주차장,0.0,37.57146299,127.01931782
1451364,청계7가 공영주차장(시),노상 주차장,시간제 주차장,종로구 창신동 436-87,1,주차장,0.0,37.57167001,127.01971298
1451364,청계7가 공영주차장(시),노상 주차장,시간제 주차장,종로구 창신동 436-87,1,주차장,0.0,37.57172406,127.01983083
1451364,청계7가 공영주차장(시),노상 주차장,시간제 주차장,종로구 창신동 436-87,1,주차장,0.0,37.57216859,127.02233916
1451364,청계7가 공영주차장(시),노상 주차장,시간제 주차장,종로구 창신동 436-87,1,주차장,0.0,37.57216171,127.02241046
1451364,청계7가 공영주차장(시),노상 주차장,시간제 주차장,종로구 창신동 436-87,1,주차장,0.0,37.57210442,127.02281028
1451364,청계7가 공영주차장(시),노상 주차장,시간제 주차장,종로구 창신동 436-87,1,주차장,0.0,37.57215893,127.02136778
1451364,청계7가 공영주차장(시),노상 주차장,시간제 주차장,종로구 창신동 436-87,1,주차장,0.0,37.57175492,127.01989265
1451364,청계7가 공영주차장(시),노상 주차장,시간제 주차장,종로구 창신동 436-87,1,주차장,0.0,37.57015026,127.01646842
1451364,청계7가 공영주차장(시),노상 주차장,시간제 주차장,종로구 창신동 436-87,1,주차장,0.0,37.57216873,127.02150822
1451364,청계7가 공영주차장(시),노상 주차장,시간제 주차장,종로구 창신동 436-87,1,주차장,0.0,37.57197551,127.02055507
1451364,청계7가 공영주차장(시),노상 주차장,시간제 주차장,종로구 창신동 436-87,1,주차장,0.0,37.57169804,127.01977279
1451364,청계7가 공영주차장(시),노상 주차장,시간제 주차장,종로구 창신동 436-87,1,주차장,0.0,37.57017023,127.01653429
1451364,청계7가 공영주차장(시),노상 주차장,시간제 주차장,종로구 창신동 436-87,1,주차장,0.0,37.57211636,127.02273691
1451364,청계7가 공영주차장(시),노상 주차장,시간제 주차장,종로구 창신동 436-87,1,주차장,0.0,37.57216394,127.02143547
1451364,청계7가 공영주차장(시),노상 주차장,시간제 주차장,종로구 창신동 436-87,1,주차장,0.0,37.57034406,127.01705864
1451364,청계7가 공영주차장(시),노상 주차장,시간제 주차장,종로구 창신동 436-87,1,주차장,0.0,37.57074755,127.01793169
1451364,청계7가 공영주차장(시),노상 주차장,시간제 주차장,종로구 창신동 436-87,1,주차장,0.0,37.57019149,127.01660741
1451364,청계7가 공영주차장(시),노상 주차장,시간제 주차장,종로구 창신동 436-87,1,주차장,0.0,37.57037032,127.01713326
1451364,청계7가 공영주차장(시),노상 주차장,시간제 주차장,종로구 창신동 436-87,1,주차장,0.0,37.57060019,127.01762762
1451364,청계7가 공영주차장(시),노상 주차장,시간제 주차장,종로구 창신동 436-87,1,주차장,0.0,37.5719916,127.02062374
1451364,청계7가 공영주차장(시),노상 주차장,시간제 주차장,종로구 창신동 436-87,1,주차장,0.0,37.57067078,127.01776463
1451364,청계7가 공영주차장(시),노상 주차장,시간제 주차장,종로구 창신동 436-87,1,주차장,0.0,37.57031598,127.01698536
1451364,청계7가 공영주차장(시),노상 주차장,시간제 주차장,종로구 창신동 436-87,1,주차장,0.0,37.57210801,127.0211315
1451364,청계7가 공영주차장(시),노상 주차장,시간제 주차장,종로구 창신동 436-87,1,주차장,0.0,37.57074267,127.01790953
1451370,동순라길(종묘) 관광버스전용 주차장(시),노상 주차장,버스전용 주차장,종로구 인의동 107-1,1,주차장,0.0,37.5730121,126.99677676
1451370,동순라길(종묘) 관광버스전용 주차장(시),노상 주차장,버스전용 주차장,종로구 인의동 107-1,1,주차장,0.0,37.57267895,126.9967579
1451370,동순라길(종묘) 관광버스전용 주차장(시),노상 주차장,버스전용 주차장,종로구 인의동 107-1,1,주차장,0.0,37.57278931,126.99679296
1451370,동순라길(종묘) 관광버스전용 주차장(시),노상 주차장,버스전용 주차장,종로구 인의동 107-1,1,주차장,0.0,37.57248168,126.99663811
1451370,동순라길(종묘) 관광버스전용 주차장(시),노상 주차장,버스전용 주차장,종로구 인의동 107-1,1,주차장,0.0,37.57290137,126.99678814
1451938,청계1(북) 공영주차장(시),노상 주차장,시간제 주차장,종로구 관철동 13-14,1,주차장,0.0,37.56829211,126.98857075
1451938,청계1(북) 공영주차장(시),노상 주차장,시간제 주차장,종로구 관철동 13-14,1,주차장,0.0,37.56831662,126.9893367
1451938,청계1(북) 공영주차장(시),노상 주차장,시간제 주차장,종로구 관철동 13-14,1,주차장,0.0,37.56829785,126.9881457
1451938,청계1(북) 공영주차장(시),노상 주차장,시간제 주차장,종로구 관철동 13-14,1,주차장,0.0,37.568294,126.988629
1451938,청계1(북) 공영주차장(시),노상 주차장,시간제 주차장,종로구 관철동 13-14,1,주차장,0.0,37.56829903,126.98807233
1451938,청계1(북) 공영주차장(시),노상 주차장,시간제 주차장,종로구 관철동 13-14,1,주차장,0.0,37.56830587,126.98912705
1451938,청계1(북) 공영주차장(시),노상 주차장,시간제 주차장,종로구 관철동 13-14,1,주차장,0.0,37.56829666,126.98821758
1451938,청계1(북) 공영주차장(시),노상 주차장,시간제 주차장,종로구 관철동 13-14,1,주차장,0.0,37.568303,126.988003
1451938,청계1(북) 공영주차장(시),노상 주차장,시간제 주차장,종로구 관철동 13-14,1,주차장,0.0,37.56829931,126.98905892
1451938,청계1(북) 공영주차장(시),노상 주차장,시간제 주차장,종로구 관철동 13-14,1,주차장,0.0,37.56831363,126.98926632
1451938,청계1(북) 공영주차장(시),노상 주차장,시간제 주차장,종로구 관철동 13-14,1,주차장,0.0,37.56829312,126.9885006
1451938,청계1(북) 공영주차장(시),노상 주차장,시간제 주차장,종로구 관철동 13-14,1,주차장,0.0,37.5682943,126.98843022
1452019,청계5(북1) 공영주차장(시),노상 주차장,시간제 주차장,종로구 종로5가 458-2,1,주차장,0.0,37.56982809,127.00477057
1452019,청계5(북1) 공영주차장(시),노상 주차장,시간제 주차장,종로구 종로5가 458-2,1,주차장,0.0,37.56982716,127.00411024
1452019,청계5(북1) 공영주차장(시),노상 주차장,시간제 주차장,종로구 종로5가 458-2,1,주차장,0.0,37.56988704,127.00756704
1452019,청계5(북1) 공영주차장(시),노상 주차장,시간제 주차장,종로구 종로5가 458-2,1,주차장,0.0,37.5698281,127.0048382
1452019,청계5(북1) 공영주차장(시),노상 주차장,시간제 주차장,종로구 종로5가 458-2,1,주차장,0.0,37.56983202,127.00639193
1452019,청계5(북1) 공영주차장(시),노상 주차장,시간제 주차장,종로구 종로5가 458-2,1,주차장,0.0,37.56982838,127.00578681
1452019,청계5(북1) 공영주차장(시),노상 주차장,시간제 주차장,종로구 종로5가 458-2,1,주차장,0.0,37.5698704,127.00725359
1452019,청계5(북1) 공영주차장(시),노상 주차장,시간제 주차장,종로구 종로5가 458-2,1,주차장,0.0,37.56986607,127.00718959
1452019,청계5(북1) 공영주차장(시),노상 주차장,시간제 주차장,종로구 종로5가 458-2,1,주차장,0.0,37.56983142,127.00632343
1452019,청계5(북1) 공영주차장(시),노상 주차장,시간제 주차장,종로구 종로5가 458-2,1,주차장,0.0,37.56987456,127.00731708
1452019,청계5(북1) 공영주차장(시),노상 주차장,시간제 주차장,종로구 종로5가 458-2,1,주차장,0.0,37.56982884,127.00598957
1452019,청계5(북1) 공영주차장(시),노상 주차장,시간제 주차장,종로구 종로5가 458-2,1,주차장,0.0,37.56983044,127.00564869
1452019,청계5(북1) 공영주차장(시),노상 주차장,시간제 주차장,종로구 종로5가 458-2,1,주차장,0.0,37.56982813,127.00592309
1452019,청계5(북1) 공영주차장(시),노상 주차장,시간제 주차장,종로구 종로5가 458-2,1,주차장,0.0,37.56983016,127.00619081
1452019,청계5(북1) 공영주차장(시),노상 주차장,시간제 주차장,종로구 종로5가 458-2,1,주차장,0.0,37.56982879,127.00605469
1452019,청계5(북1) 공영주차장(시),노상 주차장,시간제 주차장,종로구 종로5가 458-2,1,주차장,0.0,37.56988503,127.00750567
1452019,청계5(북1) 공영주차장(시),노상 주차장,시간제 주차장,종로구 종로5가 458-2,1,주차장,0.0,37.56983045,127.00557981
1452019,청계5(북1) 공영주차장(시),노상 주차장,시간제 주차장,종로구 종로5가 458-2,1,주차장,0.0,37.56982801,127.00585592
1452019,청계5(북1) 공영주차장(시),노상 주차장,시간제 주차장,종로구 종로5가 458-2,1,주차장,0.0,37.56982987,127.00625551
1452019,청계5(북1) 공영주차장(시),노상 주차장,시간제 주차장,종로구 종로5가 458-2,1,주차장,0.0,37.56983056,127.00550893
1452019,청계5(북1) 공영주차장(시),노상 주차장,시간제 주차장,종로구 종로5가 458-2,1,주차장,0.0,37.5698808,127.00744155
1452019,청계5(북1) 공영주차장(시),노상 주차장,시간제 주차장,종로구 종로5가 458-2,1,주차장,0.0,37.56982646,127.00418389
1452019,청계5(북1) 공영주차장(시),노상 주차장,시간제 주차장,종로구 종로5가 458-2,1,주차장,0.0,37.56982751,127.00470151
1452019,청계5(북1) 공영주차장(시),노상 주차장,시간제 주차장,종로구 종로5가 458-2,1,주차장,0.0,37.56982977,127.00543996
1452019,청계5(북1) 공영주차장(시),노상 주차장,시간제 주차장,종로구 종로5가 458-2,1,주차장,0.0,37.5698332,127.00646231
1452024,청계5(동호로_북) 공영주차장(시),노상 주차장,시간제 주차장,종로구 종로5가 458-2,1,주차장,0.0,37.57003679,127.0021438
1452024,청계5(동호로_북) 공영주차장(시),노상 주차장,시간제 주차장,종로구 종로5가 458-2,1,주차장,0.0,37.57023506,127.0021266
1452024,청계5(동호로_북) 공영주차장(시),노상 주차장,시간제 주차장,종로구 종로5가 458-2,1,주차장,0.0,37.57008636,127.0021395
1452024,청계5(동호로_북) 공영주차장(시),노상 주차장,시간제 주차장,종로구 종로5가 458-2,1,주차장,0.0,37.57028463,127.0021223
1452024,청계5(동호로_북) 공영주차장(시),노상 주차장,시간제 주차장,종로구 종로5가 458-2,1,주차장,0.0,37.57018549,127.0021309
1452024,청계5(동호로_북) 공영주차장(시),노상 주차장,시간제 주차장,종로구 종로5가 458-2,1,주차장,0.0,37.57013593,127.0021352
1452025,청계3(창경궁로_북1) 공영주차장(시),노상 주차장,시간제 주차장,종로구 예지동 140-1,1,주차장,0.0,37.57039324,126.99743845
1452025,청계3(창경궁로_북1) 공영주차장(시),노상 주차장,시간제 주차장,종로구 예지동 140-1,1,주차장,0.0,37.57032948,126.99755153
1452025,청계3(창경궁로_북1) 공영주차장(시),노상 주차장,시간제 주차장,종로구 예지동 140-1,1,주차장,0.0,37.57045874,126.99733225
1452025,청계3(창경궁로_북1) 공영주차장(시),노상 주차장,시간제 주차장,종로구 예지동 140-1,1,주차장,0.0,37.57029638,126.99760688
1452025,청계3(창경궁로_북1) 공영주차장(시),노상 주차장,시간제 주차장,종로구 예지동 140-1,1,주차장,0.0,37.57042585,126.99738509
1452025,청계3(창경궁로_북1) 공영주차장(시),노상 주차장,시간제 주차장,종로구 예지동 140-1,1,주차장,0.0,37.57036094,126.99749483
1452219,청계2(돈화문로) 공영주차장(시),노상 주차장,시간제 주차장,종로구 관수동 91-4,1,주차장,0.0,37.56964546,126.99231505
1452219,청계2(돈화문로) 공영주차장(시),노상 주차장,시간제 주차장,종로구 관수동 91-4,1,주차장,0.0,37.56942229,126.9923412
1452219,청계2(돈화문로) 공영주차장(시),노상 주차장,시간제 주차장,종로구 관수동 91-4,1,주차장,0.0,37.5689309,126.99240084
1452219,청계2(돈화문로) 공영주차장(시),노상 주차장,시간제 주차장,종로구 관수동 91-4,1,주차장,0.0,37.56904162,126.99239077
1452219,청계2(돈화문로) 공영주차장(시),노상 주차장,시간제 주차장,종로구 관수동 91-4,1,주차장,0.0,37.56959054,126.99232159
1452219,청계2(돈화문로) 공영주차장(시),노상 주차장,시간제 주차장,종로구 관수동 91-4,1,주차장,0.0,37.56887639,126.99240713
1452219,청계2(돈화문로) 공영주차장(시),노상 주차장,시간제 주차장,종로구 관수동 91-4,1,주차장,0.0,37.56882001,126.99241528
1452219,청계2(돈화문로) 공영주차장(시),노상 주차장,시간제 주차장,종로구 관수동 91-4,1,주차장,0.0,37.56947712,126.99233443
1452219,청계2(돈화문로) 공영주차장(시),노상 주차장,시간제 주차장,종로구 관수동 91-4,1,주차장,0.0,37.56953264,126.99232839
1452219,청계2(돈화문로) 공영주차장(시),노상 주차장,시간제 주차장,종로구 관수동 91-4,1,주차장,0.0,37.56898596,126.99239536
1452337,관철동 공영주차장(시),노상 주차장,시간제 주차장,종로구 관철동 13-14,1,주차장,0.0,37.56840787,126.98648107
1452337,관철동 공영주차장(시),노상 주차장,시간제 주차장,종로구 관철동 13-14,1,주차장,0.0,37.56843983,126.98628105
1452337,관철동 공영주차장(시),노상 주차장,시간제 주차장,종로구 관철동 13-14,1,주차장,0.0,37.56846109,126.98614696
1452337,관철동 공영주차장(시),노상 주차장,시간제 주차장,종로구 관철동 13-14,1,주차장,0.0,37.56845041,126.98621394
1452337,관철동 공영주차장(시),노상 주차장,시간제 주차장,종로구 관철동 13-14,1,주차장,0.0,37.56847403,126.98608025
1452337,관철동 공영주차장(시),노상 주차장,시간제 주차장,종로구 관철동 13-14,1,주차장,0.0,37.56842918,126.98634763
1452337,관철동 공영주차장(시),노상 주차장,시간제 주차장,종로구 관철동 13-14,1,주차장,0.0,37.56841848,126.98641445
1452441,청계6(북) 공영주차장(시),노상 주차장,시간제 주차장,종로구 종로6가 289-49,1,주차장,0.0,37.56998083,127.0123352
1452441,청계6(북) 공영주차장(시),노상 주차장,시간제 주차장,종로구 종로6가 289-49,1,주차장,0.0,37.56999334,127.0148461
1452441,청계6(북) 공영주차장(시),노상 주차장,시간제 주차장,종로구 종로6가 289-49,1,주차장,0.0,37.56999343,127.0146462
1452441,청계6(북) 공영주차장(시),노상 주차장,시간제 주차장,종로구 종로6가 289-49,1,주차장,0.0,37.56999096,127.0137819
1452441,청계6(북) 공영주차장(시),노상 주차장,시간제 주차장,종로구 종로6가 289-49,1,주차장,0.0,37.56997057,127.010926
1452441,청계6(북) 공영주차장(시),노상 주차장,시간제 주차장,종로구 종로6가 289-49,1,주차장,0.0,37.56997059,127.0110752
1452441,청계6(북) 공영주차장(시),노상 주차장,시간제 주차장,종로구 종로6가 289-49,1,주차장,0.0,37.56999731,127.0152055
1452441,청계6(북) 공영주차장(시),노상 주차장,시간제 주차장,종로구 종로6가 289-49,1,주차장,0.0,37.56998946,127.0136987
1452441,청계6(북) 공영주차장(시),노상 주차장,시간제 주차장,종로구 종로6가 289-49,1,주차장,0.0,37.5699934,127.0147105
1452441,청계6(북) 공영주차장(시),노상 주차장,시간제 주차장,종로구 종로6가 289-49,1,주차장,0.0,37.56999345,127.0145813
1452441,청계6(북) 공영주차장(시),노상 주차장,시간제 주차장,종로구 종로6가 289-49,1,주차장,0.0,37.56997993,127.0121639
1452441,청계6(북) 공영주차장(시),노상 주차장,시간제 주차장,종로구 종로6가 289-49,1,주차장,0.0,37.56996953,127.0106538
1452441,청계6(북) 공영주차장(시),노상 주차장,시간제 주차장,종로구 종로6가 289-49,1,주차장,0.0,37.56997796,127.0118511
1452441,청계6(북) 공영주차장(시),노상 주차장,시간제 주차장,종로구 종로6가 289-49,1,주차장,0.0,37.56997848,127.0119249
1452441,청계6(북) 공영주차장(시),노상 주차장,시간제 주차장,종로구 종로6가 289-49,1,주차장,0.0,37.56999026,127.0138614
1452441,청계6(북) 공영주차장(시),노상 주차장,시간제 주차장,종로구 종로6가 289-49,1,주차장,0.0,37.56996917,127.0105897
1452441,청계6(북) 공영주차장(시),노상 주차장,시간제 주차장,종로구 종로6가 289-49,1,주차장,0.0,37.56997024,127.0107819
1452441,청계6(북) 공영주차장(시),노상 주차장,시간제 주차장,종로구 종로6가 289-49,1,주차장,0.0,37.5699706,127.010846
1452441,청계6(북) 공영주차장(시),노상 주차장,시간제 주차장,종로구 종로6가 289-49,1,주차장,0.0,37.56998029,127.0122457
1452441,청계6(북) 공영주차장(시),노상 주차장,시간제 주차장,종로구 종로6가 289-49,1,주차장,0.0,37.56997058,127.0110023
1452441,청계6(북) 공영주차장(시),노상 주차장,시간제 주차장,종로구 종로6가 289-49,1,주차장,0.0,37.56999337,127.0147811
1452441,청계6(북) 공영주차장(시),노상 주차장,시간제 주차장,종로구 종로6가 289-49,1,주차장,0.0,37.56996881,127.0105256
1452441,청계6(북) 공영주차장(시),노상 주차장,시간제 주차장,종로구 종로6가 289-49,1,주차장,0.0,37.56996988,127.0107178
1452441,청계6(북) 공영주차장(시),노상 주차장,시간제 주차장,종로구 종로6가 289-49,1,주차장,0.0,37.56997725,127.012089
1452441,청계6(북) 공영주차장(시),노상 주차장,시간제 주차장,종로구 종로6가 289-49,1,주차장,0.0,37.56999348,127.0145145
1452441,청계6(북) 공영주차장(시),노상 주차장,시간제 주차장,종로구 종로6가 289-49,1,주차장,0.0,37.56999728,127.0152838
1452441,청계6(북) 공영주차장(시),노상 주차장,시간제 주차장,종로구 종로6가 289-49,1,주차장,0.0,37.56997841,127.0120147
1452441,청계6(북) 공영주차장(시),노상 주차장,시간제 주차장,종로구 종로6가 289-49,1,주차장,0.0,37.56999724,127.015362
1452721,청계2(북1) 공영주차장(시),노상 주차장,시간제 주차장,종로구 관수동 91-4,1,주차장,0.0,37.568605,126.9933552
1452721,청계2(북1) 공영주차장(시),노상 주차장,시간제 주차장,종로구 관수동 91-4,1,주차장,0.0,37.568593,126.9931548
1452721,청계2(북1) 공영주차장(시),노상 주차장,시간제 주차장,종로구 관수동 91-4,1,주차장,0.0,37.568689,126.994708
1452721,청계2(북1) 공영주차장(시),노상 주차장,시간제 주차장,종로구 관수동 91-4,1,주차장,0.0,37.568563,126.992686
1452721,청계2(북1) 공영주차장(시),노상 주차장,시간제 주차장,종로구 관수동 91-4,1,주차장,0.0,37.568682,126.994673
1452721,청계2(북1) 공영주차장(시),노상 주차장,시간제 주차장,종로구 관수동 91-4,1,주차장,0.0,37.568589,126.993088
1452721,청계2(북1) 공영주차장(시),노상 주차장,시간제 주차장,종로구 관수동 91-4,1,주차장,0.0,37.56864,126.993893
1452721,청계2(북1) 공영주차장(시),노상 주차장,시간제 주차장,종로구 관수동 91-4,1,주차장,0.0,37.568601,126.9932884
1452721,청계2(북1) 공영주차장(시),노상 주차장,시간제 주차장,종로구 관수동 91-4,1,주차장,0.0,37.568609,126.993422
1452721,청계2(북1) 공영주차장(시),노상 주차장,시간제 주차장,종로구 관수동 91-4,1,주차장,0.0,37.56867,126.994514
1452721,청계2(북1) 공영주차장(시),노상 주차장,시간제 주차장,종로구 관수동 91-4,1,주차장,0.0,37.568597,126.9932216
1452721,청계2(북1) 공영주차장(시),노상 주차장,시간제 주차장,종로구 관수동 91-4,1,주차장,0.0,37.568651,126.994024
1453742,당고개위 공영주차장(시),노상 주차장,시간제 주차장,노원구 상계동 111-568,1,주차장,0.0,37.67043597,127.08049106
1453742,당고개위 공영주차장(시),노상 주차장,시간제 주차장,노원구 상계동 111-568,1,주차장,0.0,37.67067356,127.08053556
1453742,당고개위 공영주차장(시),노상 주차장,시간제 주차장,노원구 상계동 111-568,1,주차장,0.0,37.67044396,127.0804189
1453742,당고개위 공영주차장(시),노상 주차장,시간제 주차장,노원구 상계동 111-568,1,주차장,0.0,37.67042965,127.0805287
1453742,당고개위 공영주차장(시),노상 주차장,시간제 주차장,노원구 상계동 111-568,1,주차장,0.0,37.67068814,127.0804932
1453742,당고개위 공영주차장(시),노상 주차장,시간제 주차장,노원구 상계동 111-568,1,주차장,0.0,37.67065711,127.08064341
1453742,당고개위 공영주차장(시),노상 주차장,시간제 주차장,노원구 상계동 111-568,1,주차장,0.0,37.67070279,127.08041836
1453742,당고개위 공영주차장(시),노상 주차장,시간제 주차장,노원구 상계동 111-568,1,주차장,0.0,37.67038594,127.08074343
1453742,당고개위 공영주차장(시),노상 주차장,시간제 주차장,노원구 상계동 111-568,1,주차장,0.0,37.67037141,127.08081155
1453742,당고개위 공영주차장(시),노상 주차장,시간제 주차장,노원구 상계동 111-568,1,주차장,0.0,37.67069546,127.08045578
1453742,당고개위 공영주차장(시),노상 주차장,시간제 주차장,노원구 상계동 111-568,1,주차장,0.0,37.6704423,127.08045342
1453742,당고개위 공영주차장(시),노상 주차장,시간제 주차장,노원구 상계동 111-568,1,주차장,0.0,37.6706418,127.08071796
1453742,당고개위 공영주차장(시),노상 주차장,시간제 주차장,노원구 상계동 111-568,1,주차장,0.0,37.67067242,127.08056886
1453742,당고개위 공영주차장(시),노상 주차장,시간제 주차장,노원구 상계동 111-568,1,주차장,0.0,37.67064951,127.08068025
1453742,당고개위 공영주차장(시),노상 주차장,시간제 주차장,노원구 상계동 111-568,1,주차장,0.0,37.67040164,127.08067402
1453742,당고개위 공영주차장(시),노상 주차장,시간제 주차장,노원구 상계동 111-568,1,주차장,0.0,37.67041699,127.08060398
1453742,당고개위 공영주차장(시),노상 주차장,시간제 주차장,노원구 상계동 111-568,1,주차장,0.0,37.6703781,127.08077813
1453742,당고개위 공영주차장(시),노상 주차장,시간제 주차장,노원구 상계동 111-568,1,주차장,0.0,37.67069961,127.08038906
1453742,당고개위 공영주차장(시),노상 주차장,시간제 주차장,노원구 상계동 111-568,1,주차장,0.0,37.67042332,127.08056634
1453742,당고개위 공영주차장(시),노상 주차장,시간제 주차장,노원구 상계동 111-568,1,주차장,0.0,37.67066482,127.0806057
1453742,당고개위 공영주차장(시),노상 주차장,시간제 주차장,노원구 상계동 111-568,1,주차장,0.0,37.6704095,127.08063935
1453742,당고개위 공영주차장(시),노상 주차장,시간제 주차장,노원구 상계동 111-568,1,주차장,0.0,37.67039379,127.08070872
1475224,성내역(잠실나루역) 공영주차장(시),노상 주차장,시간제 주차장,송파구 신천동 11-1,1,주차장,0.0,37.51759041,127.10502756
1475224,성내역(잠실나루역) 공영주차장(시),노상 주차장,시간제 주차장,송파구 신천동 11-1,1,주차장,0.0,37.51757312,127.10502678
1475224,성내역(잠실나루역) 공영주차장(시),노상 주차장,시간제 주차장,송파구 신천동 11-1,1,주차장,0.0,37.51773241,127.10501915
1475224,성내역(잠실나루역) 공영주차장(시),노상 주차장,시간제 주차장,송파구 신천동 11-1,1,주차장,0.0,37.51806271,127.10500566
1475224,성내역(잠실나루역) 공영주차장(시),노상 주차장,시간제 주차장,송파구 신천동 11-1,1,주차장,0.0,37.51768592,127.10502358
1475224,성내역(잠실나루역) 공영주차장(시),노상 주차장,시간제 주차장,송파구 신천동 11-1,1,주차장,0.0,37.51764832,127.1050729
1475224,성내역(잠실나루역) 공영주차장(시),노상 주차장,시간제 주차장,송파구 신천동 11-1,1,주차장,0.0,37.51797565,127.10506315
1475224,성내역(잠실나루역) 공영주차장(시),노상 주차장,시간제 주차장,송파구 신천동 11-1,1,주차장,0.0,37.51759171,127.10507507
1475224,성내역(잠실나루역) 공영주차장(시),노상 주차장,시간제 주차장,송파구 신천동 11-1,1,주차장,0.0,37.51768766,127.10507072
1475224,성내역(잠실나루역) 공영주차장(시),노상 주차장,시간제 주차장,송파구 신천동 11-1,1,주차장,0.0,37.51774921,127.10501944
1475224,성내역(잠실나루역) 공영주차장(시),노상 주차장,시간제 주차장,송파구 신천동 11-1,1,주차장,0.0,37.51804245,127.10500713
1475224,성내역(잠실나루역) 공영주차장(시),노상 주차장,시간제 주차장,송파구 신천동 11-1,1,주차장,0.0,37.51806624,127.10505804
1475224,성내역(잠실나루역) 공영주차장(시),노상 주차장,시간제 주차장,송파구 신천동 11-1,1,주차장,0.0,37.51762736,127.10502611
1475224,성내역(잠실나루역) 공영주차장(시),노상 주차장,시간제 주차장,송파구 신천동 11-1,1,주차장,0.0,37.51764584,127.10502539
1475224,성내역(잠실나루역) 공영주차장(시),노상 주차장,시간제 주차장,송파구 신천동 11-1,1,주차장,0.0,37.51760959,127.1050751
1475224,성내역(잠실나루역) 공영주차장(시),노상 주차장,시간제 주차장,송파구 신천동 11-1,1,주차장,0.0,37.51760888,127.10502683
1475224,성내역(잠실나루역) 공영주차장(시),노상 주차장,시간제 주차장,송파구 신천동 11-1,1,주차장,0.0,37.51773236,127.10506779
1475224,성내역(잠실나루역) 공영주차장(시),노상 주차장,시간제 주차장,송파구 신천동 11-1,1,주차장,0.0,37.51762925,127.10507363
1475224,성내역(잠실나루역) 공영주차장(시),노상 주차장,시간제 주차장,송파구 신천동 11-1,1,주차장,0.0,37.51799533,127.10501006
1475224,성내역(잠실나루역) 공영주차장(시),노상 주차장,시간제 주차장,송파구 신천동 11-1,1,주차장,0.0,37.51800008,127.10505945
1475224,성내역(잠실나루역) 공영주차장(시),노상 주차장,시간제 주차장,송파구 신천동 11-1,1,주차장,0.0,37.51795717,127.10506313
1475224,성내역(잠실나루역) 공영주차장(시),노상 주차장,시간제 주차장,송파구 신천동 11-1,1,주차장,0.0,37.51802333,127.10505649
1475224,성내역(잠실나루역) 공영주차장(시),노상 주차장,시간제 주차장,송파구 신천동 11-1,1,주차장,0.0,37.5177517,127.10506759
1475224,성내역(잠실나루역) 공영주차장(시),노상 주차장,시간제 주차장,송파구 신천동 11-1,1,주차장,0.0,37.51766859,127.10507144
1475224,성내역(잠실나루역) 공영주차장(시),노상 주차장,시간제 주차장,송파구 신천동 11-1,1,주차장,0.0,37.51757323,127.1050743
1475224,성내역(잠실나루역) 공영주차장(시),노상 주차장,시간제 주차장,송파구 신천동 11-1,1,주차장,0.0,37.51802218,127.1050086
1475224,성내역(잠실나루역) 공영주차장(시),노상 주차장,시간제 주차장,송파구 신천동 11-1,1,주차장,0.0,37.51793572,127.10506235
1475224,성내역(잠실나루역) 공영주차장(시),노상 주차장,시간제 주차장,송파구 신천동 11-1,1,주차장,0.0,37.51796508,127.10501301
1477337,동작대교(위) 공영주차장(시),노상 주차장,시간제 주차장,동작구 동작동 316-3,1,주차장,0.0,37.50548711,126.98006107
1477337,동작대교(위) 공영주차장(시),노상 주차장,시간제 주차장,동작구 동작동 316-3,1,주차장,0.0,37.50533627,126.98079074
1477337,동작대교(위) 공영주차장(시),노상 주차장,시간제 주차장,동작구 동작동 316-3,1,주차장,0.0,37.5053083,126.98013654
1477337,동작대교(위) 공영주차장(시),노상 주차장,시간제 주차장,동작구 동작동 316-3,1,주차장,0.0,37.50548244,126.98068261
1477337,동작대교(위) 공영주차장(시),노상 주차장,시간제 주차장,동작구 동작동 316-3,1,주차장,0.0,37.50528584,126.98000472
1477337,동작대교(위) 공영주차장(시),노상 주차장,시간제 주차장,동작구 동작동 316-3,1,주차장,0.0,37.50535472,126.9801465
1477337,동작대교(위) 공영주차장(시),노상 주차장,시간제 주차장,동작구 동작동 316-3,1,주차장,0.0,37.50536845,126.98079971
1477337,동작대교(위) 공영주차장(시),노상 주차장,시간제 주차장,동작구 동작동 316-3,1,주차장,0.0,37.5054026,126.9808098
1477337,동작대교(위) 공영주차장(시),노상 주차장,시간제 주차장,동작구 동작동 316-3,1,주차장,0.0,37.5053279,126.98064711
1477337,동작대교(위) 공영주차장(시),노상 주차장,시간제 주차장,동작구 동작동 316-3,1,주차장,0.0,37.50518327,126.9807545
1477337,동작대교(위) 공영주차장(시),노상 주차장,시간제 주차장,동작구 동작동 316-3,1,주차장,0.0,37.50550403,126.98021639
1477337,동작대교(위) 공영주차장(시),노상 주차장,시간제 주차장,동작구 동작동 316-3,1,주차장,0.0,37.50535269,126.9806513
1477337,동작대교(위) 공영주차장(시),노상 주차장,시간제 주차장,동작구 동작동 316-3,1,주차장,0.0,37.50560273,126.98008798
1477337,동작대교(위) 공영주차장(시),노상 주차장,시간제 주차장,동작구 동작동 316-3,1,주차장,0.0,37.50523334,126.98076496
1477337,동작대교(위) 공영주차장(시),노상 주차장,시간제 주차장,동작구 동작동 316-3,1,주차장,0.0,37.5054293,126.98004313
1477337,동작대교(위) 공영주차장(시),노상 주차장,시간제 주차장,동작구 동작동 316-3,1,주차장,0.0,37.50548485,126.98082923
1477337,동작대교(위) 공영주차장(시),노상 주차장,시간제 주차장,동작구 동작동 316-3,1,주차장,0.0,37.50554313,126.98007153
1477337,동작대교(위) 공영주차장(시),노상 주차장,시간제 주차장,동작구 동작동 316-3,1,주차장,0.0,37.5054585,126.9800521
1477337,동작대교(위) 공영주차장(시),노상 주차장,시간제 주차장,동작구 동작동 316-3,1,주차장,0.0,37.50525782,126.9799965
1477337,동작대교(위) 공영주차장(시),노상 주차장,시간제 주차장,동작구 동작동 316-3,1,주차장,0.0,37.50525956,126.98077244
1477337,동작대교(위) 공영주차장(시),노상 주차장,시간제 주차장,동작구 동작동 316-3,1,주차장,0.0,37.50519995,126.97998144
1477337,동작대교(위) 공영주차장(시),노상 주차장,시간제 주차장,동작구 동작동 316-3,1,주차장,0.0,37.50534305,126.98001892
1477337,동작대교(위) 공영주차장(시),노상 주차장,시간제 주차장,동작구 동작동 316-3,1,주차장,0.0,37.50522862,126.97998828
1477337,동작대교(위) 공영주차장(시),노상 주차장,시간제 주차장,동작구 동작동 316-3,1,주차장,0.0,37.50515806,126.98074142
1477337,동작대교(위) 공영주차장(시),노상 주차장,시간제 주차장,동작구 동작동 316-3,1,주차장,0.0,37.50557174,126.98007901
1477337,동작대교(위) 공영주차장(시),노상 주차장,시간제 주차장,동작구 동작동 316-3,1,주차장,0.0,37.50566233,126.9801074
1477337,동작대교(위) 공영주차장(시),노상 주차장,시간제 주차장,동작구 동작동 316-3,1,주차장,0.0,37.50530501,126.98064084
1477337,동작대교(위) 공영주차장(시),노상 주차장,시간제 주차장,동작구 동작동 316-3,1,주차장,0.0,37.50528219,126.98063478
1477337,동작대교(위) 공영주차장(시),노상 주차장,시간제 주차장,동작구 동작동 316-3,1,주차장,0.0,37.50517015,126.97997247
1477337,동작대교(위) 공영주차장(시),노상 주차장,시간제 주차장,동작구 동작동 316-3,1,주차장,0.0,37.50537107,126.98002564
1477337,동작대교(위) 공영주차장(시),노상 주차장,시간제 주차장,동작구 동작동 316-3,1,주차장,0.0,37.50537832,126.98065952
1477337,동작대교(위) 공영주차장(시),노상 주차장,시간제 주차장,동작구 동작동 316-3,1,주차장,0.0,37.50550748,126.98068709
1477337,동작대교(위) 공영주차장(시),노상 주차장,시간제 주차장,동작구 동작동 316-3,1,주차장,0.0,37.50543163,126.98081616
1477337,동작대교(위) 공영주차장(시),노상 주차장,시간제 주차장,동작구 동작동 316-3,1,주차장,0.0,37.50545863,126.98082176
1477337,동작대교(위) 공영주차장(시),노상 주차장,시간제 주차장,동작구 동작동 316-3,1,주차장,0.0,37.50540496,126.98066467
1477337,동작대교(위) 공영주차장(시),노상 주차장,시간제 주차장,동작구 동작동 316-3,1,주차장,0.0,37.50533087,126.98014322
1477337,동작대교(위) 공영주차장(시),노상 주차장,시간제 주차장,동작구 동작동 316-3,1,주차장,0.0,37.50543119,126.98067065
1477337,동작대교(위) 공영주차장(시),노상 주차장,시간제 주차장,동작구 동작동 316-3,1,주차장,0.0,37.50540027,126.98003536
1477337,동작대교(위) 공영주차장(시),노상 주차장,시간제 주차장,동작구 동작동 316-3,1,주차장,0.0,37.50528859,126.98078028
1477337,동작대교(위) 공영주차장(시),노상 주차장,시간제 주차장,동작구 동작동 316-3,1,주차장,0.0,37.5052081,126.98061348
1477337,동작대교(위) 공영주차장(시),노상 주차장,시간제 주차장,동작구 동작동 316-3,1,주차장,0.0,37.50563373,126.98009844
1477337,동작대교(위) 공영주차장(시),노상 주차장,시간제 주차장,동작구 동작동 316-3,1,주차장,0.0,37.50523331,126.9806183
1477337,동작대교(위) 공영주차장(시),노상 주차장,시간제 주차장,동작구 동작동 316-3,1,주차장,0.0,37.50551691,126.98007004
1477337,동작대교(위) 공영주차장(시),노상 주차장,시간제 주차장,동작구 동작동 316-3,1,주차장,0.0,37.50545741,126.98067513
1477337,동작대교(위) 공영주차장(시),노상 주차장,시간제 주차장,동작구 동작동 316-3,1,주차장,0.0,37.50520705,126.98075696
1477337,동작대교(위) 공영주차장(시),노상 주차장,시간제 주차장,동작구 동작동 316-3,1,주차장,0.0,37.50525596,126.98062577
1477337,동작대교(위) 공영주차장(시),노상 주차장,시간제 주차장,동작구 동작동 316-3,1,주차장,0.0,37.50531504,126.98001144
1496216,압구정고가1 공영주차장(시),노상 주차장,시간제 주차장,강남구 신사동 668-0,1,주차장,0.0,37.52615442,127.0284496
1496216,압구정고가1 공영주차장(시),노상 주차장,시간제 주차장,강남구 신사동 668-0,1,주차장,0.0,37.52595798,127.0284388
1496216,압구정고가1 공영주차장(시),노상 주차장,시간제 주차장,강남구 신사동 668-0,1,주차장,0.0,37.52611513,127.0284475
1496216,압구정고가1 공영주차장(시),노상 주차장,시간제 주차장,강남구 신사동 668-0,1,주차장,0.0,37.52596112,127.0283666
1496216,압구정고가1 공영주차장(시),노상 주차장,시간제 주차장,강남구 신사동 668-0,1,주차장,0.0,37.52611506,127.0283773
1496216,압구정고가1 공영주차장(시),노상 주차장,시간제 주차장,강남구 신사동 668-0,1,주차장,0.0,37.52619203,127.0283827
1496216,압구정고가1 공영주차장(시),노상 주차장,시간제 주차장,강남구 신사동 668-0,1,주차장,0.0,37.52615355,127.02838
1496216,압구정고가1 공영주차장(시),노상 주차장,시간제 주차장,강남구 신사동 668-0,1,주차장,0.0,37.52607658,127.0283747
1496216,압구정고가1 공영주차장(시),노상 주차장,시간제 주차장,강남구 신사동 668-0,1,주차장,0.0,37.52607585,127.0284453
1496216,압구정고가1 공영주차장(시),노상 주차장,시간제 주차장,강남구 신사동 668-0,1,주차장,0.0,37.526,127.0283693
1496216,압구정고가1 공영주차장(시),노상 주차장,시간제 주차장,강남구 신사동 668-0,1,주차장,0.0,37.52603809,127.028372
1496216,압구정고가1 공영주차장(시),노상 주차장,시간제 주차장,강남구 신사동 668-0,1,주차장,0.0,37.52619371,127.0284518
1496216,압구정고가1 공영주차장(시),노상 주차장,시간제 주차장,강남구 신사동 668-0,1,주차장,0.0,37.52592264,127.028364
1496216,압구정고가1 공영주차장(시),노상 주차장,시간제 주차장,강남구 신사동 668-0,1,주차장,0.0,37.526269,127.028388
1496216,압구정고가1 공영주차장(시),노상 주차장,시간제 주차장,강남구 신사동 668-0,1,주차장,0.0,37.52599727,127.0284409
1496216,압구정고가1 공영주차장(시),노상 주차장,시간제 주차장,강남구 신사동 668-0,1,주차장,0.0,37.52591869,127.0284366
1496216,압구정고가1 공영주차장(시),노상 주차장,시간제 주차장,강남구 신사동 668-0,1,주차장,0.0,37.52603656,127.0284431
1496216,압구정고가1 공영주차장(시),노상 주차장,시간제 주차장,강남구 신사동 668-0,1,주차장,0.0,37.52623052,127.0283853
1496216,압구정고가1 공영주차장(시),노상 주차장,시간제 주차장,강남구 신사동 668-0,1,주차장,0.0,37.526233,127.028454
1496233,동호대교(남) 공영주차장(시),노상 주차장,시간제 주차장,강남구 압구정동 435-0,1,주차장,0.0,37.5307825,127.02478111
1496233,동호대교(남) 공영주차장(시),노상 주차장,시간제 주차장,강남구 압구정동 435-0,1,주차장,0.0,37.53076162,127.02476429
1496233,동호대교(남) 공영주차장(시),노상 주차장,시간제 주차장,강남구 압구정동 435-0,1,주차장,0.0,37.53091601,127.02475751
1496233,동호대교(남) 공영주차장(시),노상 주차장,시간제 주차장,강남구 압구정동 435-0,1,주차장,0.0,37.53106835,127.02481727
1496233,동호대교(남) 공영주차장(시),노상 주차장,시간제 주차장,강남구 압구정동 435-0,1,주차장,0.0,37.53093819,127.02480744
1496233,동호대교(남) 공영주차장(시),노상 주차장,시간제 주차장,강남구 압구정동 435-0,1,주차장,0.0,37.53082477,127.02485092
1496233,동호대교(남) 공영주차장(시),노상 주차장,시간제 주차장,강남구 압구정동 435-0,1,주차장,0.0,37.53103361,127.02473969
1496233,동호대교(남) 공영주차장(시),노상 주차장,시간제 주차장,강남구 압구정동 435-0,1,주차장,0.0,37.53102238,127.02471437
1496233,동호대교(남) 공영주차장(시),노상 주차장,시간제 주차장,강남구 압구정동 435-0,1,주차장,0.0,37.53089304,127.02470782
1496233,동호대교(남) 공영주차장(시),노상 주차장,시간제 주차장,강남구 압구정동 435-0,1,주차장,0.0,37.53101142,127.02468977
1496233,동호대교(남) 공영주차장(시),노상 주차장,시간제 주차장,강남구 압구정동 435-0,1,주차장,0.0,37.53083746,127.02490955
1496233,동호대교(남) 공영주차장(시),노상 주차장,시간제 주차장,강남구 압구정동 435-0,1,주차장,0.0,37.53094474,127.02485526
1496233,동호대교(남) 공영주차장(시),노상 주차장,시간제 주차장,강남구 압구정동 435-0,1,주차장,0.0,37.53096133,127.02485914
1496233,동호대교(남) 공영주차장(시),노상 주차장,시간제 주차장,강남구 압구정동 435-0,1,주차장,0.0,37.53098845,127.02464007
1496233,동호대교(남) 공영주차장(시),노상 주차장,시간제 주차장,강남구 압구정동 435-0,1,주차장,0.0,37.53093639,127.02489492
1496233,동호대교(남) 공영주차장(시),노상 주차장,시간제 주차장,강남구 압구정동 435-0,1,주차장,0.0,37.53083599,127.02487774
1496233,동호대교(남) 공영주차장(시),노상 주차장,시간제 주차장,강남구 압구정동 435-0,1,주차장,0.0,37.53099965,127.02466431
1496233,동호대교(남) 공영주차장(시),노상 주차장,시간제 주차장,강남구 압구정동 435-0,1,주차장,0.0,37.53083735,127.02497327
1496449,압구정고가2 공영주차장(시),노상 주차장,시간제 주차장,강남구 신사동 668-0,1,주차장,0.0,37.52577984,127.0283633
1496449,압구정고가2 공영주차장(시),노상 주차장,시간제 주차장,강남구 신사동 668-0,1,주차장,0.0,37.52554613,127.0284355
1496449,압구정고가2 공영주차장(시),노상 주차장,시간제 주차장,강남구 신사동 668-0,1,주차장,0.0,37.52567752,127.0283572
1496449,압구정고가2 공영주차장(시),노상 주차장,시간제 주차장,강남구 신사동 668-0,1,주차장,0.0,37.52561438,127.0284365
1496449,압구정고가2 공영주차장(시),노상 주차장,시간제 주차장,강남구 신사동 668-0,1,주차장,0.0,37.525507,127.028347
1496449,압구정고가2 공영주차장(시),노상 주차장,시간제 주차장,강남구 신사동 668-0,1,주차장,0.0,37.52571163,127.0283593
1496449,압구정고가2 공영주차장(시),노상 주차장,시간제 주차장,강남구 신사동 668-0,1,주차장,0.0,37.52560931,127.0283531
1496449,압구정고가2 공영주차장(시),노상 주차장,시간제 주차장,강남구 신사동 668-0,1,주차장,0.0,37.52571675,127.028438
1496449,압구정고가2 공영주차장(시),노상 주차장,시간제 주차장,강남구 신사동 668-0,1,주차장,0.0,37.52581394,127.0283654
1496449,압구정고가2 공영주차장(시),노상 주차장,시간제 주차장,강남구 신사동 668-0,1,주차장,0.0,37.5256485,127.028437
1496449,압구정고가2 공영주차장(시),노상 주차장,시간제 주차장,강남구 신사동 668-0,1,주차장,0.0,37.525785,127.028439
1496449,압구정고가2 공영주차장(시),노상 주차장,시간제 주차장,강남구 신사동 668-0,1,주차장,0.0,37.52568263,127.0284375
1496449,압구정고가2 공영주차장(시),노상 주차장,시간제 주차장,강남구 신사동 668-0,1,주차장,0.0,37.5255411,127.028349
1496449,압구정고가2 공영주차장(시),노상 주차장,시간제 주차장,강남구 신사동 668-0,1,주차장,0.0,37.52574573,127.0283613
1496449,압구정고가2 공영주차장(시),노상 주차장,시간제 주차장,강남구 신사동 668-0,1,주차장,0.0,37.52557521,127.0283511
1496449,압구정고가2 공영주차장(시),노상 주차장,시간제 주차장,강남구 신사동 668-0,1,주차장,0.0,37.525512,127.028435
1496449,압구정고가2 공영주차장(시),노상 주차장,시간제 주차장,강남구 신사동 668-0,1,주차장,0.0,37.52558025,127.028436
1496449,압구정고가2 공영주차장(시),노상 주차장,시간제 주차장,강남구 신사동 668-0,1,주차장,0.0,37.52575088,127.0284385
1496449,압구정고가2 공영주차장(시),노상 주차장,시간제 주차장,강남구 신사동 668-0,1,주차장,0.0,37.52564342,127.0283552
1499707,대림역2 공영주차장(시),노상 주차장,시간제 주차장,구로구 구로동 73-9,1,주차장,0.0,37.49592921,126.89366987
1499707,대림역2 공영주차장(시),노상 주차장,시간제 주차장,구로구 구로동 73-9,1,주차장,0.0,37.49535355,126.8938472
1499707,대림역2 공영주차장(시),노상 주차장,시간제 주차장,구로구 구로동 73-9,1,주차장,0.0,37.49370015,126.89444443
1499707,대림역2 공영주차장(시),노상 주차장,시간제 주차장,구로구 구로동 73-9,1,주차장,0.0,37.49602574,126.89364142
1499707,대림역2 공영주차장(시),노상 주차장,시간제 주차장,구로구 구로동 73-9,1,주차장,0.0,37.49597794,126.8936545
1499707,대림역2 공영주차장(시),노상 주차장,시간제 주차장,구로구 구로동 73-9,1,주차장,0.0,37.49617065,126.8936005
1499707,대림역2 공영주차장(시),노상 주차장,시간제 주차장,구로구 구로동 73-9,1,주차장,0.0,37.49583349,126.89369871
1499707,대림역2 공영주차장(시),노상 주차장,시간제 주차장,구로구 구로동 73-9,1,주차장,0.0,37.49554514,126.89378653
1499707,대림역2 공영주차장(시),노상 주차장,시간제 주차장,구로구 구로동 73-9,1,주차장,0.0,37.49636423,126.89354621
1499707,대림역2 공영주차장(시),노상 주차장,시간제 주차장,구로구 구로동 73-9,1,주차장,0.0,37.49660657,126.89348195
1499707,대림역2 공영주차장(시),노상 주차장,시간제 주차장,구로구 구로동 73-9,1,주차장,0.0,37.49573728,126.89372812
1499707,대림역2 공영주차장(시),노상 주차장,시간제 주차장,구로구 구로동 73-9,1,주차장,0.0,37.49655857,126.8934938
1499707,대림역2 공영주차장(시),노상 주차장,시간제 주차장,구로구 구로동 73-9,1,주차장,0.0,37.49646154,126.89351861
1499707,대림역2 공영주차장(시),노상 주차장,시간제 주차장,구로구 구로동 73-9,1,주차장,0.0,37.49365308,126.8944617
1499707,대림역2 공영주차장(시),노상 주차장,시간제 주차장,구로구 구로동 73-9,1,주차장,0.0,37.49607455,126.89362722
1499707,대림역2 공영주차장(시),노상 주차장,시간제 주차장,구로구 구로동 73-9,1,주차장,0.0,37.49621973,126.89358608
1499707,대림역2 공영주차장(시),노상 주차장,시간제 주차장,구로구 구로동 73-9,1,주차장,0.0,37.49612235,126.89361414
1499707,대림역2 공영주차장(시),노상 주차장,시간제 주차장,구로구 구로동 73-9,1,주차장,0.0,37.49512714,126.89392351
1499707,대림역2 공영주차장(시),노상 주차장,시간제 주차장,구로구 구로동 73-9,1,주차장,0.0,37.49544893,126.89381667
1499707,대림역2 공영주차장(시),노상 주차장,시간제 주차장,구로구 구로동 73-9,1,주차장,0.0,37.49568958,126.89374306
1499707,대림역2 공영주차장(시),노상 주차장,시간제 주차장,구로구 구로동 73-9,1,주차장,0.0,37.495401,126.89383223
1499707,대림역2 공영주차장(시),노상 주차장,시간제 주차장,구로구 구로동 73-9,1,주차장,0.0,37.49641257,126.89353273
1499707,대림역2 공영주차장(시),노상 주차장,시간제 주차장,구로구 구로동 73-9,1,주차장,0.0,37.49549749,126.89380045
1499707,대림역2 공영주차장(시),노상 주차장,시간제 주차장,구로구 구로동 73-9,1,주차장,0.0,37.4958811,126.89368458
1499707,대림역2 공영주차장(시),노상 주차장,시간제 주차장,구로구 구로동 73-9,1,주차장,0.0,37.49650954,126.89350676
1499707,대림역2 공영주차장(시),노상 주차장,시간제 주차장,구로구 구로동 73-9,1,주차장,0.0,37.49578489,126.89371399
1499707,대림역2 공영주차장(시),노상 주차장,시간제 주차장,구로구 구로동 73-9,1,주차장,0.0,37.49559378,126.89377146
1499707,대림역2 공영주차장(시),노상 주차장,시간제 주차장,구로구 구로동 73-9,1,주차장,0.0,37.4963164,126.89355912
1499707,대림역2 공영주차장(시),노상 주차장,시간제 주차장,구로구 구로동 73-9,1,주차장,0.0,37.49498319,126.89397158
1499707,대림역2 공영주차장(시),노상 주차장,시간제 주차장,구로구 구로동 73-9,1,주차장,0.0,37.49530513,126.89386334
1499707,대림역2 공영주차장(시),노상 주차장,시간제 주차장,구로구 구로동 73-9,1,주차장,0.0,37.49564144,126.89375755
1504809,방화로 공영주차장(시),노상 주차장,시간제 주차장,강서구 공항동 796-0,1,주차장,0.0,37.55548303,126.81620273
1504809,방화로 공영주차장(시),노상 주차장,시간제 주차장,강서구 공항동 796-0,1,주차장,0.0,37.55308383,126.81629005
1504809,방화로 공영주차장(시),노상 주차장,시간제 주차장,강서구 공항동 796-0,1,주차장,0.0,37.55619548,126.81658607
1504809,방화로 공영주차장(시),노상 주차장,시간제 주차장,강서구 공항동 796-0,1,주차장,0.0,37.55561562,126.81661866
1504809,방화로 공영주차장(시),노상 주차장,시간제 주차장,강서구 공항동 796-0,1,주차장,0.0,37.55482371,126.81667186
1504809,방화로 공영주차장(시),노상 주차장,시간제 주차장,강서구 공항동 796-0,1,주차장,0.0,37.55477765,126.81667339
1504809,방화로 공영주차장(시),노상 주차장,시간제 주차장,강서구 공항동 796-0,1,주차장,0.0,37.55594457,126.81618064
1504809,방화로 공영주차장(시),노상 주차장,시간제 주차장,강서구 공항동 796-0,1,주차장,0.0,37.55440722,126.81669136
1504809,방화로 공영주차장(시),노상 주차장,시간제 주차장,강서구 공항동 796-0,1,주차장,0.0,37.55352494,126.81627486
1504809,방화로 공영주차장(시),노상 주차장,시간제 주차장,강서구 공항동 796-0,1,주차장,0.0,37.5556665,126.81619429
1504809,방화로 공영주차장(시),노상 주차장,시간제 주차장,강서구 공항동 796-0,1,주차장,0.0,37.55299163,126.81629441
1504809,방화로 공영주차장(시),노상 주차장,시간제 주차장,강서구 공항동 796-0,1,주차장,0.0,37.55552294,126.8166182
1504809,방화로 공영주차장(시),노상 주차장,시간제 주차장,강서구 공항동 796-0,1,주차장,0.0,37.55427727,126.81625106
1504809,방화로 공영주차장(시),노상 주차장,시간제 주차장,강서구 공항동 796-0,1,주차장,0.0,37.55361732,126.8162705
1504809,방화로 공영주차장(시),노상 주차장,시간제 주차장,강서구 공항동 796-0,1,주차장,0.0,37.55432332,126.81624879
1504809,방화로 공영주차장(시),노상 주차장,시간제 주차장,강서구 공항동 796-0,1,주차장,0.0,37.55373702,126.81672522
1504809,방화로 공영주차장(시),노상 주차장,시간제 주차장,강서구 공항동 796-0,1,주차장,0.0,37.55398674,126.81671657
1504809,방화로 공영주차장(시),노상 주차장,시간제 주차장,강서구 공항동 796-0,1,주차장,0.0,37.55601,126.81659551
1504809,방화로 공영주차장(시),노상 주차장,시간제 주차장,강서구 공항동 796-0,1,주차장,0.0,37.55614856,126.81658873
1504809,방화로 공영주차장(시),노상 주차장,시간제 주차장,강서구 공항동 796-0,1,주차장,0.0,37.5547934,126.81622509
1504809,방화로 공영주차장(시),노상 주차장,시간제 주차장,강서구 공항동 796-0,1,주차장,0.0,37.55562045,126.81619581
1504809,방화로 공영주차장(시),노상 주차장,시간제 주차장,강서구 공항동 796-0,1,주차장,0.0,37.55599088,126.81617784
1504809,방화로 공영주차장(시),노상 주차장,시간제 주차장,강서구 공항동 796-0,1,주차장,0.0,37.5544996,126.81668775
1504809,방화로 공영주차장(시),노상 주차장,시간제 주차장,강서구 공항동 796-0,1,주차장,0.0,37.55303747,126.81629135
1504809,방화로 공영주차장(시),노상 주차장,시간제 주차장,강서구 공항동 796-0,1,주차장,0.0,37.55608397,126.81617332
1504809,방화로 공영주차장(시),노상 주차장,시간제 주차장,강서구 공항동 796-0,1,주차장,0.0,37.55364466,126.81672955
1504809,방화로 공영주차장(시),노상 주차장,시간제 주차장,강서구 공항동 796-0,1,주차장,0.0,37.55556462,126.81661807
1504809,방화로 공영주차장(시),노상 주차장,시간제 주차장,강서구 공항동 796-0,1,주차장,0.0,37.5540322,126.8167131
1504809,방화로 공영주차장(시),노상 주차장,시간제 주차장,강서구 공항동 796-0,1,주차장,0.0,37.55357127,126.81627277
1504809,방화로 공영주차장(시),노상 주차장,시간제 주차장,강서구 공항동 796-0,1,주차장,0.0,37.55613003,126.81617105
1504809,방화로 공영주차장(시),노상 주차장,시간제 주차장,강서구 공항동 796-0,1,주차장,0.0,37.55557449,126.81619916
1504809,방화로 공영주차장(시),노상 주차장,시간제 주차장,강서구 공항동 796-0,1,주차장,0.0,37.55343587,126.81627856
1504809,방화로 공영주차장(시),노상 주차장,시간제 주차장,강서구 공항동 796-0,1,주차장,0.0,37.55431478,126.81669542
1504809,방화로 공영주차장(시),노상 주차장,시간제 주차장,강서구 공항동 796-0,1,주차장,0.0,37.55423094,126.81625315
1504809,방화로 공영주차장(시),노상 주차장,시간제 주차장,강서구 공항동 796-0,1,주차장,0.0,37.55454566,126.81668548
1504809,방화로 공영주차장(시),노상 주차장,시간제 주차장,강서구 공항동 796-0,1,주차장,0.0,37.55603693,126.81617631
1504809,방화로 공영주차장(시),노상 주차장,시간제 주차장,강서구 공항동 796-0,1,주차장,0.0,37.55370968,126.81626617
1504809,방화로 공영주차장(시),노상 주차장,시간제 주차장,강서구 공항동 796-0,1,주차장,0.0,37.5558239,126.81660599
1504809,방화로 공영주차장(시),노상 주차장,시간제 주차장,강서구 공항동 796-0,1,주차장,0.0,37.55470741,126.81623067
1504809,방화로 공영주차장(시),노상 주차장,시간제 주차장,강서구 공항동 796-0,1,주차장,0.0,37.55547754,126.81662017
1504809,방화로 공영주차장(시),노상 주차장,시간제 주차장,강서구 공항동 796-0,1,주차장,0.0,37.55617633,126.81616825
1504809,방화로 공영주차장(시),노상 주차장,시간제 주차장,강서구 공항동 796-0,1,주차장,0.0,37.55552951,126.81620105
1504809,방화로 공영주차장(시),노상 주차장,시간제 주차장,강서구 공항동 796-0,1,주차장,0.0,37.55290261,126.81629941
1504809,방화로 공영주차장(시),노상 주차장,시간제 주차장,강서구 공항동 796-0,1,주차장,0.0,37.55441568,126.81624447
1504809,방화로 공영주차장(시),노상 주차장,시간제 주차장,강서구 공항동 796-0,1,주차장,0.0,37.55369096,126.81672674
1504809,방화로 공영주차장(시),노상 주차장,시간제 주차장,강서구 공항동 796-0,1,주차장,0.0,37.55475057,126.81622784
1504809,방화로 공영주차장(시),노상 주차장,시간제 주차장,강서구 공항동 796-0,1,주차장,0.0,37.55543751,126.81620635
1504809,방화로 공영주차장(시),노상 주차장,시간제 주차장,강서구 공항동 796-0,1,주차장,0.0,37.55468529,126.81667846
1504809,방화로 공영주차장(시),노상 주차장,시간제 주차장,강서구 공항동 796-0,1,주차장,0.0,37.55359861,126.81673182
1504809,방화로 공영주차장(시),노상 주차장,시간제 주차장,강서구 공항동 796-0,1,주차장,0.0,37.55445328,126.81668984
1504809,방화로 공영주차장(시),노상 주차장,시간제 주차장,강서구 공항동 796-0,1,주차장,0.0,37.55436962,126.81624599
1504809,방화로 공영주차장(시),노상 주차장,시간제 주차장,강서구 공항동 796-0,1,주차장,0.0,37.55294687,126.81629744
1504809,방화로 공영주차장(시),노상 주차장,시간제 주차장,강서구 공항동 796-0,1,주차장,0.0,37.55589852,126.81618291
1504809,방화로 공영주차장(시),노상 주차장,시간제 주차장,강서구 공항동 796-0,1,주차장,0.0,37.55436111,126.81669333
1504809,방화로 공영주차장(시),노상 주차장,시간제 주차장,강서구 공항동 796-0,1,주차장,0.0,37.55473135,126.81667619
1504809,방화로 공영주차장(시),노상 주차장,시간제 주차장,강서구 공항동 796-0,1,주차장,0.0,37.55605546,126.81659399
1504809,방화로 공영주차장(시),노상 주차장,시간제 주차장,강서구 공항동 796-0,1,주차장,0.0,37.55463897,126.81668055
1504809,방화로 공영주차장(시),노상 주차장,시간제 주차장,강서구 공항동 796-0,1,주차장,0.0,37.55459196,126.81668268
1504809,방화로 공영주차장(시),노상 주차장,시간제 주차장,강서구 공항동 796-0,1,주차장,0.0,37.5561025,126.816591
1509186,DDP동측(양쪽) 관광버스전용 주차장(시),노상 주차장,버스전용 주차장,중구 을지로7가 2-36,1,주차장,0.0,37.56621937,127.01176308
1509186,DDP동측(양쪽) 관광버스전용 주차장(시),노상 주차장,버스전용 주차장,중구 을지로7가 2-36,1,주차장,0.0,37.56603326,127.01107585
1509186,DDP동측(양쪽) 관광버스전용 주차장(시),노상 주차장,버스전용 주차장,중구 을지로7가 2-36,1,주차장,0.0,37.56594041,127.01065878
1509186,DDP동측(양쪽) 관광버스전용 주차장(시),노상 주차장,버스전용 주차장,중구 을지로7가 2-36,1,주차장,0.0,37.56598022,127.0102406
1509186,DDP동측(양쪽) 관광버스전용 주차장(시),노상 주차장,버스전용 주차장,중구 을지로7가 2-36,1,주차장,0.0,37.56607834,127.0104982
1509186,DDP동측(양쪽) 관광버스전용 주차장(시),노상 주차장,버스전용 주차장,중구 을지로7가 2-36,1,주차장,0.0,37.56590564,127.0101255
1509186,DDP동측(양쪽) 관광버스전용 주차장(시),노상 주차장,버스전용 주차장,중구 을지로7가 2-36,1,주차장,0.0,37.56627788,127.01189333
1509186,DDP동측(양쪽) 관광버스전용 주차장(시),노상 주차장,버스전용 주차장,중구 을지로7가 2-36,1,주차장,0.0,37.5658584,127.01038319
1509186,DDP동측(양쪽) 관광버스전용 주차장(시),노상 주차장,버스전용 주차장,중구 을지로7가 2-36,1,주차장,0.0,37.56609524,127.01135287
1509186,DDP동측(양쪽) 관광버스전용 주차장(시),노상 주차장,버스전용 주차장,중구 을지로7가 2-36,1,주차장,0.0,37.56612746,127.0114906
1509186,DDP동측(양쪽) 관광버스전용 주차장(시),노상 주차장,버스전용 주차장,중구 을지로7가 2-36,1,주차장,0.0,37.56616803,127.01162685
1509186,DDP동측(양쪽) 관광버스전용 주차장(시),노상 주차장,버스전용 주차장,중구 을지로7가 2-36,1,주차장,0.0,37.5660023,127.01093808
1509186,DDP동측(양쪽) 관광버스전용 주차장(시),노상 주차장,버스전용 주차장,중구 을지로7가 2-36,1,주차장,0.0,37.56590472,127.01051949
1509186,DDP동측(양쪽) 관광버스전용 주차장(시),노상 주차장,버스전용 주차장,중구 을지로7가 2-36,1,주차장,0.0,37.56606307,127.01121361
1509186,DDP동측(양쪽) 관광버스전용 주차장(시),노상 주차장,버스전용 주차장,중구 을지로7가 2-36,1,주차장,0.0,37.56634104,127.01202212
1509186,DDP동측(양쪽) 관광버스전용 주차장(시),노상 주차장,버스전용 주차장,중구 을지로7가 2-36,1,주차장,0.0,37.56597371,127.01079882
1509662,청계5(동호로_남) 공영주차장(시),노상 주차장,시간제 주차장,중구 방산동 4-47 0,1,주차장,0.0,37.56879529,127.00224166
1509662,청계5(동호로_남) 공영주차장(시),노상 주차장,시간제 주차장,중구 방산동 4-47 0,1,주차장,0.0,37.56912618,127.00222011
1509662,청계5(동호로_남) 공영주차장(시),노상 주차장,시간제 주차장,중구 방산동 4-47 0,1,주차장,0.0,37.56907094,127.0022251
1509662,청계5(동호로_남) 공영주차장(시),노상 주차장,시간제 주차장,중구 방산동 4-47 0,1,주차장,0.0,37.56841363,127.0022737
1509662,청계5(동호로_남) 공영주차장(시),노상 주차장,시간제 주차장,중구 방산동 4-47 0,1,주차장,0.0,37.56868659,127.00225124
1509662,청계5(동호로_남) 공영주차장(시),노상 주차장,시간제 주차장,중구 방산동 4-47 0,1,주차장,0.0,37.56852258,127.00226442
1509662,청계5(동호로_남) 공영주차장(시),노상 주차장,시간제 주차장,중구 방산동 4-47 0,1,주차장,0.0,37.56846727,127.00226921
1509662,청계5(동호로_남) 공영주차장(시),노상 주차장,시간제 주차장,중구 방산동 4-47 0,1,주차장,0.0,37.56857598,127.00225963
1509662,청계5(동호로_남) 공영주차장(시),노상 주차장,시간제 주차장,중구 방산동 4-47 0,1,주차장,0.0,37.5687419,127.00224645
1509662,청계5(동호로_남) 공영주차장(시),노상 주차장,시간제 주차장,중구 방산동 4-47 0,1,주차장,0.0,37.56901569,127.00223014
1509662,청계5(동호로_남) 공영주차장(시),노상 주차장,시간제 주차장,중구 방산동 4-47 0,1,주차장,0.0,37.56863128,127.00225483
1509853,청계3(창경궁로_남) 공영주차장(시),노상 주차장,시간제 주차장,중구 주교동 123-1 0,1,주차장,0.0,37.56826994,126.99795488
1509853,청계3(창경궁로_남) 공영주차장(시),노상 주차장,시간제 주차장,중구 주교동 123-1 0,1,주차장,0.0,37.56750484,126.99801775
1509853,청계3(창경궁로_남) 공영주차장(시),노상 주차장,시간제 주차장,중구 주교동 123-1 0,1,주차장,0.0,37.56790593,126.99798479
1509853,청계3(창경궁로_남) 공영주차장(시),노상 주차장,시간제 주차장,중구 주교동 123-1 0,1,주차장,0.0,37.56832362,126.99795078
1509853,청계3(창경궁로_남) 공영주차장(시),노상 주차장,시간제 주차장,중구 주교동 123-1 0,1,주차장,0.0,37.56795959,126.99798018
1509853,청계3(창경궁로_남) 공영주차장(시),노상 주차장,시간제 주차장,중구 주교동 123-1 0,1,주차장,0.0,37.56745128,126.99802254
1509853,청계3(창경궁로_남) 공영주차장(시),노상 주차장,시간제 주차장,중구 주교동 123-1 0,1,주차장,0.0,37.56837721,126.99794649
1509853,청계3(창경궁로_남) 공영주차장(시),노상 주차장,시간제 주차장,중구 주교동 123-1 0,1,주차장,0.0,37.56801316,126.99797538
1509853,청계3(창경궁로_남) 공영주차장(시),노상 주차장,시간제 주차장,중구 주교동 123-1 0,1,주차장,0.0,37.5675585,126.99801313
1509853,청계3(창경궁로_남) 공영주차장(시),노상 주차장,시간제 주차장,중구 주교동 123-1 0,1,주차장,0.0,37.56761207,126.99800834
1509853,청계3(창경궁로_남) 공영주차장(시),노상 주차장,시간제 주차장,중구 주교동 123-1 0,1,주차장,0.0,37.56821635,126.99795916
1509853,청계3(창경궁로_남) 공영주차장(시),노상 주차장,시간제 주차장,중구 주교동 123-1 0,1,주차장,0.0,37.56785237,126.99798959
1510016,청계5(남) 공영주차장(시),노상 주차장,시간제 주차장,중구 을지로6가 17-442 0,1,주차장,0.0,37.56950919,127.00743658
1510016,청계5(남) 공영주차장(시),노상 주차장,시간제 주차장,중구 을지로6가 17-442 0,1,주차장,0.0,37.56950204,127.00730705
1510016,청계5(남) 공영주차장(시),노상 주차장,시간제 주차장,중구 을지로6가 17-442 0,1,주차장,0.0,37.56949907,127.00724191
1510016,청계5(남) 공영주차장(시),노상 주차장,시간제 주차장,중구 을지로6가 17-442 0,1,주차장,0.0,37.56950592,127.00737181
1510016,청계5(남) 공영주차장(시),노상 주차장,시간제 주차장,중구 을지로6가 17-442 0,1,주차장,0.0,37.56951246,127.00750172
1510063,청계5가 공영주차장(시),노상 주차장,시간제 주차장,중구 을지로6가 17-442 0,1,주차장,0.0,37.56956362,127.00853115
1510063,청계5가 공영주차장(시),노상 주차장,시간제 주차장,중구 을지로6가 17-442 0,1,주차장,0.0,37.56952203,127.00769412
1510063,청계5가 공영주차장(시),노상 주차장,시간제 주차장,중구 을지로6가 17-442 0,1,주차장,0.0,37.56955398,127.00833798
1510063,청계5가 공영주차장(시),노상 주차장,시간제 주차장,중구 을지로6가 17-442 0,1,주차장,0.0,37.56952846,127.0078229
1510063,청계5가 공영주차장(시),노상 주차장,시간제 주차장,중구 을지로6가 17-442 0,1,주차장,0.0,37.56955093,127.00827352
1510063,청계5가 공영주차장(시),노상 주차장,시간제 주차장,중구 을지로6가 17-442 0,1,주차장,0.0,37.56958671,127.00898297
1510063,청계5가 공영주차장(시),노상 주차장,시간제 주차장,중구 을지로6가 17-442 0,1,주차장,0.0,37.56958981,127.00904766
1510063,청계5가 공영주차장(시),노상 주차장,시간제 주차장,중구 을지로6가 17-442 0,1,주차장,0.0,37.56957671,127.0087895
1510063,청계5가 공영주차장(시),노상 주차장,시간제 주차장,중구 을지로6가 17-442 0,1,주차장,0.0,37.56951913,127.00762991
1510063,청계5가 공영주차장(시),노상 주차장,시간제 주차장,중구 을지로6가 17-442 0,1,주차장,0.0,37.56953489,127.00795168
1510063,청계5가 공영주차장(시),노상 주차장,시간제 주차장,중구 을지로6가 17-442 0,1,주차장,0.0,37.56956705,127.00859548
1510063,청계5가 공영주차장(시),노상 주차장,시간제 주차장,중구 을지로6가 17-442 0,1,주차장,0.0,37.56957005,127.00865981
1510063,청계5가 공영주차장(시),노상 주차장,시간제 주차장,중구 을지로6가 17-442 0,1,주차장,0.0,37.56956034,127.00846682
1510063,청계5가 공영주차장(시),노상 주차장,시간제 주차장,중구 을지로6가 17-442 0,1,주차장,0.0,37.56958029,127.00885389
1510063,청계5가 공영주차장(시),노상 주차장,시간제 주차장,중구 을지로6가 17-442 0,1,주차장,0.0,37.56953156,127.00788699
1510063,청계5가 공영주차장(시),노상 주차장,시간제 주차장,중구 을지로6가 17-442 0,1,주차장,0.0,37.56957338,127.00872465
1510063,청계5가 공영주차장(시),노상 주차장,시간제 주차장,중구 을지로6가 17-442 0,1,주차장,0.0,37.56955719,127.00840267
1510063,청계5가 공영주차장(시),노상 주차장,시간제 주차장,중구 을지로6가 17-442 0,1,주차장,0.0,37.56952513,127.00775851
1510063,청계5가 공영주차장(시),노상 주차장,시간제 주차장,중구 을지로6가 17-442 0,1,주차장,0.0,37.56958338,127.00891828
1510063,청계5가 공영주차장(시),노상 주차장,시간제 주차장,중구 을지로6가 17-442 0,1,주차장,0.0,37.56951589,127.00756569
1510350,청계6(신평화시장앞) 공영주차장(시),노상 주차장,시간제 주차장,중구 신당동 217-91 0,1,주차장,0.0,37.569574,127.01164
1510350,청계6(신평화시장앞) 공영주차장(시),노상 주차장,시간제 주차장,중구 신당동 217-91 0,1,주차장,0.0,37.56957257,127.01156048
1510350,청계6(신평화시장앞) 공영주차장(시),노상 주차장,시간제 주차장,중구 신당동 217-91 0,1,주차장,0.0,37.56957215,127.0114317
1510350,청계6(신평화시장앞) 공영주차장(시),노상 주차장,시간제 주차장,중구 신당동 217-91 0,1,주차장,0.0,37.56957219,127.01149603
1510350,청계6(신평화시장앞) 공영주차장(시),노상 주차장,시간제 주차장,중구 신당동 217-91 0,1,주차장,0.0,37.56957236,127.01175527
1510350,청계6(신평화시장앞) 공영주차장(시),노상 주차장,시간제 주차장,중구 신당동 217-91 0,1,주차장,0.0,37.56957284,127.01169046
1510350,청계6(신평화시장앞) 공영주차장(시),노상 주차장,시간제 주차장,중구 신당동 217-91 0,1,주차장,0.0,37.569577,127.011183
1510496,청계6(동평화) 공영주차장(시),노상 주차장,시간제 주차장,중구 신당동 217-91 0,1,주차장,0.0,37.56958163,127.01309791
1510496,청계6(동평화) 공영주차장(시),노상 주차장,시간제 주차장,중구 신당동 217-91 0,1,주차장,0.0,37.56958258,127.01316308
1510496,청계6(동평화) 공영주차장(시),노상 주차장,시간제 주차장,중구 신당동 217-91 0,1,주차장,0.0,37.56958238,127.01322801
1510496,청계6(동평화) 공영주차장(시),노상 주차장,시간제 주차장,중구 신당동 217-91 0,1,주차장,0.0,37.56958176,127.01303202
1510496,청계6(동평화) 공영주차장(시),노상 주차장,시간제 주차장,중구 신당동 217-91 0,1,주차장,0.0,37.56958228,127.01329339
1510496,청계6(동평화) 공영주차장(시),노상 주차장,시간제 주차장,중구 신당동 217-91 0,1,주차장,0.0,37.56958177,127.01296643
1510632,청계5(방산동) 공영주차장(시),노상 주차장,시간제 주차장,중구 방산동 52-1,1,주차장,0.0,37.56947852,127.00307564
1510632,청계5(방산동) 공영주차장(시),노상 주차장,시간제 주차장,중구 방산동 52-1,1,주차장,0.0,37.56948025,127.00492874
1510632,청계5(방산동) 공영주차장(시),노상 주차장,시간제 주차장,중구 방산동 52-1,1,주차장,0.0,37.56948249,127.00621195
1510632,청계5(방산동) 공영주차장(시),노상 주차장,시간제 주차장,중구 방산동 52-1,1,주차장,0.0,37.56948048,127.00499298
1510632,청계5(방산동) 공영주차장(시),노상 주차장,시간제 주차장,중구 방산동 52-1,1,주차장,0.0,37.56948273,127.00614726
1510632,청계5(방산동) 공영주차장(시),노상 주차장,시간제 주차장,중구 방산동 52-1,1,주차장,0.0,37.56947881,127.00294698
1510632,청계5(방산동) 공영주차장(시),노상 주차장,시간제 주차장,중구 방산동 52-1,1,주차장,0.0,37.56947824,127.00275308
1510632,청계5(방산동) 공영주차장(시),노상 주차장,시간제 주차장,중구 방산동 52-1,1,주차장,0.0,37.56948142,127.00531338
1510632,청계5(방산동) 공영주차장(시),노상 주차장,시간제 주차장,중구 방산동 52-1,1,주차장,0.0,37.56948189,127.0055058
1510632,청계5(방산동) 공영주차장(시),노상 주차장,시간제 주차장,중구 방산동 52-1,1,주차장,0.0,37.56948177,127.00544156
1510632,청계5(방산동) 공영주차장(시),노상 주차장,시간제 주차장,중구 방산동 52-1,1,주차장,0.0,37.56947936,127.00333367
1510632,청계5(방산동) 공영주차장(시),노상 주차장,시간제 주차장,중구 방산동 52-1,1,주차장,0.0,37.56947993,127.00352756
1510632,청계5(방산동) 공영주차장(시),노상 주차장,시간제 주차장,중구 방산동 52-1,1,주차장,0.0,37.56947989,127.00486464
1510632,청계5(방산동) 공영주차장(시),노상 주차장,시간제 주차장,중구 방산동 52-1,1,주차장,0.0,37.56948272,127.00589029
1510632,청계5(방산동) 공영주차장(시),노상 주차장,시간제 주차장,중구 방산동 52-1,1,주차장,0.0,37.56948225,127.00556989
1510632,청계5(방산동) 공영주차장(시),노상 주차장,시간제 주차장,중구 방산동 52-1,1,주차장,0.0,37.56948283,127.00601836
1510632,청계5(방산동) 공영주차장(시),노상 주차장,시간제 주차장,중구 방산동 52-1,1,주차장,0.0,37.56948166,127.00537747
1510632,청계5(방산동) 공영주차장(시),노상 주차장,시간제 주차장,중구 방산동 52-1,1,주차장,0.0,37.56947871,127.00288277
1510632,청계5(방산동) 공영주차장(시),노상 주차장,시간제 주차장,중구 방산동 52-1,1,주차장,0.0,37.56948084,127.00505707
1510632,청계5(방산동) 공영주차장(시),노상 주차장,시간제 주차장,중구 방산동 52-1,1,주차장,0.0,37.56947908,127.00301111
1510632,청계5(방산동) 공영주차장(시),노상 주차장,시간제 주차장,중구 방산동 52-1,1,주차장,0.0,37.56948273,127.00608257
1510632,청계5(방산동) 공영주차장(시),노상 주차장,시간제 주차장,중구 방산동 52-1,1,주차장,0.0,37.56948107,127.00512101
1510632,청계5(방산동) 공영주차장(시),노상 주차장,시간제 주차장,중구 방산동 52-1,1,주차장,0.0,37.56947945,127.00339878
1510632,청계5(방산동) 공영주차장(시),노상 주차장,시간제 주차장,중구 방산동 52-1,1,주차장,0.0,37.56948272,127.00595427
1510632,청계5(방산동) 공영주차장(시),노상 주차장,시간제 주차장,중구 방산동 52-1,1,주차장,0.0,37.56947984,127.00346335
1510632,청계5(방산동) 공영주차장(시),노상 주차장,시간제 주차장,중구 방산동 52-1,1,주차장,0.0,37.56948224,127.00563405
1510632,청계5(방산동) 공영주차장(시),노상 주차장,시간제 주차장,중구 방산동 52-1,1,주차장,0.0,37.56948233,127.00576235
1510632,청계5(방산동) 공영주차장(시),노상 주차장,시간제 주차장,중구 방산동 52-1,1,주차장,0.0,37.56948233,127.00569826
1510632,청계5(방산동) 공영주차장(시),노상 주차장,시간제 주차장,중구 방산동 52-1,1,주차장,0.0,37.56947942,127.00473631
1510632,청계5(방산동) 공영주차장(시),노상 주차장,시간제 주차장,중구 방산동 52-1,1,주차장,0.0,37.5694793,127.00467237
1510632,청계5(방산동) 공영주차장(시),노상 주차장,시간제 주차장,중구 방산동 52-1,1,주차장,0.0,37.56947833,127.00281819
1510632,청계5(방산동) 공영주차장(시),노상 주차장,시간제 주차장,중구 방산동 52-1,1,주차장,0.0,37.56947861,127.00314075
1510632,청계5(방산동) 공영주차장(시),노상 주차장,시간제 주차장,중구 방산동 52-1,1,주차장,0.0,37.56947978,127.0048004
1510632,청계5(방산동) 공영주차장(시),노상 주차장,시간제 주차장,중구 방산동 52-1,1,주차장,0.0,37.56947909,127.00326953
1510632,청계5(방산동) 공영주차장(시),노상 주차장,시간제 주차장,중구 방산동 52-1,1,주차장,0.0,37.56948258,127.00582632
1510632,청계5(방산동) 공영주차장(시),노상 주차장,시간제 주차장,중구 방산동 52-1,1,주차장,0.0,37.56947899,127.00320532
1511592,소파길노상 공영주차장(시),노상 주차장,시간제 주차장,중구 회현동1가 1-19,1,주차장,0.0,37.55575809,126.98383552
1511592,소파길노상 공영주차장(시),노상 주차장,시간제 주차장,중구 회현동1가 1-19,1,주차장,0.0,37.55630355,126.98408601
1511592,소파길노상 공영주차장(시),노상 주차장,시간제 주차장,중구 회현동1가 1-19,1,주차장,0.0,37.55581308,126.98383302
1511592,소파길노상 공영주차장(시),노상 주차장,시간제 주차장,중구 회현동1가 1-19,1,주차장,0.0,37.55599952,126.98387251
1511592,소파길노상 공영주차장(시),노상 주차장,시간제 주차장,중구 회현동1가 1-19,1,주차장,0.0,37.55597568,126.98386129
1511592,소파길노상 공영주차장(시),노상 주차장,시간제 주차장,중구 회현동1가 1-19,1,주차장,0.0,37.55570135,126.98383852
1511592,소파길노상 공영주차장(시),노상 주차장,시간제 주차장,중구 회현동1가 1-19,1,주차장,0.0,37.55578448,126.98383344
1511592,소파길노상 공영주차장(시),노상 주차장,시간제 주차장,중구 회현동1가 1-19,1,주차장,0.0,37.55629165,126.98405716
1511592,소파길노상 공영주차장(시),노상 주차장,시간제 주차장,중구 회현동1가 1-19,1,주차장,0.0,37.55572936,126.98383776
1511592,소파길노상 공영주차장(시),노상 주차장,시간제 주차장,중구 회현동1가 1-19,1,주차장,0.0,37.55583942,126.98383496
1511592,소파길노상 공영주차장(시),노상 주차장,시간제 주차장,중구 회현동1가 1-19,1,주차장,0.0,37.55631366,126.98411653
1511592,소파길노상 공영주차장(시),노상 주차장,시간제 주차장,중구 회현동1가 1-19,1,주차장,0.0,37.55607461,126.98390319
1511592,소파길노상 공영주차장(시),노상 주차장,시간제 주차장,중구 회현동1가 1-19,1,주차장,0.0,37.55586564,126.98383645
1511592,소파길노상 공영주차장(시),노상 주차장,시간제 주차장,중구 회현동1가 1-19,1,주차장,0.0,37.55605018,126.98389272
1511592,소파길노상 공영주차장(시),노상 주차장,시간제 주차장,중구 회현동1가 1-19,1,주차장,0.0,37.55631925,126.98415243
1511592,소파길노상 공영주차장(시),노상 주차장,시간제 주차장,중구 회현동1가 1-19,1,주차장,0.0,37.55602515,126.98388224
1511592,소파길노상 공영주차장(시),노상 주차장,시간제 주차장,중구 회현동1가 1-19,1,주차장,0.0,37.55564592,126.98383628
1511592,소파길노상 공영주차장(시),노상 주차장,시간제 주차장,중구 회현동1가 1-19,1,주차장,0.0,37.55567325,126.98383665
1511592,소파길노상 공영주차장(시),노상 주차장,시간제 주차장,중구 회현동1가 1-19,1,주차장,0.0,37.55592104,126.98384264
1511592,소파길노상 공영주차장(시),노상 주차장,시간제 주차장,중구 회현동1가 1-19,1,주차장,0.0,37.55589141,126.98383855
1511592,소파길노상 공영주차장(시),노상 주차장,시간제 주차장,중구 회현동1가 1-19,1,주차장,0.0,37.55609965,126.98391366
1511816,마른내길 공영주차장(시),노상 주차장,시간제 주차장,중구 인현동1가 87-10,1,주차장,0.0,37.56430665,126.9964994
1511816,마른내길 공영주차장(시),노상 주차장,시간제 주차장,중구 인현동1가 87-10,1,주차장,0.0,37.5642402,126.99512326
1511816,마른내길 공영주차장(시),노상 주차장,시간제 주차장,중구 인현동1가 87-10,1,주차장,0.0,37.56435611,126.99452665
1511816,마른내길 공영주차장(시),노상 주차장,시간제 주차장,중구 인현동1가 87-10,1,주차장,0.0,37.56440034,126.99357536
1511816,마른내길 공영주차장(시),노상 주차장,시간제 주차장,중구 인현동1가 87-10,1,주차장,0.0,37.56438964,126.99376744
1511816,마른내길 공영주차장(시),노상 주차장,시간제 주차장,중구 인현동1가 87-10,1,주차장,0.0,37.56427378,126.99451056
1511816,마른내길 공영주차장(시),노상 주차장,시간제 주차장,중구 인현동1가 87-10,1,주차장,0.0,37.56436177,126.99439834
1511816,마른내길 공영주차장(시),노상 주차장,시간제 주차장,중구 인현동1가 87-10,1,주차장,0.0,37.56434052,126.99487361
1511816,마른내길 공영주차장(시),노상 주차장,시간제 주차장,중구 인현동1가 87-10,1,주차장,0.0,37.564351,126.99465717
1511816,마른내길 공영주차장(시),노상 주차장,시간제 주차장,중구 인현동1가 87-10,1,주차장,0.0,37.56437669,126.9978471
1511816,마른내길 공영주차장(시),노상 주차장,시간제 주차장,중구 인현동1가 87-10,1,주차장,0.0,37.56435879,126.99446266
1511816,마른내길 공영주차장(시),노상 주차장,시간제 주차장,중구 인현동1가 87-10,1,주차장,0.0,37.56438589,126.99383169
1511816,마른내길 공영주차장(시),노상 주차장,시간제 주차장,중구 인현동1가 87-10,1,주차장,0.0,37.56431213,126.99662778
1511816,마른내길 공영주차장(시),노상 주차장,시간제 주차장,중구 인현동1가 87-10,1,주차장,0.0,37.56439659,126.99363961
1511816,마른내길 공영주차장(시),노상 주차장,시간제 주차장,중구 인현동1가 87-10,1,주차장,0.0,37.56431098,126.9937798
1511816,마른내길 공영주차장(시),노상 주차장,시간제 주차장,중구 인현동1가 87-10,1,주차장,0.0,37.56426185,126.99473915
1511816,마른내길 공영주차장(시),노상 주차장,시간제 주차장,중구 인현동1가 87-10,1,주차장,0.0,37.56425887,126.99480347
1511816,마른내길 공영주차장(시),노상 주차장,시간제 주차장,중구 인현동1가 87-10,1,주차장,0.0,37.56430939,126.99656359
1511816,마른내길 공영주차장(시),노상 주차장,시간제 주차장,중구 인현동1가 87-10,1,주차장,0.0,37.56432709,126.99346476
1511816,마른내길 공영주차장(시),노상 주차장,시간제 주차장,중구 인현동1가 87-10,1,주차장,0.0,37.56435338,126.99459061
1511816,마른내길 공영주차장(시),노상 주차장,시간제 주차장,중구 인현동1가 87-10,1,주차장,0.0,37.56430117,126.99637102
1511816,마른내길 공영주차장(시),노상 주차장,시간제 주차장,중구 인현동1가 87-10,1,주차장,0.0,37.56433766,126.99327099
1511816,마른내길 공영주차장(시),노상 주차장,시간제 주차장,중구 인현동1가 87-10,1,주차장,0.0,37.56433062,126.99340022
1511816,마른내길 공영주차장(시),노상 주차장,시간제 주차장,중구 인현동1가 87-10,1,주차장,0.0,37.5642708,126.99457488
1511816,마른내길 공영주차장(시),노상 주차장,시간제 주차장,중구 인현동1가 87-10,1,주차장,0.0,37.56439314,126.99370354
1511816,마른내길 공영주차장(시),노상 주차장,시간제 주차장,중구 인현동1가 87-10,1,주차장,0.0,37.56433412,126.99333632
1511816,마른내길 공영주차장(시),노상 주차장,시간제 주차장,중구 인현동1가 87-10,1,주차장,0.0,37.56425589,126.99486778
1511816,마른내길 공영주차장(시),노상 주차장,시간제 주차장,중구 인현동1가 87-10,1,주차장,0.0,37.56437415,126.99778276
1511816,마른내길 공영주차장(시),노상 주차장,시간제 주차장,중구 인현동1가 87-10,1,주차장,0.0,37.56431487,126.99669197
1511816,마른내길 공영주차장(시),노상 주차장,시간제 주차장,중구 인현동1가 87-10,1,주차장,0.0,37.56430391,126.99643521
1511816,마른내길 공영주차장(시),노상 주차장,시간제 주차장,중구 인현동1가 87-10,1,주차장,0.0,37.56431447,126.9937159
1511816,마른내길 공영주차장(시),노상 주차장,시간제 주차장,중구 인현동1가 87-10,1,주차장,0.0,37.56430723,126.99384405
1511816,마른내길 공영주차장(시),노상 주차장,시간제 주차장,중구 인현동1가 87-10,1,주차장,0.0,37.56433754,126.99493793
1511971,남산파출소 공영주차장(시),노상 주차장,시간제 주차장,중구 회현동1가 1-16,1,주차장,0.0,37.55484972,126.9820248
1511971,남산파출소 공영주차장(시),노상 주차장,시간제 주차장,중구 회현동1가 1-16,1,주차장,0.0,37.55486044,126.98199552
1511971,남산파출소 공영주차장(시),노상 주차장,시간제 주차장,중구 회현동1가 1-16,1,주차장,0.0,37.55489261,126.98190801
1511971,남산파출소 공영주차장(시),노상 주차장,시간제 주차장,중구 회현동1가 1-16,1,주차장,0.0,37.55487116,126.98196641
1511971,남산파출소 공영주차장(시),노상 주차장,시간제 주차장,중구 회현동1가 1-16,1,주차장,0.0,37.55493529,126.98179131
1511971,남산파출소 공영주차장(시),노상 주차장,시간제 주차장,중구 회현동1가 1-16,1,주차장,0.0,37.55491405,126.98184962
1511971,남산파출소 공영주차장(시),노상 주차장,시간제 주차장,중구 회현동1가 1-16,1,주차장,0.0,37.55483885,126.98205391
1511971,남산파출소 공영주차장(시),노상 주차장,시간제 주차장,중구 회현동1가 1-16,1,주차장,0.0,37.55492478,126.98182033
1511971,남산파출소 공영주차장(시),노상 주차장,시간제 주차장,중구 회현동1가 1-16,1,주차장,0.0,37.55494601,126.9817622
1511971,남산파출소 공영주차장(시),노상 주차장,시간제 주차장,중구 회현동1가 1-16,1,주차장,0.0,37.55482813,126.9820832
1511971,남산파출소 공영주차장(시),노상 주차장,시간제 주차장,중구 회현동1가 1-16,1,주차장,0.0,37.55488189,126.98193712
1511971,남산파출소 공영주차장(시),노상 주차장,시간제 주차장,중구 회현동1가 1-16,1,주차장,0.0,37.55490333,126.98187872
1511971,남산파출소 공영주차장(시),노상 주차장,시간제 주차장,중구 회현동1가 1-16,1,주차장,0.0,37.55495673,126.98173292
1512095,남산공원 소파로 관광버스전용 주차장(시),노상 주차장,버스전용 주차장,중구 남창동 205-107,1,주차장,0.0,37.55589989,126.97944661
1512095,남산공원 소파로 관광버스전용 주차장(시),노상 주차장,버스전용 주차장,중구 남창동 205-107,1,주차장,0.0,37.55612453,126.97868226
1512095,남산공원 소파로 관광버스전용 주차장(시),노상 주차장,버스전용 주차장,중구 남창동 205-107,1,주차장,0.0,37.55609507,126.97832394
1512095,남산공원 소파로 관광버스전용 주차장(시),노상 주차장,버스전용 주차장,중구 남창동 205-107,1,주차장,0.0,37.55611823,126.97856267
1512095,남산공원 소파로 관광버스전용 주차장(시),노상 주차장,버스전용 주차장,중구 남창동 205-107,1,주차장,0.0,37.55563606,126.97994463
1512095,남산공원 소파로 관광버스전용 주차장(시),노상 주차장,버스전용 주차장,중구 남창동 205-107,1,주차장,0.0,37.55612835,126.97892359
1512095,남산공원 소파로 관광버스전용 주차장(시),노상 주차장,버스전용 주차장,중구 남창동 205-107,1,주차장,0.0,37.55613113,126.97880145
1512095,남산공원 소파로 관광버스전용 주차장(시),노상 주차장,버스전용 주차장,중구 남창동 205-107,1,주차장,0.0,37.55579383,126.9796461
1512095,남산공원 소파로 관광버스전용 주차장(시),노상 주차장,버스전용 주차장,중구 남창동 205-107,1,주차장,0.0,37.55558354,126.98004392
1512095,남산공원 소파로 관광버스전용 주차장(시),노상 주차장,버스전용 주차장,중구 남창동 205-107,1,주차장,0.0,37.55605482,126.97914481
1512095,남산공원 소파로 관광버스전용 주차장(시),노상 주차장,버스전용 주차장,중구 남창동 205-107,1,주차장,0.0,37.55568869,126.97984497
1512095,남산공원 소파로 관광버스전용 주차장(시),노상 주차장,버스전용 주차장,중구 남창동 205-107,1,주차장,0.0,37.55600591,126.979248
1512095,남산공원 소파로 관광버스전용 주차장(시),노상 주차장,버스전용 주차장,중구 남창동 205-107,1,주차장,0.0,37.55610802,126.97844316
1512095,남산공원 소파로 관광버스전용 주차장(시),노상 주차장,버스전용 주차장,중구 남창동 205-107,1,주차장,0.0,37.55595263,126.97934717
1512095,남산공원 소파로 관광버스전용 주차장(시),노상 주차장,버스전용 주차장,중구 남창동 205-107,1,주차장,0.0,37.5558474,126.97954579
1512095,남산공원 소파로 관광버스전용 주차장(시),노상 주차장,버스전용 주차장,중구 남창동 205-107,1,주차장,0.0,37.5557413,126.9797459
1512095,남산공원 소파로 관광버스전용 주차장(시),노상 주차장,버스전용 주차장,중구 남창동 205-107,1,주차장,0.0,37.55553088,126.98014372
1512095,남산공원 소파로 관광버스전용 주차장(시),노상 주차장,버스전용 주차장,중구 남창동 205-107,1,주차장,0.0,37.5560995,126.97903994
1512095,남산공원 소파로 관광버스전용 주차장(시),노상 주차장,버스전용 주차장,중구 남창동 205-107,1,주차장,0.0,37.5560562,126.97796683
1512095,남산공원 소파로 관광버스전용 주차장(시),노상 주차장,버스전용 주차장,중구 남창동 205-107,1,주차장,0.0,37.55608213,126.97820473
1512095,남산공원 소파로 관광버스전용 주차장(시),노상 주차장,버스전용 주차장,중구 남창동 205-107,1,주차장,0.0,37.55604371,126.97784841
1512125,청계8가 공영주차장(시),노상 주차장,시간제 주차장,중구 흥인동 162-1 0,1,주차장,0.0,37.56986254,127.01686962
1512125,청계8가 공영주차장(시),노상 주차장,시간제 주차장,중구 흥인동 162-1 0,1,주차장,0.0,37.5699437,127.01711584
1512125,청계8가 공영주차장(시),노상 주차장,시간제 주차장,중구 흥인동 162-1 0,1,주차장,0.0,37.56990167,127.01699404
1512125,청계8가 공영주차장(시),노상 주차장,시간제 주차장,중구 흥인동 162-1 0,1,주차장,0.0,37.57000613,127.01729758
1512125,청계8가 공영주차장(시),노상 주차장,시간제 주차장,중구 흥인동 162-1 0,1,주차장,0.0,37.56992275,127.01705511
1512125,청계8가 공영주차장(시),노상 주차장,시간제 주차장,중구 흥인동 162-1 0,1,주차장,0.0,37.56988145,127.01693194
1512125,청계8가 공영주차장(시),노상 주차장,시간제 주차장,중구 흥인동 162-1 0,1,주차장,0.0,37.56996584,127.01717516
1512125,청계8가 공영주차장(시),노상 주차장,시간제 주차장,중구 흥인동 162-1 0,1,주차장,0.0,37.57002852,127.01735719
1512125,청계8가 공영주차장(시),노상 주차장,시간제 주차장,중구 흥인동 162-1 0,1,주차장,0.0,37.56998551,127.01723624
1512129,청계3(동호로) 공영주차장(시),노상 주차장,시간제 주차장,중구 방산동 4-47 0,1,주차장,0.0,37.5686183,127.00200133
1512129,청계3(동호로) 공영주차장(시),노상 주차장,시간제 주차장,중구 방산동 4-47 0,1,주차장,0.0,37.56916478,127.00195667
1512129,청계3(동호로) 공영주차장(시),노상 주차장,시간제 주차장,중구 방산동 4-47 0,1,주차장,0.0,37.56828861,127.00202648
1512129,청계3(동호로) 공영주차장(시),노상 주차장,시간제 주차장,중구 방산동 4-47 0,1,주차장,0.0,37.56856471,127.00200553
1512129,청계3(동호로) 공영주차장(시),노상 주차장,시간제 주차장,중구 방산동 4-47 0,1,주차장,0.0,37.56877926,127.00198899
1512129,청계3(동호로) 공영주차장(시),노상 주차장,시간제 주차장,중구 방산동 4-47 0,1,주차장,0.0,37.56823502,127.00203068
1512129,청계3(동호로) 공영주차장(시),노상 주차장,시간제 주차장,중구 방산동 4-47 0,1,주차장,0.0,37.56888658,127.00198062
1512129,청계3(동호로) 공영주차장(시),노상 주차장,시간제 주차장,중구 방산동 4-47 0,1,주차장,0.0,37.56851102,127.00200955
1512129,청계3(동호로) 공영주차장(시),노상 주차장,시간제 주차장,중구 방산동 4-47 0,1,주차장,0.0,37.56867198,127.00199721
1512129,청계3(동호로) 공영주차장(시),노상 주차장,시간제 주차장,중구 방산동 4-47 0,1,주차장,0.0,37.56921838,127.00195247
1512129,청계3(동호로) 공영주차장(시),노상 주차장,시간제 주차장,중구 방산동 4-47 0,1,주차장,0.0,37.56883289,127.00198464
1512129,청계3(동호로) 공영주차장(시),노상 주차장,시간제 주차장,중구 방산동 4-47 0,1,주차장,0.0,37.56872567,127.00199319
1512161,소파로케이블카앞 관광버스전용 주차장(시),노상 주차장,버스전용 주차장,중구 회현동1가 1-15,1,주차장,0.0,37.55519966,126.98374278
1512161,소파로케이블카앞 관광버스전용 주차장(시),노상 주차장,버스전용 주차장,중구 회현동1가 1-15,1,주차장,0.0,37.5551304,126.98369017
1540689,청계8(남) 공영주차장(시),노상 주차장,시간제 주차장,성동구 상왕십리동 12-47,1,주차장,0.0,37.57005221,127.02814752
1540689,청계8(남) 공영주차장(시),노상 주차장,시간제 주차장,성동구 상왕십리동 12-47,1,주차장,0.0,37.56996095,127.02847244
1540689,청계8(남) 공영주차장(시),노상 주차장,시간제 주차장,성동구 상왕십리동 12-47,1,주차장,0.0,37.57122662,127.02405041
1540689,청계8(남) 공영주차장(시),노상 주차장,시간제 주차장,성동구 상왕십리동 12-47,1,주차장,0.0,37.57068817,127.0259152
1540689,청계8(남) 공영주차장(시),노상 주차장,시간제 주차장,성동구 상왕십리동 12-47,1,주차장,0.0,37.56997884,127.02840655
1540689,청계8(남) 공영주차장(시),노상 주차장,시간제 주차장,성동구 상왕십리동 12-47,1,주차장,0.0,37.57014999,127.02781052
1540689,청계8(남) 공영주차장(시),노상 주차장,시간제 주차장,성동구 상왕십리동 12-47,1,주차장,0.0,37.56950113,127.03122622
1540689,청계8(남) 공영주차장(시),노상 주차장,시간제 주차장,성동구 상왕십리동 12-47,1,주차장,0.0,37.57001582,127.02827853
1540689,청계8(남) 공영주차장(시),노상 주차장,시간제 주차장,성동구 상왕십리동 12-47,1,주차장,0.0,37.56982614,127.02893885
1540689,청계8(남) 공영주차장(시),노상 주차장,시간제 주차장,성동구 상왕십리동 12-47,1,주차장,0.0,37.5709444,127.02501439
1540689,청계8(남) 공영주차장(시),노상 주차장,시간제 주차장,성동구 상왕십리동 12-47,1,주차장,0.0,37.57035077,127.02711562
1540689,청계8(남) 공영주차장(시),노상 주차장,시간제 주차장,성동구 상왕십리동 12-47,1,주차장,0.0,37.57118824,127.02418096
1540689,청계8(남) 공영주차장(시),노상 주차장,시간제 주차장,성동구 상왕십리동 12-47,1,주차장,0.0,37.56947993,127.03068981
1540689,청계8(남) 공영주차장(시),노상 주차장,시간제 주차장,성동구 상왕십리동 12-47,1,주차장,0.0,37.57126664,127.02391833
1540689,청계8(남) 공영주차장(시),노상 주차장,시간제 주차장,성동구 상왕십리동 12-47,1,주차장,0.0,37.56949519,127.03116033
1540689,청계8(남) 공영주차장(시),노상 주차장,시간제 주차장,성동구 상왕십리동 12-47,1,주차장,0.0,37.56967011,127.03203612
1540689,청계8(남) 공영주차장(시),노상 주차장,시간제 주차장,성동구 상왕십리동 12-47,1,주차장,0.0,37.56970146,127.02939873
1540689,청계8(남) 공영주차장(시),노상 주차장,시간제 주차장,성동구 상왕십리동 12-47,1,주차장,0.0,37.57107723,127.02456183
1540689,청계8(남) 공영주차장(시),노상 주차장,시간제 주차장,성동구 상왕십리동 12-47,1,주차장,0.0,37.56970941,127.03216792
1540689,청계8(남) 공영주차장(시),노상 주차장,시간제 주차장,성동구 상왕십리동 12-47,1,주차장,0.0,37.56952017,127.031361
1540689,청계8(남) 공영주차장(시),노상 주차장,시간제 주차장,성동구 상왕십리동 12-47,1,주차장,0.0,37.56958462,127.02985554
1540689,청계8(남) 공영주차장(시),노상 주차장,시간제 주차장,성동구 상왕십리동 12-47,1,주차장,0.0,37.5703894,127.02698474
1540689,청계8(남) 공영주차장(시),노상 주차장,시간제 주차장,성동구 상왕십리동 12-47,1,주차장,0.0,37.56959748,127.03176505
1540689,청계8(남) 공영주차장(시),노상 주차장,시간제 주차장,성동구 상왕십리동 12-47,1,주차장,0.0,37.57060722,127.02619176
1540689,청계8(남) 공영주차장(시),노상 주차장,시간제 주차장,성동구 상왕십리동 12-47,1,주차장,0.0,37.57092531,127.02508557
1540689,청계8(남) 공영주차장(시),노상 주차장,시간제 주차장,성동구 상왕십리동 12-47,1,주차장,0.0,37.56964958,127.02959345
1540689,청계8(남) 공영주차장(시),노상 주차장,시간제 주차장,성동구 상왕십리동 12-47,1,주차장,0.0,37.56948114,127.03061943
1540689,청계8(남) 공영주차장(시),노상 주차장,시간제 주차장,성동구 상왕십리동 12-47,1,주차장,0.0,37.56984463,127.02887521
1540689,청계8(남) 공영주차장(시),노상 주차장,시간제 주차장,성동구 상왕십리동 12-47,1,주차장,0.0,37.57111555,127.02443036
1540689,청계8(남) 공영주차장(시),노상 주차장,시간제 주차장,성동구 상왕십리동 12-47,1,주차장,0.0,37.56954629,127.03150596
1540689,청계8(남) 공영주차장(시),노상 주차장,시간제 주차장,성동구 상왕십리동 12-47,1,주차장,0.0,37.56968418,127.02946438
1540689,청계8(남) 공영주차장(시),노상 주차장,시간제 주차장,성동구 상왕십리동 12-47,1,주차장,0.0,37.570293,127.02731331
1540689,청계8(남) 공영주차장(시),노상 주차장,시간제 주차장,성동구 상왕십리동 12-47,1,주차장,0.0,37.57024745,127.02747303
1540689,청계8(남) 공영주차장(시),노상 주차장,시간제 주차장,성동구 상왕십리동 12-47,1,주차장,0.0,37.56955581,127.03157036
1540689,청계8(남) 공영주차장(시),노상 주차장,시간제 주차장,성동구 상왕십리동 12-47,1,주차장,0.0,37.57124569,127.02398506
1540689,청계8(남) 공영주차장(시),노상 주차장,시간제 주차장,성동구 상왕십리동 12-47,1,주차장,0.0,37.56960013,127.02979115
1540689,청계8(남) 공영주차장(시),노상 주차장,시간제 주차장,성동구 상왕십리동 12-47,1,주차장,0.0,37.56986253,127.02881083
1540689,청계8(남) 공영주차장(시),노상 주차장,시간제 주차장,성동구 상왕십리동 12-47,1,주차장,0.0,37.56992397,127.02860195
1540689,청계8(남) 공영주차장(시),노상 주차장,시간제 주차장,성동구 상왕십리동 12-47,1,주차장,0.0,37.57096583,127.02494118
1540689,청계8(남) 공영주차장(시),노상 주차장,시간제 주차장,성동구 상왕십리동 12-47,1,주차장,0.0,37.57003431,127.0282134
1540689,청계8(남) 공영주차장(시),노상 주차장,시간제 주차장,성동구 상왕십리동 12-47,1,주차장,0.0,37.56971813,127.02933234
1540689,청계8(남) 공영주차장(시),노상 주차장,시간제 주차장,성동구 상왕십리동 12-47,1,주차장,0.0,37.57058808,127.02625817
1540689,청계8(남) 공영주차장(시),노상 주차장,시간제 주차장,성동구 상왕십리동 12-47,1,주차장,0.0,37.57022784,127.02754256
1540689,청계8(남) 공영주차장(시),노상 주차장,시간제 주차장,성동구 상왕십리동 12-47,1,주차장,0.0,37.56999733,127.02834367
1540689,청계8(남) 공영주차장(시),노상 주차장,시간제 주차장,성동구 상왕십리동 12-47,1,주차장,0.0,37.57013219,127.0278747
1540689,청계8(남) 공영주차장(시),노상 주차장,시간제 주차장,성동구 상왕십리동 12-47,1,주차장,0.0,37.56949163,127.03109294
1540689,청계8(남) 공영주차장(시),노상 주차장,시간제 주차장,성동구 상왕십리동 12-47,1,주차장,0.0,37.56948109,127.03082608
1540689,청계8(남) 공영주차장(시),노상 주차장,시간제 주차장,성동구 상왕십리동 12-47,1,주차장,0.0,37.56947991,127.0307572
1540689,청계8(남) 공영주차장(시),노상 주차장,시간제 주차장,성동구 상왕십리동 12-47,1,주차장,0.0,37.569582,127.03170065
1540689,청계8(남) 공영주차장(시),노상 주차장,시간제 주차장,성동구 상왕십리동 12-47,1,주차장,0.0,37.57056946,127.02632516
1540689,청계8(남) 공영주차장(시),노상 주차장,시간제 주차장,성동구 상왕십리동 12-47,1,주차장,0.0,37.57033145,127.02718139
1540689,청계8(남) 공영주차장(시),노상 주차장,시간제 주차장,성동구 상왕십리동 12-47,1,주차장,0.0,37.56965106,127.03197022
1540689,청계8(남) 공영주차장(시),노상 주차장,시간제 주차장,성동구 상왕십리동 12-47,1,주차장,0.0,37.57042673,127.02685349
1540689,청계8(남) 공영주차장(시),노상 주차장,시간제 주차장,성동구 상왕십리동 12-47,1,주차장,0.0,37.56963201,127.03190283
1540689,청계8(남) 공영주차장(시),노상 주차장,시간제 주차장,성동구 상왕십리동 12-47,1,주차장,0.0,37.56994305,127.02853682
1540689,청계8(남) 공영주차장(시),노상 주차장,시간제 주차장,성동구 상왕십리동 12-47,1,주차장,0.0,37.56963291,127.02965984
1540689,청계8(남) 공영주차장(시),노상 주차장,시간제 주차장,성동구 상왕십리동 12-47,1,주차장,0.0,37.57031229,127.02724687
1540689,청계8(남) 공영주차장(시),노상 주차장,시간제 주차장,성동구 상왕십리동 12-47,1,주차장,0.0,37.57040831,127.0269194
1540689,청계8(남) 공영주차장(시),노상 주차장,시간제 주차장,성동구 상왕십리동 12-47,1,주차장,0.0,37.5703699,127.02705078
1540689,청계8(남) 공영주차장(시),노상 주차장,시간제 주차장,성동구 상왕십리동 12-47,1,주차장,0.0,37.57105793,127.02462766
1540689,청계8(남) 공영주차장(시),노상 주차장,시간제 주차장,성동구 상왕십리동 12-47,1,주차장,0.0,37.56968917,127.03210202
1540689,청계8(남) 공영주차장(시),노상 주차장,시간제 주차장,성동구 상왕십리동 12-47,1,주차장,0.0,37.56950946,127.0312951
1540689,청계8(남) 공영주차장(시),노상 주차장,시간제 주차장,성동구 상왕십리동 12-47,1,주차장,0.0,37.57120709,127.02411629
1540689,청계8(남) 공영주차장(시),노상 주차장,시간제 주차장,성동구 상왕십리동 12-47,1,주차장,0.0,37.57128857,127.02385439
1540689,청계8(남) 공영주차장(시),노상 주차장,시간제 주차장,성동구 상왕십리동 12-47,1,주차장,0.0,37.56966691,127.02953004
1540689,청계8(남) 공영주차장(시),노상 주차장,시간제 주차장,성동구 상왕십리동 12-47,1,주차장,0.0,37.56961622,127.02972473
1540689,청계8(남) 공영주차장(시),노상 주차장,시간제 주차장,성동구 상왕십리동 12-47,1,주차장,0.0,37.57115425,127.02429757
1540689,청계8(남) 공영주차장(시),노상 주차장,시간제 주차장,성동구 상왕십리동 12-47,1,주차장,0.0,37.57113461,127.02436426
1540689,청계8(남) 공영주차장(시),노상 주차장,시간제 주차장,성동구 상왕십리동 12-47,1,주차장,0.0,37.57109603,127.02449735
1540689,청계8(남) 공영주차장(시),노상 주차장,시간제 주차장,성동구 상왕십리동 12-47,1,주차장,0.0,37.57066837,127.02598255
1540689,청계8(남) 공영주차장(시),노상 주차장,시간제 주차장,성동구 상왕십리동 12-47,1,주차장,0.0,37.56956771,127.03163625
1540689,청계8(남) 공영주차장(시),노상 주차장,시간제 주차장,성동구 상왕십리동 12-47,1,주차장,0.0,37.56948495,127.03089497
1545252,문래1동 공영주차장(시),노상 주차장,시간제 주차장,영등포구 문래동3가 54-12,1,주차장,0.0,37.51356362,126.89705965
1545252,문래1동 공영주차장(시),노상 주차장,시간제 주차장,영등포구 문래동3가 54-12,1,주차장,0.0,37.51352729,126.89696791
1545252,문래1동 공영주차장(시),노상 주차장,시간제 주차장,영등포구 문래동3가 54-12,1,주차장,0.0,37.51356187,126.89723074
1545252,문래1동 공영주차장(시),노상 주차장,시간제 주차장,영등포구 문래동3가 54-12,1,주차장,0.0,37.51354019,126.896996
1545252,문래1동 공영주차장(시),노상 주차장,시간제 주차장,영등포구 문래동3가 54-12,1,주차장,0.0,37.51351439,126.89694282
1545252,문래1동 공영주차장(시),노상 주차장,시간제 주차장,영등포구 문래동3가 54-12,1,주차장,0.0,37.51348979,126.89689264
1545252,문래1동 공영주차장(시),노상 주차장,시간제 주차장,영등포구 문래동3가 54-12,1,주차장,0.0,37.51356811,126.89715171
1545252,문래1동 공영주차장(시),노상 주차장,시간제 주차장,영등포구 문래동3가 54-12,1,주차장,0.0,37.51355189,126.89726821
1545252,문래1동 공영주차장(시),노상 주차장,시간제 주차장,영등포구 문래동3가 54-12,1,주차장,0.0,37.5135531,126.89703007
1545252,문래1동 공영주차장(시),노상 주차장,시간제 주차장,영등포구 문래동3가 54-12,1,주차장,0.0,37.51349911,126.89691774
1545252,문래1동 공영주차장(시),노상 주차장,시간제 주차장,영등포구 문래동3가 54-12,1,주차장,0.0,37.51356803,126.89718916
1549662,장충단로(한남광장) 관광버스전용 주차장(시),노상 주차장,버스전용 주차장,용산구 한남동 9-19,1,주차장,0.0,37.547311,127.00258284
1549662,장충단로(한남광장) 관광버스전용 주차장(시),노상 주차장,버스전용 주차장,용산구 한남동 9-19,1,주차장,0.0,37.54738352,127.00269901
1549662,장충단로(한남광장) 관광버스전용 주차장(시),노상 주차장,버스전용 주차장,용산구 한남동 9-19,1,주차장,0.0,37.54735334,127.00265619
1549662,장충단로(한남광장) 관광버스전용 주차장(시),노상 주차장,버스전용 주차장,용산구 한남동 9-19,1,주차장,0.0,37.54733865,127.00263456
1549662,장충단로(한남광장) 관광버스전용 주차장(시),노상 주차장,버스전용 주차장,용산구 한남동 9-19,1,주차장,0.0,37.54736853,127.00267749
1562029,대림역 공영주차장(시),노상 주차장,시간제 주차장,영등포구 대림동 808-24,1,주차장,0.0,37.49261984,126.89556471
1562029,대림역 공영주차장(시),노상 주차장,시간제 주차장,영등포구 대림동 808-24,1,주차장,0.0,37.4936884,126.89516958
1562029,대림역 공영주차장(시),노상 주차장,시간제 주차장,영등포구 대림동 808-24,1,주차장,0.0,37.49300062,126.89542489
1562029,대림역 공영주차장(시),노상 주차장,시간제 주차장,영등포구 대림동 808-24,1,주차장,0.0,37.49289183,126.89546475
1562029,대림역 공영주차장(시),노상 주차장,시간제 주차장,영등포구 대림동 808-24,1,주차장,0.0,37.49336872,126.89528788
1562029,대림역 공영주차장(시),노상 주차장,시간제 주차장,영등포구 대림동 808-24,1,주차장,0.0,37.49321483,126.89534681
1562029,대림역 공영주차장(시),노상 주차장,시간제 주차장,영등포구 대림동 808-24,1,주차장,0.0,37.49305501,126.89540496
1562029,대림역 공영주차장(시),노상 주차장,시간제 주차장,영등포구 대림동 808-24,1,주차장,0.0,37.4936352,126.89518944
1562029,대림역 공영주차장(시),노상 주차장,시간제 주차장,영등포구 대림동 808-24,1,주차장,0.0,37.49352974,126.89522815
1562029,대림역 공영주차장(시),노상 주차장,시간제 주차장,영등포구 대림동 808-24,1,주차장,0.0,37.49246098,126.89562459
1562029,대림역 공영주차장(시),노상 주차장,시간제 주차장,영등포구 대림동 808-24,1,주차장,0.0,37.49374143,126.89514931
1562029,대림역 공영주차장(시),노상 주차장,시간제 주차장,영등포구 대림동 808-24,1,주차장,0.0,37.49310736,126.89538592
1562029,대림역 공영주차장(시),노상 주차장,시간제 주차장,영등포구 대림동 808-24,1,주차장,0.0,37.49342257,126.89526806
1562029,대림역 공영주차장(시),노상 주차장,시간제 주차장,영등포구 대림동 808-24,1,주차장,0.0,37.49272864,126.89552454
1562029,대림역 공영주차장(시),노상 주차장,시간제 주차장,영등포구 대림동 808-24,1,주차장,0.0,37.49294622,126.89544482
1562029,대림역 공영주차장(시),노상 주차장,시간제 주차장,영등포구 대림동 808-24,1,주차장,0.0,37.49358291,126.89520856
1562029,대림역 공영주차장(시),노상 주차장,시간제 주차장,영등포구 대림동 808-24,1,주차장,0.0,37.49267425,126.89554448
1562029,대림역 공영주차장(시),노상 주차장,시간제 주차장,영등포구 대림동 808-24,1,주차장,0.0,37.49278304,126.89550461
1563914,여의서로 공영주차장(시),노상 주차장,시간제 주차장,영등포구 여의도동 8-1,1,주차장,0.0,37.53262493,126.9114222
1563914,여의서로 공영주차장(시),노상 주차장,시간제 주차장,영등포구 여의도동 8-1,1,주차장,0.0,37.53246272,126.91141772
1563914,여의서로 공영주차장(시),노상 주차장,시간제 주차장,영등포구 여의도동 8-1,1,주차장,0.0,37.53025833,126.91220992
1563914,여의서로 공영주차장(시),노상 주차장,시간제 주차장,영등포구 여의도동 8-1,1,주차장,0.0,37.533081,126.91747889
1563914,여의서로 공영주차장(시),노상 주차장,시간제 주차장,영등포구 여의도동 8-1,1,주차장,0.0,37.5324092,126.91142514
1563914,여의서로 공영주차장(시),노상 주차장,시간제 주차장,영등포구 여의도동 8-1,1,주차장,0.0,37.53318408,126.91167663
1563914,여의서로 공영주차장(시),노상 주차장,시간제 주차장,영등포구 여의도동 8-1,1,주차장,0.0,37.53224251,126.91145509
1563914,여의서로 공영주차장(시),노상 주차장,시간제 주차장,영등포구 여의도동 8-1,1,주차장,0.0,37.52989476,126.91234836
1563914,여의서로 공영주차장(시),노상 주차장,시간제 주차장,영등포구 여의도동 8-1,1,주차장,0.0,37.53357348,126.91350708
1563914,여의서로 공영주차장(시),노상 주차장,시간제 주차장,영등포구 여의도동 8-1,1,주차장,0.0,37.53322869,126.91171927
1563914,여의서로 공영주차장(시),노상 주차장,시간제 주차장,영등포구 여의도동 8-1,1,주차장,0.0,37.53041401,126.91214989
1563914,여의서로 공영주차장(시),노상 주차장,시간제 주차장,영등포구 여의도동 8-1,1,주차장,0.0,37.53362374,126.91282825
1563914,여의서로 공영주차장(시),노상 주차장,시간제 주차장,영등포구 여의도동 8-1,1,주차장,0.0,37.53309461,126.91741884
1563914,여의서로 공영주차장(시),노상 주차장,시간제 주차장,영등포구 여의도동 8-1,1,주차장,0.0,37.53294582,126.91151141
1563914,여의서로 공영주차장(시),노상 주차장,시간제 주차장,영등포구 여의도동 8-1,1,주차장,0.0,37.53306819,126.91754289
1563914,여의서로 공영주차장(시),노상 주차장,시간제 주차장,영등포구 여의도동 8-1,1,주차장,0.0,37.53062176,126.91207051
1563914,여의서로 공영주차장(시),노상 주차장,시간제 주차장,영등포구 여의도동 8-1,1,주차장,0.0,37.53358264,126.91337117
1563914,여의서로 공영주차장(시),노상 주차장,시간제 주차장,영등포구 여의도동 8-1,1,주차장,0.0,37.53316046,126.91710703
1563914,여의서로 공영주차장(시),노상 주차장,시간제 주차장,영등포구 여의도동 8-1,1,주차장,0.0,37.52999856,126.91230864
1563914,여의서로 공영주차장(시),노상 주차장,시간제 주차장,영등포구 여의도동 8-1,1,주차장,0.0,37.53355206,126.91228984
1563914,여의서로 공영주차장(시),노상 주차장,시간제 주차장,영등포구 여의도동 8-1,1,주차장,0.0,37.53278728,126.91145632
1563914,여의서로 공영주차장(시),노상 주차장,시간제 주차장,영등포구 여의도동 8-1,1,주차장,0.0,37.53313643,126.91723016
1563914,여의서로 공영주차장(시),노상 주차장,시간제 주차장,영등포구 여의도동 8-1,1,주차장,0.0,37.53361835,126.91289603
1563914,여의서로 공영주차장(시),노상 주차장,시간제 주차장,영등포구 여의도동 8-1,1,주차장,0.0,37.53334441,126.91592336
1563914,여의서로 공영주차장(시),노상 주차장,시간제 주차장,영등포구 여의도동 8-1,1,주차장,0.0,37.53360921,126.91303196
1563914,여의서로 공영주차장(시),노상 주차장,시간제 주차장,영등포구 여의도동 8-1,1,주차장,0.0,37.53356999,126.91235423
1563914,여의서로 공영주차장(시),노상 주차장,시간제 주차장,영등포구 여의도동 8-1,1,주차장,0.0,37.52984274,126.91236772
1563914,여의서로 공영주차장(시),노상 주차장,시간제 주차장,영등포구 여의도동 8-1,1,주차장,0.0,37.53355772,126.91371062
1563914,여의서로 공영주차장(시),노상 주차장,시간제 주차장,영등포구 여의도동 8-1,1,주차장,0.0,37.53284015,126.91147206
1563914,여의서로 공영주차장(시),노상 주차장,시간제 주차장,영등포구 여의도동 8-1,1,주차장,0.0,37.52994654,126.912328
1563914,여의서로 공영주차장(시),노상 주차장,시간제 주차장,영등포구 여의도동 8-1,1,주차장,0.0,37.53309473,126.91159658
1563914,여의서로 공영주차장(시),노상 주차장,시간제 주차장,영등포구 여의도동 8-1,1,주차장,0.0,37.53313994,126.9116355
1563914,여의서로 공영주차장(시),노상 주차장,시간제 주차장,영등포구 여의도동 8-1,1,주차장,0.0,37.5301542,126.9122486
1563914,여의서로 공영주차장(시),노상 주차장,시간제 주차장,영등포구 여의도동 8-1,1,주차장,0.0,37.5332767,126.91645916
1563914,여의서로 공영주차장(시),노상 주차장,시간제 주차장,영등포구 여의도동 8-1,1,주차장,0.0,37.53273377,126.91144063
1563914,여의서로 공영주차장(시),노상 주차장,시간제 주차장,영등포구 여의도동 8-1,1,주차장,0.0,37.53359901,126.91316767
1563914,여의서로 공영주차장(시),노상 주차장,시간제 주차장,영등포구 여의도동 8-1,1,주차장,0.0,37.53314855,126.9171705
1563914,여의서로 공영주차장(시),노상 주차장,시간제 주차장,영등포구 여의도동 8-1,1,주차장,0.0,37.53362496,126.91261949
1563914,여의서로 공영주차장(시),노상 주차장,시간제 주차장,영등포구 여의도동 8-1,1,주차장,0.0,37.53361781,126.91255199
1563914,여의서로 공영주차장(시),노상 주차장,시간제 주차장,영등포구 여의도동 8-1,1,주차장,0.0,37.53329569,126.91632294
1563914,여의서로 공영주차장(시),노상 주차장,시간제 주차장,영등포구 여의도동 8-1,1,주차장,0.0,37.53305395,126.91760277
1563914,여의서로 공영주차장(시),노상 주차장,시간제 주차장,영등포구 여의도동 8-1,1,주차장,0.0,37.5300506,126.91228928
1563914,여의서로 공영주차장(시),노상 주차장,시간제 주차장,영등포구 여의도동 8-1,1,주차장,0.0,37.53051814,126.9121112
1563914,여의서로 공영주차장(시),노상 주차장,시간제 주차장,영등포구 여의도동 8-1,1,주차장,0.0,37.53363126,126.91268727
1563914,여의서로 공영주차장(시),노상 주차장,시간제 주차장,영등포구 여의도동 8-1,1,주차장,0.0,37.53067382,126.91205117
1563914,여의서로 공영주차장(시),노상 주차장,시간제 주차장,영등포구 여의도동 8-1,1,주차장,0.0,37.53357753,126.91343907
1563914,여의서로 공영주차장(시),노상 주차장,시간제 주차장,영등포구 여의도동 8-1,1,주차장,0.0,37.5333371,126.91598932
1563914,여의서로 공영주차장(시),노상 주차장,시간제 주차장,영등포구 여의도동 8-1,1,주차장,0.0,37.53310979,126.91735574
1563914,여의서로 공영주차장(시),노상 주차장,시간제 주차장,영등포구 여의도동 8-1,1,주차장,0.0,37.53317247,126.91704438
1563914,여의서로 공영주차장(시),노상 주차장,시간제 주차장,영등포구 여의도동 8-1,1,주차장,0.0,37.53312255,126.91729473
1563914,여의서로 공영주차장(시),노상 주차장,시간제 주차장,영등포구 여의도동 8-1,1,주차장,0.0,37.53356326,126.91364277
1563914,여의서로 공영주차장(시),노상 주차장,시간제 주차장,영등포구 여의도동 8-1,1,주차장,0.0,37.53010245,126.91226921
1563914,여의서로 공영주차장(시),노상 주차장,시간제 주차장,영등포구 여의도동 8-1,1,주차장,0.0,37.53358735,126.9124189
1563914,여의서로 공영주차장(시),노상 주차장,시간제 주차장,영등포구 여의도동 8-1,1,주차장,0.0,37.5333572,126.91579463
1563914,여의서로 공영주차장(시),노상 주차장,시간제 주차장,영등포구 여의도동 8-1,1,주차장,0.0,37.53257068,126.91141683
1563914,여의서로 공영주차장(시),노상 주차장,시간제 주차장,영등포구 여의도동 8-1,1,주차장,0.0,37.53335013,126.91585961
1563914,여의서로 공영주차장(시),노상 주차장,시간제 주차장,영등포구 여의도동 8-1,1,주차장,0.0,37.53348495,126.91210287
1563914,여의서로 공영주차장(시),노상 주차장,시간제 주차장,영등포구 여의도동 8-1,1,주차장,0.0,37.5335688,126.91357491
1563914,여의서로 공영주차장(시),노상 주차장,시간제 주차장,영등포구 여의도동 8-1,1,주차장,0.0,37.53333233,126.91605374
1563914,여의서로 공영주차장(시),노상 주차장,시간제 주차장,영등포구 여의도동 8-1,1,주차장,0.0,37.53020626,126.91222926
1563914,여의서로 공영주차장(시),노상 주차장,시간제 주차장,영등포구 여의도동 8-1,1,주차장,0.0,37.53362928,126.91276039
1563914,여의서로 공영주차장(시),노상 주차장,시간제 주차장,영등포구 여의도동 8-1,1,주차장,0.0,37.53072589,126.91203183
1563914,여의서로 공영주차장(시),노상 주차장,시간제 주차장,영등포구 여의도동 8-1,1,주차장,0.0,37.53359347,126.91323552
1563914,여의서로 공영주차장(시),노상 주차장,시간제 주차장,영등포구 여의도동 8-1,1,주차장,0.0,37.53358794,126.91330338
1563914,여의서로 공영주차장(시),노상 주차장,시간제 주차장,영등포구 여의도동 8-1,1,주차장,0.0,37.5325156,126.91141594
1563914,여의서로 공영주차장(시),노상 주차장,시간제 주차장,영등포구 여의도동 8-1,1,주차장,0.0,37.53289339,126.91148916
1563914,여의서로 공영주차장(시),노상 주차장,시간제 주차장,영등포구 여의도동 8-1,1,주차장,0.0,37.5303102,126.91218984
1563914,여의서로 공영주차장(시),노상 주차장,시간제 주차장,영등포구 여의도동 8-1,1,주차장,0.0,37.53036195,126.91216923
1563914,여의서로 공영주차장(시),노상 주차장,시간제 주차장,영등포구 여의도동 8-1,1,주차장,0.0,37.53332393,126.91612167
1563914,여의서로 공영주차장(시),노상 주차장,시간제 주차장,영등포구 여의도동 8-1,1,주차장,0.0,37.5336047,126.91248356
1563914,여의서로 공영주차장(시),노상 주차장,시간제 주차장,영등포구 여의도동 8-1,1,주차장,0.0,37.53330498,126.91625593
1563914,여의서로 공영주차장(시),노상 주차장,시간제 주차장,영등포구 여의도동 8-1,1,주차장,0.0,37.53046607,126.91213055
1563914,여의서로 공영주차장(시),노상 주차장,시간제 주차장,영등포구 여의도동 8-1,1,주차장,0.0,37.53318574,126.91698026
1563914,여의서로 공영주차장(시),노상 주차장,시간제 주차장,영등포구 여의도동 8-1,1,주차장,0.0,37.53360454,126.9130998
1563914,여의서로 공영주차장(시),노상 주차장,시간제 주차장,영등포구 여의도동 8-1,1,주차장,0.0,37.53299588,126.91153987
1563914,여의서로 공영주차장(시),노상 주차장,시간제 주차장,영등포구 여의도동 8-1,1,주차장,0.0,37.53057001,126.91209112
1563914,여의서로 공영주차장(시),노상 주차장,시간제 주차장,영등포구 여의도동 8-1,1,주차장,0.0,37.53328617,126.9163918
1563914,여의서로 공영주차장(시),노상 주차장,시간제 주차장,영등포구 여의도동 8-1,1,주차장,0.0,37.53361325,126.91296394
1563914,여의서로 공영주차장(시),노상 주차장,시간제 주차장,영등포구 여의도동 8-1,1,주차장,0.0,37.53077776,126.91201175
1563914,여의서로 공영주차장(시),노상 주차장,시간제 주차장,영등포구 여의도동 8-1,1,주차장,0.0,37.53319859,126.91691716
1563914,여의서로 공영주차장(시),노상 주차장,시간제 주차장,영등포구 여의도동 8-1,1,주차장,0.0,37.53267896,126.91142931
1563914,여의서로 공영주차장(시),노상 주차장,시간제 주차장,영등포구 여의도동 8-1,1,주차장,0.0,37.5330453,126.91156822
1563914,여의서로 공영주차장(시),노상 주차장,시간제 주차장,영등포구 여의도동 8-1,1,주차장,0.0,37.53320847,126.91685164
1563914,여의서로 공영주차장(시),노상 주차장,시간제 주차장,영등포구 여의도동 8-1,1,주차장,0.0,37.53353112,126.91222629
1575315,남부여성발전센터 공영주차장(시),노외 주차장,시간제 주차장,금천구 시흥동 139-2,128,주차장,0.08881118881118881,37.462917,126.905718
1575751,신방화역 공영주차장(시),노외 주차장,시간제 주차장,강서구 마곡동 739-0,198,주차장,0.13776223776223778,37.56706812,126.81757628
1576126,진흥로 공영주차장(시),노상 주차장,시간제 주차장,은평구 역촌동 41-8,1,주차장,0.0,37.60415458,126.92159579
1576126,진흥로 공영주차장(시),노상 주차장,시간제 주차장,은평구 역촌동 41-8,1,주차장,0.0,37.6013754,126.9202208
1576126,진흥로 공영주차장(시),노상 주차장,시간제 주차장,은평구 역촌동 41-8,1,주차장,0.0,37.60379664,126.92141579
1576126,진흥로 공영주차장(시),노상 주차장,시간제 주차장,은평구 역촌동 41-8,1,주차장,0.0,37.60106061,126.91994921
1576126,진흥로 공영주차장(시),노상 주차장,시간제 주차장,은평구 역촌동 41-8,1,주차장,0.0,37.60413669,126.92158682
1576126,진흥로 공영주차장(시),노상 주차장,시간제 주차장,은평구 역촌동 41-8,1,주차장,0.0,37.60122937,126.92010362
1576126,진흥로 공영주차장(시),노상 주차장,시간제 주차장,은평구 역촌동 41-8,1,주차장,0.0,37.6012814,126.9201497
1576126,진흥로 공영주차장(시),노상 주차장,시간제 주차장,은평구 역촌동 41-8,1,주차장,0.0,37.60431077,126.92167204
1576126,진흥로 공영주차장(시),노상 주차장,시간제 주차장,은평구 역촌동 41-8,1,주차장,0.0,37.60429289,126.92166456
1576126,진흥로 공영주차장(시),노상 주차장,시간제 주차장,은평구 역촌동 41-8,1,주차장,0.0,37.60100188,126.9198952
1576126,진흥로 공영주차장(시),노상 주차장,시간제 주차장,은평구 역촌동 41-8,1,주차장,0.0,37.60352348,126.92127915
1576126,진흥로 공영주차장(시),노상 주차장,시간제 주차장,은평구 역촌동 41-8,1,주차장,0.0,37.60117807,126.92005724
1576126,진흥로 공영주차장(시),노상 주차장,시간제 주차장,은평구 역촌동 41-8,1,주차장,0.0,37.6013233,126.9201833
1576126,진흥로 공영주차장(시),노상 주차장,시간제 주차장,은평구 역촌동 41-8,1,주차장,0.0,37.60111934,126.92000323
1576208,온수역(남) 공영주차장(시),노상 주차장,시간제 주차장,구로구 온수동 51-26,1,주차장,0.0,37.49178388,126.82417994
1576208,온수역(남) 공영주차장(시),노상 주차장,시간제 주차장,구로구 온수동 51-26,1,주차장,0.0,37.49194728,126.82420869
1576208,온수역(남) 공영주차장(시),노상 주차장,시간제 주차장,구로구 온수동 51-26,1,주차장,0.0,37.4917209,126.82507648
1576208,온수역(남) 공영주차장(시),노상 주차장,시간제 주차장,구로구 온수동 51-26,1,주차장,0.0,37.4918393,126.82397479
1576208,온수역(남) 공영주차장(시),노상 주차장,시간제 주차장,구로구 온수동 51-26,1,주차장,0.0,37.49192713,126.82428204
1576208,온수역(남) 공영주차장(시),노상 주차장,시간제 주차장,구로구 온수동 51-26,1,주차장,0.0,37.49169603,126.82518275
1576208,온수역(남) 공영주차장(시),노상 주차장,시간제 주차장,구로구 온수동 51-26,1,주차장,0.0,37.49180049,126.82412642
1576208,온수역(남) 공영주차장(시),노상 주차장,시간제 주차장,구로구 온수동 51-26,1,주차장,0.0,37.4915873,126.82500648
1576208,온수역(남) 공영주차장(시),노상 주차장,시간제 주차장,구로구 온수동 51-26,1,주차장,0.0,37.49156541,126.82511723
1576208,온수역(남) 공영주차장(시),노상 주차장,시간제 주차장,구로구 온수동 51-26,1,주차장,0.0,37.49185258,126.82392054
1576208,온수역(남) 공영주차장(시),노상 주차장,시간제 주차장,구로구 온수동 51-26,1,주차장,0.0,37.49182172,126.82404687
1576208,온수역(남) 공영주차장(시),노상 주차장,시간제 주차장,구로구 온수동 51-26,1,주차장,0.0,37.49193424,126.82425809
1576208,온수역(남) 공영주차장(시),노상 주차장,시간제 주차장,구로구 온수동 51-26,1,주차장,0.0,37.49185712,126.82389256
1576208,온수역(남) 공영주차장(시),노상 주차장,시간제 주차장,구로구 온수동 51-26,1,주차장,0.0,37.49187094,126.82384309
1576208,온수역(남) 공영주차장(시),노상 주차장,시간제 주차장,구로구 온수동 51-26,1,주차장,0.0,37.49154412,126.82522499
1576208,온수역(남) 공영주차장(시),노상 주차장,시간제 주차장,구로구 온수동 51-26,1,주차장,0.0,37.4919639,126.82415966
1576208,온수역(남) 공영주차장(시),노상 주차장,시간제 주차장,구로구 온수동 51-26,1,주차장,0.0,37.49182792,126.82401955
1576208,온수역(남) 공영주차장(시),노상 주차장,시간제 주차장,구로구 온수동 51-26,1,주차장,0.0,37.4919544,126.82418362
1576208,온수역(남) 공영주차장(시),노상 주차장,시간제 주차장,구로구 온수동 51-26,1,주차장,0.0,37.49202674,126.82393812
1576208,온수역(남) 공영주차장(시),노상 주차장,시간제 주차장,구로구 온수동 51-26,1,주차장,0.0,37.49155477,126.82517186
1576208,온수역(남) 공영주차장(시),노상 주차장,시간제 주차장,구로구 온수동 51-26,1,주차장,0.0,37.49186262,126.82386943
1576208,온수역(남) 공영주차장(시),노상 주차장,시간제 주차장,구로구 온수동 51-26,1,주차장,0.0,37.49194136,126.82423413
1576208,온수역(남) 공영주차장(시),노상 주차장,시간제 주차장,구로구 온수동 51-26,1,주차장,0.0,37.49183261,126.82399741
1576208,온수역(남) 공영주차장(시),노상 주차장,시간제 주차장,구로구 온수동 51-26,1,주차장,0.0,37.49187709,126.82381621
1576208,온수역(남) 공영주차장(시),노상 주차장,시간제 주차장,구로구 온수동 51-26,1,주차장,0.0,37.49170787,126.82513036
1576208,온수역(남) 공영주차장(시),노상 주차장,시간제 주차장,구로구 온수동 51-26,1,주차장,0.0,37.49184505,126.82394779
1576208,온수역(남) 공영주차장(시),노상 주차장,시간제 주차장,구로구 온수동 51-26,1,주차장,0.0,37.49198524,126.82408781
1576208,온수역(남) 공영주차장(시),노상 주차장,시간제 주차장,구로구 온수동 51-26,1,주차장,0.0,37.49199117,126.82406535
1576208,온수역(남) 공영주차장(시),노상 주차장,시간제 주차장,구로구 온수동 51-26,1,주차장,0.0,37.49177026,126.82423189
1576208,온수역(남) 공영주차장(시),노상 주차장,시간제 주차장,구로구 온수동 51-26,1,주차장,0.0,37.49167143,126.82529133
1576208,온수역(남) 공영주차장(시),노상 주차장,시간제 주차장,구로구 온수동 51-26,1,주차장,0.0,37.491683,126.82523439
1576208,온수역(남) 공영주차장(시),노상 주차장,시간제 주차장,구로구 온수동 51-26,1,주차장,0.0,37.49185054,126.82392166
1576208,온수역(남) 공영주차장(시),노상 주차장,시간제 주차장,구로구 온수동 51-26,1,주차장,0.0,37.49157666,126.82506186
1576208,온수역(남) 공영주차장(시),노상 주차장,시간제 주차장,구로구 온수동 51-26,1,주차장,0.0,37.4920054,126.82401745
1576208,온수역(남) 공영주차장(시),노상 주차장,시간제 주차장,구로구 온수동 51-26,1,주차장,0.0,37.49197101,126.8241372
1576208,온수역(남) 공영주차장(시),노상 주차장,시간제 주차장,구로구 온수동 51-26,1,주차장,0.0,37.49197694,126.82411176
1576208,온수역(남) 공영주차장(시),노상 주차장,시간제 주차장,구로구 온수동 51-26,1,주차장,0.0,37.49199829,126.8240414
1576208,온수역(남) 공영주차장(시),노상 주차장,시간제 주차장,구로구 온수동 51-26,1,주차장,0.0,37.49177826,126.82420259
1576208,온수역(남) 공영주차장(시),노상 주차장,시간제 주차장,구로구 온수동 51-26,1,주차장,0.0,37.49201963,126.82396506
1576208,온수역(남) 공영주차장(시),노상 주차장,시간제 주차장,구로구 온수동 51-26,1,주차장,0.0,37.49179195,126.82415293
1576208,온수역(남) 공영주차장(시),노상 주차장,시간제 주차장,구로구 온수동 51-26,1,주차장,0.0,37.49201371,126.8239905
1576313,옥수역 공영주차장(시),노상 주차장,시간제 주차장,성동구 옥수동 401-1,1,주차장,0.0,37.54223157,127.01728741
1576313,옥수역 공영주차장(시),노상 주차장,시간제 주차장,성동구 옥수동 401-1,1,주차장,0.0,37.54218692,127.01730237
1576313,옥수역 공영주차장(시),노상 주차장,시간제 주차장,성동구 옥수동 401-1,1,주차장,0.0,37.54240715,127.0172362
1576313,옥수역 공영주차장(시),노상 주차장,시간제 주차장,성동구 옥수동 401-1,1,주차장,0.0,37.54249491,127.01721255
1576313,옥수역 공영주차장(시),노상 주차장,시간제 주차장,성동구 옥수동 401-1,1,주차장,0.0,37.54237588,127.01683088
1576313,옥수역 공영주차장(시),노상 주차장,시간제 주차장,성동구 옥수동 401-1,1,주차장,0.0,37.54206238,127.01693858
1576313,옥수역 공영주차장(시),노상 주차장,시간제 주차장,성동구 옥수동 401-1,1,주차장,0.0,37.54217085,127.01689819
1576313,옥수역 공영주차장(시),노상 주차장,시간제 주차장,성동구 옥수동 401-1,1,주차장,0.0,37.54233415,127.01684584
1576313,옥수역 공영주차장(시),노상 주차장,시간제 주차장,성동구 옥수동 401-1,1,주차장,0.0,37.54208383,127.01692961
1576313,옥수역 공영주차장(시),노상 주차장,시간제 주차장,성동구 옥수동 401-1,1,주차장,0.0,37.5424275,127.0172295
1576313,옥수역 공영주차장(시),노상 주차장,시간제 주차장,성동구 옥수동 401-1,1,주차장,0.0,37.54216427,127.01730985
1576313,옥수역 공영주차장(시),노상 주차장,시간제 주차장,성동구 옥수동 401-1,1,주차장,0.0,37.54236489,127.01724927
1576313,옥수역 공영주차장(시),노상 주차장,시간제 주차장,성동구 옥수동 401-1,1,주차장,0.0,37.54214218,127.01731733
1576313,옥수역 공영주차장(시),노상 주차장,시간제 주차장,성동구 옥수동 401-1,1,주차장,0.0,37.54229714,127.01726347
1576313,옥수역 공영주차장(시),노상 주차장,시간제 주차장,성동구 옥수동 401-1,1,주차장,0.0,37.54235561,127.01683836
1576313,옥수역 공영주차장(시),노상 주차장,시간제 주차장,성동구 옥수동 401-1,1,주차장,0.0,37.54204092,127.01694607
1576313,옥수역 공영주차장(시),노상 주차장,시간제 주차장,성동구 옥수동 401-1,1,주차장,0.0,37.5423127,127.01685332
1576313,옥수역 공영주차장(시),노상 주차장,시간제 주차장,성동구 옥수동 401-1,1,주차장,0.0,37.54210648,127.01692063
1576313,옥수역 공영주차장(시),노상 주차장,시간제 주차장,성동구 옥수동 401-1,1,주차장,0.0,37.54220898,127.01729414
1576313,옥수역 공영주차장(시),노상 주차장,시간제 주차장,성동구 옥수동 401-1,1,주차장,0.0,37.54225368,127.01727993
1576313,옥수역 공영주차장(시),노상 주차장,시간제 주차장,성동구 옥수동 401-1,1,주차장,0.0,37.54226979,127.01686528
1576313,옥수역 공영주차장(시),노상 주차장,시간제 주차장,성동구 옥수동 401-1,1,주차장,0.0,37.54227573,127.01727095
1576313,옥수역 공영주차장(시),노상 주차장,시간제 주차장,성동구 옥수동 401-1,1,주차장,0.0,37.54224833,127.01687127
1576313,옥수역 공영주차장(시),노상 주차장,시간제 주차장,성동구 옥수동 401-1,1,주차장,0.0,37.5424485,127.01722384
1576313,옥수역 공영주차장(시),노상 주차장,시간제 주차장,성동구 옥수동 401-1,1,주차장,0.0,37.54229243,127.0168608
1576313,옥수역 공영주차장(시),노상 주차장,시간제 주차장,성동구 옥수동 401-1,1,주차장,0.0,37.54238539,127.01724301
1576313,옥수역 공영주차장(시),노상 주차장,시간제 주차장,성동구 옥수동 401-1,1,주차장,0.0,37.54201946,127.01695354
1576313,옥수역 공영주차장(시),노상 주차장,시간제 주차장,성동구 옥수동 401-1,1,주차장,0.0,37.54214939,127.01690417
1576313,옥수역 공영주차장(시),노상 주차장,시간제 주차장,성동구 옥수동 401-1,1,주차장,0.0,37.54212794,127.01691166
1576313,옥수역 공영주차장(시),노상 주차장,시간제 주차장,성동구 옥수동 401-1,1,주차장,0.0,37.54239733,127.0168234
1576313,옥수역 공영주차장(시),노상 주차장,시간제 주차장,성동구 옥수동 401-1,1,주차장,0.0,37.54246988,127.01721704
1576347,돈화문로 공영주차장(시),노상 주차장,시간제 주차장,중구 을지로3가 296-24,1,주차장,0.0,37.564809,126.992891
1576347,돈화문로 공영주차장(시),노상 주차장,시간제 주차장,중구 을지로3가 296-24,1,주차장,0.0,37.56377,126.992855
1576347,돈화문로 공영주차장(시),노상 주차장,시간제 주차장,중구 을지로3가 296-24,1,주차장,0.0,37.565231,126.992684
1576347,돈화문로 공영주차장(시),노상 주차장,시간제 주차장,중구 을지로3가 296-24,1,주차장,0.0,37.565288,126.992675
1576347,돈화문로 공영주차장(시),노상 주차장,시간제 주차장,중구 을지로3가 296-24,1,주차장,0.0,37.562525,126.993011
1576347,돈화문로 공영주차장(시),노상 주차장,시간제 주차장,중구 을지로3가 296-24,1,주차장,0.0,37.563913,126.992999
1576347,돈화문로 공영주차장(시),노상 주차장,시간제 주차장,중구 을지로3가 296-24,1,주차장,0.0,37.565641,126.992781
1576347,돈화문로 공영주차장(시),노상 주차장,시간제 주차장,중구 을지로3가 296-24,1,주차장,0.0,37.565517,126.992639
1576347,돈화문로 공영주차장(시),노상 주차장,시간제 주차장,중구 을지로3가 296-24,1,주차장,0.0,37.565379,126.992822
1576347,돈화문로 공영주차장(시),노상 주차장,시간제 주차장,중구 을지로3가 296-24,1,주차장,0.0,37.562977,126.9931004
1576347,돈화문로 공영주차장(시),노상 주차장,시간제 주차장,중구 을지로3가 296-24,1,주차장,0.0,37.565553,126.992801
1576347,돈화문로 공영주차장(시),노상 주차장,시간제 주차장,중구 을지로3가 296-24,1,주차장,0.0,37.564643,126.992911
1576347,돈화문로 공영주차장(시),노상 주차장,시간제 주차장,중구 을지로3가 296-24,1,주차장,0.0,37.561823,126.993251
1576347,돈화문로 공영주차장(시),노상 주차장,시간제 주차장,중구 을지로3가 296-24,1,주차장,0.0,37.564737,126.992736
1576347,돈화문로 공영주차장(시),노상 주차장,시간제 주차장,중구 을지로3가 296-24,1,주차장,0.0,37.562058,126.993226
1576347,돈화문로 공영주차장(시),노상 주차장,시간제 주차장,중구 을지로3가 296-24,1,주차장,0.0,37.563996,126.992829
1576347,돈화문로 공영주차장(시),노상 주차장,시간제 주차장,중구 을지로3가 296-24,1,주차장,0.0,37.565174,126.992693
1576347,돈화문로 공영주차장(시),노상 주차장,시간제 주차장,중구 을지로3가 296-24,1,주차장,0.0,37.565321,126.992829
1576347,돈화문로 공영주차장(시),노상 주차장,시간제 주차장,중구 을지로3가 296-24,1,주차장,0.0,37.56546,126.992648
1576347,돈화문로 공영주차장(시),노상 주차장,시간제 주차장,중구 을지로3가 296-24,1,주차장,0.0,37.562595,126.992999
1576347,돈화문로 공영주차장(시),노상 주차장,시간제 주차장,중구 을지로3가 296-24,1,주차장,0.0,37.565345,126.992666
1576347,돈화문로 공영주차장(시),노상 주차장,시간제 주차장,중구 을지로3가 296-24,1,주차장,0.0,37.565263,126.992836
1576347,돈화문로 공영주차장(시),노상 주차장,시간제 주차장,중구 을지로3가 296-24,1,주차장,0.0,37.565495,126.992808
1576347,돈화문로 공영주차장(시),노상 주차장,시간제 주차장,중구 을지로3가 296-24,1,주차장,0.0,37.563133,126.993088
1576347,돈화문로 공영주차장(시),노상 주차장,시간제 주차장,중구 을지로3가 296-24,1,주차장,0.0,37.564861,126.992721
1576347,돈화문로 공영주차장(시),노상 주차장,시간제 주차장,중구 을지로3가 296-24,1,주차장,0.0,37.563031,126.992948
1576347,돈화문로 공영주차장(시),노상 주차장,시간제 주차장,중구 을지로3가 296-24,1,주차장,0.0,37.565206,126.992843
1576347,돈화문로 공영주차장(시),노상 주차장,시간제 주차장,중구 을지로3가 296-24,1,주차장,0.0,37.564945,126.992711
1576347,돈화문로 공영주차장(시),노상 주차장,시간제 주차장,중구 을지로3가 296-24,1,주차장,0.0,37.564091,126.992815
1576347,돈화문로 공영주차장(시),노상 주차장,시간제 주차장,중구 을지로3가 296-24,1,주차장,0.0,37.563105,126.992939
1576347,돈화문로 공영주차장(시),노상 주차장,시간제 주차장,중구 을지로3가 296-24,1,주차장,0.0,37.563179,126.992931
1576347,돈화문로 공영주차장(시),노상 주차장,시간제 주차장,중구 을지로3가 296-24,1,주차장,0.0,37.562246,126.993205
1576347,돈화문로 공영주차장(시),노상 주차장,시간제 주차장,중구 을지로3가 296-24,1,주차장,0.0,37.565403,126.992657
1576347,돈화문로 공영주차장(시),노상 주차장,시간제 주차장,중구 을지로3가 296-24,1,주차장,0.0,37.561996,126.993234
1576347,돈화문로 공영주차장(시),노상 주차장,시간제 주차장,중구 을지로3가 296-24,1,주차장,0.0,37.563726,126.992861
1576347,돈화문로 공영주차장(시),노상 주차장,시간제 주차장,중구 을지로3가 296-24,1,주차장,0.0,37.564903,126.992716
1576347,돈화문로 공영주차장(시),노상 주차장,시간제 주차장,중구 을지로3가 296-24,1,주차장,0.0,37.564726,126.992901
1576347,돈화문로 공영주차장(시),노상 주차장,시간제 주차장,중구 을지로3가 296-24,1,주차장,0.0,37.562121,126.993219
1576347,돈화문로 공영주차장(시),노상 주차장,시간제 주차장,중구 을지로3가 296-24,1,주차장,0.0,37.563814,126.992849
1576347,돈화문로 공영주차장(시),노상 주차장,시간제 주차장,중구 을지로3가 296-24,1,주차장,0.0,37.562184,126.993212
1576347,돈화문로 공영주차장(시),노상 주차장,시간제 주차장,중구 을지로3가 296-24,1,주차장,0.0,37.562372,126.993191
1576347,돈화문로 공영주차장(시),노상 주차장,시간제 주차장,중구 을지로3가 296-24,1,주차장,0.0,37.564893,126.992881
1576347,돈화문로 공영주차장(시),노상 주차장,시간제 주차장,중구 을지로3가 296-24,1,주차장,0.0,37.565437,126.992815
1576347,돈화문로 공영주차장(시),노상 주차장,시간제 주차장,중구 을지로3가 296-24,1,주차장,0.0,37.56482,126.992726
1576347,돈화문로 공영주차장(시),노상 주차장,시간제 주차장,중구 을지로3가 296-24,1,주차장,0.0,37.562309,126.993198
1576347,돈화문로 공영주차장(시),노상 주차장,시간제 주차장,중구 을지로3가 296-24,1,주차장,0.0,37.564778,126.992731
1576347,돈화문로 공영주차장(시),노상 주차장,시간제 주차장,중구 을지로3가 296-24,1,주차장,0.0,37.565575,126.992631
1576347,돈화문로 공영주차장(시),노상 주차장,시간제 주차장,중구 을지로3가 296-24,1,주차장,0.0,37.563859,126.993005
1576514,도봉로 15길 공영주차장(시),노상 주차장,시간제 주차장,강북구 미아동 458-7,1,주차장,0.0,37.61668076,127.02868891
1576514,도봉로 15길 공영주차장(시),노상 주차장,시간제 주차장,강북구 미아동 458-7,1,주차장,0.0,37.61681901,127.0278957
1576514,도봉로 15길 공영주차장(시),노상 주차장,시간제 주차장,강북구 미아동 458-7,1,주차장,0.0,37.61671894,127.02855556
1576514,도봉로 15길 공영주차장(시),노상 주차장,시간제 주차장,강북구 미아동 458-7,1,주차장,0.0,37.61682032,127.02826641
1576514,도봉로 15길 공영주차장(시),노상 주차장,시간제 주차장,강북구 미아동 458-7,1,주차장,0.0,37.61678454,127.0283608
1576514,도봉로 15길 공영주차장(시),노상 주차장,시간제 주차장,강북구 미아동 458-7,1,주차장,0.0,37.61669985,127.02862299
1576514,도봉로 15길 공영주차장(시),노상 주차장,시간제 주차장,강북구 미아동 458-7,1,주차장,0.0,37.61666406,127.02875783
1576514,도봉로 15길 공영주차장(시),노상 주차장,시간제 주차장,강북구 미아동 458-7,1,주차장,0.0,37.6167416,127.02848964
1576514,도봉로 15길 공영주차장(시),노상 주차장,시간제 주차장,강북구 미아동 458-7,1,주차장,0.0,37.61690023,127.02807164
1576514,도봉로 15길 공영주차장(시),노상 주차장,시간제 주차장,강북구 미아동 458-7,1,주차장,0.0,37.61695866,127.0279473
1576514,도봉로 15길 공영주차장(시),노상 주차장,시간제 주차장,강북구 미아동 458-7,1,주차장,0.0,37.61693453,127.02766401
1576514,도봉로 15길 공영주차장(시),노상 주차장,시간제 주차장,강북구 미아동 458-7,1,주차장,0.0,37.61693004,127.02800872
1576514,도봉로 15길 공영주차장(시),노상 주차장,시간제 주차장,강북구 미아동 458-7,1,주차장,0.0,37.61684763,127.02783427
1576514,도봉로 15길 공영주차장(시),노상 주차장,시간제 주차장,강북구 미아동 458-7,1,주차장,0.0,37.61676426,127.02842372
1576514,도봉로 15길 공영주차장(시),노상 주차장,시간제 주차장,강북구 미아동 458-7,1,주차장,0.0,37.61676892,127.02799607
1576514,도봉로 15길 공영주차장(시),노상 주차장,시간제 주차장,강북구 미아동 458-7,1,주차장,0.0,37.61684537,127.02820348
1576530,원효대교 남단 공영주차장(시),노상 주차장,시간제 주차장,영등포구 여의도동 5-0,1,주차장,0.0,37.52225515,126.93684128
1576530,원효대교 남단 공영주차장(시),노상 주차장,시간제 주차장,영등포구 여의도동 5-0,1,주차장,0.0,37.52229002,126.93667595
1576530,원효대교 남단 공영주차장(시),노상 주차장,시간제 주차장,영등포구 여의도동 5-0,1,주차장,0.0,37.52221459,126.93677696
1576530,원효대교 남단 공영주차장(시),노상 주차장,시간제 주차장,영등포구 여의도동 5-0,1,주차장,0.0,37.52242691,126.93711702
1576530,원효대교 남단 공영주차장(시),노상 주차장,시간제 주차장,영등포구 여의도동 5-0,1,주차장,0.0,37.52245963,126.93700355
1576530,원효대교 남단 공영주차장(시),노상 주차장,시간제 주차장,영등포구 여의도동 5-0,1,주차장,0.0,37.52237185,126.93702607
1576530,원효대교 남단 공영주차장(시),노상 주차장,시간제 주차장,영등포구 여의도동 5-0,1,주차장,0.0,37.52222771,126.93679715
1576530,원효대교 남단 공영주차장(시),노상 주차장,시간제 주차장,영등포구 여의도동 5-0,1,주차장,0.0,37.52249148,126.93704902
1576530,원효대교 남단 공영주차장(시),노상 주차장,시간제 주차장,영등포구 여의도동 5-0,1,주차장,0.0,37.52237472,126.93681506
1576530,원효대교 남단 공영주차장(시),노상 주차장,시간제 주차장,영등포구 여의도동 5-0,1,주차장,0.0,37.52235694,126.93700364
1576530,원효대교 남단 공영주차장(시),노상 주차장,시간제 주차장,영등포구 여의도동 5-0,1,주차장,0.0,37.52234322,126.93698045
1576530,원효대교 남단 공영주차장(시),노상 주차장,시간제 주차장,영등포구 여의도동 5-0,1,주차장,0.0,37.52224084,126.93681959
1576530,원효대교 남단 공영주차장(시),노상 주차장,시간제 주차장,영등포구 여의도동 5-0,1,주차장,0.0,37.52232342,126.93673055
1576703,가양라이품 공영주차장(시),노외 주차장,시간제 주차장,강서구 가양동 1457-1,38,주차장,0.025874125874125874,37.57155732,126.84165292
1577094,마른내로 공영주차장(시),노상 주차장,시간제 주차장,중구 오장동 69-3,1,주차장,0.0,37.56461243,127.00114411
1577094,마른내로 공영주차장(시),노상 주차장,시간제 주차장,중구 오장동 69-3,1,주차장,0.0,37.56455141,127.00015394
1577094,마른내로 공영주차장(시),노상 주차장,시간제 주차장,중구 오장동 69-3,1,주차장,0.0,37.56463752,127.00142678
1577094,마른내로 공영주차장(시),노상 주차장,시간제 주차장,중구 오장동 69-3,1,주차장,0.0,37.56458631,127.00066959
1577094,마른내로 공영주차장(시),노상 주차장,시간제 주차장,중구 오장동 69-3,1,주차장,0.0,37.56461777,127.00121705
1577094,마른내로 공영주차장(시),노상 주차장,시간제 주차장,중구 오장동 69-3,1,주차장,0.0,37.56451381,126.99952362
1577094,마른내로 공영주차장(시),노상 주차장,시간제 주차장,중구 오장동 69-3,1,주차장,0.0,37.56453213,126.99995776
1577094,마른내로 공영주차장(시),노상 주차장,시간제 주차장,중구 오장동 69-3,1,주차장,0.0,37.56452923,126.99989244
1577094,마른내로 공영주차장(시),노상 주차장,시간제 주차장,중구 오장동 69-3,1,주차장,0.0,37.56452675,126.999827
1577094,마른내로 공영주차장(시),노상 주차장,시간제 주차장,중구 오장동 69-3,1,주차장,0.0,37.56449473,126.9993747
1577094,마른내로 공영주차장(시),노상 주차장,시간제 주차장,중구 오장동 69-3,1,주차장,0.0,37.56451035,126.99944978
1577094,마른내로 공영주차장(시),노상 주차장,시간제 주차장,중구 오장동 69-3,1,주차장,0.0,37.56451787,126.99959894
1577094,마른내로 공영주차장(시),노상 주차장,시간제 주차장,중구 오장동 69-3,1,주차장,0.0,37.56449156,126.99930669
1577094,마른내로 공영주차장(시),노상 주차장,시간제 주차장,중구 오장동 69-3,1,주차장,0.0,37.56448822,126.99924162
1583447,청계8(북) 공영주차장(시),노상 주차장,시간제 주차장,동대문구 신설동 109-2,1,주차장,0.0,37.57140196,127.02555644
1583447,청계8(북) 공영주차장(시),노상 주차장,시간제 주차장,동대문구 신설동 109-2,1,주차장,0.0,37.57141747,127.02550253
1583447,청계8(북) 공영주차장(시),노상 주차장,시간제 주차장,동대문구 신설동 109-2,1,주차장,0.0,37.5713447,127.02576307
1583447,청계8(북) 공영주차장(시),노상 주차장,시간제 주차장,동대문구 신설동 109-2,1,주차장,0.0,37.57031283,127.0293805
1583447,청계8(북) 공영주차장(시),노상 주차장,시간제 주차장,동대문구 신설동 109-2,1,주차장,0.0,37.5718507,127.02398928
1583447,청계8(북) 공영주차장(시),노상 주차장,시간제 주차장,동대문구 신설동 109-2,1,주차장,0.0,37.57022454,127.02969195
1583447,청계8(북) 공영주차장(시),노상 주차장,시간제 주차장,동대문구 신설동 109-2,1,주차장,0.0,37.57189722,127.02382607
1583447,청계8(북) 공영주차장(시),노상 주차장,시간제 주차장,동대문구 신설동 109-2,1,주차장,0.0,37.57191272,127.02377216
1583447,청계8(북) 공영주차장(시),노상 주차장,시간제 주차장,동대문구 신설동 109-2,1,주차장,0.0,37.57060361,127.02835596
1583447,청계8(북) 공영주차장(시),노상 주차장,시간제 주차장,동대문구 신설동 109-2,1,주차장,0.0,37.57192823,127.02371901
1583447,청계8(북) 공영주차장(시),노상 주차장,시간제 주차장,동대문구 신설동 109-2,1,주차장,0.0,37.5718821,127.02388117
1583447,청계8(북) 공영주차장(시),노상 주차장,시간제 주차장,동대문구 신설동 109-2,1,주차장,0.0,37.57024005,127.02963804
1583447,청계8(북) 공영주차장(시),노상 주차장,시간제 주차장,동대문구 신설동 109-2,1,주차장,0.0,37.57138645,127.02561334
1583447,청계8(북) 공영주차장(시),노상 주차장,시간제 주차장,동대문구 신설동 109-2,1,주차장,0.0,37.5713113,127.02581848
1583447,청계8(북) 공영주차장(시),노상 주차장,시간제 주차장,동대문구 신설동 109-2,1,주차장,0.0,37.57151045,127.0251663
1583447,청계8(북) 공영주차장(시),노상 주차장,시간제 주차장,동대문구 신설동 109-2,1,주차장,0.0,37.5711622,127.02638769
1583447,청계8(북) 공영주차장(시),노상 주차장,시간제 주차장,동대문구 신설동 109-2,1,주차장,0.0,37.57025437,127.02958564
1583447,청계8(북) 공영주차장(시),노상 주차장,시간제 주차장,동대문구 신설동 109-2,1,주차장,0.0,37.5705392,127.02857457
1583447,청계8(북) 공영주차장(시),노상 주차장,시간제 주차장,동대문구 신설동 109-2,1,주차장,0.0,37.5705893,127.02841136
1583447,청계8(북) 공영주차장(시),노상 주차장,시간제 주차장,동대문구 신설동 109-2,1,주차장,0.0,37.57143417,127.02544713
1583447,청계8(북) 공영주차장(시),노상 주차장,시간제 주차장,동대문구 신설동 109-2,1,주차장,0.0,37.57186621,127.02393388
1583447,청계8(북) 공영주차장(시),노상 주차장,시간제 주차장,동대문구 신설동 109-2,1,주차장,0.0,37.57052369,127.02862997
1583447,청계8(북) 공영주차장(시),노상 주차장,시간제 주차장,동대문구 신설동 109-2,1,주차장,0.0,37.57055467,127.02852133
1583447,청계8(북) 공영주차장(시),노상 주차장,시간제 주차장,동대문구 신설동 109-2,1,주차장,0.0,37.57057349,127.02846646
1583447,청계8(북) 공영주차장(시),노상 주차장,시간제 주차장,동대문구 신설동 109-2,1,주차장,0.0,37.57063582,127.02824815
1583447,청계8(북) 공영주차장(시),노상 주차장,시간제 주차장,동대문구 신설동 109-2,1,주차장,0.0,37.57029851,127.0294359
1583447,청계8(북) 공영주차장(시),노상 주차장,시간제 주차장,동대문구 신설동 109-2,1,주차장,0.0,37.5711789,127.02633357
1583447,청계8(북) 공영주차장(시),노상 주차장,시간제 주차장,동대문구 신설동 109-2,1,주차장,0.0,37.57049505,127.02873628
1583447,청계8(북) 공영주차장(시),노상 주차장,시간제 주차장,동대문구 신설동 109-2,1,주차장,0.0,37.57062031,127.02830355
1583447,청계8(북) 공영주차장(시),노상 주차장,시간제 주차장,동대문구 신설동 109-2,1,주차장,0.0,37.57181879,127.02409844
1583447,청계8(북) 공영주차장(시),노상 주차장,시간제 주차장,동대문구 신설동 109-2,1,주차장,0.0,37.57183454,127.02404484
1583862,보라매상업 공영주차장(시),노외 주차장,시간제 주차장,동작구 신대방동 431-3,61,주차장,0.04195804195804196,37.49039184,126.92340595
1585237,영동6교밑 공영주차장(시),노상 주차장,시간제 주차장,강남구 대치동 512-1,1,주차장,0.0,37.49430565,127.07121131
1585237,영동6교밑 공영주차장(시),노상 주차장,시간제 주차장,강남구 대치동 512-1,1,주차장,0.0,37.4945168,127.07087278
1585237,영동6교밑 공영주차장(시),노상 주차장,시간제 주차장,강남구 대치동 512-1,1,주차장,0.0,37.49440975,127.07119787
1585237,영동6교밑 공영주차장(시),노상 주차장,시간제 주차장,강남구 대치동 512-1,1,주차장,0.0,37.49460727,127.07112195
1585237,영동6교밑 공영주차장(시),노상 주차장,시간제 주차장,강남구 대치동 512-1,1,주차장,0.0,37.49426516,127.07110517
1585237,영동6교밑 공영주차장(시),노상 주차장,시간제 주차장,강남구 대치동 512-1,1,주차장,0.0,37.49437542,127.07110079
1585237,영동6교밑 공영주차장(시),노상 주차장,시간제 주차장,강남구 대치동 512-1,1,주차장,0.0,37.49442284,127.07122855
1585237,영동6교밑 공영주차장(시),노상 주차장,시간제 주차장,강남구 대치동 512-1,1,주차장,0.0,37.49445303,127.07087123
1585237,영동6교밑 공영주차장(시),노상 주차장,시간제 주차장,강남구 대치동 512-1,1,주차장,0.0,37.49436232,127.07106712
1585237,영동6교밑 공영주차장(시),노상 주차장,시간제 주차장,강남구 대치동 512-1,1,주차장,0.0,37.49428004,127.07114109
1585237,영동6교밑 공영주차장(시),노상 주차장,시간제 주차장,강남구 대치동 512-1,1,주차장,0.0,37.49448397,127.07096251
1585237,영동6교밑 공영주차장(시),노상 주차장,시간제 주차장,강남구 대치동 512-1,1,주차장,0.0,37.49435102,127.07103644
1585237,영동6교밑 공영주차장(시),노상 주차장,시간제 주차장,강남구 대치동 512-1,1,주차장,0.0,37.49452163,127.07105724
1585237,영동6교밑 공영주차장(시),노상 주차장,시간제 주차장,강남구 대치동 512-1,1,주차장,0.0,37.49455614,127.07115077
1585237,영동6교밑 공영주차장(시),노상 주차장,시간제 주차장,강남구 대치동 512-1,1,주차장,0.0,37.49446314,127.07090116
1585237,영동6교밑 공영주차장(시),노상 주차장,시간제 주차장,강남구 대치동 512-1,1,주차장,0.0,37.49455012,127.07096332
1585237,영동6교밑 공영주차장(시),노상 주차장,시간제 주차장,강남구 대치동 512-1,1,주차장,0.0,37.49451152,127.07102357
1585237,영동6교밑 공영주차장(시),노상 주차장,시간제 주차장,강남구 대치동 512-1,1,주차장,0.0,37.49453881,127.07093339
1585237,영동6교밑 공영주차장(시),노상 주차장,시간제 주차장,강남구 대치동 512-1,1,주차장,0.0,37.49454544,127.07111785
1585237,영동6교밑 공영주차장(시),노상 주차장,시간제 주차장,강남구 대치동 512-1,1,주차장,0.0,37.49458463,127.07106059
1585237,영동6교밑 공영주차장(시),노상 주차장,시간제 주차장,강남구 대치동 512-1,1,주차장,0.0,37.49429312,127.07117626
1585237,영동6교밑 공영주차장(시),노상 주차장,시간제 주차장,강남구 대치동 512-1,1,주차장,0.0,37.494329,127.07097433
1585237,영동6교밑 공영주차장(시),노상 주차장,시간제 주차장,강남구 대치동 512-1,1,주차장,0.0,37.494309,127.071103
1585237,영동6교밑 공영주차장(시),노상 주차장,시간제 주차장,강남구 대치동 512-1,1,주차장,0.0,37.49449843,127.07099214
1585237,영동6교밑 공영주차장(시),노상 주차장,시간제 주차장,강남구 대치동 512-1,1,주차장,0.0,37.4943177,127.07094365
1585237,영동6교밑 공영주차장(시),노상 주차장,시간제 주차장,강남구 대치동 512-1,1,주차장,0.0,37.49425147,127.07107299
1585237,영동6교밑 공영주차장(시),노상 주차장,시간제 주차장,강남구 대치동 512-1,1,주차장,0.0,37.49447445,127.07093109
1585237,영동6교밑 공영주차장(시),노상 주차장,시간제 주차장,강남구 대치동 512-1,1,주차장,0.0,37.49438672,127.07113446
1585237,영동6교밑 공영주차장(시),노상 주차장,시간제 주차장,강남구 대치동 512-1,1,주차장,0.0,37.49434031,127.07100576
1585237,영동6교밑 공영주차장(시),노상 주차장,시간제 주차장,강남구 대치동 512-1,1,주차장,0.0,37.49459715,127.07109052
1585237,영동6교밑 공영주차장(시),노상 주차장,시간제 주차장,강남구 대치동 512-1,1,주차장,0.0,37.49453294,127.07108942
1585237,영동6교밑 공영주차장(시),노상 주차장,시간제 주차장,강남구 대치동 512-1,1,주차장,0.0,37.49443373,127.07125792
1585237,영동6교밑 공영주차장(시),노상 주차장,시간제 주차장,강남구 대치동 512-1,1,주차장,0.0,37.49456202,127.07099699
1585237,영동6교밑 공영주차장(시),노상 주차장,시간제 주차장,강남구 대치동 512-1,1,주차장,0.0,37.49439862,127.07116663
1585237,영동6교밑 공영주차장(시),노상 주차장,시간제 주차장,강남구 대치동 512-1,1,주차장,0.0,37.4945049,127.07084211
1585237,영동6교밑 공영주차장(시),노상 주차장,시간제 주차장,강남구 대치동 512-1,1,주차장,0.0,37.49452751,127.07090346
1585237,영동6교밑 공영주차장(시),노상 주차장,시간제 주차장,강남구 대치동 512-1,1,주차장,0.0,37.49461857,127.07115188
1585237,영동6교밑 공영주차장(시),노상 주차장,시간제 주차장,강남구 대치동 512-1,1,주차장,0.0,37.49456745,127.0711807
1586294,배오개길 공영주차장(시),노상 주차장,시간제 주차장,중구 예관동 22-1,1,주차장,0.0,37.56560723,126.99829487
1586294,배오개길 공영주차장(시),노상 주차장,시간제 주차장,중구 예관동 22-1,1,주차장,0.0,37.56513659,126.99833823
1586294,배오개길 공영주차장(시),노상 주차장,시간제 주차장,중구 예관동 22-1,1,주차장,0.0,37.56543326,126.99830872
1586294,배오개길 공영주차장(시),노상 주차장,시간제 주차장,중구 예관동 22-1,1,주차장,0.0,37.56533147,126.99831539
1586294,배오개길 공영주차장(시),노상 주차장,시간제 주차장,중구 예관동 22-1,1,주차장,0.0,37.56554364,126.9983049
1586294,배오개길 공영주차장(시),노상 주차장,시간제 주차장,중구 예관동 22-1,1,주차장,0.0,37.5651935,126.99833478
1586294,배오개길 공영주차장(시),노상 주차장,시간제 주차장,중구 예관동 22-1,1,주차장,0.0,37.56526764,126.9983216
1586294,배오개길 공영주차장(시),노상 주차장,시간제 주차장,중구 예관동 22-1,1,주차장,0.0,37.56549667,126.99829921
1586294,배오개길 공영주차장(시),노상 주차장,시간제 주차장,중구 예관동 22-1,1,주차장,0.0,37.56506793,126.9983419
1586294,배오개길 공영주차장(시),노상 주차장,시간제 주차장,중구 예관동 22-1,1,주차장,0.0,37.56537081,126.99831658
1588341,신월4동 공영주차장(시),노외 주차장,시간제 주차장,양천구 신월동 411-1,46,주차장,0.031468531468531465,37.525643,126.837692
1594991,삼각지고가밑 공영주차장(시),노상 주차장,시간제 주차장,용산구 문배동 12-1,1,주차장,0.0,37.53709356,126.9693986
1594991,삼각지고가밑 공영주차장(시),노상 주차장,시간제 주차장,용산구 문배동 12-1,1,주차장,0.0,37.53696177,126.9698216
1594991,삼각지고가밑 공영주차장(시),노상 주차장,시간제 주차장,용산구 문배동 12-1,1,주차장,0.0,37.53702601,126.9696138
1594991,삼각지고가밑 공영주차장(시),노상 주차장,시간제 주차장,용산구 문배동 12-1,1,주차장,0.0,37.5370503,126.9695344
1594991,삼각지고가밑 공영주차장(시),노상 주차장,시간제 주차장,용산구 문배동 12-1,1,주차장,0.0,37.53713406,126.9692661
1594991,삼각지고가밑 공영주차장(시),노상 주차장,시간제 주차장,용산구 문배동 12-1,1,주차장,0.0,37.53708546,126.9694251
1594991,삼각지고가밑 공영주차장(시),노상 주차장,시간제 주차장,용산구 문배동 12-1,1,주차장,0.0,37.53701791,126.9696403
1594991,삼각지고가밑 공영주차장(시),노상 주차장,시간제 주차장,용산구 문배동 12-1,1,주차장,0.0,37.53710976,126.9693456
1594991,삼각지고가밑 공영주차장(시),노상 주차장,시간제 주차장,용산구 문배동 12-1,1,주차장,0.0,37.53700981,126.9696668
1594991,삼각지고가밑 공영주차장(시),노상 주차장,시간제 주차장,용산구 문배동 12-1,1,주차장,0.0,37.53711786,126.9693191
1594991,삼각지고가밑 공영주차장(시),노상 주차장,시간제 주차장,용산구 문배동 12-1,1,주차장,0.0,37.53710142,126.9693771
1594991,삼각지고가밑 공영주차장(시),노상 주차장,시간제 주차장,용산구 문배동 12-1,1,주차장,0.0,37.5370422,126.9695609
1594991,삼각지고가밑 공영주차장(시),노상 주차장,시간제 주차장,용산구 문배동 12-1,1,주차장,0.0,37.53695311,126.969849
1594991,삼각지고가밑 공영주차장(시),노상 주차장,시간제 주차장,용산구 문배동 12-1,1,주차장,0.0,37.53712596,126.9692926
1594991,삼각지고가밑 공영주차장(시),노상 주차장,시간제 주차장,용산구 문배동 12-1,1,주차장,0.0,37.53703411,126.9695874
1594991,삼각지고가밑 공영주차장(시),노상 주차장,시간제 주차장,용산구 문배동 12-1,1,주차장,0.0,37.53700171,126.9696933
171721,세종로 공영주차장(시),노외 주차장,시간제 주차장,종로구 세종로 80-1,1260,주차장,0.8804195804195805,37.57340269,126.97588429
171730,종묘주차장 공영주차장(시),노외 주차장,시간제 주차장,종로구 훈정동 2-0,1312,주차장,0.9167832167832168,37.57150398,126.99496888
172065,용산주차빌딩 공영주차장(시),노외 주차장,시간제 주차장,용산구 한강로2가 12-9,559,주차장,0.39020979020979024,37.53436379,126.96541818
172935,웃우물 공영주차장(시),노외 주차장,시간제 주차장,양천구 신정동 943-25,79,주차장,0.05454545454545454,37.52379759,126.85141746
172937,목동체비지 공영주차장(시),노외 주차장,시간제 주차장,양천구 목동 908-26,55,주차장,0.03776223776223776,37.53679354,126.8806468
172970,방화역(서) 공영주차장(시),노외 주차장,시간제 주차장,강서구 방화동 829-1,69,주차장,0.04755244755244755,37.57757395,126.81217459
172971,방화역(동) 공영주차장(시),노외 주차장,시간제 주차장,강서구 방화동 830-4,67,주차장,0.04615384615384615,37.57730116,126.81331479
172979,개화산역 공영주차장(시),노외 주차장,시간제 주차장,강서구 방화동 845-0,320,주차장,0.2230769230769231,37.57224302,126.80518976
173005,가양3동 공영주차장(시),노외 주차장,시간제 주차장,강서구 가양동 1488-12,56,주차장,0.038461538461538464,37.56033753,126.85977547
173047,가양역 공영주차장(시),노외 주차장,시간제 주차장,강서구 가양동 1480-10,79,주차장,0.05454545454545454,37.56332959,126.85308175
173424,일원역 공영주차장(시),노외 주차장,시간제 주차장,강남구 일원동 716-2,67,주차장,0.04615384615384615,37.48468629,127.08408987
173452,사당노외 공영주차장(시),노외 주차장,시간제 주차장,서초구 방배동 507-1,183,주차장,0.1272727272727273,37.47543791,126.98377372
173553,수서역북 공영주차장(시),노외 주차장,시간제 주차장,강남구 수서동 735-0,561,주차장,0.3916083916083916,37.48801285,127.09994995
173646,신천유수지 공영주차장(시),노외 주차장,시간제 주차장,송파구 신천동 14-0,192,주차장,0.13356643356643358,37.52231457,127.10290327
173752,복정역 공영주차장(시),노외 주차장,시간제 주차장,송파구 장지동 600-2,362,주차장,0.25244755244755246,37.47005293,127.1277329
173828,남산한옥마을 공영주차장(시),노외 주차장,시간제 + 버스전용 주차장,중구 필동2가 83-1,16,주차장,0.01048951048951049,37.56005799,126.99316078
173831,도봉산 공영주차장(시),노외 주차장,시간제 주차장,도봉구 도봉동 282-26,142,주차장,0.0986013986013986,37.6876442,127.04066026
173840,볕우물 공영주차장(시),노외 주차장,시간제 주차장,강동구 암사동 473-3,96,주차장,0.06643356643356643,37.55237413,127.13512275
173867,천호역 공영주차장(시),노외 주차장,시간제 주차장,강동구 천호동 455-0,1431,주차장,1.0,37.53849749,127.12512853
1913385,남산예장 관광버스전용 주차장(시),노외 주차장,버스전용 주차장,중구 예장동 4-1,39,주차장,0.02657342657342657,37.559821,126.989076
1913393,장안1동 공영주차장(시),노외 주차장,시간제 주차장,동대문구 장안동 392-3,71,주차장,0.04895104895104895,37.56941,127.066994
1913415,면목유수지 공영주차장(시),노외 주차장,시간제 주차장,중랑구 면목동 168-2,567,주차장,0.3958041958041958,37.579494,127.081451
1915194,여의도공원 공영주차장(시),노상 주차장,시간제 주차장,영등포구 여의도동 2-11,1,주차장,0.0,37.522764,126.916745
1915194,여의도공원 공영주차장(시),노상 주차장,시간제 주차장,영등포구 여의도동 2-11,1,주차장,0.0,37.52193,126.917281
1915194,여의도공원 공영주차장(시),노상 주차장,시간제 주차장,영등포구 여의도동 2-11,1,주차장,0.0,37.522257,126.91707
1915194,여의도공원 공영주차장(시),노상 주차장,시간제 주차장,영등포구 여의도동 2-11,1,주차장,0.0,37.522496,126.916917
1915194,여의도공원 공영주차장(시),노상 주차장,시간제 주차장,영등포구 여의도동 2-11,1,주차장,0.0,37.522883,126.916668
1915194,여의도공원 공영주차장(시),노상 주차장,시간제 주차장,영등포구 여의도동 2-11,1,주차장,0.0,37.522198,126.917109
1915194,여의도공원 공영주차장(시),노상 주차장,시간제 주차장,영등포구 여의도동 2-11,1,주차장,0.0,37.522823,126.916706
1915194,여의도공원 공영주차장(시),노상 주차장,시간제 주차장,영등포구 여의도동 2-11,1,주차장,0.0,37.522704,126.916783
1915194,여의도공원 공영주차장(시),노상 주차장,시간제 주차장,영등포구 여의도동 2-11,1,주차장,0.0,37.522734,126.916764
1915194,여의도공원 공영주차장(시),노상 주차장,시간제 주차장,영등포구 여의도동 2-11,1,주차장,0.0,37.522228,126.917089
1915194,여의도공원 공영주차장(시),노상 주차장,시간제 주차장,영등포구 여의도동 2-11,1,주차장,0.0,37.523091,126.916534
1915194,여의도공원 공영주차장(시),노상 주차장,시간제 주차장,영등포구 여의도동 2-11,1,주차장,0.0,37.522555,126.916879
1915194,여의도공원 공영주차장(시),노상 주차장,시간제 주차장,영등포구 여의도동 2-11,1,주차장,0.0,37.522406,126.916974
1915194,여의도공원 공영주차장(시),노상 주차장,시간제 주차장,영등포구 여의도동 2-11,1,주차장,0.0,37.5219,126.9173
1915194,여의도공원 공영주차장(시),노상 주차장,시간제 주차장,영등포구 여의도동 2-11,1,주차장,0.0,37.523062,126.916553
1915194,여의도공원 공영주차장(시),노상 주차장,시간제 주차장,영등포구 여의도동 2-11,1,주차장,0.0,37.522466,126.916936
1915194,여의도공원 공영주차장(시),노상 주차장,시간제 주차장,영등포구 여의도동 2-11,1,주차장,0.0,37.522168,126.917128
1915194,여의도공원 공영주차장(시),노상 주차장,시간제 주차장,영등포구 여의도동 2-11,1,주차장,0.0,37.522109,126.917166
1915194,여의도공원 공영주차장(시),노상 주차장,시간제 주차장,영등포구 여의도동 2-11,1,주차장,0.0,37.522347,126.917013
1915194,여의도공원 공영주차장(시),노상 주차장,시간제 주차장,영등포구 여의도동 2-11,1,주차장,0.0,37.521989,126.917243
1915194,여의도공원 공영주차장(시),노상 주차장,시간제 주차장,영등포구 여의도동 2-11,1,주차장,0.0,37.522049,126.917204
1915194,여의도공원 공영주차장(시),노상 주차장,시간제 주차장,영등포구 여의도동 2-11,1,주차장,0.0,37.522972,126.916611
1915194,여의도공원 공영주차장(시),노상 주차장,시간제 주차장,영등포구 여의도동 2-11,1,주차장,0.0,37.523181,126.916477
1915194,여의도공원 공영주차장(시),노상 주차장,시간제 주차장,영등포구 여의도동 2-11,1,주차장,0.0,37.52324,126.916438
1915194,여의도공원 공영주차장(시),노상 주차장,시간제 주차장,영등포구 여의도동 2-11,1,주차장,0.0,37.522943,126.91663
1915194,여의도공원 공영주차장(시),노상 주차장,시간제 주차장,영등포구 여의도동 2-11,1,주차장,0.0,37.522138,126.917147
1915194,여의도공원 공영주차장(시),노상 주차장,시간제 주차장,영등포구 여의도동 2-11,1,주차장,0.0,37.523002,126.916591
1915194,여의도공원 공영주차장(시),노상 주차장,시간제 주차장,영등포구 여의도동 2-11,1,주차장,0.0,37.522794,126.916726
1915194,여의도공원 공영주차장(시),노상 주차장,시간제 주차장,영등포구 여의도동 2-11,1,주차장,0.0,37.52196,126.917262
1915194,여의도공원 공영주차장(시),노상 주차장,시간제 주차장,영등포구 여의도동 2-11,1,주차장,0.0,37.522436,126.916955
1915194,여의도공원 공영주차장(시),노상 주차장,시간제 주차장,영등포구 여의도동 2-11,1,주차장,0.0,37.522019,126.917223
1915194,여의도공원 공영주차장(시),노상 주차장,시간제 주차장,영등포구 여의도동 2-11,1,주차장,0.0,37.522526,126.916898
1915194,여의도공원 공영주차장(시),노상 주차장,시간제 주차장,영등포구 여의도동 2-11,1,주차장,0.0,37.52327,126.916419
1915194,여의도공원 공영주차장(시),노상 주차장,시간제 주차장,영등포구 여의도동 2-11,1,주차장,0.0,37.522615,126.91684
1915194,여의도공원 공영주차장(시),노상 주차장,시간제 주차장,영등포구 여의도동 2-11,1,주차장,0.0,37.522645,126.916821
1915194,여의도공원 공영주차장(시),노상 주차장,시간제 주차장,영등포구 여의도동 2-11,1,주차장,0.0,37.523121,126.916515
1915194,여의도공원 공영주차장(시),노상 주차장,시간제 주차장,영등포구 여의도동 2-11,1,주차장,0.0,37.523032,126.916572
1915194,여의도공원 공영주차장(시),노상 주차장,시간제 주차장,영등포구 여의도동 2-11,1,주차장,0.0,37.522913,126.916649
1915194,여의도공원 공영주차장(시),노상 주차장,시간제 주차장,영등포구 여의도동 2-11,1,주차장,0.0,37.522585,126.91686
1915194,여의도공원 공영주차장(시),노상 주차장,시간제 주차장,영등포구 여의도동 2-11,1,주차장,0.0,37.522674,126.916802
1915194,여의도공원 공영주차장(시),노상 주차장,시간제 주차장,영등포구 여의도동 2-11,1,주차장,0.0,37.523151,126.916496
1915194,여의도공원 공영주차장(시),노상 주차장,시간제 주차장,영등포구 여의도동 2-11,1,주차장,0.0,37.522079,126.917185
1915194,여의도공원 공영주차장(시),노상 주차장,시간제 주차장,영등포구 여의도동 2-11,1,주차장,0.0,37.522377,126.916994
1915194,여의도공원 공영주차장(시),노상 주차장,시간제 주차장,영등포구 여의도동 2-11,1,주차장,0.0,37.523211,126.916457
1915194,여의도공원 공영주차장(시),노상 주차장,시간제 주차장,영등포구 여의도동 2-11,1,주차장,0.0,37.522853,126.916687
1915194,여의도공원 공영주차장(시),노상 주차장,시간제 주차장,영등포구 여의도동 2-11,1,주차장,0.0,37.5233,126.9164
1915194,여의도공원 공영주차장(시),노상 주차장,시간제 주차장,영등포구 여의도동 2-11,1,주차장,0.0,37.522317,126.917032
1915194,여의도공원 공영주차장(시),노상 주차장,시간제 주차장,영등포구 여의도동 2-11,1,주차장,0.0,37.522287,126.917051
2877728,양재역 주차장(시),노외 주차장,시간제 주차장,서초구 양재동 23-0,894,주차장,0.6244755244755245,37.483518,127.034357
2983079,난지중앙로노상공영주차장(시),노상 주차장,시간제 주차장,마포구 상암동 481-94 ,1,주차장,0.0,37.568052,126.879504
2983079,난지중앙로노상공영주차장(시),노상 주차장,시간제 주차장,마포구 상암동 481-94 ,1,주차장,0.0,37.5688532,126.8802191
2983079,난지중앙로노상공영주차장(시),노상 주차장,시간제 주차장,마포구 상암동 481-94 ,1,주차장,0.0,37.5695869,126.8808015
2983079,난지중앙로노상공영주차장(시),노상 주차장,시간제 주차장,마포구 상암동 481-94 ,1,주차장,0.0,37.569808,126.8810069
2983079,난지중앙로노상공영주차장(시),노상 주차장,시간제 주차장,마포구 상암동 481-94 ,1,주차장,0.0,37.568151,126.8795938
2983079,난지중앙로노상공영주차장(시),노상 주차장,시간제 주차장,마포구 상암동 481-94 ,1,주차장,0.0,37.5683964,126.8798482
2983079,난지중앙로노상공영주차장(시),노상 주차장,시간제 주차장,마포구 상암동 481-94 ,1,주차장,0.0,37.5683235,126.8797624
2983079,난지중앙로노상공영주차장(시),노상 주차장,시간제 주차장,마포구 상암동 481-94 ,1,주차장,0.0,37.569084,126.8804153
2983079,난지중앙로노상공영주차장(시),노상 주차장,시간제 주차장,마포구 상암동 481-94 ,1,주차장,0.0,37.5696987,126.8808874
2983079,난지중앙로노상공영주차장(시),노상 주차장,시간제 주차장,마포구 상암동 481-94 ,1,주차장,0.0,37.5691472,126.8804551
2983079,난지중앙로노상공영주차장(시),노상 주차장,시간제 주차장,마포구 상암동 481-94 ,1,주차장,0.0,37.5694655,126.8807157
2983079,난지중앙로노상공영주차장(시),노상 주차장,시간제 주차장,마포구 상암동 481-94 ,1,주차장,0.0,37.5684717,126.8799187
2983079,난지중앙로노상공영주차장(시),노상 주차장,시간제 주차장,마포구 상암동 481-94 ,1,주차장,0.0,37.5690063,126.8803356
2983079,난지중앙로노상공영주차장(시),노상 주차장,시간제 주차장,마포구 상암동 481-94 ,1,주차장,0.0,37.5687924,126.8801241
2983079,난지중앙로노상공영주차장(시),노상 주차장,시간제 주차장,마포구 상암동 481-94 ,1,주차장,0.0,37.5697449,126.8809425
2983079,난지중앙로노상공영주차장(시),노상 주차장,시간제 주차장,마포구 상암동 481-94 ,1,주차장,0.0,37.5686515,126.8800382
2983079,난지중앙로노상공영주차장(시),노상 주차장,시간제 주차장,마포구 상암동 481-94 ,1,주차장,0.0,37.5693537,126.8806544
2983079,난지중앙로노상공영주차장(시),노상 주차장,시간제 주차장,마포구 상암동 481-94 ,1,주차장,0.0,37.5687487,126.8800812
2983079,난지중앙로노상공영주차장(시),노상 주차장,시간제 주차장,마포구 상암동 481-94 ,1,주차장,0.0,37.5685592,126.8800015
2983079,난지중앙로노상공영주차장(시),노상 주차장,시간제 주차장,마포구 상암동 481-94 ,1,주차장,0.0,37.568738,126.880094
2983079,난지중앙로노상공영주차장(시),노상 주차장,시간제 주차장,마포구 상암동 481-94 ,1,주차장,0.0,37.5699368,126.8811357
2983079,난지중앙로노상공영주차장(시),노상 주차장,시간제 주차장,마포구 상암동 481-94 ,1,주차장,0.0,37.572143,126.883038
2983079,난지중앙로노상공영주차장(시),노상 주차장,시간제 주차장,마포구 상암동 481-94 ,1,주차장,0.0,37.5694266,126.8807096
2983079,난지중앙로노상공영주차장(시),노상 주차장,시간제 주차장,마포구 상암동 481-94 ,1,주차장,0.0,37.5689382,126.8802804
2983079,난지중앙로노상공영주차장(시),노상 주차장,시간제 주차장,마포구 상암동 481-94 ,1,주차장,0.0,37.5696477,126.8808567
2983079,난지중앙로노상공영주차장(시),노상 주차장,시간제 주차장,마포구 상암동 481-94 ,1,주차장,0.0,37.569985,126.881192
2983079,난지중앙로노상공영주차장(시),노상 주차장,시간제 주차장,마포구 상암동 481-94 ,1,주차장,0.0,37.5692006,126.880541
2983079,난지중앙로노상공영주차장(시),노상 주차장,시간제 주차장,마포구 상암동 481-94 ,1,주차장,0.0,37.5695213,126.8807678
2983079,난지중앙로노상공영주차장(시),노상 주차장,시간제 주차장,마포구 상암동 481-94 ,1,주차장,0.0,37.5705096,126.8816614
2983079,난지중앙로노상공영주차장(시),노상 주차장,시간제 주차장,마포구 상암동 481-94 ,1,주차장,0.0,37.5698736,126.8810743
2983079,난지중앙로노상공영주차장(시),노상 주차장,시간제 주차장,마포구 상암동 481-94 ,1,주차장,0.0,37.5687924,126.8801946
3187200,반포천 공영주차장(파미에)(시),노외 주차장,시간제 주차장,서초구 반포동 118-3,1186,주차장,0.8286713286713286,37.504517,127.007933
3246959,중곡1동 공영주차장(시),노외 주차장,시간제 주차장,광진구 중곡동 230-12,130,주차장,0.09020979020979021,37.5645259,127.0807859
1025695,영등포여고 공영(구),노외 주차장,시간제 주차장,영등포구 신길동 184-3,98,주차장,0.06783216783216783,37.510556798,126.91196934
1042405,언북초교 공영주차장(구),노외 주차장,시간제 주차장,강남구 청담동 27-0,220,주차장,0.15314685314685317,37.522895993,127.052536986
1042410,논현초교 공영주차장(구),노외 주차장,시간제 주차장,강남구 논현동 168-0,186,주차장,0.12937062937062938,37.518832983,127.027049092
1370857,봉수대공영주차장(구),노외 주차장,시간제 주차장,중랑구 신내동 12-2,31,주차장,0.020979020979020976,37.615073816,127.101300107
1441348,놀이마당(구),노외 주차장,시간제 주차장,송파구 잠실동 47-0,15,주차장,0.009790209790209791,37.509532559,127.084571043
1441378,방이고분(구),노외 주차장,시간제 주차장,송파구 방이동 125-0,60,주차장,0.04125874125874126,37.511793146,127.109246419
1441386,송파나루공원 동호주차장(구),노외 주차장,시간제 주차장,송파구 신천동 32-0,20,주차장,0.013286713286713287,37.515002997,127.102059186
1451913,삼청공원앞(구),노상 주차장,시간제 주차장,종로구 삼청동 25-11,1,주차장,0.0,37.585740543,126.98482469
1540766,신월5동복개주차장(구),노상 주차장,시간제 주차장,양천구 신월동 53-2,1,주차장,0.0,37.534301974,126.832614263
1543175,교보생명 앞 노상주차장(구),노상 주차장,시간제 + 거주자 주차장,영등포구 양평동1가 71-0,1,주차장,0.0,37.522547215,126.889489519
1543279,산업은행앞 노상주차장(구),노상 주차장,시간제 주차장,영등포구 여의도동 16-0,1,주차장,0.0,37.523018357,126.932479868
1545129,삼환아파트 앞 노상주차장(구),노상 주차장,시간제 + 거주자 주차장,영등포구 문래동4가 41-0,1,주차장,0.0,37.516516125,126.88878138
1545366,경호빌딩앞 노상주차장(구),노상 주차장,시간제 주차장,영등포구 여의도동 25-0,1,주차장,0.0,37.523595731,126.925472995
1545468,양남사거리 앞 노상주차장(구),노상 주차장,시간제 + 거주자 주차장,영등포구 당산동2가 30-0,1,주차장,0.0,37.532924059,126.905414342
1545494,영등포중앙시장 노상주차장(구),노상 주차장,시간제 + 거주자 주차장,영등포구 영등포동7가 5-1,1,주차장,0.0,37.525140377,126.903809468
1545832,벽산디지털밸리앞 노상주차장(구),노상 주차장,시간제 + 거주자 주차장,영등포구 문래동5가 5-0,1,주차장,0.0,37.514724424,126.887210754
1551329,경남아파트 앞 노상주차장(구),노상 주차장,시간제 + 거주자 주차장,영등포구 영등포동7가 56-0,1,주차장,0.0,37.523579247,126.910797539
1561583,양남사거리 앞 노상주차장(구),노상 주차장,시간제 + 거주자 주차장,영등포구 양평동1가 30-0,1,주차장,0.0,37.524982749,126.889573247
1564068,동아빌딩앞 노상주차장(구),노상 주차장,시간제 주차장,영등포구 여의도동 14-0,1,주차장,0.0,37.526703832,126.916475568
1564262,렉싱턴호텔뒤 노상주차장(구),노상 주차장,시간제 주차장,영등포구 여의도동 13-0,1,주차장,0.0,37.52295425,126.9348579
1564328,롯데캐슬앞 노상주차장(구),노상 주차장,시간제 주차장,영등포구 여의도동 36-0,1,주차장,0.0,37.519399627,126.938581359
1568804,은마아파트(구),노상 주차장,시간제 주차장,강남구 대치동 316-0,1,주차장,0.0,37.502709759,127.067149552
1569863,위례성길(구),노상 주차장,시간제 주차장,송파구 방이동 18-0,1,주차장,0.0,37.50937414,127.115356978
1570842,주공3단지상가주변(구),노상 주차장,시간제 주차장,노원구 상계동 736-0,1,주차장,0.0,37.663339766,127.076523619
1575014,노원세무서 앞 공영주차장(구),노상 주차장,시간제 주차장,도봉구 창동 15-0,1,주차장,0.0,37.652209437,127.037776886
1575186,방학동 월드상가 앞 주차장(구),노상 주차장,시간제 주차장,도봉구 방학동 717-0,1,주차장,0.0,37.668462376,127.042947739
1578559,장안보성연립노상주차장(구),노상 주차장,시간제 주차장,동대문구 장안동 427-4,1,주차장,0.0,37.561824904,127.066733152
1583714,벽산 노상공영(구),노상 주차장,시간제 + 거주자 주차장,강북구 수유동 36-1,1,주차장,0.0,37.647419656,127.010252418
1584793,구의2동 주택가 공영주차장(구),노외 주차장,시간제 주차장,광진구 구의동 30-10,90,주차장,0.06223776223776224,37.54349242,127.083299726
1588368,문화회관 지하 주차장(구),노외 주차장,시간제 주차장,양천구 신정동 322-0,93,주차장,0.06433566433566433,37.521363904,126.856722672
1629386,동서울호텔길 노상공영주차장(구),노상 주차장,시간제 주차장,광진구 자양동 609-1,1,주차장,0.0,37.53277684,127.077595798
1682217,문정골길 노상 공영주차장(구),노상 주차장,시간제 주차장,송파구 문정동 41-14,1,주차장,0.0,37.486580137,127.126200859
171901,묵정공원지하 공영주차장(구),노외 주차장,시간제 주차장,중구 충무로5가 21-0,491,주차장,0.34265734265734266,37.563255445,127.001588924
171924,동화동 공영주차장(구),노외 주차장,시간제 + 거주자 주차장,중구 신당동 52-7,229,주차장,0.15944055944055946,37.562339752,127.011515377
171965,신당사거리 공영주차장(구),노외 주차장,시간제 + 거주자 주차장,중구 신당동 110-1,45,주차장,0.03076923076923077,37.563539873,127.022226341
172149,용답동(건물) 공영주차장(구),노외 주차장,시간제 주차장,성동구 용답동 4-1,160,주차장,0.11118881118881119,37.564810968,127.050537882
172218,자양4동 공영주차장(구),노외 주차장,시간제 주차장,광진구 자양동 5-5,83,주차장,0.05734265734265734,37.539012727,127.062784497
172230,청량리동 노외주차장(구),노외 주차장,시간제 + 거주자 주차장,동대문구 청량리동 51-4,26,주차장,0.01748251748251748,37.589118409,127.040536093
172344,원묵 고등학교 공용 지하주차장(구),노외 주차장,시간제 주차장,중랑구 묵동 23-0,107,주차장,0.07412587412587412,37.616152315,127.080388933
172550,송중동 공영주차장(구),노외 주차장,시간제 주차장,강북구 미아동 48-1,54,주차장,0.03706293706293706,37.614831364,127.031097777
172580,인수동 공영주차장(구),노외 주차장,시간제 주차장,강북구 수유동 126-0,74,주차장,0.05104895104895105,37.646109618,127.025014103
173185,문래동공영(구),노외 주차장,시간제 주차장,영등포구 문래동5가 3-0,52,주차장,0.03566433566433566,37.516795067,126.883856352
173193,당산1동공영(구),노외 주차장,시간제 주차장,영등포구 당산동3가 6-1,91,주차장,0.06293706293706293,37.526944753,126.897363044
173246,도림초교공영(구),노외 주차장,시간제 주차장,영등포구 신길동 285-1,145,주차장,0.10069930069930069,37.503273847,126.903340891
173754,아시아공원(구),노외 주차장,시간제 주차장,송파구 잠실동 84-0,113,주차장,0.07832167832167831,37.508760112,127.086688703
1913071,공유) 삼청동주민센터 옆(구),노외 주차장,시간제 + 거주자 주차장,종로구 삼청동 111-1,9,주차장,0.005594405594405594,37.585385301,126.981789445
2888526,신성시장길공영노상주차장(구),노상 주차장,시간제 주차장,광진구 중곡동 83-6 ,1,주차장,0.0,37.559480934,127.092308978
2910518,중화제2공영주차장(구),노외 주차장,시간제 주차장,중랑구 중화동 73-4,87,주차장,0.06013986013986014,37.598782557,127.084454376
2911526,중곡초등학교 공영주차장(구),노외 주차장,시간제 주차장,중랑구 면목동 380-0,140,주차장,0.0972027972027972,37.585846231,127.088586497
2918330,중랑역제2공영주차장(구),노외 주차장,시간제 주차장,중랑구 중화동 73-8,65,주차장,0.044755244755244755,37.598453928,127.075770626
2918745,중랑역제1공영주차장(구),노외 주차장,시간제 주차장,중랑구 중화동 73-6,152,주차장,0.1055944055944056,37.601981376,127.08274088
2922286,중화제3공영주차장(구),노외 주차장,시간제 주차장,중랑구 중화동 73-3,102,주차장,0.07062937062937062,37.598481374,127.076070704
2937235,중화제4공영주차장(구),노외 주차장,시간제 주차장,중랑구 중화동 73-10,89,주차장,0.061538461538461535,37.59835839,127.075713483
2945286,중화제1공영주차장(구),노외 주차장,시간제 주차장,중랑구 중화동 73-5,94,주차장,0.06503496503496503,37.598406232,127.076000248
2951699,중곡복개천 공영주차장(B)(구),노상 주차장,시간제 주차장,광진구 중곡동 43-4 ,1,주차장,0.0,37.568852387,127.088515682
2974545,성산2-1 공영주차장(구),노외 주차장,시간제 + 거주자 주차장,마포구 성산동 199-0,56,주차장,0.038461538461538464,37.568442597,126.90653386
2991019,어울림소공원 공영주차장(구),노외 주차장,시간제 주차장,강북구 미아동 4-1,45,주차장,0.03076923076923077,37.620985089,127.020239121
2999135,고척리본타운(구),노외 주차장,시간제 주차장,구로구 고척동 156-0,66,주차장,0.045454545454545456,37.503201224,126.851208658
2999326,둘리뮤지엄  공영주차장(구),노외 주차장,시간제 주차장,도봉구 쌍문동 79-0,25,주차장,0.016783216783216783,37.647431652,127.030431599
3012953,동막골 노외공영주차장(구),노외 주차장,시간제 주차장,노원구 상계동 31-0,35,주차장,0.023776223776223775,37.651952298,127.069700705
3022649,빗물펌프장 공영주차장(구),노외 주차장,시간제 주차장,동작구 흑석동 105-0,49,주차장,0.033566433566433566,37.508214381,126.965563081
3027305,불암산 공영주차장(구),노외 주차장,시간제 주차장,노원구 중계동 26-0,35,주차장,0.023776223776223775,37.660298739,127.07406291
3051407,원신 공영주차장(구),노외 주차장,시간제 + 거주자 주차장,관악구 신림동 366-0,175,주차장,0.12167832167832168,37.486662603,126.913797348
3052391,남부초 공영주차장(구),노외 주차장,시간제 + 거주자 주차장,관악구 신림동 467-0,134,주차장,0.093006993006993,37.459965041,126.930588471
3076679,명광교회옆(구),노외 주차장,시간제 주차장,종로구 명륜3가 12-0,8,주차장,0.0048951048951048955,37.59083826,126.992325584
3095777,중마루공원앞(구),노상 주차장,시간제 주차장,영등포구 영등포동2가 53-0,1,주차장,0.0,37.521146156,126.910377604
3103348,여의도공원앞(구),노상 주차장,시간제 주차장,영등포구 여의도동 2-0 ,1,주차장,0.0,37.522017307,126.930048017
3120693,장안공원지하주차장(구),노외 주차장,시간제 + 거주자 주차장,동대문구 장안동 300-0,162,주차장,0.11258741258741259,37.571974175,127.073736208
3138352,쌈지 공영주차장(구),노외 주차장,시간제 주차장,강북구 수유동 62-4,19,주차장,0.012587412587412588,37.639681924,127.019123703
3146823,색동공원 공영주차장(구),노외 주차장,시간제 주차장,강북구 수유동 49-7,80,주차장,0.05524475524475524,37.643238964,127.026853781
3156969,어울림 공영주차장(구),노외 주차장,시간제 주차장,양천구 신정동 318-2,32,주차장,0.021678321678321677,37.521163312,126.856293488
3168979,용마폭포공원공영주차장(구),노외 주차장,시간제 주차장,중랑구 면목동 1-4,119,주차장,0.08251748251748252,37.580411564,127.087852603
3172063,봉화산역 공영주차장(구),노외 주차장,시간제 주차장,중랑구 신내동 640-0,100,주차장,0.06923076923076923,37.608194076,127.101423212
3174612,충현동 제2공영주차장(구),노외 주차장,시간제 + 거주자 주차장,서대문구 북아현동 3-5,38,주차장,0.025874125874125874,37.559460523,126.958204061
3204439,서소문올리브타워옆 공영주차장(구),노외 주차장,시간제 주차장,중구 서소문동 137-0,16,주차장,0.01048951048951049,37.564085862,126.976179534
3204497,성동고등학교 공영주차장(구),노외 주차장,시간제 주차장,중구 신당동 161-0,100,주차장,0.06923076923076923,37.558112544,127.012228843
3210903,용산2가 소월 공영주차장(구),노외 주차장,시간제 주차장,용산구 용산동2가 11-0,60,주차장,0.04125874125874126,37.545545985,126.987239267
3210904,용산전자상가1 공영주차장(구),노외 주차장,시간제 주차장,용산구 용산동3가 12-0,202,주차장,0.14055944055944058,37.534368831,126.97519485
3210905,용산전자상가3 공영주차장(구),노외 주차장,시간제 주차장,용산구 한강로3가 19-2,167,주차장,0.11608391608391608,37.526022108,126.963070209
3214533,서신초교 지하 공영주차장(구),노외 주차장,시간제 + 거주자 주차장,은평구 신사동 194-0,37,주차장,0.025174825174825173,37.595681977,126.909030604
3215850,창일 공영주차장(구),노외 주차장,시간제 + 거주자 주차장,종로구 창신동 82-0,85,주차장,0.05874125874125874,37.570665946,127.014836051
3218399,서호2(구),노외 주차장,시간제 주차장,송파구 잠실동 47-0*,18,주차장,0.011888111888111888,37.509532559,127.084571043
3238629,서호1(구),노외 주차장,시간제 주차장,송파구 잠실동 42-0,15,주차장,0.009790209790209791,37.509083386,127.08491465
3239010,천마(건축물식)(구),노외 주차장,시간제 주차장,송파구 마천동 1-5,141,주차장,0.0979020979020979,37.499481452,127.147718852
3245950,이화 공영주차장(구),노외 주차장,시간제 + 거주자 주차장,종로구 이화동 13-2,100,주차장,0.06923076923076923,37.58089244,127.005074125
3246396,공유) 11-77구역(구),노외 주차장,시간제 + 거주자 주차장,금천구 시흥동 79-3,22,주차장,0.014685314685314687,37.447639316,126.909323407
3247008,삼전근린공원 공영주차장(구),노외 주차장,시간제 주차장,송파구 삼전동 62-1,166,주차장,0.11538461538461538,37.504271632,127.09617666
3247098,구로미래도서관 공영주차장(구),노외 주차장,시간제 + 거주자 주차장,구로구 구로동 1-4,52,주차장,0.03566433566433566,37.48655106,126.884920494
3247193,중랑캠핑숲 제1공영주차장(구),노외 주차장,시간제 주차장,중랑구 망우동 56-0,45,주차장,0.03076923076923077,37.592634145,127.094742579
3247195,면일초등학교 공영주차장(구),노외 주차장,시간제 주차장,중랑구 망우동 440-0,80,주차장,0.05524475524475524,37.599773163,127.101026931
3247314,삼청제2공영(구),노외 주차장,시간제 + 거주자 주차장,종로구 삼청동 1-12,27,주차장,0.01818181818181818,37.5826789,126.980463495
881983,중곡3동공영주차장(구),노외 주차장,시간제 주차장,광진구 중곡동 195-1,162,주차장,0.11258741258741259,37.560875103,127.095541561
984688,구로아트밸리 지하주차장(구),노외 주차장,시간제 주차장,구로구 구로동 102-0,243,주차장,0.16923076923076924,37.487758298,126.885009274
